Date,ARION.IC,BRIM.IC,EIK.IC,EIM.IC,FESTI.IC,HAGA.IC,HAMP.IC,HEIMAR.IC,ICESEA.IC,ICEAIR.IC,ISB.IC,KALD.IC,KVIKA.IC,KLAPP.IC,REITIR.IC,SIMINN.IC,SJOVA.IC,SKEL.IC,SOLID.IC,SVN.IC,SYN.IC
2021-07-16 00:00:00+01:00,-0.008902077151335286,-0.015228388061223619,0.004587173622452312,0.003726708074534235,0.01980198019801982,0.0031446661593999004,0.0,0.0,0.005847975394087879,-0.025316506313829312,0.009302325581395321,0.05063292285300003,0.008264415259734426,0.0,0.006729474824539228,-0.011323969159434122,0.0027815986647816704,0.004608224451857046,0.375,0.011904807858458266,0.007299344596003232
2021-07-19 00:00:00+01:00,-0.0359281437125748,-0.015463943540908187,-0.013698595538180203,-0.012376237623762387,-0.024271844660194164,-0.012539173144626603,0.0,-0.01467888508367976,-0.02906976615241441,-0.025974001846660322,-0.018433179723502335,0.0,-0.020491803599057445,0.0,-0.02406421094010247,-0.00440530300038533,-0.015256567231633378,-0.012843981151195227,0.0,-0.01176475076114425,-0.0036232251292344086
2021-07-20 00:00:00+01:00,-0.0031055900621117516,-0.015706766547381346,-0.009259294417005237,0.0,0.0,-0.019047631157769085,0.0,-0.014897564724294377,-0.008982126887789654,0.0,0.0,0.03012048123553912,-0.00836815308715555,0.0,-0.0273972602739726,-0.006194747550175239,-0.014084507042253502,-0.005576247057657802,-0.09090909090909094,-0.0029761451982837084,0.008484811493844724
2021-07-21 00:00:00+01:00,0.0031152647975076775,0.0,0.0009346008467381317,0.005012531328320913,0.0,-0.001618098306724991,0.0,0.007561393187974774,0.021148060278212366,-0.039999961853027344,0.009389671361502261,0.011695839247322315,0.004219344763797039,0.0,-0.00845068273409988,0.002671477103153519,0.008571406773158374,0.0,0.0,0.013432858595207486,0.0
2021-07-22 00:00:00+01:00,-0.009316770186335366,-0.003546112722136785,-0.0056022800563014785,-0.012468827930174564,-0.00497512437810943,-0.011345231025668201,0.0,-0.015009366763823362,-0.01479289974219189,-0.006944520329984494,-0.0046511627906976605,0.005780369125999885,-0.014705818711795882,0.0,-0.019886384879754138,-0.019538211594748334,-0.016997124280138,0.0,0.0,-0.010309345536169467,0.0
2021-07-23 00:00:00+01:00,-0.0031347962382445305,-0.0017794001327541276,-0.010328606630732096,0.0,0.004999999999999893,0.0032787010317942844,-0.03579952267303099,-0.0019047328404018238,0.015015015359025385,0.05594408800680317,0.009345794392523255,0.0,0.008528735568610335,0.0,0.0,0.024456563287736932,0.0,0.0,-0.050000000000000044,0.005952403929229133,0.0
2021-07-26 00:00:00+01:00,0.0,0.0017825720416817514,0.0,-0.008838383838383868,-0.00497512437810943,-0.006535972563600612,0.0,-0.003816808341898237,0.0,-0.04966890606450025,0.0,0.0,0.004228346007725703,0.0,-0.002898506496263553,0.006189185873309633,0.0,0.0,-0.052631578947368474,0.0029586476649594573,-0.016826850334565435
2021-07-27 00:00:00+01:00,0.003144654088050425,0.0,0.010436400102026955,-0.020382165605095537,0.012499999999999956,0.0016447745077832199,0.01980198019801982,0.0,-0.01479289974219189,0.020905987313805108,0.004629629629629539,-0.0172413358412411,0.0021052310341282965,0.0,0.015988349205356522,0.016695920779666418,-0.005763710620809492,0.0,0.0,-0.0007375081048247578,-0.006112469209611504
2021-07-28 00:00:00+01:00,0.0015673981191222097,-0.0035587323883337074,0.0,0.0013003901170351995,-0.012345679012345734,-0.001642073666876076,0.0,-0.003831432184220329,0.003003071805090629,0.003412965950654101,0.0,0.0,0.002100888487900354,0.0,0.0,0.0,0.005797123563462403,0.0,0.0,0.0007380524244695597,-0.006150061269760143
2021-07-29 00:00:00+01:00,0.020344287949921824,0.0035714421953474407,0.0,-0.0051948051948051965,0.004999999999999893,0.0,0.0,0.0,0.005987932308542776,0.02721085787382216,-0.004608294930875556,0.02339179003549785,0.00838569611706208,-0.004347842672596802,0.0,0.006914427468986295,-0.0028819102772229543,0.0,0.0,-0.0058997272547841595,-0.00990102749433508
2021-07-30 00:00:00+01:00,-0.004601226993865004,0.0017793322555794688,0.0,0.0,-0.0012437810945273853,-0.0008223558830255939,0.0,-0.0019230475792517687,0.0029762587309454247,0.013245020564786714,0.004629629629629539,0.0,0.0,-0.004366828957883873,0.0,0.0030043607066523315,0.002890239688685403,0.0,0.0,-0.002967426900723824,-0.002499961853027366
2021-08-03 00:00:00+01:00,-0.0015408320493066618,0.0,0.004694853758291817,0.0,0.0037359900373599153,-0.0008230327088155631,0.0,0.0,-0.00890205431064739,0.00653594160147164,-0.004608294930875556,0.0,0.0041580201514364035,0.0,0.008583668970292724,0.004706833506752162,0.002881800343586649,0.0037383142585096785,0.11111111111111116,-0.0014880725991418542,0.0
2021-08-04 00:00:00+01:00,0.0092592592592593,0.001776239612318431,0.032710316608292045,0.005221932114882533,0.012406947890818865,0.016474464372833397,0.00728155339805836,0.013487416717957945,0.005987932308542776,-0.00974025069249762,0.0185185185185186,0.01714281354631697,-0.003105542723622845,0.0,0.004255362436281107,0.005110768380448105,0.0028736290520334773,0.0,0.08000001907348642,0.005961274738824018,0.02882199667174845
2021-08-05 00:00:00+01:00,0.012232415902140747,0.0,0.027149338059415218,0.010389610389610393,-0.007352941176470562,0.0032415034111246133,0.009638554216867545,0.005703480236894265,0.0,-0.029508169041433052,0.036363636363636376,0.039325887243973234,0.005192107831307746,0.0,0.005649631062755178,0.011016958672847466,0.005730571332321688,0.03351961061672193,0.0648147960095089,-0.0014814588758680358,0.018270402288409482
2021-08-06 00:00:00+01:00,0.0,0.0,-0.0273128113830563,0.021208226221079762,-0.01728395061728394,-0.01615508845475433,0.0,0.0,0.00892866266017478,-0.0033783751129669026,0.00877192982456143,0.016216174976245723,-0.01033057818671046,0.008771963580347819,-0.016853890444890163,-0.027242309692016797,-0.011395946682919544,-0.009009043066040445,0.0,0.0014836568524809746,0.015550276022555654
2021-08-09 00:00:00+01:00,-0.0060422960725075026,-0.001773090179305603,0.014492739851898806,0.005663939584644506,-0.007537688442211032,-0.021346519198450098,0.0,0.017013188756551445,-0.0029499198913610636,-0.010169481662661628,0.0,0.03723408464610656,0.002087650750221215,0.0,0.0035714285714285587,-0.015079641875351935,0.0043227005153798626,0.0,-0.17391304347826086,-0.005925948531539382,0.009422796324914495
2021-08-10 00:00:00+01:00,0.003039513677811634,0.001776239612318431,0.0,0.016270337922402955,0.0151898734177216,0.021812132299336984,0.0,0.014869874505675895,-0.005917182469050486,0.013698616715036138,0.004347826086956497,-0.01025644938151038,0.004166682561238533,0.0,0.006405650508785499,0.014873147135172404,-0.008608299862145508,-0.0027272484519265117,0.0,-0.0014902902592414113,-0.008167992685751746
2021-08-11 00:00:00+01:00,-0.009090909090909038,-0.003546112722136785,0.040178555082909684,0.009852216748768461,0.007481296758104827,-0.004926158361922672,0.0,0.03296708978134788,0.0029762587309454247,0.04054050135560283,0.008658008658008587,-0.015544002534698453,0.006224050462904085,0.0,0.03253186918015838,0.01637927363233649,-0.0014471559526668676,0.04466725243306491,0.15263155887001445,0.004477657488922482,-0.008235258214614016
2021-08-12 00:00:00+01:00,0.015290519877675823,0.0,0.006008639552845363,0.009756097560975618,0.0,0.011551167996124434,0.031026252983293645,0.03368790176911318,-0.002967426900723824,-0.025974001846660322,0.05150214592274671,-0.01052635594418172,0.004123727070916461,0.0,0.02602741816272469,0.011026303211326471,0.013043500375056638,0.012216434804252607,-0.08675797496008286,-0.002971836085696844,0.0
2021-08-13 00:00:00+01:00,0.015060240963855387,0.0,0.011092159682507763,0.004830917874396157,0.004950495049504955,0.011419262180287992,0.0,0.02915953319359188,0.00892866266017478,0.0,0.008163265306122547,-0.015957406874206548,0.01848044552530137,0.0,0.021361794946936907,-0.005872457581894808,0.005722482362619408,-0.001724177336719812,0.0,-0.0029805805184827117,0.015421060205242476
2021-08-16 00:00:00+01:00,-0.005934718100890191,-0.0035587323883337074,0.005907147052389927,0.004807692307692291,0.00738916256157629,0.018548411707724366,-0.01851851851851849,-0.0049999872843424775,0.001474903681711659,-0.013333320617675781,0.0,-0.016216174976245723,0.0010081260745180565,0.0,0.011111091164981657,-0.002109752860741221,0.0,0.0060448786947673305,0.0,-0.005979095915628285,0.0011682064942013515
2021-08-17 00:00:00+01:00,0.0,0.0035714421953474407,-0.010067104428777118,-0.004784688995215336,-0.007334963325183352,-0.007125902645545357,0.0,0.00502511278436657,0.004418194633603045,-0.02364862579076832,0.0,0.0,-0.011077603924566581,0.0,-0.004524867240148556,-0.008879454032131084,0.007112375224676448,0.0,-0.08999996185302739,0.0,0.003500619165004215
2021-08-18 00:00:00+01:00,-0.011940298507462699,0.0,-0.008474608462146094,-0.014423076923076872,-0.014778325123152691,-0.011164286354414354,0.018867924528301883,-0.009999974568684844,-0.005865013407374997,-0.003460204186943594,-0.03238866396761131,0.0,-0.004073257728258395,0.0,-0.012987012987012991,-0.017918091583816187,0.0070621465882492185,0.021459228170475964,0.09340652661138993,0.010526269898378793,-0.01337211076603384
2021-08-19 00:00:00+01:00,0.0,-0.0035587323883337074,-0.012820480425263736,-0.017073170731707332,0.007500000000000062,0.004838697371944312,0.0,0.0,0.005899614726846414,-0.020833395421502532,0.0,-0.04395610499304026,-0.01635998009804629,0.0,-0.013157894736842146,-0.0017376591977370515,0.0028050061666478054,-0.008403313529497414,-0.08542707980797315,-0.0014880725991418542,0.004124908431528684
2021-08-20 00:00:00+01:00,0.0,0.0008928435189383688,0.00606057953837702,0.08933002481389574,-0.012406947890818865,-0.009630794245085172,0.0,-0.006734032249218647,0.02052788252969262,0.021276660503010802,0.004184100418409997,0.017241445458981097,0.0062370698809735,0.0,0.001333312988281321,0.001740683913149077,0.013986013986013957,0.016949136104436047,0.04395600019366919,0.020864404734954656,-0.002347382105702178
2021-08-23 00:00:00+01:00,-0.0030211480362537513,0.008028559662172308,0.0,0.02277904328018221,0.005025125628140614,0.0024310811884420414,0.0,0.0,0.0,-0.0034723015571050952,-0.008333333333333304,0.016949108707875915,-0.012396741113686605,0.04347826086956519,-0.003994612895586891,0.0026064059404546924,0.006896551724137945,-0.008333365122477177,-0.02105261150159332,0.005839438333998581,-0.0023529052734374556
2021-08-24 00:00:00+01:00,0.0121212121212122,0.0017698844977185324,-0.006884675085537251,0.00445434298440972,0.004999999999999893,0.00727567945095009,-0.05555555555555558,0.0,0.0028736290520334773,0.010453035193241922,0.008403361344537785,-0.011111153496636272,-0.012552269533425031,0.0,-0.002673857880705288,0.0017331419263246772,0.020547945205479534,0.0,-0.021505355393904968,-0.004354180625745441,0.0
2021-08-25 00:00:00+01:00,0.014970059880239583,0.0,-0.006932402423787232,-0.008869179600886956,0.03233830845771135,0.009630855476181699,0.0,0.006779686879303526,0.0,0.0,0.016666666666666607,-0.0056178920453485715,0.008474527642289953,0.0,0.0,-0.0008650716711796624,0.005369147998374624,0.029411797704994802,-0.010989052448102776,0.0,-0.0011793172159980658
2021-08-26 00:00:00+01:00,0.0,-0.0035335150818710526,-0.0008726203183724301,-0.010067114093959773,-0.009638554216867434,0.004769463112606065,0.0,-0.01010104837382797,0.0,-0.01379317205385755,-0.008196721311475419,0.0,-0.021008404034795758,0.0,0.0,-0.004329020771356551,-0.002670288031537793,0.0,0.0,-0.002915407473626064,-0.003541858715137902
2021-08-27 00:00:00+01:00,-0.002949852507374673,0.04609926247835472,-0.003493446508240128,-0.003389830508474523,0.014598540145985384,0.022151862251283294,0.019607843137254832,0.0,-0.03151868884597875,0.006993083943600098,0.004132231404958775,-0.011299477645120626,-0.0021458900728640318,0.0,-0.008042875152728501,-0.006956515104874272,0.0,0.0,0.011111153496636383,0.040935604676908044,0.0
2021-08-30 00:00:00+01:00,-0.00887573964497046,0.015254263150489944,0.0,-0.01814058956916098,-0.007194244604316502,0.0061919742310698744,0.0,0.0,0.0,0.020833312637276835,-0.012345679012345734,0.0,0.006451596495925749,0.0,0.0,0.007005247212924504,-0.0013386677136062453,0.0,-0.010989052448102776,0.004213526188433514,0.0023696320453365782
2021-08-31 00:00:00+01:00,0.0,0.00500833438094217,0.005258581982392263,0.006928406466512715,0.01449275362318847,0.0015384380634013706,0.03846153846153855,0.0051020279073654695,0.0,-0.02380958173434755,0.0,0.0114286150251115,0.02136752171585732,0.0,0.008108087488122973,0.008695685345193604,0.0,0.004081648223254186,0.08888891008165145,-0.012587433928376357,0.0
2021-09-01 00:00:00+01:00,-0.0029850746268657025,-0.019933567238062277,-0.014821279192348435,-0.01834862385321101,-0.00952380952380949,0.006144416824186427,0.0,-0.01184428030990059,-0.005917182469050486,-0.003484317373521062,0.008333333333333304,-0.016949216467680994,0.004184116446269481,0.0,-0.014745288158453329,-0.0344828068146934,0.0026810265647136955,-0.016260146842582146,0.0,0.0028329260900767927,0.016548481691842643
2021-09-02 00:00:00+01:00,0.0029940119760478723,0.0,0.008849506735177037,0.004672897196261738,0.009615384615384581,0.0,-0.0092592592592593,0.00684927569743965,0.011904807858458266,0.0,0.0,0.017241445458981097,0.016666650772094727,0.0,0.0027210469148597483,0.0,0.01604273929523581,0.0743801314178929,-0.010204120359535218,-0.008474662113743037,0.0
2021-09-03 00:00:00+01:00,0.014925373134328401,0.0,0.0,-0.013953488372092981,0.023809523809523725,0.007633587786259444,-0.028037383177570097,-0.003401373563511778,-0.005882375380572125,0.006993083943600098,0.009917330150761794,0.028248586352996652,0.01639342724524062,0.0,0.004070597885756921,0.026785731771771015,0.00526317797209086,0.015384600712702756,0.0,0.0028490681813586605,0.004651180533475685
2021-09-06 00:00:00+01:00,0.0235294117647058,0.004237288135593209,0.013157945370521729,0.01650943396226423,-0.0046511627906976605,-0.003030256791548336,0.0,0.0,0.005917182469050486,0.020833312637276835,0.006546669981478459,0.010988947648731706,0.01612909428163012,0.0,0.005405426025390625,-0.017391287762185792,0.0013088805251819657,0.015151500920837613,0.030927855323080733,0.0,0.0
2021-09-07 00:00:00+01:00,0.008620689655172376,-0.03797468354430378,0.00432902077135644,0.006960556844547661,-0.014018691588784993,0.003039467157545106,0.0,-0.0034129172943666575,-0.005882375380572125,0.0,0.008130081300812941,-0.010869503246587309,0.0,0.0,-0.005376364484882101,-0.008849591131132817,0.0013071695963542407,0.007462715247501972,-0.0100000381469727,-0.005681839733083893,0.0
2021-09-08 00:00:00+01:00,-0.005698005698005715,-0.00877192982456143,-0.008620722256998503,-0.018433179723502335,-0.004739336492891044,-0.018939393939393923,0.0,-0.0068493410175966,0.008875717273141515,0.020408143405366452,-0.008064516129032251,0.0054944214246803735,-0.015873075943202752,0.0,-0.006756756756756799,0.00446430282021093,-0.0026109262692708413,-0.022222236350730618,-0.09090905587972986,0.0,-0.004629647208502563
2021-09-09 00:00:00+01:00,-0.002865329512893977,0.0,-0.008695685345193604,0.0046948356807512415,0.0,-0.01158301158301156,0.0,-0.006896578032394962,0.005865125275335004,-0.013333320617675781,0.0,-0.016393401615722336,0.01612909428163012,0.0,0.0,-0.004444461398654509,-0.005235621961910741,0.015151500920837613,0.0,-0.0028570992606026246,-0.0023255459097928366
2021-09-10 00:00:00+01:00,-0.008620689655172376,0.0,0.0,-0.004672897196261627,-0.00952380952380949,0.0078125,0.0,-0.006944404891978451,0.008746333636544312,0.0,0.0032520449258448547,0.0,-0.015873075943202752,0.0,0.0,0.026785731771771015,0.0,0.0,0.0,0.002865285666160844,0.0
2021-09-13 00:00:00+01:00,-0.011594202898550732,0.0,-0.008771879924703185,-0.0046948356807511304,0.004807692307692291,-0.007751937984496138,0.019230769230769162,-0.006993033575937835,-0.011560628000628848,-0.01351350045186761,-0.008103727614543699,0.0,-0.032258034744817476,0.0,-0.013605442176870763,-0.008695685345193604,0.0,0.0,0.011111153496636383,-0.00571430751255575,0.0
2021-09-14 00:00:00+01:00,0.0029325513196480912,0.0,-0.008849591131132817,-0.004716981132075526,-0.02392344497607657,-0.0234375,0.0,-0.01408449379940424,0.005847975394087879,0.006849308357518069,-0.008169934538673762,0.011111153496636383,-0.016666650772094727,0.0,-0.01379310344827589,-0.017543843505051004,-0.00526317797209086,0.0,0.0,0.0,-0.006993077880821041
2021-09-15 00:00:00+01:00,-0.00877192982456143,-0.026548672566371723,-0.008928520490927738,-0.009478672985781977,-0.009803921568627416,-0.016000000000000014,0.0,-0.010714258466448134,-0.005813975408954342,-0.01360542893691108,-0.0016474841443397947,0.0,-0.016949136104436047,0.0,-0.006993006993006978,0.0,-0.010581950244841987,-0.029850718650553665,0.04395600019366919,-0.02298848432756806,-0.014084471727988102
2021-09-16 00:00:00+01:00,0.002949852507374562,0.018181818181818077,0.018018000215478835,0.01674641148325362,0.01980198019801982,0.04065040650406515,0.0,0.010830297068508576,0.005847975394087879,0.0034482724601392345,0.0,0.0,0.03448272460139301,0.0,0.028169014084507005,0.017857126131349377,0.010695125531074101,-0.0076923370361328125,0.0,0.014705882352941124,0.0023809160505021687
2021-09-17 00:00:00+01:00,-0.00588235294117645,0.02678571428571419,-0.008849591131132817,-0.007058823529411784,-0.004854368932038833,-0.0078125,0.0,-0.0035714421953473297,0.005813864516596823,-0.010309268214748757,-0.004950482584395788,-0.01648357867215422,0.0,0.0,0.0,0.0,-0.005291025581380615,0.015503935570057026,0.0,0.008695630059726067,0.0
2021-09-20 00:00:00+01:00,-0.038461538461538436,-0.04347826086956519,-0.035714252262698754,-0.023696682464455,-0.014634146341463428,-0.03149606299212604,-0.07547169811320753,-0.02508956505956017,-0.011560628000628848,0.024305531410156345,-0.03150908350283854,0.005586613608986157,-0.04166666666666663,0.0,-0.0273972602739726,-0.03508768701010212,-0.031914813748412985,-0.053435171187446784,-0.027368445145456444,-0.00862066792062055,-0.016627006499120855
2021-09-21 00:00:00+01:00,-0.021538461538461506,-0.018181818181818188,0.009259206113829244,0.029126213592232997,-0.01980198019801982,0.016260162601626105,0.0,-0.014705938038939936,-0.029239765429585618,-0.016949136104436047,-0.0068493410175966,-0.0222222010294596,-0.034782575524371584,0.0,-0.014084507042253502,-0.027272744612260258,-0.01648357867215422,0.024193564513223853,-0.025974001846660322,-0.011594247126924806,-0.014492808374494848
2021-09-22 00:00:00+01:00,0.03144654088050314,0.0185185185185186,0.01834869448980969,0.009433962264151052,0.015151515151515138,0.008000000000000007,0.0,0.007462715247501972,0.024096362008327654,0.017241362300696395,0.015517267687567449,0.022727250560256484,0.027026957364917115,0.0,0.021428571428571352,0.018691571292548614,0.0,0.0,0.0,0.002932618571647616,-0.009803865653465582
2021-09-23 00:00:00+01:00,-0.012195121951219523,0.0,0.0,-0.004672897196261627,-0.00995024875621886,-0.007936507936507908,-0.010204081632653073,0.005555541427047173,0.0,-0.010169481662661628,-0.013582394414817012,0.0,-0.017543843505051004,0.0,0.0,-0.00917425975184516,-0.016759734271166393,0.00787404590327423,0.0,-0.005847975394087768,-0.00990102749433508
2021-09-24 00:00:00+01:00,0.021604938271605034,0.0,0.00900895714943828,0.0,0.005025125628140614,0.016000000000000014,0.0,0.016574613969140506,-0.01176475076114425,0.0034246541787590346,0.003442354013632798,0.0,0.031250034591981946,0.0,0.0034965034965035446,0.018518500530834592,0.022727250560256484,-0.023437514551915006,0.011111153496636383,0.002941131591796875,0.0
2021-09-27 00:00:00+01:00,0.03625377643504524,0.08181818181818179,0.026785731771771015,0.03755868544600949,0.040000000000000036,0.03937007874015741,0.09278350515463907,0.028985479203023967,0.01785721178768762,0.01706482975327095,0.03516293763100764,0.011111153496636383,0.05627702232002463,0.0,0.03135888501742157,0.03181821649724781,0.0444444020589192,0.031999969482421786,0.04395600019366919,0.07038127956810025,0.0
2021-09-28 00:00:00+01:00,0.020408163265306145,0.050420168067226934,-0.008695685345193604,-0.004524886877828038,0.0,-0.015151515151515138,0.0,-0.003521140239892029,-0.02339179003549785,0.0,0.0008285510028513965,0.010988947648731706,0.02459017995287449,0.0,0.006756756756756799,-0.00440530300038533,0.010638338885950116,0.007751967785028402,0.0,0.0547945205479452,0.005000019073486239
2021-09-29 00:00:00+01:00,-0.011428571428571455,0.05600000000000005,0.0,0.00454545454545463,0.019230769230769162,0.01538461538461533,0.009433962264151052,-0.0035335150818710526,0.0,-0.0033557014762590764,-0.004966937817530881,-0.005434803453420622,-0.015999984741210893,0.0,0.006711409395973256,-0.017699097866309854,0.00526317797209086,-0.0076923370361328125,0.0,0.005194825011414439,0.04477609957460427
2021-09-30 00:00:00+01:00,0.023121387283236983,0.0,-0.008771879924703185,0.03619909502262453,0.009433962264151052,-0.007575757575757569,0.0,0.0,0.023952071871634395,0.02693600098835347,-0.001663868164059168,0.016393505842428047,0.004065056094269437,0.0,0.006666666666666599,0.0,0.005235621961910741,0.015503935570057026,0.0,-0.010335956537291913,0.023809523809523725
2021-10-01 00:00:00+01:00,0.005649717514124353,0.09090909090909083,0.008849506735177037,0.04366812227074246,0.028037383177569986,0.01908396946564883,0.06542056074766345,0.007092157807799149,0.02339179003549785,-0.00327868544904808,-0.0016666412353515403,-0.005376364484882101,0.012145717724457494,0.0,-0.0066225165562914245,-0.004504521533020278,0.0,0.007633543884232319,-0.02105261150159332,0.09138381383081762,0.0
2021-10-04 00:00:00+01:00,0.0,-0.01388888888888884,-0.008771879924703185,-0.01673640167364021,-0.018181818181818188,-0.011235955056179803,0.01754385964912286,-0.003521140239892029,-0.02857142857142858,0.06578949019519276,0.003338847131010292,-0.016216174976245723,-0.008000030517578138,0.0,0.0,0.004524904060796864,0.005208253653516293,0.0075757865844463534,-0.021505355393904968,0.010765568687869154,0.004651180533475685
2021-10-05 00:00:00+01:00,0.0,-0.021126760563380254,0.02654868899744267,-0.008510638297872353,-0.02314814814814814,-0.030303030303030276,0.01724137931034475,0.0,0.002941131591796875,-0.012345667202249944,-0.001663868164059168,0.0054944214246803735,0.040322581885632536,0.0749999682108562,0.010000000000000009,-0.013513564599060723,-0.0025906341469971172,-0.01503757942834183,-0.010989052448102776,-0.00591715976331364,0.004629647208502563
2021-10-06 00:00:00+01:00,0.0,-0.014388489208633115,-0.008620722256998503,-0.0042918454935622075,0.004739336492890933,0.0,0.0,-0.014134262519924334,-0.014662757254357506,0.01874998183921006,-0.0033333460489909372,0.0054645019474759415,-0.007751893856784764,0.0,-0.0033003300330033403,0.004566227543908896,-0.0025973629641842244,0.05343509838788285,0.0,-0.011904761904761862,0.009216536799961261
2021-10-07 00:00:00+01:00,0.03651685393258419,0.014598540145985384,0.008695685345193604,0.004310344827586299,0.0,0.0,0.0,0.0071684862248750925,0.005952403929229133,0.03680985408856041,0.0,0.0,0.007812455180101763,0.0,0.0066225165562914245,-0.018181800842285156,0.0,-0.007246404354172786,0.07777775658501529,-0.012048192771084376,0.004566227543908896
2021-10-08 00:00:00+01:00,0.008130081300812941,0.0,0.008620640043698113,0.0,0.0,0.0,0.0,0.0,-0.005917182469050486,-0.01775153229781612,0.006688988812411312,0.005434803453420622,0.0,0.0,0.0,0.009259206113829244,0.0,0.007299298019120881,0.0,-0.014634109124904704,0.004545471884987551
2021-10-11 00:00:00+01:00,0.005376344086021501,0.0,-0.004273520645296847,0.0,0.0,-0.015625,0.0,0.0035587323883337074,0.0,-0.012048181523292234,-0.00498337596774967,0.0,0.015503935570057026,0.0,0.006578947368421018,0.02752295424165485,0.007812479821345031,0.0,0.0,0.007425723409153262,0.004524904060796864
2021-10-12 00:00:00+01:00,0.005347593582887722,-0.007194244604316502,0.0042918620061869195,0.0042918454935623185,-0.004716981132075526,0.003968253968253954,0.0,0.0035460450856623638,-0.005952290396567306,-0.018292665641127526,0.033388980785516775,-0.005405426025390625,0.0,0.0,-0.006535947712418277,-0.004464302820210819,0.0025839398488296528,0.0,0.0,0.0,0.0
2021-10-13 00:00:00+01:00,0.005319148936170137,0.032608695652173836,-0.008546959779967,0.0,0.014218009478673022,0.0,0.0,0.003533582479351205,0.0,0.031055870727966672,0.009693028422143923,-0.005434803453420622,0.007633543884232319,0.0,0.006578947368421018,0.013452966577263581,0.0,0.0,-0.07216493020922732,0.02457002410944864,-0.009009043066040445
2021-10-14 00:00:00+01:00,0.015873015873015817,0.01754385964912286,0.051724086902089406,0.02136752136752129,0.0,0.011857707509881354,0.0,0.01408449379940424,-0.011976093042061042,-0.006024090761646117,0.0015999755859374964,0.0,0.022727287505283966,0.0,0.03267973856209161,0.008849506735177037,0.0,0.014492739601511984,0.05555555555555558,0.02637885980804855,0.03181821649724781
2021-10-15 00:00:00+01:00,0.0,0.02758620689655178,0.04918035990574876,0.008368200836819994,0.01869158878504673,0.0234375,-0.008474576271186418,0.0486111653807737,-0.006060629179983401,0.02424247372139554,0.0015974806909890837,0.016393505842428047,0.014814800686306473,0.0,0.03797468354430378,0.017543927160695638,0.015463976820011327,0.014285700661795575,-0.04210522300318664,0.03971964470194256,0.0
2021-10-18 00:00:00+01:00,-0.00520833333333337,0.006711409395973256,-0.023437514551915006,-0.020746887966805017,-0.01834862385321101,-0.01526717557251911,0.0,-0.026490103450292568,0.006097584377790843,0.02366861567970302,-0.0031898047927564344,0.016128990909022756,-0.010948877417416458,0.0,-0.018292682926829285,0.0689654492027858,0.0,0.0,0.0,0.0,-0.00440530300038533
2021-10-19 00:00:00+01:00,-0.007853403141361293,-0.026666666666666616,-0.015999984741210893,-0.004237288135593209,0.0,0.0,0.0,-0.006802682251218939,-0.018181771943063474,-0.017341023733535632,0.0,-0.0158729758262226,-0.018450184242133294,0.0,0.006211180124223503,-0.008064470231593623,0.005076064479612397,0.0,0.021978000096834593,-0.004494399167178753,0.017699097866309854
2021-10-20 00:00:00+01:00,-0.0013192612137202797,-0.013698630136986356,0.0,-0.008510638297872353,-0.009345794392523366,-0.015503875968992276,0.0,0.00684927569743965,-0.01851858828892705,-0.01176476445577379,-0.008000000000000007,0.0,0.007518753861753602,0.0,-0.01851851851851849,-0.016260146842582146,-0.011363559736909168,-0.01408449379940424,-0.021505355393904968,0.004514689986092391,0.008695685345193604
2021-10-21 00:00:00+01:00,0.003963011889035695,0.02083333333333326,-0.008130112188539096,-0.025751072961373356,0.009433962264151052,0.0,0.0,0.006802747127023556,0.0,0.05059526238142853,-0.0032258187570879393,0.005376364484882101,0.014925430495003944,0.0,0.0062893081761006275,0.0,0.0012771196707999088,0.0,0.010988947648731706,0.006741555889001161,0.004310278915198751
2021-10-22 00:00:00+01:00,0.002631578947368318,0.006802721088435382,0.01639342724524062,-0.004405286343612369,0.0,0.007874015748031482,0.0,-0.00675678244466027,-0.00628927233928156,0.025495726600212487,0.00970877501983125,0.010695125531074101,0.0073528988963604824,0.0,0.0,-0.016528988151582213,0.010204023045831345,0.0,-0.010869503246587309,-0.004464302820210819,0.0042918620061869195
2021-10-25 00:00:00+01:00,0.005249343832020914,-0.006756756756756799,-0.008064470231593623,0.01327433628318575,0.009345794392523255,-0.00390625,-0.008547008547008517,0.006802747127023556,-0.012658215623466695,0.011049779429876505,0.009615359927070743,0.0,0.0,0.0,0.0,0.008403393670198822,-0.005050428180518374,0.007142884390694659,-0.010989052448102776,0.006726526054297688,0.0
2021-10-26 00:00:00+01:00,0.0026109660574411553,0.006802721088435382,0.0,-0.017467248908296984,0.0,0.0039215686274509665,0.0,-0.01351350045186761,-0.025641061693801315,-0.04098363165294494,-0.0015872773670014828,0.0,0.0,0.0,0.0,0.0,0.0,0.0,0.0,0.0,0.03846152278641801
2021-10-27 00:00:00+01:00,0.01822916666666674,-0.006756756756756799,0.02439025903112113,-0.004444444444444473,0.004629629629629539,0.0078125,0.0,0.04109585014510864,0.052631592156154205,0.008547000419168338,-0.004769523759620031,-0.0158729758262226,0.007299298019120881,0.0,0.02499999999999991,0.025000015894572014,0.012690354838478468,-0.00709222544427357,0.0,-0.002227222392425121,0.0329218588282536
2021-10-28 00:00:00+01:00,0.01278772378516635,0.0,0.0,0.0,0.004608294930875667,0.007751937984496138,0.0,0.019736854901274414,0.03125,-0.01694913656104502,0.012779601777283434,0.016128990909022756,0.010869537424425646,0.0,0.018292682926829285,-0.008130112188539096,0.012531327841571738,0.007142884390694659,0.0,0.006696411655569223,0.015936239539883656
2021-10-29 00:00:00+01:00,-0.007575757575757569,0.006802721088435382,-0.007936537971601432,-0.004464285714285698,0.00917431192660545,-0.01538461538461533,0.0,0.006451637514175879,0.006060629179983401,0.0057471209243953325,-0.0015773231295197476,0.0,0.0035842431124375462,0.0,-0.0119760479041916,0.00819675270763387,-0.014851541241502675,0.014184383252072719,-0.0222222010294596,0.004434606867098179,0.009803921568627416
2021-11-01 00:00:00+00:00,-0.007633587786259555,-0.013513513513513487,0.0,0.03587443946188351,0.027272727272727337,0.00390625,0.0,-0.006410280706692251,-0.0120482384544226,-0.0028571401323590484,-0.012638218747278662,-0.010581950244841987,-0.014285700661795464,0.0,0.003030303030302939,-0.016260146842582146,-0.005025144893802347,0.0,0.0,0.0,0.029126213592232997
2021-11-02 00:00:00+00:00,0.007692307692307665,0.006849315068493178,0.015999984741210893,0.06493506493506485,0.008849557522123908,-0.0038910505836575737,0.0,0.0,0.01829275313337253,0.020057287407311275,0.008000000000000007,0.005347511766912616,0.0,0.0,0.0030211480362538623,0.008264415259734426,0.0,0.0,0.07727265190487231,0.0022075560817349515,0.02358490566037741
2021-11-03 00:00:00+00:00,-0.012722646310432517,0.006802721088435382,-0.007873970810807207,0.03658536585365857,-0.00877192982456143,0.015625,0.0,0.0,-0.005988046521030466,0.0,0.0015872773670015938,0.0,-0.0036232021770864486,0.0,0.012048192771084265,-0.004098376353816935,-0.005050428180518374,-0.006993033575937835,0.0,0.013215824976990032,0.004608294930875667
2021-11-04 00:00:00+00:00,-0.002577319587628857,0.027027027027026973,-0.007936537971601432,-0.009803921568627416,0.0,-0.01538461538461533,0.0,0.032258064516129004,-0.018072357681633844,-0.028089861303337904,0.0,0.0,-0.003636377507990063,0.0,0.005952380952380931,0.004115242164996147,-0.0076142903588661826,0.0,0.0,0.0478261035421621,0.10091743119266061
2021-11-05 00:00:00+00:00,-0.007751937984496138,0.013157894736842035,0.0,-0.013861386138613874,-0.008849557522123908,0.015625,0.0,0.01874995231628418,-0.012269869015459345,-0.017341023733535632,-0.00792393046102946,0.0,-0.007299228407856018,0.08527134992233831,-0.011834319526627168,0.0,-0.00255750583180403,-0.01408449379940424,-0.018987274281977773,-0.010373443819205241,0.0
2021-11-08 00:00:00+00:00,0.0,0.0,-0.02400001525878903,0.004016064257028162,-0.017857142857142905,0.007692307692307665,0.0,-0.006134876000100209,0.0,0.03529408299799286,-0.0015974197533317191,-0.01063823743123149,0.0,0.0,-0.014970059880239472,-0.008196674537606752,0.0,0.007142884390694659,0.010752626424140876,0.0,-0.01666666666666672
2021-11-09 00:00:00+00:00,-0.01041666666666663,0.0,-0.008196674537606752,-0.0040000000000000036,0.009090909090909038,-0.007633587786259555,0.0,-0.01851858828892705,-0.024844755448886202,0.002840906397000742,-0.004799987792968752,-0.010752728969764092,-0.005514761826157288,0.0,-0.015197568389057725,-0.008264494075791107,-0.01025644938151038,-0.00709222544427357,0.0,0.0020964040360935687,-0.016949152542372836
2021-11-10 00:00:00+00:00,0.0,-0.00649350649350644,-0.016528988151582213,-0.012048192771084376,-0.018018018018018056,-0.007692307692307665,0.0,-0.00628927233928156,0.0,-0.024079331114982394,-0.006430892620137074,0.005434803453420622,0.012939016315763885,0.0,-0.006172839506172867,-0.016666650772094727,-0.0051812682939942345,0.0,-0.0425531526343631,-0.014644367659251478,0.0
2021-11-11 00:00:00+00:00,-0.010526315789473717,-0.006535947712418277,-0.008403313529497414,0.012195121951219523,-0.00917431192660545,-0.015503875968992276,0.0,-0.006329137991299971,0.006369451126407855,-0.01886787229650111,-0.001618098306724991,-0.016216174976245723,0.007299298019120881,0.0,-0.006211180124223614,-0.008474608462146094,0.005208253653516293,0.0,-0.04444440205891931,0.006369491751101686,0.008620689655172376
2021-11-12 00:00:00+00:00,-0.0026595744680850686,0.0,0.0,-0.02208835341365467,0.0092592592592593,0.007874015748031482,0.0,0.006369451126407855,0.0,0.02366861567970302,0.0048622242034190855,0.010988947648731706,0.007246335247339308,0.0,0.0,-0.008546959779967,0.0,0.0,0.04651158148692014,-0.002109752860741221,-0.03418803418803418
2021-11-15 00:00:00+00:00,0.01866666666666661,0.006578947368421018,0.0,0.006160164271047153,0.00917431192660545,0.0234375,0.0,0.012658215623466695,0.0,-0.014450853111279693,0.0032258187570879393,-0.010869503246587309,0.0,0.0,0.012499999999999956,0.0,0.0051813671203522205,0.0,0.0,-0.002114132679366776,0.008849557522123908
2021-11-16 00:00:00+00:00,0.0,0.0,-0.008474608462146094,-0.01224489795918371,-0.004545454545454519,-0.007633587786259555,0.0,0.0,0.0,-0.008797645347408345,0.008038585110402563,-0.010989052448102776,-0.007194203635955465,0.0,-0.006172839506172867,0.0,-0.005154658940003776,-0.021428585052490234,-0.028888914320204018,0.0063559159366815,0.00877192982456143
2021-11-17 00:00:00+00:00,0.010471204188481575,0.013071895424836555,0.008547041290593693,-0.012396694214875992,0.0,0.007692307692307665,0.0,-0.00625002384185791,0.00949364662781682,-0.005917224457964498,0.020733639892217548,0.011111153496636383,0.02173914395568488,0.0,0.0,-0.008620722256998503,0.0,0.01459852642697701,-0.08466816824910406,0.021052631578947434,-0.008695652173912993
2021-11-18 00:00:00+00:00,-0.005181347150259086,0.006451612903225712,-0.016949136104436047,0.046025104602510414,-0.013698630136986356,0.0,0.0,0.0,-0.006269556676566368,0.017857197342682873,-0.0078125,0.010988947648731706,0.010638270529935934,0.0,0.006211180124223503,0.017391287762185792,-0.010362635414346344,0.0,0.0,0.0,0.00877192982456143
2021-11-19 00:00:00+00:00,-0.00520833333333337,0.03846153846153855,0.017241362300696395,0.010000000000000009,0.0092592592592593,0.007633587786259444,0.008620689655172376,0.006289332318799801,-0.003154586090314493,-0.023391859748531196,0.0015747791200171335,0.0,-0.010526289019668345,0.0,0.012345679012345734,0.008547041290593693,-0.010471243923821483,0.0,0.04999995231628418,0.020618556701030855,-0.017391304347826098
2021-11-22 00:00:00+00:00,0.00654450261780104,0.006172839506172867,0.0,0.0,0.0,0.015151515151515138,0.0,0.0,-0.012658215623466695,0.017964126568860372,-0.0015723030899408297,0.0,0.0,0.0,0.0,0.0,-0.002645462331730686,-0.01438847588157588,0.0,0.02020202020202011,0.008849557522123908
2021-11-23 00:00:00+00:00,-0.011703511053316018,-0.030674846625766916,-0.016949136104436047,-0.00990099009900991,-0.004587155963302725,-0.02238805970149249,0.0,-0.012499988079071045,-0.025641061693801315,-0.01176476445577379,-0.015748031496062964,0.0,0.007092157807799149,0.0,0.0030487804878047697,-0.016949136104436047,-0.00795753928353915,0.0,-0.01190469432579655,-0.004950495049504955,0.07894736842105265
2021-11-24 00:00:00+00:00,-0.0052631578947368585,0.0,0.008620640043698113,-0.0040000000000000036,-0.004608294930875556,0.0,0.0,0.0,-0.013157882353605488,-0.002976187730794999,0.0015999755859374964,-0.005434803453420622,-0.007042213319620072,0.0,-0.003039513677811523,0.017241362300696395,0.005347511766912616,0.0,-0.01927708960666219,0.014925373134328401,0.008130081300812941
2021-11-25 00:00:00+00:00,-0.010582010582010581,-0.012658227848101222,0.025641042361154165,0.0,0.0,0.007633587786259444,0.0,0.006329077632166724,0.0,0.008955286764893211,0.003194900444320803,0.0,-0.021276608696346178,0.0,0.030487804878048808,0.008474527642289953,-0.005319067988256432,0.007299298019120881,-0.017199058650850807,-0.019607843137254943,-0.016129032258064502
2021-11-26 00:00:00+00:00,-0.016042780748663055,-0.02564102564102566,-0.025000015894571903,-0.032128514056224855,0.0,-0.007575757575757569,0.0,-0.00943393849868146,-0.020000012715657545,-0.047337301897445005,-0.007961783536215905,0.0054645019474759415,-0.028985548309857667,0.0,-0.029585798816568087,-0.008403313529497414,-0.021390455056646163,-0.02173914395568488,-0.125,-0.010000000000000009,0.024590163934426146
2021-11-29 00:00:00+00:00,-0.0027173913043477826,0.013157894736842035,-0.008546959779967,0.012448132780082943,0.0092592592592593,0.0,0.0,0.0031746152847531572,0.020408176505266162,0.024844696582373427,-0.008025682281269764,0.0,-0.00746264407777486,0.0,-0.0060975609756097615,-0.008474608462146094,-0.016393401615722336,0.007407435664424256,0.0,-0.01212118129537565,0.040000000000000036
2021-11-30 00:00:00+00:00,0.0,0.01298701298701288,0.0,-0.016393442622950838,-0.00917431192660545,0.0,0.0,-0.006329137991299971,-0.009999974568684844,-0.030303001841675226,-0.004854356646668778,0.0,0.0,0.0,0.012269938650306678,0.008547041290593693,0.005555576748318192,0.0,0.028571401323590928,0.014314865570540514,-0.007692307692307665
2021-12-01 00:00:00+00:00,0.021798365122615904,0.0025640634390025063,0.025862002344394508,-0.01666666666666672,0.01388888888888884,0.0,0.0,0.012738841509227994,0.01683501640255569,0.0750000018626451,0.004878036374968309,0.005434803453420622,0.015037579428341719,0.0,0.0060606060606061,0.008474527642289953,0.03314919164775221,0.022058766812190767,0.0,0.013104869876519265,0.007751937984496138
2021-12-02 00:00:00+00:00,-0.021333333333333315,-0.00255750583180403,-0.016806707199696347,0.021186440677966045,-0.013698630136986356,-0.007633587786259555,0.0,-0.00628927233928156,0.0,-0.011627895694091173,0.003236258339943676,0.0,0.0,0.0,-0.0060240963855421326,-0.016806707199696347,-0.021390455056646163,0.021582748127196183,0.23611109087496573,-0.004477581574549139,-0.007692307692307665
2021-12-03 00:00:00+00:00,0.0027247956403269047,0.0,0.01709400107056047,0.0,0.0092592592592593,0.0,0.0,0.0,-0.006622541651882585,-0.014705938038939936,0.004838697371944312,-0.005405426025390625,-0.014814800686306473,0.0,0.0121212121212122,0.008547041290593693,0.010929003894951883,-0.028168987598808592,0.0,-0.000499780612020051,-0.007751937984496138
2021-12-06 00:00:00+00:00,0.010869565217391353,-0.012820512820512775,0.0,0.0,0.00917431192660545,0.007692307692307665,0.0,0.0,0.0,0.038806005415446876,0.0,0.005434803453420622,0.007518753861753602,0.0,0.0,0.021186440335509094,0.005405426025390625,0.02173914395568488,0.0,0.004999999999999893,0.0078125
2021-12-07 00:00:00+00:00,0.0026881720430107503,0.025974025974025983,0.02521010086989528,0.024896265560165887,-0.009090909090909038,0.007633587786259444,0.0,0.025316491606066638,0.0,0.040229846470767994,-0.011235967439996997,0.0,-0.00746264407777486,0.0,0.03592814371257491,0.012448100925807948,0.005376364484882101,0.014184383252072719,0.0,0.0,0.007751937984496138
2021-12-08 00:00:00+00:00,-0.01072386058981234,-0.01898734177215189,0.00819675270763387,-0.0080971659919028,0.0183486238532109,0.0,-0.008547008547008517,0.006172745025411208,0.013333320617675781,0.03314920656665388,0.006493531425117771,0.005405426025390625,-0.01503757942834183,0.0,0.0,0.004098376353816935,0.0,0.0,0.0,0.0,-0.007692307692307665
2021-12-09 00:00:00+00:00,0.005420054200542035,-0.006451612903225823,-0.016260146842582146,0.0,0.009009009009008917,-0.0037878787878787845,0.0,0.003067555015309198,0.0065789725476688155,-0.02139035387755628,-0.0016128786148563723,0.0,-0.007633616683796363,0.0,-0.011560693641618491,0.004081648223254186,0.010695125531074101,0.0,0.022471996799083183,0.0,0.007751937984496138
2021-12-10 00:00:00+00:00,-0.0026954177897574594,0.01298701298701288,0.01652890933552542,0.008163265306122547,-0.013392857142857095,0.0038022813688212143,0.0,-0.0030581738986287244,0.0,-0.03278691835069325,-0.010500832146299044,0.0,0.0,0.0,0.020467836257309857,-0.008130112188539096,0.005291025581380504,-0.034965034498667724,-0.06593410508987485,0.004975124378109541,-0.01538461538461533
2021-12-13 00:00:00+00:00,-0.024324324324324298,-0.012820512820512775,-0.016260146842582146,0.00809716599190291,-0.013574660633484115,-0.022727272727272707,0.0,0.0,-0.019607855359147774,0.0,-0.0008163140744579245,0.0,-0.0076923370361328125,0.0,0.002865329512893977,-0.008196674537606752,-0.00526317797209086,0.014492739601511984,-0.035294140086454484,-0.013861401246325844,0.0078125
2021-12-14 00:00:00+00:00,0.005540166204986097,0.006493506493506551,-0.016528988151582213,-0.004016064257028162,0.0183486238532109,0.003875968992248069,0.0,-0.006134876000100209,-0.006666692097981763,-0.011299424374029976,-0.0032679862818002503,0.005376364484882101,-0.015503861641813277,0.0,-0.02857142857142858,0.0,0.0,-0.028571401323590928,0.036585389964996606,0.0,-0.007751937984496138
2021-12-15 00:00:00+00:00,0.005509641873278293,-0.006451612903225823,0.008403393670198822,0.008064516129032251,-0.0045045045045044585,0.0,-0.008620689655172376,0.006172745025411208,-0.013422806334599358,-0.011428560529436416,-0.001639319247886739,-0.005347613764161596,0.015748016714081325,0.03571428571428581,-0.002941176470588225,0.0,0.0,-0.007352969019469913,0.09882354736328125,-0.004016079638624048,0.0
2021-12-16 00:00:00+00:00,0.019178082191780854,0.0,0.0,-0.008000000000000007,0.004524886877828038,0.019305019305019266,0.0,-0.006134876000100209,0.020408176505266162,0.0375722180893272,0.0032840220563410405,0.0,0.007751967785028402,0.0,0.01179941002949847,0.008264415259734426,-0.005291025581380615,0.007407435664424256,-0.036402585335470805,0.00806454714081517,-0.0078125
2021-12-17 00:00:00+00:00,0.0026881720430107503,0.006493506493506551,0.008333365122477288,-0.008064516129032251,0.0,-0.007575757575757569,0.0,0.0,0.0,0.008356538191369944,-0.004909971269272839,0.005376364484882101,0.0076923370361328125,0.0,0.014577259475218707,-0.01639342724524051,0.010638338885950116,-0.007352969019469913,0.0422222349378798,-0.004000015258789014,-0.007874015748031482
2021-12-20 00:00:00+00:00,-0.013404825737265424,-0.012903225806451646,-0.016528988151582213,-0.012195121951219523,-0.013513513513513487,-0.007633587786259555,-0.12173913043478257,-0.006172862762975684,-0.026666641235351562,-0.04696128266565147,-0.006578909805936672,-0.005347613764161596,-0.026717585593723392,0.0,-0.017241379310344862,-0.016666650772094727,-0.01578943352950246,0.022222236350730507,-0.06183367981127419,-0.006024081157762207,-0.007936507936507908
2021-12-21 00:00:00+00:00,0.0027173913043478937,0.013071895424836555,0.0,0.039094650205761416,0.004566210045662045,0.023076923076922995,0.13861386138613851,0.0031055426009860554,-0.0068493410175966,0.0,0.0,0.005376364484882101,0.011764675963158666,0.0,0.0,0.008474527642289953,-0.005347613764161596,0.0,-0.09090911061310525,0.0,0.0
2021-12-22 00:00:00+00:00,0.006775067750677488,-0.006451612903225823,0.0,-0.00990099009900991,0.018181818181818077,0.022556390977443552,-0.04347826086956519,-0.003095928064492215,0.020689668326542288,0.014492739601511984,0.009933749320585994,0.0,0.007751967785028402,0.0,0.0,0.008403393670198822,0.010752626424140876,0.0,0.1499999761581421,0.010101010101010166,0.0
2021-12-23 00:00:00+00:00,0.009421265141319024,0.0,0.016806787340397866,0.010000000000000009,0.008928571428571397,0.0,0.045454545454545414,0.006211203670828613,0.0,-0.0028571401323590484,0.014754123375064099,0.032085478590471395,0.0076923370361328125,0.0,0.0029239766081872176,0.0,0.0,0.007246335247339308,-0.002173859185215843,0.004999999999999893,0.008000000000000007
2021-12-27 00:00:00+00:00,0.01120003255208335,0.0,0.008264415259734426,0.0,0.0,0.003676470588235281,0.0,0.0,-0.00675678244466027,0.002865326772472976,-0.009693090048915609,0.01554410136105644,0.0,0.0,-0.005830903790087438,0.004166682561238533,-0.005319067988256432,0.0071942722456204145,-0.019607875728968716,-0.008955239063471732,0.023809523809523725
2021-12-28 00:00:00+00:00,0.00474680309869302,0.0,0.01639342724524062,0.0,0.0,0.01098901098901095,0.0,0.012345607788387003,0.013605429378242606,0.051428590502057725,0.0016313587285967657,0.020408143405366452,0.007633543884232319,0.0,0.014662756598240456,0.0041493933563012675,0.010695125531074101,0.021428585052490234,-0.05555555555555558,0.0,0.0
2021-12-29 00:00:00+00:00,0.002624671916010568,0.006493506493506551,0.00806454714081517,0.0,0.008849557522123908,0.0,0.008695652173912993,0.0,-0.03355704783899316,0.0027173886635465383,0.016286644546393392,0.0,0.0075757865844463534,0.1103448538944638,-0.005780346820809301,-0.008264494075791107,0.0,-0.020979034037302835,0.05882352941176472,0.004016079638624159,0.007751937984496138
2021-12-30 00:00:00+00:00,-0.002617801047120394,0.006451612903225712,-0.015999984741210893,0.0,-0.00877192982456143,-0.021739130434782594,0.0,0.012195168755581687,0.02777781825006853,-0.013550122368818363,0.011217899537260045,0.0,0.007518753861753602,0.0,-0.011627906976744207,0.0,0.005291025581380504,0.014285700661795575,0.02000003390842009,0.010000000000000009,0.007692307692307665
2022-01-03 00:00:00+00:00,0.002624671916010568,0.0,0.03252029368516429,-0.00990099009900991,0.008849557522123908,0.014814814814814836,0.0,0.012048123553905166,0.05405406624492359,0.03846150067330312,-0.004754346185659286,0.0,-0.00746264407777486,0.0,0.0117647058823529,0.008333365122477288,0.0,0.007042280479784058,0.013071882523949974,-0.004950495049504955,0.007633587786259444
2022-01-04 00:00:00+00:00,-0.020942408376963373,-0.02564102564102566,0.00787404590327423,0.0,0.01754385964912286,0.018978146740989965,-0.051724137931034475,0.0,0.02564100056083385,0.02910056464205768,-0.020700625045443788,0.0100000381469727,0.0,0.0,0.011627906976744207,0.008264415259734426,0.015789433529502572,0.006992966885427165,0.0,-0.006965143763603909,0.0
2022-01-05 00:00:00+00:00,0.0,-0.013157894736842146,0.0,-0.008000000000000007,0.0,-0.00429803780288307,0.05454545454545445,0.0,-0.018750011920928955,-0.00257069156647316,-0.006504089851689487,0.0,-0.022556404994930057,0.0,0.0,-0.01639342724524051,-0.0025906341469971172,-0.02777775202268362,0.0,-0.008016062397742774,0.0
2022-01-06 00:00:00+00:00,0.0,0.0,0.0,0.0,0.0,0.0,0.0,0.0,0.0,0.0,0.0,0.0,0.0,0.0,0.0,0.0,0.0,0.0,0.0,0.0,0.0
2022-01-07 00:00:00+00:00,-0.005347593582887722,0.0,0.015624984866008385,-0.008064516129032251,-0.004310344827586188,0.007194244604316502,0.008620689655172376,-0.005952290396567306,0.0,0.03608243875162076,-0.0016366362785336097,-0.00990102749433508,-0.015384600712702867,-0.06832300344140185,-0.02298850574712641,0.0,-0.00649350649350644,0.0714285714285714,0.0,0.006060590647687825,0.015151515151515138
2022-01-10 00:00:00+00:00,0.0026881720430107503,0.026666666666666616,-0.015384600712702867,-0.04065040650406504,-0.0043290043290042934,-0.0071428571428571175,0.02564102564102555,0.0,-0.025477683018455766,-0.004975119657066318,0.0,0.0,-0.015624984866008385,0.0,0.0,0.0,-0.006535947712418277,0.04666665395100922,-0.08602152412124298,0.024096401231396447,0.00746268656716409
2022-01-11 00:00:00+00:00,-0.02144772117962468,-0.01948051948051943,-0.007812529685906622,0.008474576271186418,0.0,-0.007194244604316502,0.02499999999999991,0.005987932308542776,0.006535910231946662,-0.019999980926513672,-0.00655740206358868,0.0,-0.007936537971601432,0.06666666666666665,0.0,0.0,0.0,-0.006369390382820028,0.0964705523322611,-0.019607843137254943,-0.007407407407407418
2022-01-12 00:00:00+00:00,0.008219178082191858,0.0066225165562914245,0.0,-0.004201680672268893,0.008695652173912993,0.007246376811594235,-0.08943089430894313,-0.005952290396567306,0.0,-0.015306168375089801,-0.004950482584395788,0.0,0.0,0.0,0.0,0.016666650772094727,-0.00526317797209086,0.0,-0.0021458696077492068,0.004999999999999893,0.00746268656716409
2022-01-13 00:00:00+00:00,0.0027173913043478937,0.006578947368421018,0.0,0.00421940928270037,0.0,0.007194244604316502,0.0,0.0,0.006493531425117771,0.010362746465985007,0.014925398627961606,0.0,0.008000030517578027,0.0,0.0117647058823529,0.0,-0.010581950244841987,0.01923071985414171,0.0,-0.006965143763603909,-0.014814814814814836
2022-01-14 00:00:00+00:00,-0.008130081300813052,0.0,0.0,0.008403361344537785,0.0,0.0035714285714285587,0.1160714285714286,0.0,-0.012903213500976562,0.0,0.0032679862818003613,0.0100000381469727,-0.007936537971601432,0.0,-0.011627906976744207,0.00819675270763387,-0.005347613764161596,-0.0031446061798816594,-0.03225808436366906,0.0,-0.007518796992481258
2022-01-17 00:00:00+00:00,0.016393442622950838,0.0,0.00787404590327423,0.008333333333333304,0.008620689655172376,0.01067615658362997,0.0,0.0,0.013071882795547163,-0.007692361301217643,0.008143322273196585,0.0,0.008000030517578027,0.0,0.0,0.016260146842582035,0.005376364484882101,0.0,0.07777775658501529,-0.004008031198871387,0.0
2022-01-18 00:00:00+00:00,-0.010752688172043001,0.0,-0.007812529685906622,-0.004132231404958664,0.0,0.0,0.008000000000000007,-0.0029940803667591886,0.0,0.0025840385471720406,-0.006462060032610406,0.0,-0.007936537971601432,0.0,0.01764705882352935,-0.008000030517578138,0.010695125531074101,0.0031545259215892685,0.28865981915385097,-0.004024160158335288,0.007575757575757569
2022-01-19 00:00:00+00:00,0.008152173913043459,0.0,0.015748016714081325,0.012448132780082943,0.008547008547008517,0.0,0.007936507936507908,0.003003071805090629,-0.012903213500976562,0.020618536429497514,0.01300811767578125,0.0,0.008000030517578027,0.0,0.005780346820809301,-0.008064470231593623,-0.005291025581380615,0.0,-0.12,0.006060590647687825,0.007518796992481258
2022-01-20 00:00:00+00:00,0.0026954177897573484,-0.019607843137254943,0.007751967785028402,-0.016393442622950838,-0.008474576271186418,0.0,0.0,0.0,0.006535910231946662,-0.005050500185316276,0.0,-0.00990102749433508,-0.011904806957402148,0.0,0.011494252873563315,0.0,-0.005319067988256432,0.0,-0.045454545454545414,-0.006024081157762207,0.0
2022-01-21 00:00:00+00:00,-0.016129032258064502,0.0,0.0,0.04166666666666674,0.008547008547008517,-0.014084507042253502,-0.015748031496062964,-0.005988046521030466,-0.01948047042154266,-0.015228411651818319,-0.004815397122542642,-0.025000000000000022,0.004016079638624159,-0.00625002384185791,0.0,0.0,0.0,0.0,0.1619047437395369,-0.002020171194365483,0.00746268656716409
2022-01-24 00:00:00+00:00,-0.021857923497267784,-0.00666666666666671,-0.015384600712702867,-0.01200000000000001,-0.03389830508474578,-0.014285714285714235,0.0,-0.0120482384544226,-0.03311258194493727,-0.015463963770208755,-0.01129033488612019,0.0,-0.0319999694824219,0.0,-0.022727272727272707,-0.016260146842582146,-0.02673796682355889,-0.04402514629304388,0.0,-0.010121457177244553,-0.029629629629629672
2022-01-25 00:00:00+00:00,0.005586592178770999,-0.006711409395973145,-0.015624984866008385,-0.010121457489878583,-0.00877192982456143,-0.010869565217391353,-0.008000000000000007,-0.012195052453833122,-0.017123287223834494,0.00523559719267741,-0.003262655227221245,0.0,-0.016528988151582213,0.0,-0.011627906976744207,-0.004132247037895498,0.0054944214246803735,-0.013157882353605488,-0.09836064164147051,-0.011247505819948489,-0.007633587786259555
2022-01-26 00:00:00+00:00,0.008333333333333304,0.020270270270270174,0.015873000254767344,0.0327198364008181,0.026548672566371723,0.04029304029304037,0.008064516129032251,0.006172745025411208,0.055749074271356225,0.031250032984341924,0.006546669981478459,0.0,0.012605090505298344,0.0,0.0235294117647058,0.016597494282109215,0.02732240551067444,0.026666641235351562,0.08181814713911573,0.003102410147110879,0.0038461538461538325
2022-01-27 00:00:00+00:00,0.0027548209366390353,0.0066225165562914245,0.0,-0.006930693069306937,-0.004310344827586188,-0.007042253521126751,0.0,0.006134993015359136,-0.0033002797570629294,0.03535350129721371,0.006504089851689487,0.0,0.0,0.0,0.005747126436781658,-0.004081648223254186,-0.005319067988256432,0.006493531425117771,-0.07563022246898432,-0.0010309121043411418,-0.003831417624521105
2022-01-28 00:00:00+00:00,-0.01098901098901095,-0.006578947368421018,0.0,-0.006979062811565351,-0.0043290043290042934,-0.010638297872340385,0.008000000000000007,0.0,0.019867498641171988,0.0,-0.009693090048915609,-0.005128224690755245,-0.0041493933563011565,0.0,-0.008571428571428563,-0.008196674537606752,-0.005347613764161596,0.0,-0.18181818181818177,0.0010319759808712359,-0.007692307692307665
2022-01-31 00:00:00+00:00,0.002777777777777768,0.0066225165562914245,0.0,0.014056224899598346,0.008695652173912993,-0.0035842293906810374,0.0,-0.006097584377790843,0.019480532348447932,0.004878044241882984,0.004893951725845502,0.0,0.008333365122477288,0.0,0.008645533141210304,0.004132168221838928,0.005376364484882101,0.006451637514175879,0.3222221798366971,0.0,-0.007751937984496138
2022-02-01 00:00:00+00:00,-0.008310249307479256,-0.006578947368421018,0.0,0.0,0.0,0.007194244604316502,0.0,0.006134993015359136,-0.012738841509227883,0.004854364437391068,-0.0016233518928268076,0.0,-0.008264494075791107,0.0,0.005714285714285783,0.0,-0.005347613764161596,0.0,0.0,0.0,-0.0078125
2022-02-02 00:00:00+00:00,0.005586592178770999,-0.013245033112582738,0.03124996973201677,-0.017821782178217838,0.0,0.0,0.0,0.012195168755581687,0.01935485101515244,0.028985595716481738,0.006504089851689487,-0.015463878503069517,0.008333365122477288,0.0,0.03409090909090917,0.01234572649498844,0.0,-0.03846156197421824,-0.11764703053857595,0.0,-0.003937007874015741
2022-02-03 00:00:00+00:00,-0.002777777777777768,-0.01342281879194629,0.0075757865844463534,-0.01008064516129037,0.0,0.0,0.0,0.0,0.012658215623466695,0.0,0.0,0.015706766024549346,-0.008264494075791107,0.0,0.0,-0.008130112188539096,0.0,0.03333333333333344,0.0,-0.014433005421432,-0.011857707509881465
2022-02-04 00:00:00+00:00,0.0055710306406684396,0.006802721088435382,0.015037579428341719,-0.006109979633401208,0.0,0.0,0.0,0.0,-0.018750011920928955,-0.02347426668941155,0.0,-0.020618537443073293,-0.008333365122477177,0.0,-0.005494505494505475,0.0,-0.010752728969764092,-0.032258064516129004,-0.09523809523809523,-0.0020920183204430343,0.008000000000000007
2022-02-07 00:00:00+00:00,0.0,0.0,0.007407435664424256,0.012295081967213184,-0.008620689655172376,0.0071428571428571175,0.0,0.024096362008327654,0.019108292635635626,0.0048076878990646055,-0.008077544227377165,0.01052635594418172,0.0,0.0,0.0,0.00819675270763387,-0.005434803453420622,-0.013333320617675781,0.22631574931897624,-0.004192888044874943,-0.003968253968253954
2022-02-08 00:00:00+00:00,0.0027700831024930483,0.0,0.0,0.00809716599190291,0.008695652173912993,-0.0035460992907800915,0.0,0.005882375380572125,-0.012499988079071045,0.00478468462867454,0.0016286396031919281,0.0,0.02521010086989528,0.0,0.0,-0.016260146842582146,0.010929003894951883,0.06081078425213082,-0.0729613266633431,-0.0021052310341282965,0.0
2022-02-09 00:00:00+00:00,0.03038674033149169,-0.0033783783783783994,0.0,0.004016064257028162,0.0,0.003558718861210064,0.007936507936507908,-0.005847975394087768,0.025316491606066638,0.02857151615376763,0.01463417115250265,0.0,0.02459017995287449,0.0,0.011049723756906049,0.008264415259734426,0.005405426025390625,0.0,0.0,-0.00632917810338085,-0.003984063745019917
2022-02-10 00:00:00+00:00,0.013404825737265424,0.003389830508474523,0.014705867915830284,0.010000000000000009,0.01724137931034475,-0.007092198581560294,0.0,0.005882375380572125,0.006172745025411208,0.03703700024404788,0.012820500280416924,0.010416606648103066,0.0,0.0,0.0,0.0,0.005376364484882101,0.006369451126407855,-0.05555558989567955,-0.009554075643748439,-0.008000000000000007
2022-02-11 00:00:00+00:00,0.010582010582010692,0.027027027027026973,0.0,0.00990099009900991,0.012711864406779627,0.0071428571428571175,0.007874015748031482,0.014619882714792753,0.0,0.004464281437804418,0.02056960793302509,0.005154658940003776,0.031999969482421786,0.0,0.005464480874316946,0.00819675270763387,0.021390353059397293,-0.012658215623466695,0.16666665108375267,0.024651611437647825,0.008064516129032251
2022-02-14 00:00:00+00:00,-0.020942408376963373,-0.013157894736842146,0.0,-0.009803921568627416,-0.004184100418409997,-0.0035460992907800915,0.0,-0.0028819102772229543,-0.01840486203081859,-0.0222222010294596,-0.007751937984496138,0.0,-0.015503861641813277,0.0,0.0027173913043478937,0.008130034654042939,-0.010471243923821483,0.012820500280416924,0.0,-0.006276134766712516,-0.008000000000000007
2022-02-15 00:00:00+00:00,0.016042780748663166,0.01333333333333342,-0.007246404354172786,0.01980198019801982,0.0,0.017793594306049876,0.0234375,0.005780369125999885,0.01874995231628418,0.027272700672307915,-0.0078125,0.0,0.00787404590327423,0.0,0.01897018970189701,0.024193564513223853,0.01058205116276123,0.0,-0.033613414399392694,0.006315773411800896,0.024193548387096753
2022-02-16 00:00:00+00:00,0.0,0.026315789473684292,0.01459852642697701,0.029126213592232997,0.0,0.006993006993007089,0.0,0.0,0.009202548030668334,0.013274323679807187,0.006299236628014349,0.0,-0.003906264842953311,0.0,0.0026595744680850686,-0.007873970810807207,0.005235621961910741,-0.025316491606066638,-0.06086954863175098,0.01987449326574242,0.027559055118110187
2022-02-17 00:00:00+00:00,0.0,0.0064102564102563875,0.0071942722456204145,0.009433962264151052,0.01680672268907557,0.02777777777777768,0.007633587786259444,0.0,-0.003039583105784893,-0.03493446508240117,0.009389647258116307,0.0,0.003921583587048083,0.0,0.0026525198938991412,0.0,-0.0052083529945868845,0.0,0.018518500530834592,0.0010256253756009137,0.019157088122605304
2022-02-18 00:00:00+00:00,-0.007894736842105288,-0.01273885350318471,0.007142884390694659,0.009345794392523255,-0.016528925619834656,-0.013513513513513487,0.007575757575757569,0.0,0.0,-0.009049764968910634,-0.007751937984496138,-0.01025644938151038,-0.011718794528859933,0.0,0.0,-0.007936537971601432,0.0,0.02597406377356548,0.050000017339532965,-0.014344278153345713,0.007518796992481258
2022-02-21 00:00:00+00:00,-0.0053050397877983935,-0.02580645161290318,0.007092157807799149,0.0,0.008403361344537785,0.0,-0.015037593984962405,0.0,-0.018292636831624076,-0.0319635478686795,-0.010937511920928955,0.010362734240704219,-0.01976284644576498,0.0,0.005291005291005346,0.0,-0.010471243923821483,-0.006329137991299971,0.0389610218038019,-0.035342973018114066,-0.007462686567164201
2022-02-22 00:00:00+00:00,-0.008000000000000007,-0.019867549668874163,-0.007042213319620072,0.0,-0.008333333333333304,-0.013698630136986356,0.0,-0.0172413358412411,0.0,0.023584996902807465,0.003159569752764879,-0.01538457625951517,-0.004032196661186149,0.0,-0.02631578947368418,-0.004000015258789014,-0.005291025581380615,-0.012738841509227883,-0.10416666666666663,-0.01939658397159627,-0.03007518796992481
2022-02-23 00:00:00+00:00,0.010752688172043001,0.04054054054054057,0.0,0.0092592592592593,0.008403361344537785,0.00694444444444442,0.0,0.005847975394087879,-0.031055899885286564,0.009216580748085068,0.012598473256028475,0.0,0.012145717724457494,0.006289332318799801,0.0,-0.004016079638624048,-0.01063823743123149,0.0,0.06976744186046502,0.030769264305030797,-0.007751937984496138
2022-02-24 00:00:00+00:00,-0.04521276595744683,-0.038961038961038974,-0.028368834140619748,-0.07339449541284404,-0.04166666666666663,-0.02758620689655178,-0.01526717557251911,-0.017441926226863136,-0.08974362422885351,-0.09132422030050324,-0.029549011441718176,-0.041666724615624595,-0.07199996948242182,0.0,-0.048648648648648596,-0.032258034744817476,-0.053763439757573916,-0.03870970203030499,-0.06521739130434778,-0.029850777832201136,-0.046875
2022-02-25 00:00:00+00:00,0.029247910863509752,0.11486486486486491,0.02189782444609789,0.03960396039603964,0.034782608695652195,0.03191489361702127,0.04651162790697683,0.005917182469050486,0.05633804235778106,0.07035181117248634,0.011217899537260045,0.0326087170602698,0.017241362300696395,-0.0625,0.045454545454545414,0.029166698455810547,0.02840909029334049,0.03355704783899305,-0.0511628084404524,0.05494505494505497,0.024590163934426146
2022-02-28 00:00:00+00:00,-0.025710419485791558,-0.030303030303030276,-0.014285700661795464,-0.03809523809523807,-0.01680672268907568,-0.010309278350515427,0.0,-0.005882375380572125,-0.020000012715657545,-0.04694842144522393,0.004754406640451014,0.0,-0.02542374456658214,0.0,-0.02717391304347827,-0.020242914354489105,-0.016574648513063672,-0.03896100276999048,0.0,-0.05208333333333337,-0.016000000000000014
2022-03-01 00:00:00+00:00,-0.008333333333333304,-0.018750000000000044,-0.007246404354172786,-0.017821782178217838,-0.02564102564102566,-0.02777777777777779,-0.022222222222222254,-0.011834252077232543,-0.06802721176701776,-0.03448272622135795,-0.018927456373161622,-0.02631578947368418,-0.026086973107379396,0.0,-0.025139664804469275,-0.02066115637342103,-0.016853890444890163,-0.02027028289652799,0.16666665108375267,-0.030769264305030908,-0.016260162601625994
2022-03-02 00:00:00+00:00,-0.0056022408963585235,0.01273885350318471,-0.007299228407856018,0.013104838709677491,0.013157894736842035,0.014285714285714235,0.0,0.005987932308542776,0.0,-0.04081634763179798,-0.003215446310068537,0.01081085205078125,-0.008928520490927738,0.0,0.002865329512893977,0.012658195249076298,0.005714307512555861,0.04827584891483694,0.02521010086989528,0.006802790524672364,-0.004132231404958664
2022-03-03 00:00:00+00:00,0.022535211267605604,0.0,0.0,0.0,0.0043290043290042934,0.0,0.0,-0.023809502184254927,0.0,0.01595743163077734,-0.0016128786148563723,0.0,0.013513478682458668,0.0,0.005714285714285783,0.0,0.005681839733084004,-0.006578909805936672,-0.0696720853347792,-0.002252303724811222,-0.004149377593360981
2022-03-04 00:00:00+00:00,-0.024793388429752095,-0.018867924528301883,-0.022058836935300308,-0.012935323383084563,-0.017241379310344862,-0.021126760563380254,0.0,0.0,-0.02919705285395402,-0.06544502732170865,-0.006462060032610406,-0.02673796682355889,-0.022222222222222254,0.0,-0.005681818181818232,-0.02083333333333337,-0.022598955290241363,-0.006622541651882585,0.0,0.006771991923863796,-0.025000000000000022
2022-03-07 00:00:00+00:00,-0.008474576271186418,0.0,-0.030075230561518396,-0.028225806451612878,-0.01754385964912286,-0.014388489208633115,-0.02651515151515149,-0.02439022120941492,-0.03759398442327189,-0.0868347194891832,-0.029268280277407244,-0.021978104896205664,-0.018181800842285156,0.0,-0.017142857142857126,-0.012765924981299914,-0.017340997126628732,-0.033333333333333326,-0.11453745788918857,-0.01569499937647656,-0.05128205128205132
2022-03-08 00:00:00+00:00,-0.031339031339031376,-0.019230769230769273,0.0,-0.004149377593360981,0.0,0.010948905109489093,-0.0038910505836575737,0.0,-0.03906249941792339,-0.07975459853492517,0.0016750162955303516,0.011235998399541591,-0.04629629547867431,0.0,-0.01744186046511631,-0.025862084557694898,0.0,0.006896578032394851,0.19402982808526215,0.002277869490782347,-0.009009009009009028
2022-03-09 00:00:00+00:00,0.026470588235294024,0.03267973856209161,0.003875983892514201,0.029166666666666563,0.008928571428571397,0.0036101083032491488,0.0,0.015625,0.03252029368516429,0.039999961853027344,0.011705698526257358,0.011111153496636383,0.04854368842145895,0.06666666666666665,0.01775147928994092,0.02654868899744267,0.035294140086454595,0.020547892412475788,0.0,0.011363636363636465,0.018181818181818077
2022-03-10 00:00:00+00:00,0.0372492836676217,0.012658227848101333,0.011583055939295983,0.03238866396761142,0.008849557522123908,0.014388489208633004,0.0,0.021538485013521624,0.015748016714081325,0.019230828012472445,0.016528925619834656,0.010988947648731706,0.009259206113829244,0.0,0.0,0.017241362300696395,0.005681839733084004,0.03355704783899305,0.008333365122477288,0.011235955056179803,-0.017857142857142905
2022-03-11 00:00:00+00:00,0.022099447513812098,0.03750000000000009,0.03816793781985406,0.02941176470588225,0.03508771929824572,0.02127659574468077,0.015625,0.012048123553905166,0.031007797211870303,0.04088046329977146,0.022764252453315592,0.016304410360261867,0.02752295424165485,0.0,0.04651162790697683,0.016949136104436047,0.028248586352996652,0.01298706285023532,0.0,0.037777794731987946,0.018181818181818077
2022-03-14 00:00:00+00:00,0.013513513513513598,0.06024096385542177,0.0073528988963604824,0.01904761904761898,0.012711864406779627,0.02083333333333326,0.0,0.0029762587309454247,0.015037579428341719,0.027190378895388667,-0.004769523759620031,-0.010695227528323081,0.0,0.0,0.016666666666666607,0.008333365122477288,-0.054945052641772074,0.0,-0.16528925098736813,0.0342612087362284,0.02678571428571419
2022-03-15 00:00:00+00:00,0.002666666666666595,0.045454545454545414,0.01459852642697701,-0.009345794392523366,-0.004184100418409997,0.020408163265306145,0.0,0.014836794916333051,-0.007407435664424145,0.02941173583166079,0.0,0.01081085205078125,-0.008928520490927738,0.0,-0.010928961748633892,-0.008264494075791107,-0.005813975408954342,-0.01282056141338439,-0.00990102749433508,0.028985539295923735,-0.008695652173912993
2022-03-16 00:00:00+00:00,0.018617021276595702,-0.005434782608695676,0.021582748127196183,0.028301886792452935,0.025210084033613356,0.020000000000000018,0.007692307692307665,0.02339179003549785,0.022388074572778693,0.048571450369698566,0.030351462814561803,0.0374330923546331,0.04504504349699823,0.0,0.03314917127071815,0.025000015894572014,0.02339179003549785,0.02597406377356548,0.10000000000000009,0.006036201860267321,0.01754385964912286
2022-03-17 00:00:00+00:00,-0.08877284595300261,-0.010928961748633892,0.01408449379940424,0.00917431192660545,0.0,-0.006535947712418277,0.0,0.02285712105887283,0.007299298019120881,-0.02997278780045287,-0.01240308894667519,-0.020618537443073293,-0.008620722256998503,0.0,-0.005347593582887722,-0.008130112188539096,0.0,0.0,0.0,0.0,-0.008620689655172376
2022-03-18 00:00:00+00:00,0.011461318051575908,0.016574585635359185,0.0,0.0,0.0,0.013157894736842035,0.0,0.027932961489138597,0.0,0.03932587279618516,-0.03453690324316938,0.03157896744577515,0.017391287762185792,0.0,0.0,-0.01639342724524051,0.0114286150251115,0.0,0.0,0.010000000000000009,0.0
2022-03-21 00:00:00+00:00,-0.019830028328611915,0.0,0.00694447111936336,-0.018181818181818188,-0.008196721311475419,-0.012987012987012991,-0.022900763358778664,0.0,-0.007246404354172786,-0.03243246552193535,0.0,0.0,-0.017094001070560583,0.0,-0.016129032258064502,0.0,0.0,-0.012658215623466695,0.027272744612260258,-0.015841569050703885,-0.008695652173912993
2022-03-22 00:00:00+00:00,0.0,-0.010869565217391353,-0.006896578032394962,0.0,-0.008264462809917328,0.013157894736842035,0.0,0.005434803453420622,-0.01459852642697701,0.0,-0.008130081300813052,-0.010204120359535218,-0.008695685345193604,0.0,0.005464480874316946,0.0,-0.005649738822560368,0.012820500280416924,0.0,-0.004024160158335288,0.0
2022-03-23 00:00:00+00:00,0.011560693641618602,-0.016483516483516536,0.01388894223872672,-0.0092592592592593,0.0,-0.00649350649350644,-0.015625,0.0,0.007407435664424256,0.0,0.02131146290263186,0.0,0.008771963580347819,0.0,0.010869565217391353,0.008333365122477288,0.014204545146670133,-0.006329137991299971,-0.09734516485863809,0.0,-0.00877192982456143
2022-03-24 00:00:00+00:00,-0.004285714285714337,-0.005586592178770999,0.0,0.009345794392523255,0.0,0.0,0.0,-0.01081085205078125,-0.007352969019469913,-0.00558658697003811,-0.0016051119638154088,0.010309317880007551,0.008695685345193604,-0.03125,-0.010752688172043001,0.0,-0.008403339794098241,0.019108292635635626,0.01960782480441492,-0.010101010101010055,0.0
2022-03-25 00:00:00+00:00,0.0028694404591105283,-0.016853932584269704,0.0,0.04629629629629628,0.0,0.0,0.0,-0.016393401615722336,0.0,-0.005617972260667625,0.012861723910736922,-0.020408143405366563,-0.004310361128499252,0.0,0.008152173913043459,0.008264415259734426,-0.005649738822560368,0.01250004768371582,-0.01923075159625831,-0.006122433409398886,-0.008849557522123908
2022-03-28 00:00:00+01:00,0.0042918454935623185,0.017142857142857126,0.0,0.0,0.016666666666666607,0.016339869281045694,0.0,0.008333312140570648,0.0,0.01694913656104502,0.007936507936507908,0.005208253653516293,0.012986979744866067,0.0,0.008086253369272267,0.0,0.014204545146670133,0.0,0.16666665108375267,0.006160148508433716,0.008928571428571397
2022-03-29 00:00:00+01:00,-0.002849002849002802,0.028089887640449396,0.00684927569743965,-0.008849557522123908,0.0,0.016077170418006492,0.0,0.008264441966000513,0.0,0.05000001986821556,0.0,0.0051813671203522205,0.008547041290593693,0.0,0.0,0.00819675270763387,0.0028010776466118603,0.006172745025411208,0.0,0.004081648223254186,0.0
2022-03-30 00:00:00+01:00,0.0,0.021857923497267784,0.0,0.008928571428571397,-0.008196721311475419,-0.012658227848101222,0.0,0.0,0.0,-0.01587300085546861,0.0,0.010309317880007551,0.0,0.0,0.005347593582887722,-0.008130112188539096,0.0,0.012269986030718272,-0.07983191930408384,0.016260146842582035,0.008849557522123908
2022-03-31 00:00:00+01:00,0.0,0.016042780748663166,0.006802747127023556,0.0,0.008264462809917328,0.0064102564102563875,-0.007936507936507908,0.010929003894951883,0.0,0.024193525128260562,-0.0015747791200172445,0.0,-0.008474608462146094,0.0,0.015957446808510634,0.004098376353816935,0.005586613608986157,0.018181771943063474,0.07762560696581144,0.010000000000000009,-0.00877192982456143
2022-04-01 00:00:00+01:00,0.0028571428571428914,0.010526315789473717,0.00675671800720723,0.008849557522123908,0.0,-0.006369426751592355,0.0,0.016216174976245723,-0.029629601372612835,0.014173265104317823,0.012618224023807523,0.0,0.008547041290593693,0.0,0.010471204188481575,0.004081648223254186,0.02222220102945971,-0.01190469432579655,-0.12711864201305456,-0.004950495049504955,-0.008849557522123908
2022-04-04 00:00:00+01:00,0.014245014245014342,0.02083333333333326,0.013422870339588666,0.0,0.008196721311475308,0.012820512820512775,0.0,0.021276677771900232,-0.007633616683796363,0.026397514474025163,0.014018716022751176,0.0,0.0063559159366815,0.0,0.02590673575129543,0.02439025903112113,0.016304410360261867,0.024096362008327654,0.019417456850636006,0.02487562189054726,0.0
2022-04-05 00:00:00+01:00,-0.011235955056179803,0.010204081632652962,0.013245020146527287,-0.00877192982456143,0.0,-0.006329113924050667,0.008000000000000007,0.010416606648103066,-0.0076923370361328125,0.0025214297179194656,-0.0015360749072957924,0.0051020601797675535,-0.010526315789473717,0.0,0.005050505050504972,0.007936462283165913,0.005347511766912616,0.017647013944738,0.06666664850144155,0.009708737864077666,-0.0267857142857143
2022-04-06 00:00:00+01:00,-0.0028409090909090606,0.02020202020202011,-0.03267973815469505,-0.026548672566371723,-0.024390243902439046,-0.01273885350318471,-0.023809523809523836,-0.015463878503069517,-0.031007723283626443,-0.02917509391778983,-0.007692307692307665,0.0,-0.021276595744680882,0.0,-0.015075376884422065,-0.015748016714081325,-0.021276576317181495,-0.011560628000628848,0.0,0.004807692307692291,-0.02752293577981646
2022-04-07 00:00:00+01:00,-0.01139601139601143,-0.01980198019801982,0.00675671800720723,0.009090909090909038,0.008333333333333304,0.012903225806451646,0.024390243902439046,0.005235621961910741,-0.008000030517578138,0.03419694598145173,-0.007751937984496138,0.015228387078284777,0.021739130434782705,0.0,0.005102040816326481,0.0,0.016304410360261867,0.07017537010649355,0.06249998403446977,0.0,0.009433962264151052
2022-04-08 00:00:00+01:00,0.008645533141210304,0.010101010101010166,0.0402684830087876,0.009009009009008917,0.008264462809917328,0.0,0.0,0.005208253653516293,-0.032258034744817476,-0.01302606323515132,0.0,-0.0100000381469727,0.012765924981299914,0.0,0.055837563451776706,0.008000030517578027,0.032085478590471395,-0.005464397720770453,0.008403393670198822,-0.004784688995215336,-0.009345794392523366
2022-04-11 00:00:00+01:00,-0.017142857142857126,0.0,0.006451637514175879,0.0,0.0,0.006369426751592355,0.0,0.0051813671203522205,0.008333365122477288,-0.0010152153409888065,-0.0015624761581420898,0.00505052451126109,-0.018907515546895404,0.0,0.0,0.0,0.0051813671203522205,0.0,0.0,0.009615384615384581,0.0
2022-04-12 00:00:00+01:00,0.0,0.0,0.0,0.0,0.0,0.0,0.0,-0.005154658940003776,-0.024793403411316528,0.006097542877332884,-0.006259804637358424,0.005025144893802347,-0.019271980967356606,0.0,0.0,0.007936462283165913,0.0,-0.030219841832597294,-0.016666650772094727,-0.014285714285714235,0.04716981132075482
2022-04-13 00:00:00+01:00,0.0,0.0,0.003205079220378604,0.008928571428571397,0.0,0.0,0.0,0.01554410136105644,0.0,0.010101000370632551,-0.007874015748031482,0.0100000381469727,0.01746723254120064,0.0,0.009615384615384581,0.0,0.005154658940003776,0.008498562140069055,-0.008474608462146094,0.009661835748792313,0.018018018018018056
2022-04-14 00:00:00+01:00,0.0,0.0,0.0,0.0,0.0,0.0,0.0,0.0,0.0,0.0,0.0,0.0,0.0,0.0,0.0,0.0,0.0,0.0,0.0,0.0,0.0
2022-04-19 00:00:00+01:00,0.0,0.0,-0.0031948395066633273,-0.017699115044247815,0.0,0.0,0.0,0.0,0.0,-0.019999980926513672,-0.0031746152847532683,0.0,-0.012875504158102014,0.0,0.0,0.0,0.0,-0.011235891245119367,-0.10256408793399008,-0.004784688995215336,0.026548672566371723
2022-04-20 00:00:00+01:00,-0.005813953488372103,-0.0050000000000000044,0.006410219573724785,-0.009009009009009028,0.0,0.03797468354430378,-0.015873015873015928,-0.010204120359535218,0.0,-0.005102035851341613,-0.004777057973011978,0.0,0.008695685345193604,0.0,-0.00952380952380949,0.0,0.01025644938151049,0.017045410827172702,0.09523809523809534,-0.004807692307692291,0.0
2022-04-22 00:00:00+01:00,0.00877192982456143,-0.005025125628140725,-0.006369390382820028,0.036363636363636376,0.0,0.018292682926829285,0.008064516129032251,0.005154658940003776,-0.008474608462146094,0.030769200673000707,0.012799987792968759,-0.00990102749433508,0.008620640043698113,0.032258064516129004,0.0,-0.007873970810807207,-0.00507616129933619,-0.04469269576030488,0.0,0.0,0.034482758620689724
2022-04-25 00:00:00+01:00,-0.01449275362318836,0.005050505050504972,0.0,-0.01754385964912286,-0.008196721311475419,-0.005988023952095856,0.0,-0.005128224690755245,-0.05128200321168175,0.009950239314132636,-0.0015797547444921234,0.0,-0.025641042361154165,0.0,0.0,0.0,0.0,0.005847975394087879,0.0,0.01449275362318847,-0.025000000000000022
2022-04-26 00:00:00+01:00,0.014705882352941124,-0.005025125628140725,0.03205128126752599,0.02678571428571419,0.0,0.0,0.0,0.0,-0.009009043066040445,-0.00985220749181659,-0.007911392309558285,0.0,0.008771963580347819,0.0,0.009615384615384581,-0.007936537971601432,0.015306083225598899,0.011627839925551386,-0.04347826086956519,0.00952380952380949,-0.008547008547008517
2022-04-27 00:00:00+01:00,0.0,0.005050505050504972,0.0,0.0,0.0,0.0,-0.016000000000000014,0.005154658940003776,0.009090943769975102,0.0,0.0,0.0,-0.004347842672596802,0.0,0.0,-0.008000030517578138,-0.02512562862234502,0.04022992978654916,-0.06363634629683057,-0.009433962264150941,0.008620689655172376
2022-04-28 00:00:00+01:00,0.005797101449275255,-0.01005025125628145,-0.006211203670828613,0.0,0.0,0.006024096385542244,0.0,-0.005128224690755245,0.0,0.039800957256530545,-0.0031898047927564344,0.0,-0.004366828957883873,0.0,0.02857142857142847,0.01612909428163012,-0.010309219563065741,0.011049660297000496,0.08737860212273074,0.0,-0.008547008547008517
2022-04-29 00:00:00+01:00,-0.01729106628242072,-0.010152284263959421,-0.00625002384185791,-0.017391304347826098,-0.008264462809917328,-0.0359281437125748,-0.016260162601625994,-0.010309219563065741,0.0,-0.057416215544093485,-0.0032000122070312553,0.0,-0.004385898134529276,0.0,-0.02777777777777779,-0.007936537971601432,-0.023437538805105684,-0.005464397720770453,0.05357146354354225,-0.00952380952380949,-0.004310344827586188
2022-05-02 00:00:00+01:00,-0.029325513196480912,-0.01538461538461533,-0.01886787699736292,-0.017699115044247815,-0.008333333333333304,-0.03105590062111796,-0.008264462809917328,-0.010416705989173769,-0.045045043496998116,-0.010152274434545583,-0.0016051119638154088,0.0,-0.00881060600077066,0.0,-0.02857142857142858,-0.02400001525878903,-0.013333333333333308,-0.054945052641772074,-0.008474608462146094,-0.009615384615384581,-0.0043290043290042934
2022-05-03 00:00:00+01:00,0.024169184290030232,-0.02604166666666663,0.0,0.0,-0.012605042016806678,0.0064102564102563875,-0.008333333333333304,0.00526317797209086,0.009433907943081188,0.0,0.003215446310068426,0.0,0.004444461398654509,0.0,0.019607843137254832,0.00819675270763387,-0.005405426025390625,0.034883630669011456,0.0,0.0,0.0
2022-05-04 00:00:00+01:00,0.002949852507374562,0.016042780748663166,-0.019230780987109175,-0.036036036036036,-0.03829787234042559,-0.031847133757961776,0.0,-0.005235621961910741,-0.04672897279559296,-0.04102566203030167,-0.006410280706692251,-0.00500001907348635,-0.02654868899744267,0.0,-0.028846153846153855,-0.02439025903112113,-0.038043416853436485,-0.02247188964466096,-0.05982904450227533,0.004854368932038833,-0.008695652173912993
2022-05-05 00:00:00+01:00,-0.007352941176470562,-0.010526315789473717,-0.006535972563600612,0.0,0.0,-0.013157894736842146,0.0,-0.01578943352950246,0.009803959150949337,0.005347588469388986,0.006451637514175879,-0.020100483728542673,-0.03181821649724792,0.0,0.00990099009900991,0.0,-0.016949216467680994,-0.0172413358412411,-0.045454545454545414,-0.01449275362318836,0.0
2022-05-06 00:00:00+01:00,-0.007407407407407418,-0.010638297872340385,-0.03289473725487979,-0.028037383177570097,-0.017699115044247815,-0.013333333333333308,-0.008403361344537785,-0.016042841292484677,0.0,-0.042553214424603025,-0.00961542106003832,-0.01025644938151038,-0.023474179244571736,0.0,-0.019607843137254943,-0.016666650772094727,-0.02298848432756806,0.0,0.04761904761904767,-0.004901960784313708,0.0
2022-05-09 00:00:00+01:00,-0.04179104477611939,-0.016129032258064502,-0.020408176505266273,-0.038461538461538436,-0.022522522522522515,-0.030405405405405372,0.008474576271186418,-0.021739110153428554,-0.029126231570822836,-0.041111112730002786,-0.02912620160650603,0.0051813671203522205,-0.03846150319251662,0.0,-0.025000000000000022,-0.016949136104436047,-0.02941176470588236,-0.04678369161184903,-0.09090909090909094,-0.028571443604718305,-0.02631578947368418
2022-05-10 00:00:00+01:00,-0.0031152647975077885,0.0,-0.006944404891978451,0.020000000000000018,-0.004608294930875556,-0.024390243902439046,0.0,-0.005555576748318192,0.0,0.025492485981339463,0.008333333333333304,0.005154658940003776,0.019999980926513672,0.0,0.01538461538461533,0.008620640043698113,-0.006060629179983401,0.006134993015359136,0.10000000000000009,-0.0020283666464222527,0.0
2022-05-11 00:00:00+01:00,0.0,0.0,0.0,0.0,0.004629629629629539,0.0,0.0,0.005586613608986157,-0.019999980926513672,0.011299424374030087,0.00330579773453632,-0.020512800950270416,0.00490197957547478,0.0,0.0,0.008547041290593693,0.0,0.02439022120941492,0.0,0.00203248927988664,-0.009009009009009028
2022-05-12 00:00:00+01:00,-0.015625,-0.005464480874316946,-0.020979034037302835,-0.019607843137254943,-0.01382488479262678,-0.014285714285714235,-0.008403361344537785,-0.0222222010294596,-0.0051020601797675535,-0.04357539168577118,-0.006589810887171033,0.0,-0.019512176513671875,0.0,-0.015151515151515138,-0.008474608462146094,-0.012195052453833122,-0.017857098255025683,0.0,-0.014198798656638423,-0.009090909090909038
2022-05-13 00:00:00+01:00,0.01904761904761898,0.03846153846153855,0.03571428571428581,0.040000000000000036,0.028037383177569986,0.0253623188405796,0.0,0.011363571094088698,0.02564102564102555,0.01051402251481881,0.011608636348194645,0.010471144062638604,0.04975124283688581,0.0,0.02564102564102555,0.025641042361154165,0.012345607788387003,0.0,0.0,0.028806616663257456,0.0
2022-05-16 00:00:00+01:00,-0.006230529595015577,-0.015873015873015928,0.0,0.009615384615384581,-0.013636363636363669,0.010600706713780994,0.0,0.0,0.0,0.0,0.0,0.0,-0.009478708972683103,0.0,0.0,0.0,0.0,0.012121258359966802,-0.018181800842285156,-0.01199996948242188,0.0
2022-05-17 00:00:00+01:00,0.00940438871473348,0.0,0.006896578032394851,0.0,0.004608294930875667,0.0034965034965035446,0.0,0.005617999199770685,0.030000019073486373,-0.005780341244511877,-0.0049180202796811345,-0.015544002534698453,0.009569414669373,0.0,0.010000000000000009,0.008333365122477288,-0.012195052453833122,0.0,0.0,0.0020242605472129416,0.0
2022-05-18 00:00:00+01:00,-0.009316770186335366,-0.016129032258064502,-0.0342465744476691,-0.03809523809523807,-0.00917431192660545,-0.017421602787456414,0.008474576271186418,-0.011173120662180347,-0.04368930106136537,-0.037209307805727065,-0.009884716330756493,-0.02105261150159332,-0.0047393544863415515,0.0,-0.03712871287128716,-0.012396741113686605,-0.012345725525951368,-0.035928164913695326,0.009259206113829244,-0.02020202020202022,-0.01834862385321101
2022-05-19 00:00:00+01:00,-0.01253918495297801,-0.005464480874316946,-0.035460991948418785,-0.0217821782178218,-0.03703703703703709,-0.028368794326241176,-0.03361344537815125,-0.016949216467680994,-0.02538070967695716,-0.009661855223342841,-0.0183028036946582,-0.010752728969764092,-0.014285677955264142,0.0,-0.033419023136246784,-0.029288655513119433,-0.018750011920928955,-0.031055899885286564,0.0,-0.014433005421432,-0.009345794392523366
2022-05-20 00:00:00+01:00,-0.012698412698412653,0.027472527472527375,0.014705867915830284,0.012145748987854255,0.009615384615384581,-0.007299270072992692,-0.02608695652173909,0.0,0.005208253653516293,0.017073169136104127,0.005084732831534655,-0.005434803453420622,0.0,0.0,0.010638297872340496,0.008620640043698113,0.0,0.02564100056083385,0.0,0.0062761347667124046,0.004716981132075526
2022-05-23 00:00:00+01:00,0.02893890675241151,0.010695187165775444,0.0,0.006000000000000005,0.0,-0.007352941176470562,-0.017857142857142905,0.005747148486326958,0.0051813671203522205,0.007194223523709464,0.008431703312527405,0.0,-0.004830936124831653,0.0,0.0052631578947368585,0.008547041290593693,0.0,-0.012499988079071045,0.0,-0.0020789704218991956,-0.0046948356807511304
2022-05-24 00:00:00+01:00,-0.009375000000000022,-0.010582010582010581,-0.014492739601511984,-0.03777335984095431,-0.01904761904761909,-0.03703703703703709,0.0,-0.01142861502511161,-0.020618537443073293,-0.06547613007749098,-0.015050129141538138,-0.03278680323144478,-0.0145631620802803,0.0,-0.02617801047120416,-0.02542374456658214,-0.012738841509227883,0.012658215623466695,-0.09174312247680949,-0.01041666666666663,-0.009433962264150941
2022-05-25 00:00:00+01:00,-0.003154574132492094,0.03208556149732611,0.0,0.012396694214876103,0.009708737864077666,0.007692307692307665,0.0,0.0,-0.01052635594418172,0.012738840928875783,-0.006791197207408506,-0.016949216467680994,0.004926127351136067,0.0,0.0,-0.008695685345193604,0.0,-0.018750011920928955,-0.12121210661655413,0.006315773411800896,-0.00952380952380949
2022-05-27 00:00:00+01:00,0.018987341772152,0.005181347150259086,-0.014705938038939936,0.020408163265306145,0.019230769230769162,0.022900763358778553,0.009090909090909038,0.0,0.015957508328925174,0.018867906138356094,0.008547008547008517,0.02298848432756806,-0.029411783955364257,0.0,0.016129032258064502,0.03508777066574664,0.012903213500976562,0.0,0.2413793594838145,0.01882848410552085,0.0
2022-05-30 00:00:00+01:00,0.01552795031055898,-0.005154639175257714,0.022388074572778693,0.020000000000000018,0.028301886792452935,0.029850746268656803,0.0,0.0,-0.015706865885732224,0.0037037295950674842,0.008474576271186418,-0.011235891245119367,0.0,0.0,0.010582010582010692,0.008474527642289953,0.047770761960883146,0.012738841509227994,0.0,-0.004106791782468533,-0.009615384615384581
2022-05-31 00:00:00+01:00,-0.00917431192660545,-0.015544041450777257,-0.007299228407856018,-0.027450980392156876,0.0,0.007246376811594235,0.0,0.0,0.010638338885950116,-0.034440339894560634,-0.01680672268907568,-0.011363679466167786,-0.015151477203040775,0.0,-0.005235602094240788,-0.008403313529497414,0.003039467157545106,-0.00628927233928156,-0.027777794947839718,-0.008247454141833144,0.0
2022-06-01 00:00:00+01:00,-0.0092592592592593,0.0,0.0,0.006048387096774244,0.0,0.0,0.0,0.0,-0.00526317797209086,0.0,0.011965825007512088,0.017241445458981097,0.0025640634390025063,0.0,0.0052631578947368585,0.004237304231073047,0.0,0.0,0.0,-0.004157940843798391,0.0
2022-06-02 00:00:00+01:00,0.0,-0.0052631578947368585,0.0,0.005010020040080221,0.0,-0.021582733812949617,0.009009009009008917,-0.011560628000628848,-0.0158729758262226,0.012738840928875783,0.0,-0.005649738822560368,0.006393862142103801,0.0,-0.010471204188481686,0.004219344763797039,-0.006060629179983401,0.006329077632166724,0.0,0.002087650750221215,0.01941747572815533
2022-06-03 00:00:00+01:00,-0.0031152647975077885,-0.015873015873015928,0.0,-0.004985044865403743,-0.03669724770642202,0.0,0.0,0.0,0.0,-0.022641517355785012,0.0016891633924385197,0.005681839733084004,-0.006353240398838,0.0,-0.005291005291005346,0.008403393670198822,-0.006097584377790843,-0.00628927233928156,0.0,-0.00520833333333337,0.1333333333333333
2022-06-07 00:00:00+01:00,-0.006249999999999978,-0.010752688172043001,0.0,0.012024048096192397,0.0,-0.007352941176470562,0.0,0.005847975394087879,0.021505355393904857,0.010296031028781627,-0.008431703312527516,0.005649631062755178,0.010230218452403683,0.0,-0.010638297872340385,0.0,0.0,-0.025316491606066638,0.03809520176478798,-0.005235602094240788,0.0
2022-06-08 00:00:00+01:00,-0.0062893081761006275,0.005434782608695565,-0.014705938038939936,0.0,0.0,0.0,0.0,0.0,0.026315789473684292,0.012738840928875783,0.018707522161412582,0.0,0.0,0.0,-0.005376344086021501,0.008333365122477288,0.0,0.0,0.0,0.006315773411800896,0.008403361344537785
2022-06-09 00:00:00+01:00,0.012658227848101333,0.0,0.0,0.0,-0.01904761904761909,-0.007407407407407418,-0.008928571428571397,-0.0029070431506559302,0.01025644938151049,-0.018867981112750454,0.01502500314282651,0.0,-0.0025316069397745,0.0,0.0108108108108107,0.008264415259734426,0.006134993015359136,0.0,-0.08256877523190476,-0.004184116446269481,0.016666666666666607
2022-06-10 00:00:00+01:00,0.012499999999999956,0.016216216216216273,0.022388074572778693,-0.008910891089108919,0.009708737864077666,-0.007462686567164201,0.0,0.0029155186892921847,0.035532935455905745,-0.015384570710521017,0.0065789725476688155,-0.016853890444890163,-0.00507616129933619,0.0,0.016042780748663166,0.0,0.006097584377790843,0.006493531425117771,0.08000001907348642,0.05042020173979056,0.008196721311475308
2022-06-13 00:00:00+01:00,-0.01851851851851849,-0.015957446808510634,-0.01459852642697701,-0.026973026973026948,0.0,0.0,-0.027027027027026973,-0.005813975408954342,-0.01960782480441492,-0.024739575046826112,-0.014705907102274374,0.0,-0.03061226376490178,0.0,-0.010526315789473717,-0.008196674537606752,0.0,-0.012903213500976562,-0.07407409042651403,-0.01199996948242188,-0.06504065040650409
2022-06-14 00:00:00+01:00,-0.009433962264150941,0.00540540540540535,0.007407435664424256,-0.01848049281314168,0.0,-0.007518796992481258,0.0,0.005847975394087879,-0.0100000381469727,-0.020026682826501552,-0.009950223577321893,0.0,0.0,0.0,-0.015957446808510634,-0.016528988151582213,-0.012121258359966802,0.0,0.0,0.006072858862228747,-0.017391304347826098
2022-06-15 00:00:00+01:00,0.00952380952380949,-0.010752688172043001,0.0,0.004184100418409997,-0.009615384615384581,-0.015151515151515138,0.0185185185185186,-0.005813975408954342,0.010101049022522401,0.0013623802293836196,0.00837520927320301,0.0,-0.00526317797209086,0.0,-0.010810810810810811,0.0,0.0,0.0,0.0,-0.018108682335273185,0.008849557522123908
2022-06-16 00:00:00+01:00,-0.022012578616352196,-0.021739130434782594,-0.014705938038939936,-0.02083333333333337,-0.03398058252427183,-0.01538461538461533,0.009090909090909038,-0.011695950788175535,-0.039999961853027344,-0.05442179684239734,-0.023255839005583256,-0.02857142857142858,-0.023809463739333903,-0.375,-0.02732240437158473,-0.02521002072919387,-0.04294471707699632,0.019607855359147885,0.050000000000000044,-0.022540952690952354,-0.01754385964912286
2022-06-20 00:00:00+01:00,-0.014469453376205754,0.0,0.0,0.0,0.005025125628140614,0.0078125,0.0,-0.005917182469050486,-0.010416705989173769,0.028776951269557483,-0.0017006543438535804,0.0,-0.008130163668080392,0.0,0.0,0.0,-0.006410280706692251,-0.01282056141338439,0.0,0.0062892920809685116,0.017857142857142794
2022-06-21 00:00:00+01:00,0.004893964110929794,0.0,0.0,-0.021276595744680882,-0.0050000000000000044,0.007751937984496138,-0.027027027027026973,0.0,0.00526317797209086,-0.005594333773851989,0.005110719474640257,0.005882375380572125,0.002732303087090715,0.0,0.0,0.017241362300696395,0.006451637514175879,0.006493531425117771,0.0,0.004166682561238533,-0.01754385964912286
2022-06-22 00:00:00+01:00,0.009740259740259827,-0.022222222222222254,0.0,0.0,0.035175879396984966,-0.0038461538461538325,0.0,0.0,-0.007853383012274673,-0.004922706359278828,0.0,-0.005847975394087768,-0.0013623770033006632,0.6000000000000001,0.00561797752808979,-0.008474608462146094,0.006410219573724785,-0.025806427001953125,-0.09523809523809523,-0.01244818006890358,0.017857142857142794
2022-06-23 00:00:00+01:00,-0.003215434083601254,-0.005681818181818232,0.0,0.01304347826086949,0.0,0.019305019305019266,0.0185185185185186,0.0,0.002638482060556502,0.007773878084698316,-0.003389843439651763,0.005882375380572125,-0.0013643396910231198,0.0,-0.005586592178770999,0.0,-0.0031847255632039273,0.013245020146527287,-0.1578947368421053,-0.002100808347199057,0.00877192982456143
2022-06-24 00:00:00+01:00,0.0,0.0,0.0,0.0,0.0,0.0,0.0,0.0,0.0,0.0,0.0,0.0,0.0,0.0,0.0,0.0,0.0,0.0,0.0,0.0,0.0
2022-06-27 00:00:00+01:00,0.032258064516129004,0.0,0.022388074572778693,0.01716738197424883,0.04854368932038833,0.030303030303030276,0.009090909090909038,0.023809615716916754,0.021052611501593432,0.02734925270572064,0.03401360588350877,-0.005847975394087768,0.060109312968824824,0.0,0.028089887640449396,0.03418808365174786,0.06070292562912338,0.0,0.125,0.018947400544819137,0.04347826086956519
2022-06-28 00:00:00+01:00,0.0,0.0,0.0,-0.00421940928270037,0.0,0.014705882352941124,0.009009009009008917,0.0,0.010309317880007551,-0.0006826257387415602,0.004934198039885596,0.01176475076114425,0.005154658940003776,0.0,-0.005464480874316946,-0.008264494075791107,-0.006024119227211244,0.09150330423213848,0.0,0.0,-0.01666666666666672
2022-06-29 00:00:00+01:00,0.0,-0.005714285714285672,0.0,-0.016949152542372836,-0.01851851851851849,-0.036231884057971064,0.0,-0.005813975408954342,-0.0051020601797675535,-0.021857886565845752,-0.014729913807818407,0.0,-0.01794873751126802,0.0,-0.016483516483516536,-0.004166682561238644,0.006060629179983401,0.0,0.0,-0.012396741113686605,0.008474576271186418
2022-06-30 00:00:00+01:00,-0.015625,-0.005747126436781658,0.0,-0.012931034482758674,-0.018867924528301883,-0.022556390977443663,0.0,0.0,-0.020512800950270416,0.01256983670408962,-0.003322271767520979,-0.011627950817908794,-0.013054830547259644,0.0,0.0,-0.012552269533425031,-0.0120482384544226,-0.005988046521030466,0.0,-0.014644367659251478,-0.025210084033613467
2022-07-01 00:00:00+01:00,0.022222222222222143,0.0,0.0,0.0065502183406114245,0.0,0.011538461538461497,0.02678571428571419,0.0,0.0,-0.0034482724601393455,-0.008333333333333304,-0.005882375380572125,0.003968294415515272,0.0,0.0,0.0,0.006097584377790843,-0.036144600462750365,0.11111111111111116,-0.0010615549613662845,0.008620689655172376
2022-07-04 00:00:00+01:00,-0.0031055900621117516,0.0,0.0,0.006507592190889477,-0.004807692307692291,0.011406844106463865,0.0,0.0,0.0,-0.01038069505860606,-0.008403361344537785,0.005917182469050486,0.003952508779080821,0.0,0.0,-0.004237304231073047,0.0,0.0,-0.19999999999999996,-0.0010626830578386315,0.0
2022-07-05 00:00:00+01:00,0.009345794392523255,0.005780346820809301,-0.01459852642697701,-0.004310344827586188,0.004830917874396157,0.0,0.0,-0.011695950788175535,-0.010471243923821483,0.013986084524057807,0.003389843439651763,0.0,-0.0026246319718100652,0.0,-0.011173184357541888,0.012765924981299914,-0.006060629179983401,0.00625002384185791,0.01250004768371582,0.006382962490649957,0.0
2022-07-06 00:00:00+01:00,0.021604938271605034,0.005747126436781658,0.014814800686306473,0.017316017316017396,0.019230769230769162,0.015037593984962516,0.0,-0.005917182469050486,0.005291025581380504,0.1034482560174792,0.03716217457072579,0.0,0.03947368421052633,0.0,0.016949152542372836,0.0,0.02439022120941492,0.031055899885286564,0.23456784309256085,0.006342478687092479,0.008547008547008517
2022-07-07 00:00:00+01:00,0.024169184290030232,0.005714285714285783,0.01459852642697701,0.0957446808510638,0.028301886792452935,0.029629629629629672,0.008695652173912993,0.005952403929229133,0.01052635594418172,0.002499967776239398,0.016286644546393392,0.01176475076114425,0.027848062635977167,0.0,0.022222222222222143,0.0,0.02976190611348417,0.0,-0.1699999809265137,0.004201696835099522,-0.008474576271186418
2022-07-08 00:00:00+01:00,0.017699115044247815,0.022727272727272707,0.035971224008772174,0.058252427184465994,0.00917431192660545,0.02877697841726623,0.0,0.005917182469050486,0.0,-0.01870322438094596,0.009615359927070743,0.0,0.02463054279761634,0.0,0.0,0.0,0.017341107377999654,0.012048123553905166,0.0,0.008368232892538963,0.0
2022-07-11 00:00:00+01:00,0.0028985507246377384,0.0,-0.006944404891978451,-0.00917431192660545,0.009090909090909038,0.006993006993007089,-0.008620689655172376,0.0,0.005208253653516293,-0.02160104134691654,-0.007936507936507908,0.0,0.0,0.0,0.005434782608695565,0.008403393670198822,0.022727250560256484,0.01785721178768762,0.18072288741323428,0.07365143528773777,0.0
2022-07-12 00:00:00+01:00,-0.0028901734104046506,0.005555555555555536,0.04195800138409478,-0.0092592592592593,0.009009009009008917,0.01388888888888884,0.0,0.0,-0.015544002534698453,0.03246757971695691,0.0032000122070312553,0.0,0.0,0.0,0.0,0.0,0.005555576748318192,0.0,0.010204023045831345,0.01449275362318847,0.0
2022-07-13 00:00:00+01:00,-0.0028985507246376274,-0.0055248618784530246,0.013422870339588666,0.01869158878504673,0.008928571428571397,0.013698630136986356,0.0,-0.005882375380572125,0.03157896744577515,0.05031441636894951,0.009569353537803194,0.0,0.004807710823928835,0.0,0.0108108108108107,0.008333365122477288,0.0,-0.005847975394087768,-0.09090905587972986,-0.00952380952380949,0.0
2022-07-14 00:00:00+01:00,-0.011627906976744207,-0.011111111111111072,-0.019867561798409983,-0.00917431192660545,-0.026548672566371723,-0.03378378378378377,0.0,-0.005917182469050486,-0.0051020601797675535,-0.005988018395350125,-0.00789889425002177,0.017441815334505728,-0.023923445412730615,0.0,-0.016042780748663055,0.0,-0.005524882837687928,-0.005882375380572125,0.0,-0.004807692307692291,0.0
2022-07-15 00:00:00+01:00,0.0,-0.005617977528089901,0.02027028289652799,0.0,0.0,0.020979020979021046,0.0,0.0,0.0,0.018072344097764814,-0.007961783536215905,0.0,0.009803959150949337,0.0,0.0,-0.008264494075791107,-0.011111153496636272,0.02958579948438378,0.0,0.0,-0.008547008547008517
2022-07-18 00:00:00+01:00,0.014705882352941124,0.0,0.013245020146527287,0.0092592592592593,0.009090909090909038,0.013698630136986356,0.0,0.005952403929229133,0.0,0.04733723135940626,-0.0016051119638154088,0.0,0.004854387360093471,0.0,0.005434782608695565,-0.08333333333333337,0.022471996799083183,-0.011494187354914032,0.0,-0.009661835748792313,0.0
2022-07-19 00:00:00+01:00,0.008695652173912993,0.005649717514124353,0.0,0.0,0.0,-0.006756756756756799,0.0,-0.005917182469050486,0.005128224690755134,0.011299424374030087,0.004823138800334137,0.0,0.014492716232052283,0.0,-0.010810810810810811,-0.004545471884987551,0.0,0.0,-0.05555555555555558,-0.004878048780487809,0.008620689655172376
2022-07-20 00:00:00+01:00,0.005747126436781658,-0.011235955056179803,0.0,-0.00917431192660545,-0.009009009009009028,-0.013605442176870763,0.0,-0.005952290396567306,0.0051020601797675535,-0.024580956029219725,-0.004799987792968752,0.0,-0.03333336966378353,0.0,-0.016393442622950838,-0.022831050625997884,-0.021978104896205664,-0.005813975408954342,-0.05882352941176472,-0.004901960784313708,0.0
2022-07-21 00:00:00+01:00,0.0028571428571428914,-0.005681818181818232,-0.006535972563600612,0.0092592592592593,0.009090909090909038,0.006896551724137945,0.0,0.0,0.0,0.025200406103569994,-0.003215446310068537,0.0,-0.004926033393071849,0.0,0.0,0.00934583021049562,-0.011235891245119367,0.017543814641410194,0.23749995231628418,-0.0049261083743842304,0.0
2022-07-22 00:00:00+01:00,-0.01139601139601143,-0.011428571428571455,0.0,-0.00917431192660545,-0.009009009009009028,-0.0273972602739726,0.0,0.005987932308542776,0.0,0.030167609596627676,-0.004838697371944312,-0.01714281354631697,-0.014851541241502675,0.0,0.011111111111111072,-0.009259294417005237,0.005681839733084004,0.0,0.0,0.00990099009900991,0.0
2022-07-25 00:00:00+01:00,0.0057636887608070175,0.0,-0.013157882353605488,0.0,0.0,0.014084507042253502,0.0,-0.01190469432579655,-0.00507616129933619,-0.022776538241066957,0.0032415034111246133,0.011627839925551386,0.002512620370234586,0.0,0.0,0.04672897279559285,0.0,0.02298848432756806,0.0,-0.009803921568627416,0.05982905982905984
2022-07-26 00:00:00+01:00,-0.002865329512893977,0.0,0.0,0.0,0.00454545454545463,0.0,0.034782608695652195,-0.0120482384544226,0.0051020601797675535,0.0,0.0016154841947666476,0.0,0.007518777583654268,0.0,0.0,0.008928605640421639,0.0,-0.03932578008955112,-0.05050505245112613,0.0,0.0
2022-07-27 00:00:00+01:00,-0.002873563218390829,0.0,0.003333346048990826,-0.0092592592592593,-0.013574660633484115,0.0,0.0,-0.012195052453833122,-0.00507616129933619,0.012208631863729336,0.004838697371944312,-0.005747148486326958,-0.004975143262281545,0.0,0.0,-0.017699097866309854,-0.0014125155254939292,0.008771907320705097,0.0,0.0,-0.016129032258064502
2022-07-28 00:00:00+01:00,0.0057636887608070175,0.01734104046242768,0.003322271767520979,0.028037383177569986,0.022935779816513735,0.0,0.0,0.012345607788387003,0.0,0.047149103959846395,0.008025682281269875,0.0,0.019999980926513672,0.0,-0.01098901098901095,0.018018000215478835,-0.004243216906825387,0.0,-0.0957446441546762,0.01980198019801982,0.0
2022-07-29 00:00:00+01:00,0.011461318051575908,0.005681818181818121,0.026490040293054573,0.0,0.013452914798206317,0.01388888888888884,0.008403361344537785,0.0,0.0051020601797675535,0.028272262288402628,0.019108292635635626,0.046242842756628155,-0.004901979575474669,0.0,0.016666666666666607,0.008849506735177037,0.0,0.01449275362318847,0.05882352941176472,0.004854368932038833,0.06557377049180335
2022-08-02 00:00:00+01:00,-0.011331444759206777,0.005649717514124353,-0.006451637514175879,-0.009090909090909038,-0.017699115044247815,-0.006849315068493178,0.0,0.0,0.0,-0.04786149822770258,-0.010937511920928955,-0.011049765675375856,0.0,0.0,0.0,-0.013157861714877095,0.005681839733084004,-0.00571430751255575,0.0,0.004830917874396157,0.0
2022-08-03 00:00:00+01:00,0.0,0.0,-0.012987000923330161,0.05504587155963292,0.009009009009008917,-0.020689655172413834,0.0,0.0,0.0,0.03208553081633436,0.003159569752764879,-0.011173120662180347,0.0,0.0,-0.005464480874316946,0.022222222222222143,0.0,0.0,-0.08333333333333337,0.0,0.0
2022-08-04 00:00:00+01:00,0.005730659025787954,0.007865134249912309,0.03289473725487979,0.008695652173912993,-0.008928571428571397,0.021126760563380254,0.0,0.006097584377790843,-0.00507616129933619,0.023834199515466725,0.004724397434024308,0.011299369885315658,0.009852254702272356,0.0,0.01098901098901095,0.008695685345193604,-0.005649738822560368,-0.011494187354914032,0.030303030303030276,0.0,0.03076923076923066
2022-08-05 00:00:00+01:00,-0.002849002849002802,0.003344515740963949,0.012738841509227994,0.0,0.0,0.010344827586206806,-0.01666666666666672,0.018181771943063474,0.0,-0.003036398228776771,0.0,-0.011173120662180347,0.0,0.0,0.005434782608695565,0.008620640043698113,0.005681839733084004,0.0,-0.01176475076114425,0.0,0.014925373134328401
2022-08-08 00:00:00+01:00,0.014285714285714235,0.016666666666666607,-0.02515720931616272,-0.008620689655172376,-0.009009009009009028,-0.0034129692832765013,0.0,0.005952403929229133,-0.025510203585134117,0.0,0.0,0.0,0.03902435302734375,0.0,0.037837837837837895,0.01709400107056047,0.011299369885315658,0.02325579074346007,0.04761911790117157,0.019230769230769162,0.014705882352941124
2022-08-09 00:00:00+01:00,-0.005633802816901401,0.049180327868852514,0.0,-0.008695652173912993,-0.009090909090909038,-0.006849315068493178,0.0,0.0,-0.005235621961910741,-0.00812184375256797,0.010971798923358422,0.011299369885315658,0.014084561274875451,0.0,-0.015625,-0.0672268287987855,0.005586613608986157,0.0,0.022727250560256484,0.02358490566037741,-0.01449275362318836
2022-08-10 00:00:00+01:00,0.014164305949008416,-0.01041666666666663,0.0,0.01754385964912286,0.0183486238532109,0.0,0.0,0.017751547407151236,-0.01052635594418172,0.008188348237544885,0.012403148089268345,0.0,0.013888853322332029,0.0,0.031746031746031855,-0.08108112984455795,0.005555576748318192,0.022727250560256484,-0.05555555555555558,0.01382488479262678,0.0
2022-08-11 00:00:00+01:00,-0.013966480446927387,-0.015789473684210575,-0.006451637514175879,-0.017241379310344862,0.018018018018018056,0.01379310344827589,0.0,0.005813864516596823,0.0,0.005076137217272736,-0.009188454448310734,0.0,0.013698682631726689,0.0,-0.00512820512820511,0.01960782480441492,0.005524882837687928,0.0,-0.05882352941176472,0.009090909090909038,0.007352941176470562
2022-08-12 00:00:00+01:00,-0.0028328611898017497,0.005347593582887722,0.006493531425117771,0.00877192982456143,0.0,-0.006802721088435382,0.0,0.0,-0.021276576317181495,-0.015151500555948827,0.007727975634990836,-0.005586613608986046,-0.013513564599060723,0.0,0.010309278350515427,0.03846159489197354,0.0,0.0,0.0625,0.0045045045045044585,0.0
2022-08-15 00:00:00+01:00,0.011363636363636465,0.0,0.0,-0.008695652173912993,0.0,0.006849315068493178,0.0,0.0,0.027173913606849176,0.0,0.004601274015334056,0.011235998399541591,0.013698682631726689,0.0,-0.015306122448979553,-0.009259294417005237,0.0,-0.016666624281141518,0.0,0.0,0.021897810218978186
2022-08-16 00:00:00+01:00,0.0,0.02127659574468077,-0.006451637514175879,0.00877192982456143,0.008849557522123908,0.0,0.0,0.005780369125999885,0.01058205116276123,0.02564100056083385,0.007633587786259444,0.005555576748318192,-0.004504521533020278,0.0,0.010362694300518172,0.00934583021049562,0.010988947648731706,0.0,0.0,0.022421524663677195,-0.0035714285714285587
2022-08-17 00:00:00+01:00,-0.005617977528089901,0.01041666666666674,-0.006493469498212501,-0.008695652173912993,0.0,0.0,0.0,-0.005747148486326958,0.02617800994837083,0.0,-0.007575757575757569,0.0,0.004524904060796864,0.0,0.0,-0.009259294417005237,-0.005434803453420622,-0.011299477645120626,0.0,0.030701754385964897,0.0035842293906809264
2022-08-18 00:00:00+01:00,0.005649717514124353,0.015463917525773141,0.0,0.026315789473684292,-0.00877192982456143,-0.006802721088435382,0.0,0.0,-0.010204120359535218,0.03750002384185791,0.009160282047650181,0.0,0.004504435616418112,0.0,-0.01025641025641022,0.018691571292548614,0.0054645019474759415,0.01714281354631697,-0.01176475076114425,0.012765957446808418,-0.0071428571428571175
2022-08-19 00:00:00+01:00,0.002808988764045006,0.0050761421319796,0.0,0.02564102564102555,-0.017699115044247815,0.006849315068493178,0.008474576271186418,0.0,-0.02577319638307707,0.00722885115223959,0.003025787931220991,0.005524882837687928,-0.022421525430774247,0.0,-0.005181347150259086,0.0,0.0027174535568372793,0.0,0.0,0.021008403361344463,-0.007194244604316502
2022-08-22 00:00:00+01:00,-0.008403361344537785,-0.02020202020202022,-0.058823566077443434,0.016666666666666607,-0.009009009009009028,-0.006802721088435382,0.0,-0.023121366252628617,0.005291025581380504,-0.03827747702939566,-0.0075414777825827395,-0.010989052448102776,-0.00917425975184516,0.0,-0.00520833333333337,-0.00917425975184516,-0.01897020959331197,-0.016853890444890163,-0.08333331441122305,-0.020576131687242816,0.0
2022-08-23 00:00:00+01:00,0.005649717514124353,0.010309278350515427,-0.01388887601134181,0.008196721311475308,0.009090909090909038,-0.006849315068493178,-0.008403361344537785,-0.005917182469050486,0.0,-0.02189056207595441,0.003039467157545106,0.011111153496636383,-0.023148147739337155,0.0,0.010471204188481575,0.009259206113829244,0.005524882837687928,-0.01142861502511161,0.03896106469689564,0.01680672268907557,-0.01449275362318836
2022-08-24 00:00:00+01:00,-0.002808988764044895,0.0,-0.03521126807859265,-0.024390243902439046,-0.018018018018018056,-0.020689655172413834,0.0,-0.01190469432579655,-0.0368421454178659,0.004069184319212216,0.004545500784209233,-0.005494526224051444,-0.014218063459024544,0.0,-0.015544041450777257,-0.018348606996750005,-0.021978104896205664,0.02312147650399954,0.01250004768371582,-0.008264462809917328,0.022058823529411686
2022-08-25 00:00:00+01:00,0.0028169014084507005,0.015306122448979664,0.007299298019120881,0.008333333333333304,0.0,0.014084507042253502,0.0,-0.006024119227211244,0.0054645019474759415,0.00810538632747937,-0.01055813793990712,0.044198851944752704,0.014423132471786282,-0.06875002384185791,0.015789473684210575,0.0,0.011235998399541591,0.011299369885315658,0.0,0.012499999999999956,-0.007194244604316502
2022-08-26 00:00:00+01:00,-0.0196629213483146,-0.015075376884422065,-0.007246404354172786,0.0,-0.01834862385321101,-0.02777777777777779,-0.09322033898305082,-0.006060629179983401,-0.01630430670000793,-0.020100483246901613,0.009146318415812038,-0.005291025581380615,-0.0047393544863415515,0.0,0.0,-0.009345741082053105,0.0,-0.02234634788015244,0.0,0.008230452674897082,-0.007246376811594235
2022-08-29 00:00:00+01:00,-0.008595988538681931,-0.005102040816326481,-0.007299228407856018,-0.016528925619834656,-0.01869158878504673,-0.014285714285714235,0.009345794392523255,0.0,-0.005524882837687928,-0.030769261805968173,-0.021147945030555615,-0.015957406874206548,-0.03809520176478798,0.0,-0.005181347150259086,-0.009433997912352998,-0.016666624281141518,-0.01714281354631697,0.037036941102725374,-0.020408163265306145,0.0
2022-08-30 00:00:00+01:00,0.011560693641618602,-0.02051282051282055,-0.007352969019469913,0.0,-0.00952380952380949,0.0,0.0,-0.030487805587205763,-0.005555576748318192,-0.005291000285156167,0.010802421532034145,0.016216174976245723,0.0,0.0,-0.00520833333333337,0.0,0.011299369885315658,0.02325579074346007,0.0,0.029166666666666563,-0.007299270072992692
2022-08-31 00:00:00+01:00,-0.0028571428571428914,-0.010471204188481686,-0.007407435664424145,0.0,0.009615384615384581,-0.021739130434782594,-0.0092592592592593,-0.01257860465808136,0.0,-0.00531914387692578,-0.007633587786259555,-0.01063823743123149,0.0049504193239715555,0.0,0.0,0.0,0.0,-0.022727250560256596,0.0,-0.0080971659919028,-0.03676470588235292
2022-09-01 00:00:00+01:00,-0.011461318051575908,-0.015873015873015928,-0.014925359325276832,-0.03361344537815125,-0.00952380952380949,0.0,-0.03738317757009346,-0.019108292635635737,-0.02234634788015244,-0.010695176938778084,-0.007692307692307665,-0.03763444884855105,-0.01724130479188002,0.0,-0.015706806282722474,-0.01904760088239399,-0.016759734271166393,-0.005813975408954342,0.0,-0.020408163265306145,-0.04580152671755722
2022-09-02 00:00:00+01:00,0.008695652173912993,0.037634408602150504,0.0075757865844463534,0.0,0.009615384615384581,0.029629629629629672,0.01941747572815533,0.006493531425117771,-0.00571430751255575,0.010810800361494177,0.00310072787972393,0.01675984082695825,0.03258143326679752,0.0,0.015957446808510634,0.009708682130449064,0.011363571094088698,0.0,-0.07142850655276467,0.04166666666666674,0.02400000000000002
2022-09-05 00:00:00+01:00,0.0,-0.015544041450777257,-0.011278238349882397,-0.008695652173912993,-0.00952380952380949,0.0,0.0,0.0,-0.011494187354914032,0.005347588469388986,0.00309126100572632,-0.010989052448102776,0.0,0.0,-0.005235602094240788,0.0,-0.011235891245119367,-0.005847975394087768,0.02564100056083385,-0.008000000000000007,-0.03125
2022-09-06 00:00:00+01:00,0.02011494252873569,0.0,0.026615999362959997,0.0,0.019230769230769162,0.03597122302158273,-0.00952380952380949,-0.006451637514175879,0.014534883076207317,0.02340427110399146,0.009244968567247991,0.011111153496636383,0.014563069490542535,0.0,0.021052631578947434,0.00961542164785767,0.0,0.035294140086454595,0.00625002384185791,0.016129032258064502,-0.024193548387096753
2022-09-07 00:00:00+01:00,0.016901408450704203,0.0,-0.014814800686306473,0.00877192982456143,0.0,0.01388888888888884,0.0,-0.003246703785653615,0.008595966302124447,0.030145513399830293,0.012213787049737634,0.0054944214246803735,0.019138738078044115,0.0,0.0,0.03809520176478798,0.0,0.0,0.0,0.0,0.008264462809917328
2022-09-08 00:00:00+01:00,0.0027700831024930483,-0.015789473684210575,0.022556404994930057,0.017391304347825987,0.009433962264151052,0.013698630136986356,0.0,0.029315947757784455,0.02840909029334049,0.009081739019347834,0.016591228106918265,-0.005464397720770453,0.0,0.0,0.005154639175257714,0.009174347244904846,0.017045410827172702,0.0,0.012422288872800724,-0.011904761904761862,0.024590163934426146
2022-09-09 00:00:00+01:00,0.0,0.02673796791443861,0.011029383406095494,-0.017094017094017144,0.01869158878504673,0.006756756756756799,0.019230769230769162,0.006329077632166724,0.016574543134688424,-0.004999995231628418,0.002967313704961727,0.010988947648731706,0.018779415033167268,0.0,0.01538461538461533,0.018181800842285156,0.011173227217972093,-0.008522705413586351,0.0,-0.008032128514056214,0.008000000000000007
2022-09-12 00:00:00+01:00,0.005524861878453136,-0.015625,0.003636377507989952,0.026086956521739202,0.0,-0.006711409395973145,0.0,-0.00628927233928156,0.0,-0.002010084267189405,-0.0014792674020455143,0.005434803453420622,-0.009216624696208542,0.0,0.0,-0.008928520490927738,0.011049660297000496,-0.002865394969802648,0.0,0.0,0.0
2022-09-13 00:00:00+01:00,-0.008241758241758212,-0.005291005291005346,-0.014492739601511984,-0.016949152542372836,0.0,-0.013513513513513487,-0.028301886792452824,-0.006329137991299971,-0.010869503246587309,-0.0030211092286660524,-0.0014814588758680358,-0.005405426025390625,-0.01860463342001273,0.0,-0.015151515151515138,-0.009009043066040445,-0.005464397720770453,-0.0172413358412411,0.006134993015359136,-0.01619433198380571,-0.023809523809523836
2022-09-14 00:00:00+01:00,-0.005540166204986097,-0.015957446808510634,0.0,0.0,-0.00917431192660545,-0.006849315068493178,0.01941747572815533,0.0,0.0,-0.015151500555948827,-0.013353138063852188,-0.027173913606849176,-0.023696682036039474,0.0,0.0,0.0,-0.010989052448102776,-0.005847975394087768,-0.07317072177911899,-0.020576131687242816,0.016260162601626105
2022-09-15 00:00:00+01:00,-0.005571030640668551,0.0,0.0,0.008620689655172376,0.0,0.0,0.0,-0.012738841509227883,0.0054944214246803735,0.02564100056083385,0.0,0.005586613608986157,0.009708682130449064,0.0,0.0,0.03636360168457031,-0.005555576748318192,-0.017647013944738,0.0,0.008403361344537785,0.008000000000000007
2022-09-16 00:00:00+01:00,-0.019607843137254943,-0.01621621621621616,-0.04411767387060073,-0.02564102564102566,-0.03703703703703709,-0.020689655172413834,0.0,-0.045161278017105566,0.0,-0.02499997615814209,-0.022556390977443663,-0.016666624281141518,-0.03846150319251662,0.0,-0.02051282051282055,-0.03508768701010212,-0.050279309369290925,0.005987932308542776,-0.013157882353605488,-0.05833333333333335,-0.031746031746031744
2022-09-19 00:00:00+01:00,-0.005714285714285672,-0.005494505494505475,-0.0076923370361328125,-0.031140350877193024,-0.028846153846153855,-0.021126760563380254,-0.00952380952380949,0.00675671800720723,0.0,-0.020512861581634567,-0.01384617732121396,0.0,0.0,0.0,-0.03141361256544506,0.018181800842285156,-0.017647013944738,0.0,0.059999974568685,0.03982300884955747,0.016393442622950838
2022-09-20 00:00:00+01:00,-0.02011494252873558,-0.002762430939226568,-0.038759691068654956,-0.040289723856948845,-0.01980198019801982,-0.014388489208633115,-0.009615384615384581,-0.0067113711648050245,-0.04371580712639678,-0.03141358315606413,-0.017160663031297818,-0.02824858635299654,-0.03500003814697261,0.0,-0.032432432432432434,-0.026785731771771126,-0.017964139563091508,-0.035714196510051366,-0.00628927233928156,0.004255319148936065,-0.008064516129032251
2022-09-21 00:00:00+01:00,0.008797653958944274,-0.0027700831024930483,0.01612909428163012,-0.028301886792452824,0.010101010101010166,-0.007299270072992692,-0.029126213592232997,0.0,-0.01142861502511161,-0.016216200542241155,-0.007936507936507908,0.005813864516596823,-0.02331600380204768,-0.295301995381144,0.005586592178770999,0.0,-0.018292636831624076,-0.012345725525951368,0.0,0.0,0.0
2022-09-22 00:00:00+01:00,-0.03779069767441856,-0.02777777777777779,-0.007936537971601432,-0.03300970873786413,-0.030000000000000027,-0.014705882352941124,0.0,-0.01351350045186761,-0.017340997126628732,-0.03296706607672484,-0.016000000000000014,0.005780369125999885,-0.03978779760329765,0.0,-0.033333333333333326,-0.03669721399350001,-0.024844755448886202,-0.02499997615814209,0.0,-0.016949152542372836,-0.024390243902439046
2022-09-23 00:00:00+01:00,-0.0030211480362537513,-0.005714285714285672,0.015999984741210893,0.034136546184738936,0.015463917525773141,0.03731343283582089,0.0,0.00684927569743965,-0.017647013944738,0.02727271495771788,0.009756072749936395,-0.02298848432756806,0.011049660297000496,0.0,0.028735632183908066,0.04761904761904767,0.012738841509227994,0.012820500280416924,-0.006329137991299971,0.008620689655172376,0.0
2022-09-26 00:00:00+01:00,-0.021212121212121238,0.005747126436781658,-0.007873970810807207,0.0,-0.005076142131979711,0.0,0.0,-0.013605429378242606,-0.035928164913695326,-0.0044247878051532075,-0.016103059976993905,-0.023529389325310235,-0.01366120275533722,0.0,-0.016759776536312887,-0.018181800842285156,-0.00628927233928156,0.006329077632166724,0.0,0.004273504273504258,0.0
2022-09-27 00:00:00+01:00,-0.006191950464396245,-0.017142857142857126,-0.015873075943202752,-0.009708737864077666,-0.015306122448979553,0.0,-0.040000000000000036,-0.013793090294147325,-0.024844755448886202,-0.005555550404536702,-0.004909971269272839,0.006024119227211244,-0.0027700409514637148,0.0,-0.011363636363636354,0.018518500530834592,-0.018987353614766667,0.012578664637599601,0.0,-0.017021276595744705,0.0
2022-09-28 00:00:00+01:00,-0.01869158878504673,-0.01744186046511631,-0.024193487604002417,-0.03137254901960784,-0.015544041450777257,-0.007194244604316502,0.0,-0.020979034037302835,-0.012738841509227883,-0.0011173040745336982,-0.014802594119656676,-0.005988046521030466,-0.01388888888888884,0.0,-0.011494252873563204,0.0,0.0,-0.006211203670828613,0.0,-0.012987012987012991,-0.01666666666666672
2022-09-29 00:00:00+01:00,-0.00952380952380949,-0.023668639053254448,-0.008264494075791107,-0.02429149797570851,-0.010526315789473717,0.0,0.0,0.0,-0.025806427001953125,-0.03243846137075612,-0.010016732446311183,-0.03012048123553901,0.007042253521126751,0.0,0.0,-0.013636328957297605,-0.012903213500976562,0.01250004768371582,-0.0445859756540915,-0.00877192982456143,0.0
2022-09-30 00:00:00+01:00,0.022435897435897356,0.009090909090909038,0.016666650772094727,0.020746887966804906,0.01196808510638303,0.021739130434782705,0.0,0.021428585052490234,0.026490040293054573,0.021965310510565716,0.02698148919736254,0.006211203670828613,0.020979020979021046,0.0,0.023255813953488413,0.041474635340444044,0.03921564838664171,0.0,-0.09333330790201821,0.022123893805309658,0.008474576271186418
2022-10-03 00:00:00+01:00,-0.01253918495297801,0.0030030030030030463,0.00819675270763387,0.004065040650406582,0.003942181340341744,0.0,-0.02083333333333337,-0.006993033575937835,-0.03870970203030499,-0.03280541193990261,-0.011494265113310309,-0.024691392183120553,-0.019178103094231624,0.0,-0.005681818181818232,-0.008849591131132817,0.0,-0.012345725525951368,0.26470590297738505,0.0043290043290042934,-0.01680672268907568
2022-10-04 00:00:00+01:00,0.014285714285714235,-0.0119760479041916,0.03252029368516429,0.012145748987854255,0.02617801047120416,0.028368794326241176,0.0,0.03521126807859276,0.02013424150439369,0.05146195202070203,0.029900319173561618,0.018987353614766667,0.027932961489138597,0.0,0.040000000000000036,0.026785731771771015,0.03773587395376232,0.0,-0.17441865236066545,-0.008620689655172376,0.008547008547008517
2022-10-05 00:00:00+01:00,0.0015649452269170805,-0.012121212121212088,-0.007873970810807207,0.010000000000000009,-0.005102040816326481,-0.01379310344827589,-0.010638297872340385,0.0,0.013157882353605599,0.0022247317906978203,0.0032258187570879393,0.006211203670828613,-0.013586956803424588,0.0,0.0,-0.008695685345193604,-0.012121258359966802,0.0,0.0,-0.008695652173912993,-0.025423728813559365
2022-10-06 00:00:00+01:00,0.006250000000000089,0.018404907975460016,0.0,0.02970297029702973,0.01025641025641022,0.013986013986013957,0.0,0.006802747127023556,0.006493531425117771,0.0377358253410629,0.004823138800334137,-0.012345725525951368,0.019283767979388466,0.0,0.0,0.008771963580347819,0.024539972061436766,0.0,0.1690141270733434,0.00877192982456143,0.04347826086956519
2022-10-07 00:00:00+01:00,-0.02329192546583847,-0.01807228915662651,0.0,-0.014423076923076872,-0.010152284263959421,-0.006896551724137945,0.0,-0.01351350045186761,0.01935485101515244,-0.0021390098884424003,-0.011200012207031262,0.01250004768371582,-0.027027027027026973,0.0,-0.005494505494505475,-0.017391287762185792,-0.005988046521030466,0.01874995231628418,0.0,-0.004347826086956497,-0.008333333333333304
2022-10-10 00:00:00+01:00,-0.007949125596184436,0.012269938650306678,-0.023809538226368665,-0.028292682926829293,-0.008974358974358942,-0.00694444444444442,0.0,-0.0136986820351932,-0.025316491606066638,-0.028938916612465615,-0.021035586619893576,-0.012345725525951368,-0.0222222010294596,0.0,-0.016574585635359074,0.0,-0.006024119227211244,0.0,0.0,0.004366812227074135,0.008403361344537785
2022-10-11 00:00:00+01:00,-0.012820512820512775,-0.018181818181818188,-0.016260146842582146,-0.016064257028112428,-0.001293661060802087,-0.020979020979020935,0.0,-0.01388887601134181,-0.025974001846660322,0.004415019896503614,-0.009917330150761905,0.0,-0.022727250560256596,0.0,-0.022471910112359605,0.008849506735177037,0.0,-0.006134876000100209,0.024096362008327654,-0.013043478260869601,0.008333333333333304
2022-10-12 00:00:00+01:00,-0.025974025974025983,-0.006172839506172867,0.0,-0.01632653061224487,-0.020725388601036232,-0.014285714285714235,0.0,-0.02112677427918841,-0.013333320617675781,-0.016483565788166232,-0.023372312023632547,0.0,-0.014534883076207206,0.0,-0.005747126436781658,-0.017543843505051004,-0.018181771943063474,0.0,0.0,-0.004405286343612369,-0.016528925619834656
2022-10-13 00:00:00+01:00,0.0,-0.006211180124223614,0.0,-0.016597510373444035,-0.005291005291005346,0.007246376811594235,0.0,0.0,0.0,0.0335195884175985,0.00683763292100692,-0.012499988079071045,0.014749261872991415,0.0,0.005780346820809301,0.0,0.012345607788387003,0.0,0.0,-0.008849557522123908,-0.004201680672268893
2022-10-14 00:00:00+01:00,0.016666666666666607,0.0,0.0,0.08649789029535859,0.005319148936170137,0.014388489208633004,0.0,0.014388544491240829,0.01351350045186761,0.0151351333935823,0.006791132441752001,0.025316491606066638,0.008720907667252753,0.0,0.02298850574712641,0.0,0.0,0.0,0.0,0.008928571428571397,0.012658227848101333
2022-10-17 00:00:00+01:00,-0.00983606557377048,0.0,0.0,-0.004854368932038833,0.005291005291005346,0.0,0.0,0.0,0.013333320617675781,0.022364182979021097,0.003372694190769243,0.0,0.014409221585205634,0.0,-0.005617977528089901,0.0,0.006097584377790843,-0.012345725525951368,0.0,-0.004424778761061954,0.0
2022-10-18 00:00:00+01:00,0.013245033112582849,0.018750000000000044,0.008264415259734426,0.024390243902439046,0.026315789473684292,0.028368794326241176,0.0,-0.00709222544427357,0.0,0.026041704501647,0.01176471870486484,0.0,0.017045410827172702,0.0,0.0,0.0,0.018181771943063474,0.0625,-0.035294140086454484,0.008888888888888946,-0.008333333333333304
2022-10-19 00:00:00+01:00,0.006535947712418277,0.006134969325153339,0.0,-0.01904761904761909,0.0,0.0,0.0,-0.00714288439069477,0.0,-0.015228411651818319,-0.018272463037833475,0.018518470551362576,-0.016759734271166393,0.4190475827171689,-0.005649717514124242,0.0,-0.017857098255025683,-0.005882375380572125,0.0,-0.008810572687224627,0.008403361344537785
2022-10-20 00:00:00+01:00,-0.01948051948051943,-0.012195121951219523,0.0,0.0,-0.00512820512820511,-0.01379310344827589,0.010752688172043001,0.0,0.0,-0.0020618905118010566,-0.003384043204836318,-0.018181771943063474,0.0,0.0,-0.011363636363636354,-0.008928520490927738,-0.018181771943063474,0.005917182469050486,0.0,0.0,0.0
2022-10-21 00:00:00+01:00,0.0,0.012345679012345734,0.00819675270763387,-0.009708737864077666,-0.010309278350515427,-0.027972027972028024,0.0,-0.01438847588157588,0.0,-0.049586754468578076,-0.0033955986037043084,0.0,-0.0028409740525814353,0.0,-0.02298850574712641,-0.018018086132081,-0.01851858828892705,-0.005882375380572125,0.0,0.004444444444444473,-0.008333333333333304
2022-10-24 00:00:00+01:00,-0.0066225165562914245,-0.0060975609756097615,0.016260146842582035,0.004901960784313708,0.0,-0.007194244604316502,0.0,0.0,-0.052631592156154094,-0.010869554654186486,0.006814270970745495,0.0,-0.019942933865318757,0.0,0.002941176470588225,0.004587173622452312,0.0,0.014792899742192,0.0,-0.008849557522123908,0.008403361344537785
2022-10-25 00:00:00+01:00,0.023333333333333428,0.0,0.008000030517578027,0.01073170731707318,0.01041666666666674,0.01449275362318847,0.0,0.007299298019120881,-0.006944404891978451,0.020879113465428922,0.02707279746409763,0.0,0.017441815334505728,0.0,0.014662756598240456,0.013698682631726689,0.02515720931616272,0.014577259799462672,-0.02439022120941492,0.0,0.0
2022-10-26 00:00:00+01:00,0.02931596091205213,0.012269938650306678,0.015873000254767344,0.02316602316602312,0.015463917525773141,0.021428571428571352,-0.04255319148936165,0.028985479203023967,0.020979034037302835,0.017222790608566685,0.021416791115664413,0.06790113718003932,0.05714285714285716,0.0,0.023121387283236983,0.00900895714943828,0.01840497904607763,0.034482781300221976,0.0,0.022321428571428603,0.0
2022-10-27 00:00:00+01:00,0.0,-0.0060606060606061,0.007812455180101763,-0.009433962264150941,-0.050761421319796995,-0.006993006993006978,0.016666666666666607,0.01408449379940424,0.0,-0.01587300085546861,0.008064516129032251,-0.005780258874628963,-0.006756756756756799,0.0,0.011299435028248483,0.017857126131349377,-0.0030121170638643946,0.0,0.0,0.0,0.008333333333333304
2022-10-28 00:00:00+01:00,0.009493670886076,0.0,0.0,0.03809523809523818,0.0,0.0,0.0,0.02777781825006853,0.0,0.0,0.022400024414062525,0.0,0.0285714078111714,0.0,0.022346368715083775,-0.008771879924703185,0.0030212173241199736,0.0,-0.03750002384185791,-0.008733624454148492,-0.008264462809917328
2022-10-31 00:00:00+00:00,0.018808777429467183,0.012195121951219523,0.015503935570057026,0.00917431192660545,0.021390374331550888,0.021126760563380254,0.0,-0.01351350045186761,0.0,0.016129016752173708,0.006259804637358313,-0.008721018559610272,0.01851853907587242,0.0,0.010928961748633892,0.008849506735177037,0.024096362008327654,-0.011111153496636272,-0.18181813678043257,0.0,0.0
2022-11-01 00:00:00+00:00,0.01538461538461533,0.0,0.007633543884232319,0.0,-0.005235602094240788,-0.01379310344827589,0.010928961748633892,0.0,-0.0068493410175966,-0.03174600171093711,0.01555209879531505,0.02052788252969262,-0.012987012987012991,0.0,0.00540540540540535,-0.008771879924703185,-0.01176475076114425,-0.011235891245119367,0.15873015392454382,0.013215859030837107,0.008333333333333304
2022-11-02 00:00:00+00:00,-0.018181818181818188,-0.01807228915662651,-0.030303001841675226,-0.045454545454545414,0.010526315789473717,0.006993006993007089,0.0,-0.0136986820351932,0.006896578032394851,-0.02295084935965397,-0.02909649980219653,0.005747148486326958,-0.028947328266344607,0.0,-0.032258064516129004,0.0,-0.017857098255025683,-0.005681839733083893,0.0,-0.004347826086956497,0.0
2022-11-03 00:00:00+00:00,-0.015432098765432056,-0.012269938650306789,0.0,0.0,-0.02604166666666663,-0.00694444444444442,-0.010810810810810811,0.00694447111936336,-0.0068493410175966,-0.004474282029046095,-0.003154586090314493,-0.01142861502511161,-0.008130163668080392,0.0,-0.005555555555555536,0.008849506735177037,-0.006060629179983401,-0.02285712105887272,-0.0410959154652657,0.0,0.0
2022-11-04 00:00:00+00:00,0.01567398119122254,0.012422360248447228,0.0,0.03809523809523818,0.016042780748663166,0.0,0.016393442622950838,0.006896578032394851,0.0,0.006741620290010797,-0.01107596130520827,0.005780369125999885,0.010929003894951883,0.0,0.0,-0.008771879924703185,0.0,-0.011695950788175535,0.0,-0.004366812227074246,-0.008264462809917328
2022-11-07 00:00:00+00:00,-0.01851851851851849,0.012269938650306678,-0.007812529685906622,-0.01834862385321101,-0.015789473684210575,-0.013986013986013957,0.0,-0.0068493410175966,0.0,-0.012276826845718292,-0.011200012207031262,0.0,-0.016216174976245723,0.0,-0.016759776536312887,-0.02654868899744267,-0.012195052453833122,-0.005917182469050486,-0.00714288439069477,0.0,0.0
2022-11-08 00:00:00+00:00,0.01572327044025168,0.06060606060606055,0.0,0.009345794392523255,0.016042780748663166,0.028368794326241176,-0.005376344086021501,0.013793090294147436,0.0,-0.03389827312208993,0.012944971633281233,0.0,0.0,0.0,0.022727272727272707,0.009090943769975102,-0.015432156907439154,0.0,0.0,0.03947368421052633,-0.008333333333333304
2022-11-09 00:00:00+00:00,0.003095975232198178,-0.011428571428571455,0.00787404590327423,-0.0092592592592593,-0.0052631578947368585,-0.006896551724137945,0.0,-0.013605429378242606,0.0,-0.014035115849118651,0.01437702153061493,-0.011494187354914032,0.00824173693639163,0.0,0.005555555555555536,0.00900895714943828,-0.0031348082340301175,0.0,0.07913672026316476,-0.008438818565400852,0.0
2022-11-10 00:00:00+00:00,0.0185185185185186,0.028901734104046284,0.007812455180101763,0.03738317757009346,0.010582010582010692,0.02083333333333326,0.0,0.02758618058829465,-0.013793090294147325,0.003558743771650441,0.0055117869940328745,-0.005813975408954342,0.00544961195590532,0.0,0.022099447513812098,-0.017857126131349377,0.03773587395376232,-0.005952290396567306,-0.026666641235351562,0.02127659574468077,0.0
2022-11-11 00:00:00+00:00,0.018181818181818077,0.0,0.015503935570057026,0.03603603603603611,0.005235602094240788,0.006802721088435382,0.0,0.02013424150439369,0.020979034037302835,0.05200941978824858,0.0039154268750896115,0.035087740823673386,0.04065040482310045,0.0,0.00540540540540535,0.0,0.030303030303030276,-0.017964139563091508,0.013698616715036138,0.004166666666666652,0.0
2022-11-14 00:00:00+00:00,-0.017857142857142905,0.00561797752808979,0.007633543884232319,-0.013043478260869601,0.0,-0.013513513513513487,0.0108108108108107,-0.019736854901274303,-0.0136986820351932,0.005056215217507987,-0.031201248792657177,0.005649631062755178,-0.009114642575794751,0.0,-0.010752688172043001,-0.009090943769975102,-0.017647013944738,0.01829275313337253,0.16216219873477056,0.0,0.0
2022-11-15 00:00:00+00:00,0.015151515151515138,0.03910614525139655,-0.007575714336391148,0.004405286343612369,-0.00520833333333337,0.006849315068493178,0.016042780748663166,-0.013422806334599358,0.02083334713070517,0.021799840343514676,0.02093402711273118,0.005617999199770685,0.035479692927390616,0.0,-0.016304347826086918,-0.00917425975184516,0.0,0.005987932308542776,0.0,0.012448132780082943,-0.008403361344537785
2022-11-16 00:00:00+00:00,-0.008955223880596996,0.021505376344086002,-0.015267233367592836,0.0,-0.015706806282722474,-0.013605442176870763,-0.021052631578947323,-0.003401373563511778,0.0,0.0010941430609332503,-0.006309172180628875,0.0,0.005076064479612397,0.0,0.0,0.0,0.0,-0.01190469432579655,-0.06976748312273762,-0.008196721311475419,-0.008474576271186418
2022-11-17 00:00:00+00:00,-0.012048192771084376,0.0052631578947368585,0.0,-0.03508771929824561,-0.010638297872340385,0.0,0.19354838709677424,-0.017064846860731953,0.020408176505266162,-0.028415324894488392,-0.007936507936507908,-0.03351957509812453,-0.012626263112781477,0.0,-0.013812154696132617,-0.037037089364844955,-0.005988046521030466,-0.024096362008327765,0.0,0.004132231404958775,0.0
2022-11-18 00:00:00+00:00,-0.012195121951219523,0.0,0.0,0.018181818181818077,0.0,0.0,-0.04504504504504503,0.0,-0.07333335876464842,0.006749136520449728,-0.008000000000000007,0.0,0.007672712620599542,0.0,0.0,0.019230843295715117,0.006024119227211244,0.0,-0.0625,0.008230452674897082,0.0
2022-11-21 00:00:00+00:00,0.0030864197530864335,-0.020942408376963373,-0.007751893856784764,-0.0267857142857143,0.0,0.01379310344827589,0.018867924528301883,0.01388894223872672,-0.007194203635955465,0.0279330014475605,0.012903213500976562,-0.011560628000628848,-0.00507616129933619,0.0,0.019607843137254832,0.0,-0.011976093042061042,0.018518470551362576,0.0,-0.01224489795918371,0.0
2022-11-22 00:00:00+00:00,0.012307692307692353,-0.010695187165775444,-0.007812529685906622,-0.01834862385321101,0.010752688172043001,0.0,0.03703703703703698,-0.02054795773263285,-0.05072462315870885,-0.005434777327093299,0.01592356707243181,0.0,0.025510203585134228,0.0,0.01098901098901095,0.009433907943081188,0.024242401123046875,-0.030303030303030276,0.0,-0.008264462809917328,-0.017094017094017144
2022-11-23 00:00:00+00:00,0.00911854103343468,-0.00540540540540535,0.00787404590327423,0.01869158878504673,0.005319148936170137,0.006802721088435382,0.02678571428571419,0.006992966885427165,0.007633543884232319,0.01639342660450316,0.007837050480822283,-0.011695950788175535,0.024875621418442906,0.0,0.010869565217391353,0.028037401503044235,0.035502981953434265,0.03750002384185791,-0.013333320617675781,0.004166666666666652,0.008695652173912993
2022-11-24 00:00:00+00:00,-0.0060240963855421326,-0.005434782608695676,0.0,-0.00917431192660545,-0.005291005291005346,0.006756756756756799,-0.017391304347826098,0.0,0.0075757865844463534,0.0,-0.010886540348579055,0.0,0.004854387360093471,0.0,0.005376344086021501,0.0,-0.01142861502511161,-0.024096362008327765,0.0,-0.012448132780082943,0.008620689655172376
2022-11-25 00:00:00+00:00,-0.009090909090909038,-0.016393442622950838,-0.007812529685906622,0.0,-0.010638297872340385,-0.006711409395973145,0.008849557522123908,-0.006944404891978451,0.015037579428341719,-0.005376338917391199,-0.01729557390742209,0.0,-0.004830936124831653,0.0,-0.010695187165775444,0.0,0.0,0.0,0.09459463203797935,-0.01680672268907568,0.0
2022-11-28 00:00:00+00:00,-0.01834862385321101,0.005555555555555536,0.0,-0.0092592592592593,-0.026881720430107503,-0.006756756756756799,-0.01754385964912286,0.0,-0.007407435664424145,-0.017297332128352938,-0.008000000000000007,0.0,-0.0145631620802803,0.0,-0.00540540540540535,-0.009090943769975102,-0.005780258874628963,0.018518470551362576,-0.1111111765208691,0.004273504273504258,-0.008547008547008517
2022-11-29 00:00:00+00:00,0.0031152647975076775,-0.011049723756906049,-0.007873970810807207,0.009345794392523255,-0.011049723756906049,-0.006802721088435382,0.0,-0.013986000461365,0.0,-0.00990099399435651,-0.0032258187570879393,0.0,-0.004926033393071849,0.0,-0.016304347826086918,-0.00917425975184516,-0.034883741561368864,0.0,0.08333338852282068,0.0,0.034482758620689724
2022-11-30 00:00:00+00:00,0.0031055900621117516,0.0,0.0,-0.0092592592592593,0.022346368715083775,0.013698630136986356,-0.008928571428571397,0.0,0.0,-0.02222220161814692,-0.001618098306724991,0.0,-0.00990102749433508,0.0,0.011049723756906049,-0.009259294417005237,0.01807224278111641,0.006060629179983401,0.03846156197421835,0.0,0.0
2022-12-01 00:00:00+00:00,0.003095975232198178,0.011173184357541999,0.011904731268966628,0.009345794392523255,-0.005464480874316946,-0.006756756756756799,0.009009009009008917,0.007092157807799149,-0.00746264407777486,-0.006818161806291689,0.0,-0.005917182469050486,0.0100000381469727,0.0,0.005464480874316946,0.018691571292548614,0.011834364938100972,-0.006024119227211244,0.09876533325735326,0.004255319148936065,-0.004166666666666652
2022-12-02 00:00:00+00:00,-0.012345679012345734,0.0,0.0,-0.02777777777777779,0.0,-0.020408163265306145,-0.008928571428571397,0.0,-0.0075188255665883386,0.0,-0.001620782618829808,0.0,-0.00990102749433508,0.0,0.0,0.0,-0.005847975394087768,0.0,-0.011235891245119367,-0.004237288135593209,0.0
2022-12-05 00:00:00+00:00,0.0031250000000000444,0.005524861878453136,0.0,0.00952380952380949,0.027472527472527375,0.0,0.009009009009008917,0.0,0.022727287505283966,-0.004576668246348836,-0.0016233518928268076,0.005952403929229133,0.005000019073486239,0.0,-0.016304347826086918,-0.00917425975184516,-0.005882375380572125,0.0,0.0,0.008510638297872353,-0.004184100418409997
2022-12-06 00:00:00+00:00,-0.009345794392523366,0.0,-0.019607843137254943,-0.009433962264150941,-0.021390374331550777,0.0,0.0,0.0,0.0,-0.00919542088346692,-0.0032520449258447437,-0.035502981953434265,-0.012437810709221453,0.0,-0.0055248618784530246,0.0,-0.023668617015333404,0.0,0.0,0.00421940928270037,-0.008403361344537785
2022-12-07 00:00:00+00:00,-0.009433962264150941,-0.01098901098901095,-0.02400001525878903,0.0,0.0,-0.01388888888888884,0.0,-0.007042213319620072,0.0,-0.0046403806952861615,-0.006525248224469982,0.0,-0.002518949292104611,0.0,-0.005555555555555536,0.0,0.006060629179983401,-0.012121258359966802,-0.16477275621299836,0.004201680672268893,-0.008474576271186418
2022-12-08 00:00:00+00:00,-0.01904761904761909,-0.005555555555555536,-0.008196674537606752,0.0,0.0,0.007042253521126751,-0.017857142857142905,-0.00709222544427357,0.0,0.020979029237607305,-0.008210180418263713,-0.012269869015459345,0.030303050736824266,0.0,0.0,0.009259206113829244,0.0,0.0,0.0476190352617516,0.0,0.0
2022-12-09 00:00:00+00:00,-0.006472491909385147,0.0,-0.008264494075791107,0.0,0.016393442622950838,0.0,0.018181818181818077,-0.00714288439069477,0.0,0.014840195930540423,-0.006622541651882585,0.0,-0.009803865653465582,0.0,0.011173184357541999,0.009174347244904846,0.0,0.0,-0.025974001846660322,0.0,0.0
2022-12-12 00:00:00+00:00,0.019543973941368087,0.005586592178770999,0.008333365122477288,0.0,0.0,0.034965034965035,0.0,0.0071942722456204145,-0.029629601372612835,-0.0011248449122674975,0.021666653951009085,0.006211203670828613,0.00990093307113904,0.0,0.016574585635359185,0.009090943769975102,0.024096362008327654,0.0,-0.05999997456868489,0.0,0.0
2022-12-13 00:00:00+00:00,0.015974440894568787,-0.005555555555555536,0.0,0.01904761904761898,0.010752688172043001,0.013513513513513598,0.02678571428571419,0.0,0.0,-0.009009027150183813,0.009787965681663735,0.0,0.009803959150949337,0.0,0.010869565217391353,0.0,0.017647013944738,-0.030674789553907456,0.042553149756217934,0.025104602510460206,0.02564102564102555
2022-12-14 00:00:00+00:00,-0.0062893081761006275,0.0,-0.016528988151582213,0.0,-0.010638297872340385,-0.013333333333333308,0.008695652173912993,-0.00714288439069477,0.0,0.0,-0.004846575837843647,0.0,-0.0145631620802803,0.0,-0.010752688172043001,0.0,-0.017340997126628732,-0.006329137991299971,-0.04081628813472782,-0.004081632653061273,-0.012499999999999956
2022-12-15 00:00:00+00:00,-0.015822784810126556,0.0027932960893854997,-0.008403313529497414,-0.028037383177570097,-0.016129032258064502,-0.006756756756756799,-0.025862068965517238,0.0,-0.04580155450365042,-0.03295452775171959,-0.011363587103598194,-0.01851858828892705,-0.014778288095344094,0.0,-0.010869565217391353,-0.045045043496998116,-0.005882375380572125,0.0,0.0,-0.008196721311475419,0.012658227848101333
2022-12-16 00:00:00+00:00,-0.025723472668810254,0.0,-0.008474608462146094,-0.009615384615384581,-0.016393442622950838,-0.013605442176870763,0.0,-0.007194203635955465,-0.015999984741210893,-0.0011750729876726096,-0.013136338780186385,0.018867996956399402,-0.03500003814697261,0.0,-0.01098901098901095,-0.009433997912352998,-0.023668617015333404,0.0,0.0,-0.008264462809917328,0.0
2022-12-19 00:00:00+00:00,0.0,-0.0027855153203342198,0.01709400107056047,0.009708737864077666,0.008333333333333304,0.0,0.0,-0.007246404354172786,0.0,-0.01176476445577379,0.001663931636560978,-0.01851858828892705,0.0064766841938506126,0.0,0.0,0.0,-0.018181771943063474,-0.006369390382820028,0.05673753300829043,-0.004166666666666652,-0.008333333333333304
2022-12-20 00:00:00+00:00,-0.01320132013201325,-0.005586592178770999,-0.008403313529497414,0.0,-0.011019283746556474,-0.010344827586206917,0.0,-0.007299228407856018,-0.016260146842582146,-0.04761900369272076,0.0016611042002288023,0.018867996956399402,-0.02702700845046302,0.0,-0.005555555555555536,0.0,-0.006172862762975684,-0.01282056141338439,0.0,-0.008368200836820106,-0.008403361344537785
2022-12-21 00:00:00+00:00,0.006688963210702337,0.00561797752808979,0.008474527642289953,0.009615384615384581,0.01949860724233976,0.010452961672473782,-0.017699115044247815,0.0,0.008264415259734426,0.04000000596046438,0.0016584127708727525,0.0,0.013227513494491916,0.0,0.011173184357541999,0.019047600882393878,0.018633492543629337,0.0,0.0,0.00843881856540074,0.025423728813559254
2022-12-22 00:00:00+00:00,0.013289036544850585,0.0,0.0,0.0,-0.016393442622950838,0.006896551724137945,0.0,0.0073528988963604824,0.0,-0.014423105854694751,-0.0016556669915895883,0.0,0.0026110258697236155,0.0,0.0,0.0,0.02439022120941492,0.019480532348447932,0.0,0.0,-0.008264462809917328
2022-12-23 00:00:00+00:00,-0.022950819672131195,0.0,-0.008403313529497414,-0.014285714285714235,0.0,-0.013698630136986356,0.027027027027026973,0.0,-0.008196674537606752,-0.018292665641127526,-0.009950223577321893,0.0,-0.02083341197834765,0.0,0.0,-0.018691571292548725,-0.005952290396567306,-0.006369390382820028,0.02013424150439369,-0.012552301255230103,0.0
2022-12-27 00:00:00+00:00,0.003355704697986628,0.011173184357541999,0.0,0.004830917874396157,0.0,-0.00694444444444442,0.00877192982456143,0.0,0.0,0.012422348291186713,-0.005025112784366681,0.0,0.015957508328925174,0.0,0.0,0.0,0.0,0.006410219573724785,0.03289473725487979,0.0,0.0
2022-12-28 00:00:00+00:00,-0.0033444816053511683,-0.0055248618784530246,0.0,0.004807692307692291,0.011111111111111072,0.0,0.0,0.0036496490095605516,0.0,-0.023312875897790408,0.0,0.0,-0.015706865885732224,0.0,-0.0055248618784530246,0.019047600882393878,-0.011976093042061042,0.0,0.019108292635635626,0.0,0.0
2022-12-29 00:00:00+00:00,-0.010067114093959773,-0.005555555555555536,0.0,0.004784688995215225,0.005494505494505475,0.020979020979021046,0.008695652173912993,0.0,-0.016528988151582213,-0.020100543151066907,-0.0050505562971595586,0.0,0.021276677771900232,0.0,-0.01666666666666672,0.00934583021049562,0.0,0.0,0.0,-0.004237288135593209,0.0
2022-12-30 00:00:00+00:00,0.016949152542372836,0.011173184357541999,0.0,0.0,-0.005464480874316946,0.0,0.01724137931034475,-0.003636377507990063,0.016806787340397866,0.033333363899819,0.013536431005292116,0.0,-0.010416705989173769,0.0,0.011299435028248483,-0.009259294417005237,0.006060629179983401,0.0,0.00625002384185791,0.029787234042553123,0.0
2023-01-02 00:00:00+00:00,-0.010000000000000009,0.0,-0.016949136104436047,-0.01904761904761909,0.005494505494505475,-0.013698630136986356,0.0,-0.0036496490095604406,-0.016528988151582213,0.029776661542343374,-0.006677821630874159,-0.012345725525951368,0.007894716764751175,0.0,-0.022346368715083775,0.00934583021049562,0.0030120021633468497,-0.012738841509227883,-0.006211203670828613,0.008264462809917328,-0.008333333333333304
2023-01-03 00:00:00+00:00,0.0033670033670034627,-0.0055248618784530246,0.0,0.009708737864077666,0.005464480874316946,-0.00694444444444442,0.0,-0.018315018826859042,0.0,0.024096434859411042,0.0,0.0,0.0026110258697236155,0.0,-0.017142857142857126,0.006944426661166014,0.003003071805090629,-0.01935485101515244,0.00625002384185791,0.008196721311475308,0.0
2023-01-04 00:00:00+00:00,-0.003355704697986628,0.005555555555555536,-0.008620722256998503,0.019230769230769162,0.0,0.006993006993007089,-0.016949152542372836,0.0,0.0,-0.002352980940398597,0.005042003984210952,0.0,0.0,0.0,0.008720930232558155,-0.006896534185299896,0.011975978829573242,0.0,0.0993789033266883,0.0,0.008403361344537785
2023-01-05 00:00:00+00:00,-0.0033670033670033517,0.0,0.008695685345193604,0.0,-0.005434782608695676,-0.01388888888888884,0.022068944470635676,-0.011194001701525846,0.008403393670198822,0.02004719310267422,-0.006688925021486325,-0.00625002384185791,0.0,0.0,-0.008645533141210415,0.004629647208502563,-0.005917182469050486,-0.013157882353605488,0.0,-0.008130081300813052,0.0
2023-01-06 00:00:00+00:00,0.0,0.0,0.0,0.0,0.0,0.0,0.0,0.0,0.0,0.0,0.0,0.0,0.0,0.0,0.0,0.0,0.0,0.0,0.0,0.0,0.0
2023-01-09 00:00:00+00:00,0.020270270270270174,0.0,0.0,0.009433962264151052,0.010928961748633892,0.01760563380281699,0.012145769830119946,0.00377359930074439,0.008333365122477288,-0.02312136497804762,-0.0016835401725502352,0.0,0.020833312637276835,0.0,0.005813953488372103,0.004608224451857046,0.0,0.03333333333333344,-0.09604523670411036,0.016393442622950838,0.008333333333333304
2023-01-10 00:00:00+00:00,0.0066225165562914245,0.0,0.0,-0.005607476635513975,0.00540540540540535,0.0034602076124568004,0.04166666666666674,0.0037594127832940583,0.0,0.0,-0.0016863149309890302,-0.01886787699736292,-0.016581671255818775,0.0,0.0,-0.00917425975184516,0.0,-0.012903213500976562,0.0625,-0.008064516129032251,0.0
2023-01-11 00:00:00+00:00,0.00328947368421062,0.022099447513812098,-0.0344828068146934,0.02443609022556381,-0.010752688172043001,0.0,-0.016000000000000014,0.0,-0.008264494075791107,0.018934878436154712,0.00506755461476871,0.01923071985414171,0.006485084434441735,0.0,0.0,-0.004629647208502563,0.005952403929229133,0.0016339619750731504,-0.05882352941176472,0.012195121951219523,0.016528925619834656
2023-01-12 00:00:00+00:00,0.0,0.0,0.008928605640421639,0.0,0.016304347826086918,0.006896551724137945,0.08130081300813008,-0.011235997596883651,0.0,0.02787455167580788,0.0016806466238838969,-0.00628927233928156,0.0,0.0,-0.011560693641618491,0.013953452886537043,0.011834364938100972,0.004893951725845502,0.0,-0.004016064257028162,0.0
2023-01-13 00:00:00+00:00,0.003278688524590123,0.00540540540540535,0.008849506735177037,-0.01834862385321101,-0.03208556149732622,-0.03082191780821919,0.0,-0.007575714336391148,0.0,-0.011299424374029976,-0.0016778267899539845,-0.006329137991299971,0.0,0.0,-0.01754385964912286,-0.00917425975184516,0.0,-0.006493469498212501,0.00625002384185791,0.0,-0.016260162601625994
2023-01-16 00:00:00+00:00,-0.006535947712418277,-0.021505376344086002,-0.017543843505051004,-0.009345794392523366,-0.0055248618784530246,-0.010600706713780883,0.007518796992481258,0.007633543884232319,0.04166666666666674,0.018285683223179472,-0.005042003984210841,0.0,-0.012886598191538479,0.0,0.017857142857142794,-0.037037089364844955,0.005847975394087879,-0.019607855359147774,0.04347818875808751,-0.008064516129032251,-0.024793388429752095
2023-01-17 00:00:00+00:00,-0.009868421052631526,-0.005494505494505475,0.017857126131349377,-0.018867924528301883,0.0,0.014285714285714235,0.0,-0.0037878932922231767,0.0880000305175781,0.010101014155334154,-0.0033783912223301904,0.0,-0.006527415273629877,0.0,-0.005847953216374324,0.019230843295715117,-0.011627950817908794,0.0,0.011904807858458266,-0.016260162601625994,0.008474576271186418
2023-01-18 00:00:00+00:00,0.019933554817275656,0.027624309392265234,0.0,0.009615384615384581,0.0,0.007042253521126751,0.0,-0.007604519444585844,0.044117603747491074,0.07222222148636237,0.008474576271186418,0.012738841509227994,0.038107773771705045,0.0,0.0,0.0,0.01176475076114425,0.020000012715657656,0.0,0.008264462809917328,-0.025210084033613467
2023-01-19 00:00:00+00:00,-0.019543973941368087,0.0,0.0,0.05714285714285716,0.011111111111111072,-0.027972027972028024,0.00746268656716409,-0.007662864368440658,0.01408449379940424,-0.03626939644829197,0.0016806466238838969,0.0,-0.022784848756428056,0.0,-0.00588235294117645,0.009433907943081188,-0.005813975408954342,-0.026143827922748386,-0.023529389325310235,0.008196721311475308,0.008620689655172376
2023-01-20 00:00:00+00:00,-0.013289036544850474,-0.005376344086021501,-0.008771879924703185,-0.036036036036036,-0.016483516483516536,-0.03597122302158273,0.022222222222222143,-0.0038610186464319574,-0.006944404891978451,-0.005376338917391199,-0.010067088749702191,0.0,-0.015544002534698453,0.0,-0.00591715976331364,-0.009345741082053105,-0.005847975394087768,-0.0067113711648050245,-0.03012048123553901,0.0,0.0
2023-01-23 00:00:00+00:00,-0.010101010101010055,0.0,0.0,0.009345794392523255,0.0,0.003731343283582156,0.007246376811594235,0.0,-0.08391606945870045,0.02702700090373522,-0.003389843439651763,0.0,0.0,0.0,-0.017857142857142905,-0.018867995824705996,0.0,0.0,-0.08695655521945944,0.004065040650406582,0.0
2023-01-24 00:00:00+00:00,0.013605442176870763,0.00540540540540535,0.0,0.02777777777777768,-0.011173184357541888,-0.0037174721189591198,-0.06474820143884896,0.007751967785028402,-0.007633616683796363,0.02631582744894323,-0.008503401470877248,0.0,0.0,0.0,0.030303030303030276,0.019230843295715117,0.005882375380572125,0.02702700090373522,0.0,0.0161943319838056,0.017094017094017033
2023-01-25 00:00:00+00:00,-0.010067114093959773,0.0,-0.004424795565566408,0.009009009009008917,0.005649717514124353,0.0,-0.023076923076923106,-0.02307693774883568,0.015384600712702756,0.03846156197421835,0.0034305448637521607,-0.02515720931616272,-0.00526317797209086,0.0,-0.00588235294117645,-0.009433997912352998,-0.0029240434674705496,0.02631582744894323,0.0,0.005976095617529875,-0.025210084033613467
2023-01-26 00:00:00+00:00,0.01016949152542379,0.0,-0.004444461398654509,-0.008928571428571397,-0.016853932584269704,-0.02238805970149249,0.0,0.0,0.0,-0.012345725525951368,0.0,0.0,-0.002645462331730686,0.0,0.0,-0.009523845854259694,-0.0029325067036874986,0.006410219573724785,0.020408176505266162,-0.013861386138613874,0.0
2023-01-27 00:00:00+00:00,0.02348993288590595,0.005376344086021501,0.0,0.0,0.017142857142857126,0.01526717557251911,0.015748031496062964,0.003937022951637115,0.0,-0.004999995231628418,0.0,0.0,0.018567659118659208,0.0,0.0,0.004807710823928835,0.0,0.006369451126407855,0.0,0.0,0.008620689655172376
2023-01-30 00:00:00+00:00,-0.02622950819672132,0.0,-0.017857126131349377,0.009009009009008917,-0.005617977528089901,0.0,0.0,-0.011764675963158666,0.0,0.0,0.005128192086505168,-0.006451637514175879,-0.010416705989173769,0.0,-0.00591715976331364,0.023923445412730615,0.0,0.012658215623466695,0.0,-0.008032128514056214,0.0
2023-01-31 00:00:00+00:00,0.010101010101010166,0.0,0.009090943769975102,0.0,-0.005649717514124242,-0.022556390977443663,0.0,0.0,0.0075757865844463534,-0.004020108630213404,0.0,-0.01948047042154266,-0.01052635594418172,0.0,0.017857142857142794,-0.009345741082053105,0.002941131591796875,0.0625,0.0,0.004048582995951344,0.017094017094017033
2023-02-01 00:00:00+00:00,-0.00666666666666671,-0.010695187165775444,0.00900895714943828,-0.008928571428571397,-0.017045454545454586,0.003076876126802963,0.015503875968992276,-0.007936537971601432,-0.0075188255665883386,-0.01311807415527555,-0.008503401470877248,0.019867498641171988,-0.013297872880078332,0.0,-0.005847953216374324,-0.018867995824705996,-0.0029325067036874986,-0.02941176470588236,-0.013333320617675781,-0.0040322580645161255,-0.008403361344537785
2023-02-02 00:00:00+00:00,0.010067114093959662,0.00540540540540535,0.026785731771771015,0.027027027027026973,-0.011560693641618491,-0.003067438000050049,0.0,0.014000015258789134,0.0,0.0582821904548827,0.0034305448637521607,0.006493531425117771,0.002695479593836536,0.0,0.020588235294117574,0.00961542164785767,0.01176475076114425,0.018181771943063474,0.20270263565292046,0.00809716599190291,-0.008474576271186418
2023-02-03 00:00:00+00:00,0.029900332225913706,-0.032258064516129004,-0.008695685345193604,-0.00877192982456143,0.01754385964912286,0.0,0.03816793893129766,-0.005917144626156334,0.0,0.014492740269210325,0.02564102564102555,0.032258064516129004,0.056451570727203304,0.0,-0.0028818443804035088,0.009523845854259694,0.011627839925551386,0.0,0.0,-0.016064257028112428,0.0
2023-02-06 00:00:00+00:00,0.006451612903225712,-0.005555555555555536,-0.008771879924703185,0.008849557522123908,0.005747126436781658,-0.007692307692307665,-0.02941176470588236,-0.007936537971601432,0.0,0.016666708295309363,0.0049999872843424775,0.0,-0.002544490485048012,0.0,0.0028901734104045396,-0.018867995824705996,0.0,-0.01190469432579655,-0.10112355697818531,-0.01224489795918371,-0.008547008547008517
2023-02-07 00:00:00+00:00,0.012820512820512775,0.011173184357541999,0.0,-0.02631578947368418,0.0,0.0,0.037878787878787845,0.004000015258789125,0.0,-0.025761155504861688,0.06965175482718955,0.03750002384185791,0.020408143405366452,0.0,0.008645533141210304,0.014423132471786282,0.0028736290520334773,0.01807224278111641,0.0,-0.004132231404958664,0.01724137931034475
2023-02-08 00:00:00+00:00,0.0031645569620253333,-0.0055248618784530246,0.0,-0.013513513513513487,-0.017142857142857126,-0.007751937984496138,-0.014598540145985384,-0.011952236647400971,-0.015151500920837613,0.0192307515962582,-0.006201574044634173,0.024096362008327654,0.030000019073486373,0.0,-0.02285714285714291,0.023696682036039585,-0.010028718438846673,-0.011834252077232543,0.00625002384185791,-0.004149377593360981,-0.016949152542372836
2023-02-09 00:00:00+00:00,-0.01577287066246058,0.005555555555555536,-0.017699097866309854,0.013698630136986356,-0.0029069767441860517,0.0078125,0.022222222222222143,0.01612909428163012,-0.0076923370361328125,-0.00943395377648304,0.0031201962932567717,0.04705877865062047,0.0072815347452712675,0.0,0.01754385964912286,0.018518500530834592,0.0043415782689224525,-0.023952186084122085,0.031055899885286564,-0.008333333333333304,-0.008620689655172376
2023-02-10 00:00:00+00:00,-0.012820512820512775,0.005524861878453136,0.004504435616418112,0.0,-0.002915451895043719,0.0,0.007246376811594235,0.023809462537933257,0.007751967785028402,-0.014285701310552956,-0.001555304802009494,-0.0056178920453485715,-0.0024096017860504304,0.0,0.005747126436781658,0.0,0.020172932206015126,0.024539972061436766,0.0,-0.01680672268907568,0.008695652173912993
2023-02-13 00:00:00+00:00,-0.012987012987012991,0.0,0.0,0.04504504504504503,0.01754385964912286,0.0,0.014388489208633004,0.007751967785028402,-0.015384600712702867,-0.0024153991225044358,-0.00778810294501775,0.0028248155313777,-0.0193237444993265,0.0,-0.005714285714285672,0.0,-0.005649738822560368,0.005987932308542776,-0.06024096247107813,-0.004273504273504258,0.0
2023-02-14 00:00:00+00:00,-0.006578947368421018,-0.01098901098901095,0.00448432219242112,0.0,0.0,0.0,0.02127659574468077,-0.0076923370361328125,-0.015624984866008385,-0.03147702441614009,-0.00941918809469533,-0.036619696818606995,-0.019704415446480272,0.0,0.005747126436781658,0.0,0.0,-0.02976190611348406,0.0,0.0042918454935623185,0.02586206896551735
2023-02-15 00:00:00+00:00,0.0066225165562914245,-0.011111111111111072,0.0,0.02586206896551735,-0.011494252873563204,-0.007751937984496138,0.0,0.0,0.0,0.02499997615814209,-0.001584761910289223,0.005847975394087879,0.005025144893802347,0.0,0.0,0.009090943769975102,0.005681839733084004,0.012269986030718272,0.02564100056083385,-0.008547008547008517,0.0
2023-02-16 00:00:00+00:00,-0.006578947368421018,0.00561797752808979,-0.004464302820210819,-0.008403361344537785,0.011627906976744207,-0.0078125,0.02083333333333326,0.005814012802893176,0.007936462283165913,-0.027317071014894445,0.003968253968253954,0.0,-0.0100000381469727,0.0,-0.005714285714285672,0.00900895714943828,-0.005649738822560368,0.0,0.0,-0.008620689655172376,0.01680672268907557
2023-02-17 00:00:00+00:00,-0.0066225165562914245,0.005586592178770999,-0.013452881045931897,0.0,0.0,-0.015748031496062964,0.020408163265306145,-0.036608891522508125,0.0,0.018054169563201272,-0.005533572713376955,-0.005813975408954342,-0.010100952691779574,0.0,-0.011494252873563204,0.0,0.008522705413586351,0.0,0.04999995231628418,0.008695652173912993,-0.008264462809917328
2023-02-20 00:00:00+00:00,0.01333333333333342,-0.022222222222222254,0.0,0.0,0.01724137931034475,0.02400000000000002,-0.020000000000000018,0.015999984741210893,0.0,0.00985220749181659,0.015898250806696268,0.0,0.020408143405366452,0.0,0.023255813953488413,0.008928605640421639,0.00845068273409999,-0.018181771943063474,-0.11904756768760538,0.0,0.0
2023-02-21 00:00:00+00:00,0.013157894736842035,-0.011363636363636354,-0.03636360168457031,0.008474576271186418,0.0,0.0234375,0.006802721088435382,-0.023622062617355444,-0.023622062617355444,-0.029268265451297903,0.0015649213103789972,-0.029239765429585618,0.0100000381469727,0.0,-0.017045454545454586,0.017699097866309854,0.0,0.0,-0.05405406624492348,-0.017241379310344862,0.0
2023-02-22 00:00:00+00:00,-0.00649350649350644,0.028735632183908066,0.018867905855434186,-0.008403361344537785,-0.011299435028248594,-0.007633587786259555,-0.006756756756756799,0.0,0.01612909428163012,-0.0070352050789147524,-0.010937511920928955,0.006024119227211244,-0.012376237156320857,0.0,-0.017341040462427793,0.0,-0.005586613608986046,0.0,0.028571401323590928,0.03508771929824572,-0.008333333333333304
2023-02-23 00:00:00+00:00,0.006535947712418277,0.011173184357541999,-0.009259294417005237,0.0,0.017142857142857126,0.03076923076923066,-0.013605442176870763,-0.004032196661186149,-0.04761907645273733,0.03744939411696113,0.003159569752764879,0.0,0.0,0.0,0.0,-0.008695685345193604,0.0,0.0,0.0972222645341625,-0.008474576271186418,0.0
2023-02-24 00:00:00+00:00,0.0,-0.016574585635359074,0.018691571292548614,-0.008474576271186418,0.0393258426966292,0.02238805970149249,-0.02758620689655178,0.012145717724457494,0.008333365122477288,0.004878044241882984,0.0,0.0,0.0,0.0,0.00588235294117645,-0.008771879924703185,0.0,-0.012345725525951368,-0.06329113847646661,0.004273504273504258,0.0
2023-02-27 00:00:00+00:00,0.0,-0.005617977528089901,-0.018348606996750005,-0.017094017094017144,-0.00540540540540535,0.007299270072992803,0.0,-0.02400001525878903,-0.016528988151582213,-0.02912618662434696,-0.011023634062038656,-0.04790425795575637,0.012531327841571738,0.0,-0.03508771929824561,-0.017699097866309854,-0.011235891245119367,-0.00625002384185791,0.0,0.0,-0.008403361344537785
2023-02-28 00:00:00+00:00,-0.01948051948051943,-0.011299435028248594,-0.03271022747984964,-0.017391304347826098,-0.010869565217391353,0.0,-0.028368794326241176,-0.008196674537606752,0.0,-0.009999990463256836,-0.012738841509227883,-0.03144654163496252,-0.014851541241502675,0.0,-0.012121212121212088,-0.02702704328151928,-0.005681839733083893,-0.02515720931616272,0.01351350045186761,0.0,0.008474576271186418
2023-03-01 00:00:00+00:00,-0.013245033112582738,-0.005714285714285672,0.004830843982388977,-0.026548672566371723,-0.016483516483516536,-0.021739130434782594,0.0,-0.016528988151582213,0.0,0.010101000370632551,-0.0016128786148563723,-0.025974001846660322,-0.015075338834740326,0.0,0.006134969325153339,0.0,-0.01142861502511161,-0.012903213500976562,0.0,-0.008510638297872353,-0.008403361344537785
2023-03-02 00:00:00+00:00,-0.01342281879194629,-0.011494252873563204,0.00961542164785767,0.027272727272727337,0.005586592178770999,0.022222222222222143,-0.007299270072992692,0.008403393670198822,0.0,-0.019999980926513672,-0.009693090048915609,0.013333320617675781,-0.015306180539302772,0.0,-0.012195121951219523,0.009259206113829244,0.0,0.013071882795547163,-0.006666692097981763,-0.012875536480686733,0.008474576271186418
2023-03-03 00:00:00+00:00,0.013605442176870763,0.011627906976744207,0.009523845854259694,0.008849557522123908,0.005555555555555536,-0.01449275362318836,-0.007352941176470562,0.008333365122477288,0.0,0.035714250959391514,0.02773247608642171,0.09210530195870281,0.025906736775402672,0.0,0.012345679012345734,0.01834869448980969,0.005780369125999885,0.0,0.046979918178581936,0.0304347826086957,0.008403361344537785
2023-03-06 00:00:00+00:00,0.003355704697986628,-0.005747126436781658,0.009433907943081188,0.0,-0.0055248618784530246,0.007352941176470562,0.0,0.01652890933552542,0.008403393670198822,0.002463110596742979,-0.011111123221261177,0.006024119227211244,-0.005050428180518374,0.0,-0.0060975609756097615,0.027026957364917115,0.0,0.0,0.0,-0.00421940928270037,0.0
2023-03-07 00:00:00+00:00,-0.02006688963210701,0.005780346820809301,0.0,0.0,-0.005555555555555536,-0.007299270072992692,0.022222222222222143,0.0,0.0,-0.01228505863046514,-0.0016051119638154088,0.017964025350603707,-0.0076142903588661826,0.0,0.012269938650306678,-0.017543843505051004,0.005747148486326958,0.006451637514175879,-0.01282056141338439,0.008474576271186418,0.0
2023-03-08 00:00:00+00:00,0.0034129692832765013,-0.011494252873563204,-0.009345741082053105,-0.01754385964912286,0.0,0.0,0.0,-0.016260146842582146,0.016666650772094727,-0.004975119657066318,0.0,-0.023529389325310235,0.0,0.0,0.0,0.008928605640421639,-0.00571430751255575,0.0,0.0,0.004201680672268893,-0.01666666666666672
2023-03-09 00:00:00+00:00,0.00340136054421758,-0.005813953488372103,0.0,0.008928571428571397,-0.011173184357541888,0.0,0.007246376811594235,0.0,0.00819675270763387,-0.009999990463256836,0.003215446310068426,0.006024119227211244,-0.00511501166360806,0.0,-0.042424242424242475,0.0,-0.0172413358412411,-0.006410280706692251,-0.2207792014773282,0.0,-0.008474576271186418
2023-03-10 00:00:00+00:00,-0.03389830508474578,-0.005847953216374324,-0.028301903767787184,-0.026548672566371723,-0.011299435028248594,-0.014705882352941124,-0.021582733812949617,-0.016528988151582213,0.0,-0.010101000370632551,-0.00320514035334607,-0.005988046521030466,-0.012853469932831874,0.0,0.006329113924050667,-0.008849591131132817,-0.005847975394087768,-0.032258064516129004,0.28333330154418945,-0.006276150627615107,-0.02564102564102566
2023-03-13 00:00:00+00:00,-0.0035087719298245723,-0.00588235294117645,-0.019417456850636006,-0.018181818181818188,-0.02285714285714291,-0.02985074626865669,-0.02941176470588236,0.0,-0.008130112188539096,-0.010204071702683226,-0.030546647951345096,-0.018072357681633844,-0.023437538805105684,0.0,-0.03144654088050314,-0.017857126131349377,-0.04705877865062036,-0.033333333333333326,0.0,-0.0063157894736841635,-0.02631578947368418
2023-03-14 00:00:00+00:00,0.01760563380281699,0.00591715976331364,0.00990093307113904,-0.0092592592592593,0.023391812865497075,0.03846153846153855,0.022727272727272707,0.0336134945400941,0.00819675270763387,0.03092780464424627,0.036484258553478144,0.0,0.018666687011718697,0.0,0.032467532467532534,-0.009090943769975102,0.006172745025411208,0.020689668326542288,0.0,0.0,0.009009009009008917
2023-03-15 00:00:00+00:00,-0.02422145328719727,0.0,0.0,0.0,-0.005714285714285672,-0.014814814814814836,-0.022222222222222254,-0.008130112188539096,-0.016260146842582146,-0.0339999794960022,-0.028799987792968773,-0.01840486203081859,-0.03141363191028157,0.0,0.0062893081761006275,0.0,-0.012269869015459345,-0.0337837833483956,0.0,-0.006355932203389814,-0.017857142857142905
2023-03-16 00:00:00+00:00,-0.046099290780141855,0.00588235294117645,-0.004901979575474669,0.009345794392523255,-0.005747126436781658,-0.007518796992481258,0.0,0.0,0.008264415259734426,0.014492751834709328,0.01153213763000216,0.0,-0.005405426025390625,0.0,-0.012499999999999956,-0.027522866748595165,0.0,0.0,0.0,0.014925373134328401,0.0
2023-03-17 00:00:00+00:00,0.018587360594795488,0.005847953216374213,0.004926127351136067,0.0092592592592593,0.034682080924855585,-0.015151515151515138,0.015151515151515138,0.00819675270763387,0.00819675270763387,-0.005102035851341613,-0.017915346278203792,0.0,-0.005434803453420622,0.0,0.06329113924050622,0.009433907943081188,0.031055899885286564,-0.006993033575937835,0.0,0.0,0.0
2023-03-20 00:00:00+00:00,-0.018248175182481785,0.0,-0.009803865653465582,-0.01834862385321101,0.0,-0.007692307692307665,0.0,0.0,-0.016260146842582146,0.0,-0.0182420976457498,0.0,-0.0027321988603852265,0.0,-0.017857142857142905,0.0,-0.018072357681633844,0.007042280479784058,0.0,-0.008403361344537785,0.0
2023-03-21 00:00:00+00:00,0.026022304832713727,-0.005813953488372103,0.01980196056547401,0.01869158878504673,-0.005586592178770999,0.0,0.014925373134328401,-0.008130112188539096,-0.008264494075791107,0.0051282001121668586,0.0,0.02499997615814209,0.005479472957245379,0.0,0.0060606060606061,0.0,0.006134993015359136,0.020979034037302835,-0.025974001846660322,0.0,0.009090909090909038
2023-03-22 00:00:00+00:00,-0.007246376811594235,-0.023391812865497075,0.029126231570822947,-0.00917431192660545,-0.016853932584269704,-0.03100775193798455,0.0,-0.01639342724524051,0.008333365122477288,0.0030611850181661016,-0.0033783912223301904,-0.02439022120941492,0.0027247540066013265,0.0,-0.02409638554216864,-0.009345741082053105,0.006097584377790843,-0.02054795773263285,0.026666641235351562,-0.016949152542372836,-0.009009009009009028
2023-03-23 00:00:00+00:00,-0.009124087591240837,-0.0119760479041916,0.018867905855434186,0.0,0.02857142857142847,0.016000000000000014,0.0,0.025000015894572014,0.008264415259734426,-0.0010172809209408884,-0.006779686879303526,0.0,-0.01630430670000793,0.0,0.030864197530864113,0.018867905855434186,0.009090885971531737,-0.013986000461365,0.0,0.004310344827586299,-0.018181818181818188
2023-03-24 00:00:00+00:00,-0.02025782688766109,-0.036363636363636376,-0.027777794947839718,-0.01851851851851849,-0.02777777777777779,0.007874015748031482,-0.014705882352941124,-0.008130112188539096,-0.008196674537606752,-0.028513235569575746,-0.010238882077549305,0.0,-0.016574648513063672,0.0,-0.0239520958083832,0.0,-0.02102104441373087,0.014184383252072719,0.0,-0.0042918454935622075,0.0
2023-03-27 00:00:00+01:00,-0.007518796992481258,-0.0062893081761006275,0.019047600882393878,0.0,0.02285714285714291,0.0,0.00746268656716409,0.0,0.0,-0.009433965800679123,-0.0034482890161974256,-0.018750011920928955,-0.0056178920453485715,0.0,0.012269938650306678,-0.009259294417005237,0.012269986030718272,-0.006993033575937835,0.0,-0.017241379310344862,0.0092592592592593
2023-03-28 00:00:00+01:00,0.011363636363636465,-0.006329113924050667,-0.018691571292548725,0.028301886792452935,-0.011173184357541888,-0.0078125,-0.03703703703703709,-0.008196674537606752,0.024793324595259847,0.005291000285156278,0.006920441715549952,-0.012738841509227883,0.005649631062755178,0.0,0.0121212121212122,0.04205605769034526,0.012121258359966802,0.0,0.0,0.0,0.04587155963302747
2023-03-29 00:00:00+01:00,0.022471910112359605,0.0,0.028571446736653572,0.0,0.016949152542372836,0.023622047244094446,-0.01538461538461533,0.008264415259734426,0.00806454714081517,0.0,0.017182130358953218,-0.012903213500976562,0.028089888844431643,0.0,0.0,0.022421525430774247,0.005987932308542776,0.01408449379940424,-0.03896100276999048,0.0,0.0
2023-03-30 00:00:00+01:00,0.02564102564102555,0.07006369426751591,0.04629629547867431,0.0,-0.011111111111111072,-0.007692307692307665,0.0,0.00819675270763387,0.0,0.01052630588288439,0.0016891633924385197,-0.006535972563600612,0.019125704702813273,0.0,-0.005988023952095856,-0.008771879924703185,0.04761911790117157,0.02083334713070517,0.0,0.030701754385964897,0.0
2023-03-31 00:00:00+01:00,0.0,0.029761904761904656,0.02654868899744267,0.03669724770642202,0.016853932584269593,0.023255813953488413,0.0,0.03252029368516429,0.008000030517578027,0.0208333760189523,0.006745388381538486,0.02631582744894323,0.0026810265647136955,0.0,0.024096385542168752,0.008849506735177037,0.022727250560256484,0.013605429378242606,0.0,0.012765957446808418,0.0
2023-04-03 00:00:00+01:00,0.0071428571428571175,-0.010404641917675206,-0.017241444513996895,0.001769911504424737,0.005524861878453136,-0.011363636363636354,0.015625,0.03149610852062956,-0.007936537971601432,-0.022959222152102332,-0.007537701125437946,0.006410219573724785,-0.017379719234212776,0.0,0.00588235294117645,0.026315807085398824,0.005555576748318192,0.0,-0.1891891996385059,-0.008403361344537785,0.0
2023-04-04 00:00:00+01:00,-0.0035460992907800915,-0.002336412988402703,0.017543927160695638,-0.0035335689045936647,0.0,0.0,0.01538461538461533,0.007633543884232319,0.015999984741210893,0.018276807586367294,-0.008438818565400852,0.019108292635635626,-0.01224491871944089,-0.1946308518641645,0.023391812865497075,0.0,0.005524882837687928,0.006711435169794333,0.25,0.008474576271186418,0.01754385964912286
2023-04-05 00:00:00+01:00,-0.003558718861209953,-0.0023419739351656643,0.0,-0.0035460992907800915,-0.005494505494505475,0.003831417624521105,0.0,-0.007575714336391148,0.04724412523471089,-0.010256461357301072,-0.004255319148936176,0.0,0.008264441966000513,0.0,-0.017142857142857126,-0.008546959779967,-0.00824184173576259,-0.026666641235351562,-0.013333320617675781,-0.008403361344537785,0.008620689655172376
2023-04-06 00:00:00+01:00,0.0,0.0,0.0,0.0,0.0,0.0,0.0,0.0,0.0,0.0,0.0,0.0,0.0,0.0,0.0,0.0,0.0,0.0,0.0,0.0,0.0
2023-04-11 00:00:00+01:00,0.014285714285714235,0.011737089622285923,0.017241362300696395,-0.010676156583629859,0.0,-0.007633587786259555,0.0,-0.022900777251825155,0.007518753861753602,0.014248722345065357,0.008547008547008517,-0.018750011920928955,0.0,0.0,-0.011627906976744207,-0.004310361128499252,0.002770146621752456,0.0273972334300725,0.0,0.004237288135593209,0.008547008547008517
2023-04-12 00:00:00+01:00,0.03169014084507049,0.013921167286783609,0.02542374456658214,0.010791366906474753,0.03038674033149169,0.023076923076922995,0.030303030303030276,0.015624984866008385,0.022388074572778693,0.026819928504874913,0.029661016949152463,0.006369451126407855,0.024590206650289215,0.0,0.00588235294117645,0.012986979744866067,0.008287271567344101,0.013333320617675781,0.0,0.00421940928270037,0.0
2023-04-13 00:00:00+01:00,0.0,-0.013730029252704279,0.008264415259734426,0.02313167259786475,0.024128686327077764,0.0,0.02941176470588225,0.0,0.0364963508730749,-0.009950239314132636,-0.008230452674897082,0.025316491606066638,0.00799997965494792,0.0,0.00877192982456143,-0.008546959779967,0.01863014534728169,-0.013157882353605488,-0.05405406624492348,-0.012605042016806678,0.0
2023-04-14 00:00:00+01:00,-0.0068259385665528916,-0.013921078778723284,-0.01639342724524051,-0.01565217391304352,0.002617801047120505,-0.022556390977443663,-0.02857142857142858,-0.0076923370361328125,-0.007042213319620072,-0.02512560405862696,-0.008298755186721962,-0.030864254946096237,-0.03703697723382571,0.0,-0.020289855072463725,-0.021551723429195646,-0.029047924211672016,-0.013333320617675781,-0.014285700661795464,-0.017021276595744705,-0.016949152542372836
2023-04-17 00:00:00+01:00,-0.030927835051546393,-0.02352941176470591,-0.025000015894571903,-0.010600706713780883,-0.0026109660574412663,0.0,-0.007352941176470562,-0.007751893856784764,0.0,-0.015463963770208755,-0.025104602510460206,-0.03184713414486362,-0.021978104896205664,0.0,-0.023668639053254448,-0.00440530300038533,-0.01385041609789639,-0.05405406624492348,0.014492739601511984,-0.0043290043290042934,-0.017241379310344862
2023-04-18 00:00:00+01:00,-0.0035460992907800915,0.012048192771084265,-0.017094001070560583,-0.0035714285714285587,0.007853403141361293,0.0,0.0,-0.015624984866008385,-0.01418445088854714,0.0,0.0,-0.013157882353605488,0.00842705237686725,0.0,-0.0060606060606061,0.0,-0.0028089460226743412,0.028571401323590928,0.0,0.004347826086956497,0.00877192982456143
2023-04-19 00:00:00+01:00,-0.007117437722419906,0.007142838977632016,-0.017391287762185792,0.010752688172043001,0.018181818181818077,0.01538461538461533,0.0,-0.007936537971601432,-0.007194203635955465,-0.005235597192677299,0.012875536480686733,0.026666641235351562,0.0,0.0,0.009146341463414531,0.017699097866309854,0.011267648616307246,0.0,0.0,-0.0043290043290042934,0.0
2023-04-21 00:00:00+01:00,-0.007168458781361964,-0.002364030163704678,0.008849506735177037,0.0,0.0,0.0,0.0,-0.008000030517578138,0.007246335247339308,-0.005263152941442195,0.0,0.006493531425117771,0.0,0.08333333333333326,0.0,0.0,-0.008356630612997407,-0.03472222314204698,0.0,-0.004347826086956497,0.0
2023-04-24 00:00:00+01:00,0.0072202166064982976,0.0,0.0,-0.014184397163120588,-0.005102040816326481,-0.015151515151515138,0.0,0.0,-0.01438847588157588,0.013227500712890583,-0.004237288135593209,-0.025806427001953125,-0.005571051655674175,0.0,-0.0030211480362537513,0.008695685345193604,-0.0056178920453485715,-0.021582679517531345,-0.028571401323590928,0.004366812227074135,0.0
2023-04-25 00:00:00+01:00,0.010752688172043001,-0.0023697224410048623,0.017543927160695638,0.03597122302158273,0.012820512820512775,0.01538461538461533,0.051851851851851816,0.01612909428163012,0.04379564889219578,0.039164516541892125,0.038297872340425476,0.013245020146527287,0.019607864089071114,0.0,0.024242424242424176,0.025862002344394508,0.0028248155313777,0.036764704851130814,-0.08823534774120145,-0.004347826086956497,0.017391304347825987
2023-04-26 00:00:00+01:00,0.02127659574468077,0.009501224236974526,0.017241362300696395,-0.00694444444444442,0.0,0.030303030303030276,-0.014084507042253502,0.015873000254767344,0.0,0.020100483246901613,0.024590163934426146,0.006535910231946662,0.01648347387278326,0.0,0.00591715976331364,-0.021008404034795758,0.014084507042253502,0.014184383252072719,0.0,0.004366812227074135,0.0
2023-04-27 00:00:00+01:00,0.0,0.0070588055778952885,-0.016949136104436047,0.0,-0.0025316455696202667,-0.007352941176470562,0.0,-0.015624984866008385,0.013986000461365,0.014778311237724884,-0.0040000000000000036,-0.006493469498212501,-0.005405426025390625,0.0,-0.0117647058823529,-0.012875504158102014,0.005555576748318192,0.0,0.0,0.0,-0.017094017094017144
2023-04-28 00:00:00+01:00,-0.01041666666666663,-0.00467291510524781,0.025862002344394508,0.0,-0.0025380710659898,-0.007407407407407418,0.02857142857142847,0.0,0.013793090294147436,-0.0436892799365205,-0.004016064257028162,0.0,-0.010869503246587309,0.0,0.0029761904761904656,0.008695685345193604,-0.019337037242720068,0.0,0.0,0.0,0.0
2023-05-02 00:00:00+01:00,-0.01754385964912286,-0.002347382105702178,-0.008403313529497414,-0.03321678321678323,-0.007633587786259555,-0.007462686567164201,0.0,0.007936462283165913,-0.006802682251218939,-0.030456883815965563,-0.020161290322580627,-0.006535972563600612,-0.03846157876898881,0.0,-0.008902077151335286,-0.021551723429195646,-0.001408429212973128,-0.02797206761324067,0.129032292797713,-0.008695652173912993,0.0
2023-05-03 00:00:00+01:00,0.014285714285714235,0.0117647058823529,0.008474527642289953,-0.001808318264014508,-0.02051282051282055,0.0,0.0,-0.007873970810807207,0.00684927569743965,0.0,0.016460905349794164,-0.006578909805936672,0.025714329310825956,0.0,-0.0029940119760478723,0.004405218976219372,-0.001410415683624433,0.021582748127196183,0.04999998637608116,0.0,0.0
2023-05-04 00:00:00+01:00,-0.028169014084507005,0.0,-0.033613414399392694,-0.021739130434782594,-0.0680628272251309,-0.022556390977443663,-0.04166666666666663,-0.007936537971601432,-0.03401360588350888,-0.03664918034874143,-0.012145748987854255,-0.026490103450292568,-0.04456830698642111,0.0,-0.027027027027026973,-0.03508768701010212,-0.016949216467680994,-0.028168987598808592,0.0,-0.004385964912280715,-0.02608695652173909
2023-05-05 00:00:00+01:00,0.010869565217391353,-0.009302361066951259,0.008695685345193604,0.0,0.016853932584269593,0.0,0.0,0.0,0.0,0.005434777327093299,-0.004098360655737654,0.013605429378242606,0.008746333636544312,0.0,0.012345679012345734,0.009090943769975102,-0.00862066792062055,0.0,0.0,0.0,0.0
2023-05-08 00:00:00+01:00,-0.008960573476702538,-0.0011736910528511446,-0.017241444513996895,0.0,-0.027624309392265234,-0.03076923076923077,0.0,0.0,-0.01408449379940424,0.0,-0.012345679012345734,-0.04697985417359252,-0.0028901294373144815,-0.1923076923076923,-0.018292682926829285,0.0,-0.01449275362318836,0.0,0.013605429378242606,0.008810572687224738,-0.0535714285714286
2023-05-09 00:00:00+01:00,-0.012658227848101222,-0.0011750702222574905,-0.008771879924703185,-0.007407407407407418,-0.008522727272727293,0.0,0.007246376811594235,-0.02400001525878903,-0.0357142857142857,0.0,-0.02083333333333337,0.007042280479784058,-0.011594247126924806,0.0,0.0031055900621117516,-0.009009043066040445,-0.002941131591796875,-0.04347828791136965,0.03355704783899305,-0.008733624454148492,-0.028301886792452824
2023-05-10 00:00:00+01:00,0.00366300366300365,0.003529447667738994,0.008849506735177037,0.011194029850746245,0.014326647564469885,0.031746031746031855,0.02877697841726623,0.02459017995287449,-0.007407435664424145,0.005405400180747089,0.0,0.034965034498667835,0.01759537582600501,0.0,0.021671826625387025,0.0,0.002949807363423096,0.022727287505283966,0.0,0.0,0.029126213592232997
2023-05-11 00:00:00+01:00,0.0036496350364962904,0.008206294527532965,0.008771963580347819,-0.014760147601476037,-0.012711864406779627,0.0,0.0,0.0,-0.00746264407777486,0.00537633891739131,0.012765957446808418,0.00675671800720723,0.005763710620809492,0.0,-0.0060606060606061,0.009090943769975102,0.002941131591796875,-0.03703703703703709,0.01298706285023532,0.008810572687224738,-0.037735849056603765
2023-05-12 00:00:00+01:00,-0.0036363636363636598,0.0,0.0,0.0074906367041198685,0.0,0.011538461538461497,0.0,-0.015999984741210893,0.0,0.0,-0.004201680672268893,-0.0067113711648050245,-0.020057327574051542,0.0,-0.012195121951219523,-0.02702704328151928,0.002932618571647616,0.02307693774883557,0.0,0.0,-0.039215686274509776
2023-05-15 00:00:00+01:00,-0.007299270072992692,-0.0023255459097928366,0.0,0.0,-0.010014306151645225,-0.011406844106463865,-0.006993006993006978,-0.016260146842582146,0.0,-0.01604276540816718,-0.008438818565400852,-0.01351350045186761,-0.02339179003549785,0.0,0.0,-0.018518500530834592,-0.005847975394087768,0.0,0.0,-0.004366812227074246,-0.012244866818797884
2023-05-16 00:00:00+01:00,-0.011029411764705843,0.00699298896014211,-0.008695685345193604,-0.0074349442379182396,0.020231213872832443,0.007692307692307665,-0.014084507042253502,-0.008264494075791107,-0.01503757942834183,-0.016304396768935914,0.008510638297872353,0.0,0.005987932308542776,0.38095238095238093,0.012345679012345734,-0.018867995824705996,0.002941131591796875,-0.052631563851613716,0.006410219573724785,0.013157894736842035,-0.012396741113686605
2023-05-17 00:00:00+01:00,0.0037174721189590088,-0.0011573897263317257,0.017543927160695638,0.02621722846441954,-0.005665722379603388,0.01526717557251911,-0.014285714285714235,0.008333365122477288,0.0,0.030386778174556595,-0.012658227848101222,-0.0068493410175966,0.035714310042713304,0.0,0.0,0.02884617324411587,0.00879774384698262,0.03174600050953447,0.0,0.0,0.04184100485192799
2023-05-19 00:00:00+01:00,0.014814814814814836,-0.017381227658826215,0.0,0.0,0.0,-0.007518796992481258,0.01449275362318847,0.0,-0.06870233175547558,0.0026809625769763645,0.0,0.006896578032394851,0.01436781640694762,0.0,0.0,-0.018691571292548725,-0.0029070431506559302,0.0,0.0,-0.012987012987012991,0.0
2023-05-22 00:00:00+01:00,-0.0036496350364964014,-0.0023585444627242103,-0.008620722256998503,0.0,-0.002849002849002802,0.0,0.0,-0.008264494075791107,-0.01639342724524051,-0.00802138270408359,0.017094017094017033,0.020547892412475788,0.02266286839521081,0.0,0.0,0.009523845854259694,0.0058309261629183595,0.015384600712702756,-0.05095542678049936,0.0,0.014056240435010414
2023-05-23 00:00:00+01:00,-0.01831501831501836,-0.002364030163704678,-0.008695685345193604,-0.0036496350364964014,-0.005714285714285672,-0.015151515151515138,-0.014285714285714235,-0.008333365122477177,-0.008333365122477177,-0.008086245574475681,-0.012605042016806678,-0.0067113711648050245,0.002770146621752456,0.0,-0.0060975609756097615,-0.018867995824705996,0.0,-0.015151500920837613,0.0,0.0,-0.02178214800239786
2023-05-24 00:00:00+01:00,-0.02985074626865669,-0.008293892950014703,-0.008771879924703185,-0.02564102564102566,-0.017241379310344862,-0.01538461538461533,-0.02898550724637683,-0.02521002072919387,-0.008403313529497414,-0.016304396768935914,-0.021276595744680882,-0.02702706534118826,-0.011049765675375856,0.0,-0.018404907975460127,0.0,-0.002898506496263553,0.0,0.0,-0.004385964912280715,-0.004048598315015806
2023-05-25 00:00:00+01:00,0.0,0.003584265982032653,-0.017699097866309854,-0.003759398496240629,0.005847953216374213,0.015625,-0.07462686567164178,0.0,0.016949136104436047,-0.005524856784194343,0.004347826086956497,0.02083334713070517,-0.013966480744569298,0.0,-0.025000000000000022,0.0,-0.0029070431506559302,-0.0076923370361328125,0.006711435169794333,-0.004405286343612369,-0.016260146842582146
2023-05-26 00:00:00+01:00,0.0,0.0023809160505021687,-0.009009043066040445,0.007547169811320753,-0.011627906976744207,0.01538461538461533,0.032258064516129004,0.017241362300696395,0.008333365122477288,0.0,0.0043290043290042934,0.0,0.0,0.0,0.0064102564102563875,0.00961542164785767,0.0058309261629183595,0.007751967785028402,-0.06666666666666665,0.004424778761061843,0.0
2023-05-30 00:00:00+01:00,0.0,-0.0023752607540488135,0.0,-0.0074906367041198685,0.0117647058823529,0.0,0.0078125,0.0,-0.008264494075791107,0.047222244665947155,0.012931034482758674,0.0,0.0,0.0,0.006369426751592355,-0.009523845854259694,0.0,-0.015384600712702867,0.0714285714285714,-0.004405286343612369,0.008264415259734426
2023-05-31 00:00:00+01:00,-0.019230769230769273,-0.011904761904761862,0.0,-0.0037735849056603765,-0.005813953488372103,0.0,-0.007751937984496138,-0.008474608462146094,0.0,-0.013262586888394656,-0.004255319148936176,0.0,-0.008498562140068944,0.0,-0.025316455696202556,-0.01923075159625831,0.0,0.015624984866008385,0.0,-0.004424778761061954,-0.004098376353816935
2023-06-01 00:00:00+01:00,0.015686274509803866,0.004819295492517028,-0.018181800842285156,0.0037878787878788955,0.014619883040935644,-0.007575757575757569,0.015625,-0.008546959779967,0.0,-0.01075267783478251,0.008547008547008517,0.0,-0.014285714285714235,0.0,0.0,0.009803959150949337,-0.011594247126924806,0.0,-0.04000002543131509,-0.004444444444444473,0.0
2023-06-02 00:00:00+01:00,-0.007722007722007707,-0.01918463363126699,-0.009259294417005237,-0.015094339622641506,0.0,-0.03816793893129766,0.01538461538461533,0.0,0.016666650772094727,0.010869554654186597,-0.008474576271186418,0.0,0.0,0.0,0.009740259740259827,0.0,0.0,0.0,0.0,-0.004464285714285698,-0.008230405838276611
2023-06-05 00:00:00+01:00,0.0,-0.014669982064394738,-0.014018656187300915,0.0,-0.01729106628242072,0.0,0.022727272727272707,-0.017241444513996895,-0.01639342724524051,-0.005376338917391199,-0.012820512820512775,-0.013605429378242606,-0.002898506496263553,-0.1724137931034483,-0.01607717041800638,-0.00970877472018683,-0.0029325067036874986,-0.030769201425405623,-0.06944444628409407,-0.004484304932735439,-0.0041493933563011565
2023-06-06 00:00:00+01:00,0.0,0.0,0.0,0.0,0.0,0.0,0.0,0.0,0.0,0.0,0.0,0.0,0.0,0.0,0.0,0.0,0.0,0.0,0.0,0.0,0.0
2023-06-07 00:00:00+01:00,-0.015564202334630295,-0.007444149943920175,-0.014218063459024544,0.00766283524904221,-0.0014662756598240456,0.007936507936507908,-0.03703703703703709,0.008771963580347819,0.008333365122477288,0.005405400180747089,0.0,0.0,-0.007267441538103658,0.0,0.0,0.009803959150949337,0.005882375380572125,0.0,0.07462686779611127,0.0045045045045044585,0.0
2023-06-08 00:00:00+01:00,0.007905138339920903,0.002499961853027255,0.03846159489197354,0.0076045627376426506,0.010279001468428861,0.007874015748031482,0.0,0.06956523397694458,0.0,0.026881694586956106,0.008658008658008587,0.013793090294147436,0.013177069637937855,0.0,0.03267973856209161,0.004854387360093471,0.0,0.007936462283165913,0.0,0.0,-0.008333365122477177
2023-06-09 00:00:00+01:00,0.019607843137254832,0.007481373146470904,0.0,0.015094339622641506,0.005813953488372103,-0.0078125,0.0,0.016260146842582035,0.008264415259734426,0.015706853991273695,0.008583690987124415,0.003401373563511889,0.01445086768931425,0.0,0.006329113924050667,0.014492716232052283,0.011695839247322315,0.0,0.0,0.013452914798206317,-0.004201616694398003
2023-06-12 00:00:00+01:00,-0.0038461538461538325,-0.0012376992541889287,0.009259206113829244,-0.0037174721189591198,-0.0014450867052022698,0.007874015748031482,-0.01538461538461533,-0.01199996948242188,0.0,-0.005154695555459998,-0.012765957446808529,0.01016946566306931,-0.0042734392507803864,0.0,0.0,0.009523845854259694,-0.0028901294373144815,0.015748016714081325,0.0972222645341625,-0.004424778761061954,0.0
2023-06-13 00:00:00+01:00,-0.01158301158301156,-0.008674064122841774,-0.027522866748595165,-0.014925373134328401,0.0,0.0,0.0,-0.020242914354489105,0.0,-0.01036268469951196,-0.008620689655172376,-0.03355704783899316,-0.01430615133291191,0.0,-0.018867924528301883,-0.004716998956176499,-0.011594247126924806,-0.02325575549859793,0.0,0.0,-0.03375532146227478
2023-06-14 00:00:00+01:00,0.00390625,-0.00500001907348635,0.0,0.011363636363636465,-0.02026049204052094,0.0,-0.00390625,-0.004132247037895498,-0.008196674537606752,0.047120437147337935,-0.004347826086956497,-0.02777775202268362,-0.001451356631444134,0.0,-0.0032051282051281937,-0.023696682036039474,0.0,0.007936462283165913,0.0,0.008888888888888946,-0.030567636124517406
2023-06-15 00:00:00+01:00,0.0038910505836575737,0.010050289787604694,0.028301813798515152,-0.011235955056179803,0.007385524372230501,0.00390625,0.0117647058823529,0.012448100925807948,0.0,0.0,0.017467248908296984,0.0,0.011627839925551386,0.0,-0.003215434083601254,-0.00970877472018683,0.005865125275335004,-0.015748016714081325,0.0,-0.004405286343612369,0.004504435616418112
2023-06-16 00:00:00+01:00,0.0,0.0,-0.00917425975184516,0.037878787878787845,0.0058651026392961825,0.027237354085603016,0.003875968992248069,0.00819675270763387,0.008264415259734426,0.009999990463256836,-0.012875536480686733,0.014285700661795575,-0.02298848432756806,0.0,-0.006451612903225823,0.0,0.0,0.008000030517578027,0.0,-0.004424778761061954,0.00448432219242112
2023-06-19 00:00:00+01:00,-0.007751937984496138,-0.002487619077623293,-0.009259294417005237,-0.014598540145985384,-0.002915451895043719,-0.007575757575757569,-0.0038610038610038533,0.0,-0.01639342724524051,0.0049504903750889895,-0.004347826086956497,-0.007042213319620072,0.0,0.0,-0.012987012987012991,-0.01960782480441492,-0.002915407473626064,0.0,-0.08860763008253325,-0.004444444444444473,0.0
2023-06-20 00:00:00+01:00,0.01171875,0.0,0.0,-0.011111111111111072,0.0,0.0,-0.007751937984496138,0.008130034654042939,0.0,0.0,0.004366812227074135,-0.00709222544427357,0.014705882352941124,0.0,0.0,0.0100000381469727,0.0,0.0,0.0,0.0,0.0
2023-06-21 00:00:00+01:00,-0.00579150579150578,-0.004987455258165574,0.0,0.0074906367041198685,0.00877192982456143,0.0,0.0078125,0.00806454714081517,0.0,0.01970441498363318,0.0,0.0,0.01449275362318847,0.0,0.009868421052631637,0.0049504193239715555,0.002923931926617218,-0.023809538226368665,0.0,0.0,0.00446430282021093
2023-06-22 00:00:00+01:00,-0.001941747572815511,-0.0025063229321807823,0.018691571292548614,-0.014869888475836479,0.0,0.0,0.011627906976744207,-0.02400001525878903,0.016666650772094727,-0.004830913423070071,0.0,0.0,-0.00571430751255575,0.0,-0.009771986970684043,-0.004926033393071849,0.0029155186892921847,-0.008130112188539096,0.0,0.0,-0.004444461398654509
2023-06-23 00:00:00+01:00,0.0,0.0,0.0,0.0,0.0,0.0,0.0,0.0,0.0,0.0,0.0,0.0,0.0,0.0,0.0,0.0,0.0,0.0,0.0,0.0,0.0
2023-06-26 00:00:00+01:00,0.0038910505836575737,0.010050289787604694,-0.00917425975184516,0.0,-0.0028985507246376274,0.0,-0.011494252873563204,-0.03278685449048113,0.0,-0.02912618662434696,-0.008695652173912993,-0.00714288439069477,-0.002873519434293592,0.0,-0.006578947368421018,-0.022277264650655937,-0.011627950817908794,-0.008196674537606752,0.0,0.017857142857142794,-0.013392823311138558
2023-06-27 00:00:00+01:00,-0.011627906976744207,-0.007462667446939908,-0.009259294417005237,-0.018867924528301883,0.0029069767441860517,0.0,-0.007751937984496138,-0.008474608462146094,0.0,-0.02499997615814209,-0.03508771929824561,0.0,-0.028818443170411268,0.0,-0.0066225165562914245,0.0,-0.014705882352941124,-0.008264494075791107,-0.06944444628409407,-0.0013158028585869008,-0.027149338059415218
2023-06-28 00:00:00+01:00,0.0117647058823529,0.007518777583654268,0.018691571292548614,0.0,-0.008695652173912993,0.0,-0.015625,0.0,-0.01639342724524051,0.0,0.009090909090909038,0.0,-0.005934740605685662,0.16666666666666674,0.0,-0.0025316069397745,0.0,0.0,0.0,-0.003074207104189375,-0.009302361066951259
2023-06-29 00:00:00+01:00,0.005813953488372103,-0.004975143262281545,-0.018348606996750005,0.0,-0.011695906432748537,-0.007633587786259555,0.007936507936507908,-0.008546959779967,-0.025000015894571903,-0.007692361301217643,0.009009009009008917,0.0071942722456204145,0.008955201106285005,0.0,-0.010000000000000009,0.0,-0.014925373134328401,-0.04166666666666663,0.0,0.0,-0.014084471727988102
2023-06-30 00:00:00+01:00,0.05587668593448947,0.012499999999999956,0.04672897279559285,0.019230769230769162,0.01183431952662728,0.01538461538461533,0.023622047244094446,0.025862002344394508,0.025641042361154165,0.04909562347261165,0.017857142857142794,0.028571401323590928,0.011834364938100972,0.0,0.030303030303030276,0.02538070967695716,0.012121258359966802,0.06086954863175098,0.08208958304361325,0.0396475770925111,0.07619049435570124
2023-07-03 00:00:00+01:00,0.014598540145985384,0.0,0.035714337412192876,0.0037735849056603765,0.01023391812865504,0.007575757575757569,-0.007692307692307665,0.0,-0.008333365122477177,0.014778311237724884,-0.004385964912280715,0.00694447111936336,0.005847975394087879,0.0,0.045751633986928164,-0.00990102749433508,0.0,0.02459017995287449,0.0,-0.016949152542372836,0.013274302300743557
2023-07-04 00:00:00+01:00,0.03956834532374098,-0.009876580885898933,0.0689654492027858,0.003759398496240518,0.01013024602026058,0.007518796992481258,0.007751937984496138,0.008403393670198822,0.042016808069591516,0.03398066679891576,0.008810572687224738,0.0,0.005813864516596823,0.0,0.006250000000000089,0.0100000381469727,0.002993966154271277,0.031999969482421786,0.0,-0.008620689655172376,0.0218340614990844
2023-07-05 00:00:00+01:00,-0.01384083044982698,0.0,-0.04032258188563265,0.0,-0.014326647564469885,-0.02238805970149249,-0.005769230769230749,0.0,0.0,-0.014084604787086619,-0.013100436681222738,0.0,-0.0028901294373144815,0.0,-0.006211180124223614,-0.00990102749433508,0.0,0.0,0.0,0.004347826086956497,0.004273520645296847
2023-07-06 00:00:00+01:00,0.01754385964912286,0.0,-0.008403313529497414,-0.011235955056179803,0.008720930232558155,-0.007633587786259555,0.0019342359767891004,0.008333365122477288,-0.024193487604002417,0.05238101833802267,-0.013274336283185861,0.006896578032394851,0.02898550724637672,0.0,0.006250000000000089,0.0100000381469727,0.04477611940298498,0.007751967785028402,0.0,-0.008658008658008698,-0.008510670763380968
2023-07-07 00:00:00+01:00,0.02758620689655178,0.006234414202318295,0.016949136104436047,0.030303030303030276,0.008645533141210304,0.019230769230769162,0.01158301158301156,0.03305781867105084,0.03305781867105084,-0.0045248824844553726,0.004484304932735439,-0.02054795773263285,0.012676077829280263,0.0,0.024844720496894457,0.0,0.01714281354631697,0.03846153846153855,-0.041379336653084575,0.0,0.0042918620061869195
2023-07-10 00:00:00+01:00,-0.006711409395973145,0.0012392330520132333,0.0,0.0,0.0,0.01132075471698113,-0.007633587786259555,-0.004000015258789014,-0.008000030517578138,0.0,0.0044642857142858094,0.0,-0.018080709654643146,0.0,-0.0060606060606061,0.0,0.0,0.0,0.0,0.0,0.0
2023-07-11 00:00:00+01:00,-0.006756756756756799,-0.0024753040851818175,-0.008333365122477177,-0.007352941176470562,0.0,-0.02238805970149249,0.01538461538461533,0.004016079638624159,0.00806454714081517,0.004545450112051208,0.0,0.0,0.0,0.0,0.0,0.0,0.0,-0.014814800686306473,0.0,0.004366812227074135,0.004273520645296847
2023-07-12 00:00:00+01:00,-0.006802721088435382,0.002481446419641431,0.0,0.0,0.017142857142857126,0.0,0.0,0.0,-0.008000030517578138,-0.011312260151992382,0.0,0.0,-0.01983005037021479,0.0,0.018292682926829285,0.01980196056547401,0.005617999199770685,0.0,0.0,-0.004347826086956497,0.0
2023-07-13 00:00:00+01:00,-0.006849315068493178,-0.004950513747167595,0.0,0.007407407407407307,0.008426966292134797,0.01526717557251911,0.022727272727272707,0.0,0.0,0.006865036749196918,-0.013333333333333308,0.0,-0.008670498563314366,0.0,-0.005988023952095856,-0.019417456850636006,-0.008379867135583141,-0.01503757942834183,0.035971224008772174,0.0,-0.021276595744680882
2023-07-14 00:00:00+01:00,0.0034482758620688614,-0.002487619077623293,0.016806787340397866,0.003676470588235281,0.03064066852367686,0.007518796992481258,0.0,0.004000015258789125,0.0,0.004545450112051208,-0.009009009009009028,-0.020979034037302835,0.011661852325836497,0.0,0.009036144578313143,-0.014851541241502675,0.0,-0.007633616683796363,0.0,-0.004366812227074246,-0.008695685345193604
2023-07-17 00:00:00+01:00,-0.0068728522336769515,-0.0024937276290828425,-0.008264494075791107,0.0,0.018918918918918948,-0.007462686567164201,0.007407407407407307,-0.00398407888246699,0.03225811165403902,0.018099529937821268,-0.009090909090909038,0.0,-0.005763710620809492,0.0,0.005970149253731405,0.0,-0.002816858425946256,0.0,0.0,0.0,0.0
2023-07-18 00:00:00+01:00,0.02422145328719716,0.0,0.008333365122477288,-0.01831501831501836,-0.007957559681697646,0.007518796992481258,0.022058823529411686,0.008000030517578027,0.03124996973201677,0.017777760823567634,0.02752293577981657,0.0,0.005797123563462403,0.0,0.0029673590504450953,-0.01005019394093798,0.0028248155313777,-0.0076923370361328125,0.00694447111936336,-0.004385964912280715,-0.013157861714877095
2023-07-19 00:00:00+01:00,-0.006756756756756799,0.005000019073486239,-0.008264494075791107,-0.007462686567164201,0.008021390374331583,-0.007462686567164201,0.043165467625899234,0.0,0.03030307408973054,-0.004366808135300104,0.03125,0.007142884390694659,0.023054732549601775,-0.25,-0.00591715976331364,0.015228387078284777,0.002816858425946256,0.02325582942684168,0.0,0.004405286343612369,0.008888922797309018
2023-07-20 00:00:00+01:00,0.020408163265306145,-0.007462667446939908,0.008333365122477288,0.009398496240601517,0.0026525198938991412,-0.007518796992481258,0.0,0.0,-0.014705938038939936,-0.004385960784535126,0.05627705627705626,-0.01418445088854714,-0.00845068273409988,0.1428571428571428,0.008928571428571397,0.0100000381469727,0.005617999199770685,0.022727287505283966,0.0,0.0,0.00881052197660459
2023-07-21 00:00:00+01:00,0.010000000000000009,0.007518777583654268,0.024793324595259847,0.005586592178770999,0.015873015873015817,0.007575757575757569,0.01379310344827589,0.003968193297365197,0.0,-0.03083697525593232,0.004098360655737654,0.014388544491240829,-0.0028409740525814353,0.0,0.03834808259587019,0.00990093307113904,-0.005586613608986046,0.014814800686306473,0.0,0.0,0.0
2023-07-24 00:00:00+01:00,-0.0066006600660065695,0.0,0.0,-0.022222222222222254,0.0,0.0,-0.006802721088435382,-0.003952508977731917,0.007462715247501972,-0.03636370926848953,-0.024489795918367308,0.014184383252072719,-0.008546987182399324,0.0,-0.0028409090909090606,0.0,0.0,0.0,-0.03448275862068961,0.004385964912280604,0.004366828957883762
2023-07-25 00:00:00+01:00,-0.0033222591362126463,0.002487524184658252,0.0,0.011363636363636465,0.0026041666666667407,0.0,0.013698630136986356,0.0,0.007407435664424256,0.004717089349841386,0.004184100418409997,0.0,0.005747148486326958,0.0,-0.002849002849002802,-0.009803865653465582,-0.014044944422215822,0.0,-0.0714285714285714,0.008733624454148492,0.0
2023-07-26 00:00:00+01:00,-0.00666666666666671,-0.004962798181780803,-0.016129017372408794,0.0,-0.0025974025974025983,-0.003759398496240629,-0.013513513513513487,-0.0317460761979701,0.0,-0.014084604787086619,-0.01666666666666672,0.0,-0.008571406773158485,0.0,-0.02285714285714291,0.0,0.0028490681813586605,0.0,0.0,-0.0043290043290042934,0.0
2023-07-27 00:00:00+01:00,0.006711409395973256,0.009975100775553747,0.0,-0.014981273408239737,-0.00520833333333337,0.01132075471698113,0.006849315068493178,0.00819675270763387,0.0,0.0,0.029661016949152463,0.0,-0.011527421241619096,0.0,0.0,-0.00990102749433508,0.0,-0.01459852642697701,-0.07692307692307687,0.0,-0.008695685345193604
2023-07-28 00:00:00+01:00,-0.01666666666666672,-0.0024690981264468004,0.00819675270763387,0.0038022813688212143,0.005235602094240788,0.00746268656716409,0.006802721088435382,0.020325202936851694,-0.014705938038939936,-0.00952380087370197,-0.028806584362139898,0.0,-0.008746333636544312,0.0,0.00877192982456143,0.0,0.0,0.03703703703703698,0.0,0.0,-0.004385898134529276
2023-07-31 00:00:00+01:00,0.006779661016949046,0.012376237156320746,0.0,0.007575757575757569,-0.00520833333333337,0.0,-0.006756756756756799,-0.00398407888246699,0.0,-0.01923075159625831,-0.004237288135593209,0.0,-0.005882375380572125,0.0,-0.005797101449275366,0.0100000381469727,0.0,0.007142884390694659,0.0,-0.008695652173912993,0.004405218976219372
2023-08-01 00:00:00+01:00,-0.026936026936026924,0.002444950376293331,-0.008130112188539096,-0.011278195488721776,-0.002617801047120394,-0.014814814814814836,-0.013605442176870763,0.008000030517578027,-0.0447760779758305,-0.01960782480441492,0.008510638297872353,0.0,0.005917182469050486,0.0,-0.002915451895043719,0.00990093307113904,0.004261298520753742,-0.042553217392692355,0.0,0.0,0.008771963580347819
2023-08-02 00:00:00+01:00,-0.0034602076124568004,-0.004878067388767171,-0.008196674537606752,-0.0038022813688213253,-0.005249343832021025,-0.007518796992481258,-0.0034482758620689724,-0.023809538226368665,0.0,0.034999966621398926,0.00421940928270037,-0.020979034037302835,0.01176475076114425,0.0,-0.01754385964912286,-0.029411783955364257,-0.007072136090275016,-0.007407435664424145,0.050000031789143806,-0.00877192982456143,-0.004347842672596802
2023-08-03 00:00:00+01:00,0.0,0.0,-0.008264494075791107,-0.003816793893129722,0.0026385224274405594,0.0,-0.0034602076124568004,0.0,0.0,-0.014492740269210325,-0.021008403361344574,0.0,-0.008721018559610272,0.0,-0.011904761904761862,0.0,-0.005697919001040552,0.022388074572778693,0.0,0.017699115044247815,0.008733657915767745
2023-08-04 00:00:00+01:00,-0.0017361111111111605,0.014705938726424117,0.008333365122477288,0.015325670498084198,0.0,0.0,0.0,0.0,0.03124996973201677,0.0,0.02145922746781115,0.0,0.007331378627178697,0.0,0.009036144578313143,0.0,0.0,0.0036496490095605516,0.15079361595294238,0.008695652173912993,0.0
2023-08-08 00:00:00+01:00,-0.019130434782608674,0.0024154219911944885,0.0,-0.015094339622641506,0.010526315789473717,0.015151515151515138,0.0,-0.008130112188539096,0.0,-0.01960782480441492,-0.004201680672268893,0.0,-0.0043667457887850425,0.0,0.0,0.02020209804504458,0.0,0.0,-0.14482761251515353,0.012931034482758674,0.0
2023-08-09 00:00:00+01:00,0.014184397163120588,0.007831343685287928,0.008264415259734426,0.0,0.0026041666666667407,0.00746268656716409,0.0,0.00819675270763387,0.0,0.0,0.00421940928270037,0.0,0.008771907320705097,0.0,0.008955223880596996,0.00990093307113904,0.005730571332321688,0.0,0.1129032754253041,-0.004255319148936176,0.012986979744866067
2023-08-10 00:00:00+01:00,-0.0034965034965035446,0.013747776508086895,0.0,0.0,0.0,0.0,0.0,0.0,0.0075757865844463534,-0.004999995231628418,0.0,0.0,0.0,0.0,0.0,0.009803959150949337,0.0,0.010909063165838173,0.0,0.008547008547008517,0.012820561935890318
2023-08-11 00:00:00+01:00,0.010526315789473717,0.0,-0.01639342724524051,-0.019157088122605415,0.0025974025974024872,0.0,0.00694444444444442,-0.008130112188539096,-0.0075188255665883386,-0.0075376812175881325,-0.01680672268907568,0.0,0.0,0.0,0.0,0.009708682130449064,-0.0028489595005202206,-0.007194203635955465,-0.014492739601511984,0.0,0.00843877000643678
2023-08-14 00:00:00+01:00,-0.00347222222222221,-0.004716998956176499,0.0,0.01171875,0.010362694300518172,0.0,-0.006896551724137945,0.0,-0.007575714336391148,0.0,0.008547008547008517,0.0,0.002898506496263664,0.0,0.0,0.0,0.0028570992606027357,-0.007246404354172786,0.0,-0.008474576271186418,-0.004184116446269481
2023-08-15 00:00:00+01:00,0.010452961672473782,0.007108986531678241,0.0,0.007722007722007707,0.007692307692307665,0.022222222222222143,0.0,0.0,0.0,0.007594929374080017,0.012711864406779627,0.0,0.020231236815314135,0.0,0.0,0.0,-0.005697919001040552,0.01459852642697701,0.0,-0.004273504273504258,0.0
2023-08-16 00:00:00+01:00,0.006896551724137945,0.0,0.016666650772094727,0.03065134099616862,-0.007633587786259555,0.03623188405797095,-0.00694444444444442,0.00819675270763387,-0.015267233367592836,-0.005025120811725348,0.004184100418409997,0.007142884390694659,0.0,0.0,0.01183431952662728,0.0,0.0,-0.021582679517531345,-0.07352940970226152,0.008583690987124415,-0.004201616694398003
2023-08-17 00:00:00+01:00,-0.006849315068493178,0.0023529052734374556,0.004098376353816935,-0.0037174721189591198,0.00512820512820511,0.0,0.006993006993007089,-0.004065056094269548,-0.015503861641813277,-0.010101000370632551,-0.008333333333333304,0.0,-0.005665744115072924,0.0,-0.005847953216374324,0.0,-0.002865394969802648,0.014705867915830284,-0.04761907645273733,-0.004255319148936176,-0.0042194252426397405
2023-08-18 00:00:00+01:00,-0.006896551724137945,-0.002347382105702178,0.0,0.0,0.0025510204081633514,-0.013986013986013957,-0.00694444444444442,0.0,0.0,-0.005102035851341613,0.0,-0.01418445088854714,-0.017093974364798536,0.0,0.0,0.0,-0.002873519434293592,-0.007246404354172786,0.20833333333333326,0.004273504273504258,-0.004237304231073047
2023-08-21 00:00:00+01:00,-0.01388888888888884,-0.01647060618681062,-0.004081648223254186,0.0,0.0,0.0,-0.006993006993006978,0.0,-0.023622062617355444,0.012820500280416924,-0.021008403361344574,0.014388544491240829,-0.002898506496263553,0.0,-0.0117647058823529,0.0,-0.008645510964396141,-0.007299228407856018,0.0,0.004255319148936065,0.008510670763381079
2023-08-22 00:00:00+01:00,0.014084507042253502,-0.0023923080369923078,0.0,-0.003731343283582045,-0.010178117048346036,0.014184397163120588,0.0035211267605634866,0.004081648223254186,-0.016129017372408794,0.002531643124693339,0.012875536480686733,0.014184383252072719,0.0029069322582984114,0.0,0.0,0.0,-0.0029070431506559302,0.014705867915830284,-0.08965518556792162,-0.008474576271186418,0.0
2023-08-23 00:00:00+01:00,-0.00347222222222221,-0.002398136378626514,0.0,0.0,-0.0025706940874036244,0.0,0.0035087719298245723,-0.008130112188539096,-0.01639342724524051,-0.015151500555948827,0.012711864406779627,-0.006993033575937835,-0.008695630059725956,0.0,0.0,0.0,-0.002915407473626064,0.0,-0.09090907777308088,-0.004273504273504258,-0.00843885048527937
2023-08-24 00:00:00+01:00,-0.015679442508710784,0.0,-0.03278685449048113,-0.0037453183520599342,-0.010309278350515427,-0.020979020979020935,-0.0034965034965035446,0.0,0.008333365122477288,-0.020512861581634567,-0.012552301255230103,0.007042280479784058,0.0,0.0,-0.005952380952380931,-0.01923075159625831,-0.0029240434674705496,0.007246335247339308,0.16666666666666674,-0.0042918454935622075,-0.004255335381690539
2023-08-25 00:00:00+01:00,0.0,-0.04086531275475258,0.008474527642289953,0.007518796992481258,-0.00520833333333337,0.0,0.0035087719298245723,-0.008196674537606752,-0.008264494075791107,-0.007853395789016004,-0.008474576271186418,0.04195800138409478,-0.005847975394087768,0.0,0.0,-0.009803865653465582,0.0,-0.032374087885961966,0.0,-0.030172413793103425,-0.017094001070560583
2023-08-28 00:00:00+01:00,-0.001769911504424737,-0.012531327841571738,0.0,0.003731343283582156,0.0,0.0,0.0,-0.008264494075791107,0.0,-0.021108159501653567,0.004273504273504258,0.026845676674188024,0.0,0.0,-0.0119760479041916,0.00990093307113904,0.002932618571647616,-0.011152388152968262,0.0,0.004444444444444473,-0.021739130434782594
2023-08-29 00:00:00+01:00,0.010638297872340496,0.015228387078284777,0.0,0.0,0.0,0.0071428571428571175,0.0,-0.008333365122477177,0.008333365122477288,-0.0026954151914918567,0.017021276595744705,0.019607855359147885,0.0,0.0,0.0,0.0,0.008771907320705097,0.0,0.0,0.0,-0.004444461398654509
2023-08-30 00:00:00+01:00,-0.0035087719298245723,-0.002499961853027366,0.0336134945400941,0.0,-0.010471204188481686,-0.028368794326241176,0.0,0.0,0.008264415259734426,0.024324300813361788,-0.004184100418409997,0.0,-0.002941131591796875,0.0,0.0121212121212122,-0.01960782480441492,0.0,0.0,0.0,0.0,0.022321428951560307
2023-08-31 00:00:00+01:00,-0.007042253521126751,-0.007518873190098363,-0.008130112188539096,-0.01115241635687736,0.0,0.0,0.0,0.02521010086989528,-0.07377046168859613,-0.01319259968853348,-0.012605042016806678,0.03205128126752599,-0.0058997272547841595,0.0,-0.0119760479041916,0.0100000381469727,0.0,0.0,0.0,-0.004424778761061954,-0.01746723254120064
2023-09-01 00:00:00+01:00,0.010638297872340496,-0.02272721580456105,-0.008196674537606752,0.0,-0.005291005291005346,0.014598540145985384,-0.010489510489510523,0.00819675270763387,-0.008849591131132817,-0.005347588469389097,-0.017021276595744705,0.06211179977057313,0.0089020543106475,0.0,-0.0060606060606061,-0.00990102749433508,0.002898506496263664,0.015037579428341719,-0.014285700661795464,-0.004444444444444473,0.006666649712456563
2023-09-04 00:00:00+01:00,-0.010526315789473717,0.0,0.008264415259734426,-0.018796992481203034,-0.0026595744680850686,0.014388489208633004,0.007067137809187329,0.008130034654042939,0.0,-0.002688169458695655,0.008658008658008587,-0.017543926182263303,-0.005882375380572125,-0.16666666666666663,0.0,-0.00500001907348635,-0.005780258874628963,0.0,-0.028985548309857667,0.0,0.0022075560817349515
2023-09-05 00:00:00+01:00,-0.014184397163120588,0.0,-0.008196674537606752,-0.01532567049808431,-0.01866666666666672,-0.028368794326241176,-0.0035087719298245723,-0.008064470231593623,0.0,-0.01886790634044322,-0.012875536480686733,-0.02976190611348406,-0.023668617015333404,0.0,0.012195121951219523,-0.005025144893802347,0.0,-0.03703703703703709,0.007462715247501972,-0.004464285714285698,-0.02202643097776069
2023-09-06 00:00:00+01:00,0.003597122302158251,0.0,0.0,-0.015564202334630295,-0.005434782608695676,-0.021897810218978075,-0.014084507042253502,0.0,-0.035714252262698754,-0.010989065691980104,-0.008695652173912993,-0.04294471707699632,0.0,0.30000000000000004,0.0,0.0,-0.005813975408954342,0.015384600712702756,-0.014814800686306473,-0.017937219730941756,0.004504435616418112
2023-09-07 00:00:00+01:00,-0.0035842293906810374,-0.010335956537291913,-0.024793403411316528,-0.011857707509881465,-0.010928961748633892,-0.014925373134328401,0.0,-0.008130112188539096,0.0,-0.019444426415878624,0.0,0.0,-0.006060629179983401,0.0,-0.01807228915662651,-0.010100952691779574,-0.0029240434674705496,-0.030303001841675226,0.0,-0.004566210045662156,-0.035874406476706144
2023-09-08 00:00:00+01:00,0.0,-0.0026109262692708413,0.016949136104436047,-0.0040000000000000036,-0.0055248618784530246,0.015151515151515138,0.0,0.0,0.018518500530834592,-0.008498575533404162,0.0,0.0,0.0030488503397696487,0.0,0.0030674846625766694,0.0,-0.005865013407374997,0.007812455180101763,-0.09774437384147394,0.00917431192660545,0.013953452886537043
2023-09-11 00:00:00+01:00,-0.003597122302158251,-0.00261786091154681,-0.016666650772094727,-0.002008032128514081,-0.005555555555555536,0.0,0.0,-0.008196674537606752,-0.018181800842285156,-0.02285712105887272,-0.013157894736842146,0.02564100056083385,0.006078934315090212,0.0,-0.00917431192660545,0.00765304161279956,-0.01769918176435259,-0.02325575549859793,0.0,0.0,0.004587173622452312
2023-09-12 00:00:00+01:00,0.0036101083032491488,-0.01049862801053214,0.0,-0.014084507042253502,0.011173184357541999,0.0,0.0,0.0,0.0,-0.014619938485219475,0.01333333333333342,-0.02499997615814209,0.0030212173241199736,0.0,-0.012345679012345734,-0.010126620908326722,0.0,0.0,0.0,-0.004545454545454519,0.009132455087817792
2023-09-13 00:00:00+01:00,-0.007194244604316502,-0.010610119835120058,-0.02542374456658214,0.0020408163265306367,0.0,0.0,0.0071428571428571175,-0.008264494075791107,-0.009259294417005237,-0.01186942528527457,-0.01754385964912286,0.006410219573724785,-0.0120482384544226,0.0,-0.018750000000000044,-0.017902735947815773,-0.024024001663345507,-0.007936537971601432,0.0,-0.004566210045662156,-0.013574712182390813
2023-09-14 00:00:00+01:00,0.007246376811594235,-0.0026809242940074585,0.04347826086956519,-0.008146639511201648,-0.016574585635359074,-0.02238805970149249,-0.007092198581560294,0.004166682561238533,-0.009345741082053105,-0.0630630759634545,0.008928571428571397,-0.006369390382820028,-0.006097584377790843,0.0,0.0,-0.0052083529945868845,-0.006153869628906294,-0.048000030517578174,-0.03333330154418945,-0.00917431192660545,-0.018348606996750005
2023-09-15 00:00:00+01:00,-0.003597122302158251,0.008064495454511489,0.0,0.01642710472279263,0.0,-0.007633587786259555,0.014285714285714235,0.0,0.009433907943081188,-0.006410250532086104,0.0,0.0,-0.02147235853849816,0.0,0.0,-0.005235621961910741,-0.003095928064492215,-0.016806707199696347,0.0,-0.00462962962962965,-0.00467291510524781
2023-09-18 00:00:00+01:00,0.0036101083032491488,0.0,0.008333365122477288,-0.004040404040404066,0.0070224719101124045,0.007692307692307665,-0.007042253521126751,-0.0041493933563011565,0.0,0.0,-0.004424778761061954,0.012820500280416924,0.009404424702090353,0.0,0.006369426751592355,0.0,-0.003105661069842447,0.05982904450227533,-0.1379310628321726,0.009302325581395321,0.004694853758291817
2023-09-19 00:00:00+01:00,0.0,0.00266662597656242,0.0,0.0020283975659229903,0.001394700139470073,-0.007633587786259555,-0.021276595744680882,0.0,0.0,0.009677487332666601,-0.013333333333333308,0.037974646870400086,-0.012422407341657227,0.0,0.012658227848101333,0.01052635594418172,0.003115336248348477,0.06451614639885639,-0.4,-0.004608294930875556,0.028037401503044235
2023-09-20 00:00:00+01:00,-0.003597122302158251,-0.01063823743123149,0.0,-0.014170040485829927,0.0,-0.007692307692307665,0.0,0.008333365122477288,0.0,-0.009584731217720188,-0.022522522522522515,-0.02439022120941492,-0.0031446061798816594,0.0,-0.018750000000000044,-0.010416705989173769,0.0031055426009860554,-0.022727287505284077,0.0,-0.0092592592592593,0.009090943769975102
2023-09-21 00:00:00+01:00,0.0036101083032491488,-0.0026882335152527137,-0.016528988151582213,0.006160164271047153,-0.011142061281337101,-0.015503875968992276,-0.007246376811594235,-0.016528988151582213,-0.009345741082053105,-0.02580642779585396,0.004608294930875667,-0.02499997615814209,-0.022082042463476115,0.0,0.0,0.0,-0.00928790229556209,0.007751967785028402,0.0,-0.004672897196261627,0.00900895714943828
2023-09-22 00:00:00+01:00,0.007194244604316502,0.002695479593836536,0.0,0.0,0.025352112676056304,0.055118110236220375,0.0,0.0,0.0,-0.006622510282393357,0.0,-0.01282056141338439,0.006451637514175879,0.0,-0.006369426751592355,-0.02105261150159332,0.00937497615814209,0.0076923370361328125,0.16666666666666674,0.0,0.0
2023-09-25 00:00:00+01:00,-0.010714285714285676,0.0,0.0,0.008163265306122547,-0.005494505494505475,0.02238805970149249,0.0,-0.008403313529497414,0.03773581171086837,-0.03333330154418945,0.0,0.006493531425117771,-0.025641061693801315,0.0,0.0,0.010752626424140876,0.0,0.015267160568028793,0.4285714285714286,0.0,0.0
2023-09-26 00:00:00+01:00,-0.014440433212996373,-0.0026882335152527137,-0.016806707199696347,-0.02429149797570851,-0.0055248618784530246,-0.021897810218978075,0.0,-0.02542374456658214,0.018181800842285156,-0.00689654492027858,0.0,0.0,-0.016447368627439896,0.0,0.0,-0.002659533994128216,-0.012383889411096916,-0.01503757942834183,0.0,0.0,0.0
2023-09-27 00:00:00+01:00,0.0,-0.002695376771803537,0.0,0.0,0.005555555555555536,0.0,0.007299270072992803,0.0,0.0,0.006944437545759019,0.00917431192660545,0.006451637514175879,0.0,0.0,-0.0032051282051281937,-0.0053333536783853885,-0.0031348082340301175,-0.007633616683796363,0.0,0.0,0.0
2023-09-28 00:00:00+01:00,0.00366300366300365,-0.0027026614627322365,0.0,0.004149377593360981,-0.0055248618784530246,-0.007462686567164201,0.0,0.0,-0.008928520490927738,-0.0034482724601393455,-0.009090909090909038,0.03205128126752599,-0.02006690264630906,0.0,0.0,-0.0187667768701707,0.006289332318799801,-0.0076923370361328125,0.0,0.0046948356807512415,-0.013392823311138558
2023-09-29 00:00:00+01:00,0.007299270072992803,-0.002710089015801942,0.012820561935890318,0.012396694214876103,0.005555555555555536,0.007518796992481258,0.009057971014492683,0.0130434450895891,0.03603600043095767,0.003460204186943594,0.022935779816513735,0.018633492543629337,0.017064846860731953,0.0,0.012861736334405238,0.016393505842428047,0.01250004768371582,0.007751967785028402,0.0,0.004672897196261738,0.02488684287633358
2023-10-02 00:00:00+01:00,0.007246376811594235,0.0,0.004219344763797039,-0.004081632653061273,0.0013812154696133394,0.00746268656716409,-0.0017953321364452268,0.0042918620061869195,0.0,-0.008620722256998503,0.008968609865470878,-0.03658533181412238,0.0,0.0,0.01904761904761898,0.0,0.0,-0.015384600712702867,0.0,0.0,0.0
2023-10-03 00:00:00+01:00,-0.017985611510791366,0.0,0.0,-0.008196721311475419,-0.0013793103448276334,0.0,-0.007194244604316502,0.004273520645296847,-0.008695685345193604,-0.019130458002505124,-0.004444444444444473,0.018987353614766667,-0.010067088749702191,0.0,-0.009345794392523366,0.0,0.0,-0.007812529685906622,0.0,-0.0046511627906976605,0.0022075560817349515
2023-10-04 00:00:00+01:00,-0.00366300366300365,0.008152153350003966,0.0,-0.004132231404958664,-0.0055248618784530246,0.0,0.01449275362318847,0.012765924981299914,0.026315807085398824,-0.014184383971608927,-0.008928571428571397,0.0,0.016949152542372836,0.0,0.012578616352201255,-0.016129093454646193,-0.006172862762975684,0.0,0.0,0.009345794392523255,0.0
2023-10-05 00:00:00+01:00,-0.022058823529411797,-0.00808623313744361,0.0,0.0,-0.002777777777777768,-0.014814814814814836,-0.0071428571428571175,-0.008403313529497414,-0.008546959779967,0.003597118908694741,0.0,0.0,-0.006666692097981763,0.0,-0.012422360248447228,-0.010928899668246395,0.0,0.0,0.0,-0.02777777777777779,-0.05286346795629193
2023-10-06 00:00:00+01:00,0.018796992481203034,0.0,0.008403393670198822,0.008298755186721962,0.0055710306406684396,0.0,0.0,0.0,0.06034480915908791,0.053763475777184766,-0.013513513513513487,-0.00931680550624292,0.006711435169794333,0.0,0.01572327044025168,0.005524882837687928,-0.003105661069842447,0.015748016714081325,0.0,0.004761904761904745,0.00930236106695137
2023-10-09 00:00:00+01:00,-0.029520295202952074,0.0,-0.016666650772094727,-0.026748971193415683,-0.0013850415512465242,0.0,0.0,0.0,0.0,-0.027210938968575293,-0.004566210045662156,0.0,-0.01666666666666672,0.0,-0.003095975232198178,-0.005494526224051444,0.0015577275431375437,-0.04263560103292541,0.0,0.0,-0.009216624696208542
2023-10-10 00:00:00+01:00,-0.0038022813688213253,-0.01902176025684521,0.0,-0.014799154334038,-0.001386962552011095,-0.007518796992481258,0.0,0.0,0.016260146842582035,-0.010489500870686341,-0.004587155963302725,0.0031348082340301175,-0.023728839421676362,0.0,-0.006211180124223614,-0.022099425972376352,0.0015551861489120355,0.012145717724457494,0.0,-0.028436018957345932,0.013953452886537043
2023-10-11 00:00:00+01:00,0.022900763358778553,0.002770146621752456,0.008474527642289953,0.023605150214592197,0.0,0.030303030303030276,0.0,0.016949136104436047,0.024000015258789142,0.0035335656299810836,0.0,0.0,0.02083334713070517,0.0,0.0,0.028248586352996652,0.006211203670828613,0.011999969482421768,0.0,0.004878048780487809,0.013761520867357158
2023-10-12 00:00:00+01:00,-0.014925373134328401,-0.0027624941080316434,0.0,0.0,0.005555555555555536,0.0,0.0,0.0,0.0,0.00704224701794165,-0.004608294930875556,0.00625002384185791,-0.017006802941754384,0.0,-0.006249999999999978,-0.005494526224051444,0.0,-0.015810262078756798,0.0,-0.004854368932038833,0.0
2023-10-13 00:00:00+01:00,0.007575757575757569,0.0,0.0,0.01048218029350112,0.0,0.0,0.003597122302158251,0.0,0.0,-0.006993000580457598,0.004629629629629539,-0.006211203670828613,0.013840817432876351,0.0,0.0,0.0,0.0015431862563528576,0.004016079638624159,0.0,-0.004878048780487809,0.004524904060796864
2023-10-16 00:00:00+01:00,0.0,-0.011080269476143823,-0.008403313529497414,-0.008298755186721962,-0.0055248618784530246,0.007352941176470562,-0.0035842293906810374,-0.008333365122477177,0.0,-0.010563370526912585,-0.01382488479262678,0.0,-0.006825899685957926,0.0,-0.0062893081761006275,0.0,-0.004622543061700624,-0.008000030517578138,-0.019999980926513672,-0.014705882352941124,-0.013513564599060723
2023-10-17 00:00:00+01:00,-0.015037593984962405,-0.022408941735682975,-0.008474608462146094,-0.006276150627615107,0.0,-0.007299270072992692,-0.007194244604316502,-0.02521002072919387,0.0,-0.0035587155398179027,-0.01869158878504673,0.0,-0.01374569117823743,0.0,-0.006329113924050667,-0.005524882837687928,0.0,-0.016129017372408794,-0.08163267093517013,-0.0109452584489661,0.0
2023-10-18 00:00:00+01:00,-0.003816793893129722,-0.002865394969802648,0.0,-0.001052631578947416,0.005555555555555536,-0.003676470588235281,-0.007246376811594235,0.0,-0.007812529685906622,-0.035714252262698754,-0.01904761904761909,0.00625002384185791,-0.010453001269483342,0.0,-0.0031847133757961776,-0.002777735392252567,0.0,-0.008196674537606752,0.0,-0.01006036201860272,0.004566227543908896
2023-10-19 00:00:00+01:00,0.011494252873563315,0.005747148486326958,-0.025641042361154165,-0.00737618545837726,0.016574585635359185,0.0036900369003689537,0.007299270072992803,-0.008620722256998503,0.0,0.037037001061669184,0.004854368932038833,-0.01863355177805759,-0.007042213319620072,0.0,-0.015974440894568676,0.0027854726983509437,0.0030960461665776595,-0.016528988151582213,0.0,0.0,0.0
2023-10-20 00:00:00+01:00,0.0037878787878788955,-0.008571406773158485,-0.008771879924703185,0.002123142250530785,0.0,-0.007352941176470562,-0.007246376811594235,-0.004347842672596802,0.0,0.0,-0.01449275362318836,0.0,-0.003546112722136785,0.0,-0.0032467532467532756,0.005555576748318192,0.0,-0.008403313529497414,0.0,-0.006097545374156299,0.0
2023-10-23 00:00:00+01:00,-0.007547169811320753,-0.005763710620809492,0.017699097866309854,0.006355932203389925,0.0,0.0,-0.06569343065693434,-0.013100403583316766,0.0,-0.01071427567880967,-0.004901960784313708,0.012658215623466695,-0.010676197165001233,0.0,0.009771986970684043,0.0,0.006172745025411208,0.0,-0.33333333333333337,-0.01635998009804629,0.0
2023-10-24 00:00:00+01:00,-0.0038022813688213253,0.01449275362318847,0.0,-0.0052631578947368585,-0.008152173913043459,0.0,0.015625,0.008849506735177037,-0.007873970810807207,0.0036101048852397177,-0.014778325123152691,-0.012499988079071045,0.0,0.0,-0.003225806451612856,0.0,-0.003067438000050049,-0.008474608462146094,0.08000000317891431,-0.0010394852109495423,0.0
2023-10-25 00:00:00+01:00,0.0,-0.0028570992606026246,-0.04347826086956519,0.0,0.0,-0.007407407407407418,-0.007692307692307665,-0.017543843505051004,0.0,-0.010791356726084111,0.0,0.006329077632166724,0.0071942722456204145,-0.3076923076923077,-0.016181229773462813,0.0,-0.003076876126802852,-0.004273520645296847,0.0,0.0010405668648165722,0.0
2023-10-26 00:00:00+01:00,0.022900763358778553,-0.005730680635963603,0.03636360168457031,-0.0010582010582010914,0.010958904109588996,0.014925373134328401,0.0,0.00446430282021093,0.0,0.03272724151611328,0.05499999999999994,0.006289332318799801,0.021428585052490234,0.0,0.03289473684210531,-0.005524882837687928,0.01697528429500994,0.01287558601856098,0.08024691040060583,0.0,0.0
2023-10-27 00:00:00+01:00,-0.02985074626865669,-0.011527421241619096,0.0,0.010593220338983134,-0.005420054200542035,0.0,-0.007751937984496138,0.004444461398654509,0.0,-0.014084494035883521,0.009478672985782088,0.0,-0.020979034037302835,0.0,-0.006369426751592355,-0.016666624281141518,0.013657078983912774,0.008474527642289953,-0.11428574153355187,-0.0020789704218991956,0.0
2023-10-30 00:00:00+00:00,-0.007692307692307665,0.0029155186892921847,-0.008771879924703185,-0.014675052410901501,-0.0027247956403270157,0.0,-0.0078125,-0.004424795565566408,-0.007936537971601432,-0.007142850452539706,-0.0046948356807511304,-0.00625002384185791,0.0,0.0,0.0,0.0,0.0014969830771356385,-0.004201616694398003,0.03225811165403902,0.0,0.0
2023-10-31 00:00:00+00:00,-0.007751937984496138,-0.005813975408954342,0.0,0.0,0.005464480874316946,0.003676470588235281,0.0,-0.004444461398654509,0.0,-0.014388475634778741,-0.028301886792452824,0.0,-0.00714288439069477,0.4444444444444444,-0.012820512820512775,-0.005649738822560368,0.004484236405394304,-0.02109704573435578,-0.03125004423782163,0.0,0.004545471884987551
2023-11-01 00:00:00+00:00,-0.00390625,-0.011695950788175535,-0.008849591131132817,-0.006382978723404209,-0.005434782608695676,-0.01831501831501836,-0.023622047244094446,-0.008928520490927738,0.008000030517578027,-0.036496315432303805,-0.004854368932038833,0.0,-0.017985612004386087,0.0,-0.0032467532467532756,-0.022727250560256596,-0.0044642177974254516,0.0,-0.032258034744817476,-0.004166682561238644,-0.004524904060796975
2023-11-02 00:00:00+00:00,0.019607843137254832,0.0,0.008928605640421639,-0.008565310492505307,0.002732240437158362,0.014925373134328401,0.016129032258064502,0.00900895714943828,-0.015873075943202752,0.030303000199675578,0.014634146341463428,0.006289332318799801,0.01465207095448906,0.0,0.0032573289902280145,0.005813864516596823,0.0,0.03448272460139301,0.0,0.0062761347667124046,-0.009090943769975102
2023-11-03 00:00:00+00:00,0.0038461538461538325,0.0,0.008849506735177037,-0.021598272138228958,0.0027247956403269047,0.007352941176470562,-0.007936507936507908,0.0,-0.008064470231593623,0.025735269303862385,0.033653846153846256,0.00625002384185791,0.005415148534254177,0.0,0.0,-0.028901735378628612,0.007473841384093127,0.025000015894572014,0.0,0.002079049729537097,0.0
2023-11-06 00:00:00+00:00,0.0,0.0,0.0,-0.013245033112582738,-0.005434782608695676,-0.014598540145985384,0.008000000000000007,-0.008928520490927738,-0.004065056094269548,-0.025089582150498058,-0.032558139534883734,-0.01863355177805759,-0.01615801640128045,0.0,-0.00649350649350644,0.01785721178768762,-0.002967426900723824,0.0,0.0,-0.006224050462903974,0.0
2023-11-07 00:00:00+00:00,-0.011494252873563204,0.0,0.0,0.006711409395973256,-0.002732240437158473,0.007407407407407307,-0.007936507936507908,0.00900895714943828,-0.012244866818797884,0.0,0.0,0.003860751238222271,0.03284670186351435,0.0,0.0,0.011695839247322315,0.0029762587309454247,0.016260146842582035,0.0,0.0,0.004587173622452312
2023-11-08 00:00:00+00:00,0.003875968992248069,-0.005917182469050486,-0.017543843505051004,-0.008888888888888835,0.00273972602739736,0.0,-0.016000000000000014,0.0,0.0,-0.025735269303862496,-0.009615384615384581,0.007502646790444878,0.003533582479351205,0.0,0.0,0.005780369125999885,0.0,-0.008000030517578138,0.0,-0.002087730388992348,0.004566227543908896
2023-11-09 00:00:00+00:00,-0.019305019305019266,0.0,0.0,0.010089686098654793,0.002732240437158362,-0.014705882352941124,0.0,-0.008928520490927738,0.0,-0.003773581171086837,0.0,0.007509439466266921,-0.03169012783870062,0.0,0.0,-0.002873519434293592,0.0,0.0,0.0,0.002092098125826336,-0.004545471884987551
2023-11-10 00:00:00+00:00,0.015748031496062964,0.0,-0.008928520490927738,0.0011098779134295356,0.0027247956403269047,0.0,0.008130081300812941,0.00900895714943828,0.0,-0.01893946543486147,0.014563106796116498,0.004968939242891546,0.010909063165838173,0.0,-0.006535947712418277,-0.014409221585205634,-0.002967426900723824,0.01612909428163012,0.0,-0.002087730388992348,-0.013698595538180203
2023-11-13 00:00:00+00:00,-0.015503875968992276,-0.014880953056742086,-0.018018086132081,-0.009977827050997812,-0.010869565217391353,-0.007462686567164201,-0.016129032258064502,-0.008928520490927738,0.0,-0.042471003374957794,-0.014354066985645897,-0.01606923510370173,-0.025179815640341552,0.0,-0.019736842105263164,-0.011695950788175535,-0.02976190611348406,-0.0396825384811359,0.0,-0.037656888405658395,0.004629647208502563
2023-11-14 00:00:00+00:00,0.007874015748031482,-0.0030211020764631114,0.0,0.0011198208286673506,-0.009615384615384581,-0.007518796992481258,0.0,0.00900895714943828,-0.016528988151582213,-0.008064508376086854,-0.014563106796116498,0.020100483246901613,-0.0036900509248001256,0.0,0.0,0.0,-0.003067438000050049,0.008264415259734426,-0.16666666666666663,-0.002173879872197637,-0.0046083123481043264
2023-11-15 00:00:00+00:00,-0.0078125,0.0,-0.00917425975184516,-0.006711409395973145,-0.009708737864077666,0.0,0.0,-0.017857126131349377,-0.02521002072919387,0.008130073421291018,-0.014778325123152691,-0.00738909689507361,-0.01851851851851849,0.0,-0.006711409395973145,-0.011834252077232543,-0.012307739257812478,0.01639342724524062,0.3999999999999999,-0.0021786990303688247,-0.018518500530834592
2023-11-16 00:00:00+00:00,0.019685039370078705,0.003030256791548336,0.027777794947839718,0.018018018018018056,0.012605042016806678,0.022727272727272707,0.016393442622950838,0.018181800842285156,0.025862002344394508,0.0645161631452178,0.06000000000000005,0.06203473622446509,0.037735849056603765,0.0,0.03716216216216206,0.023952071871634395,0.006230553658770122,0.024193564513223853,-0.2857142857142857,0.008733657915767745,0.004716908986904578
2023-11-17 00:00:00+00:00,0.019305019305019266,0.04833843995700793,0.03603600043095767,-0.00553097345132747,-0.0013831258644536604,-0.014814814814814836,0.008064516129032251,0.008928605640421639,0.008403393670198822,0.00757575004991895,-0.004716981132075526,-0.009345896432088385,-0.007272755015980126,0.0,0.02931596091205213,0.0,0.01083598442989353,0.0,0.3199999809265137,0.01731600051622273,0.0
2023-11-20 00:00:00+00:00,-0.015151515151515138,0.014409221585205634,-0.026086973107379396,-0.0011123470522803602,-0.0027700831024930483,-0.007518796992481258,0.0,-0.017699097866309854,-0.04166666666666663,-0.007518789579387564,-0.014218009478673022,-0.004716976888241464,-0.018315018826859042,0.0,-0.025316455696202556,-0.005847975394087768,-0.001531486965419604,-0.03149603342816265,0.0,-0.002127627108959418,-0.009389617969696284
2023-11-21 00:00:00+00:00,0.007692307692307665,0.011363571094088698,0.008928605640421639,0.00222717149220486,0.008333333333333304,0.0,-0.02400000000000002,0.00900895714943828,-0.008695685345193604,-0.015151590409901994,0.009615384615384581,-0.007108941815807235,0.007462715247501972,0.0,0.0025973629641842244,0.0,0.006134993015359136,0.016260146842582035,0.0,-0.0021322448947721506,0.0
2023-11-22 00:00:00+00:00,-0.007633587786259555,0.019662943621986617,0.0,0.011111111111111072,-0.0027548209366391463,0.015151515151515138,0.024590163934426146,-0.008928520490927738,0.0,-0.03846150319251662,-0.00952380952380949,-0.00477326507240694,0.0,0.0,-0.01878234463162376,-0.01176475076114425,0.006097584377790843,0.0,-0.060606075931405656,-0.004273520645296847,0.0047393544863414405
2023-11-23 00:00:00+00:00,0.0038461538461538325,0.02203854693869478,-0.008849591131132817,-0.007692307692307665,0.0,-0.014925373134328401,0.016000000000000014,0.0,0.0,0.003999996185302779,0.0024038461538462563,0.0119903388448237,-0.014814800686306473,0.0,0.013201320132013139,0.01785721178768762,0.003030256791548336,-0.0319999694824219,-0.032258034744817476,0.034334814189037166,0.0
2023-11-24 00:00:00+00:00,0.019157088122605304,0.053908358012334956,0.035714337412192876,0.013289036544850585,-0.011049723756906049,0.030303030303030276,-0.023622047244094446,0.018018000215478835,0.017543927160695638,0.03187247968526474,0.02877697841726623,0.0,0.022556404994930057,0.0,0.04234527687296419,0.02339179003549785,0.03927501847996173,0.049586728006576486,-0.2666666507720947,0.026970938101314346,0.007075453449628899
2023-11-27 00:00:00+00:00,0.0,-0.00255750583180403,0.0,-0.02732240437158473,0.005586592178770999,-0.011029411764705843,0.0,-0.004424795565566408,-0.025862084557694898,0.0,-0.02564102564102566,-0.004739332208735791,0.018382352425565296,0.0,0.006250000000000089,0.0,-0.008721018559610272,-0.03149603342816265,0.018181800448205276,0.0010100855971828526,-0.0023419739351656643
2023-11-28 00:00:00+00:00,0.0,-0.01538457625951517,0.0,-0.0022471910112359383,-0.002777777777777768,-0.0074349442379182396,-0.0040322580645161255,0.0,0.008849506735177037,0.00772200061362871,0.014354066985645897,-0.002380893452094579,0.003610053117936607,0.0,0.0,-0.01714281354631697,-0.0029325067036874986,0.0,-0.017857125751218117,-0.009081751157785645,0.004694853758291817
2023-11-29 00:00:00+00:00,0.003759398496240518,0.010416606648103066,0.0,0.0,-0.013927576601671321,-0.011235955056179803,0.004048582995951344,0.013333299424913125,0.0,-0.034482727121338486,-0.014150943396226467,-0.015513139936226716,0.028777020372816597,-0.0076923370361328125,-0.012422360248447228,0.0,0.007352941176470562,0.0,0.0,0.006110041977209768,0.0
2023-11-30 00:00:00+00:00,0.011235955056179803,0.0025773786284728484,-0.008620722256998503,0.018018018018018056,0.005649717514124353,0.007575757575757569,0.008064516129032251,0.0,-0.017543843505051004,0.007936500427734305,0.019138755980861344,-0.008484811493844724,0.013986000461365,0.0,0.012578616352201255,0.034883630669011456,0.007299270072992803,-0.016260146842582146,0.0,0.0,-0.00467291510524781
2023-12-01 00:00:00+00:00,0.007407407407407307,0.007712062346860504,0.017391287762185792,0.0,0.022471910112359605,0.03007518796992481,0.016000000000000014,-0.008771879924703185,0.008928605640421639,0.0,0.0046948356807512415,-0.003667565467757372,0.0,0.0,0.0,0.011235998399541591,0.005797123563462403,0.01652890933552542,0.0,0.004048521094425883,-0.004694764211404467
2023-12-04 00:00:00+00:00,0.011029411764705843,0.020408143405366452,0.01709400107056047,-0.0022123893805309214,0.0027472527472527375,0.007299270072992803,-0.023622047244094446,0.008849506735177037,-0.008849591131132817,0.0,-0.004672897196261627,0.0036810660183710375,0.013793090294147436,0.0,0.01863354037267073,0.05555555555555558,0.020172932206015126,0.008130034654042939,0.0,0.00806454714081517,0.004716908986904578
2023-12-05 00:00:00+00:00,0.0036363636363636598,0.0,-0.008403313529497414,-0.0022172949002217113,-0.013698630136986356,-0.01449275362318836,0.032258064516129004,0.008771963580347819,-0.008928520490927738,0.01181101253556105,0.014084507042253502,0.00488997070424535,0.006802747127023556,0.0,0.0060975609756097615,0.0,0.016949108707875915,0.06451614639885639,0.0,0.014999999999999902,0.004694853758291817
2023-12-06 00:00:00+00:00,-0.007246376811594235,0.005000019073486239,-0.008474608462146094,-0.011111111111111072,-0.008333333333333304,0.0,0.0,0.0,0.00900895714943828,0.0,-0.01388888888888884,-0.0006082864085751316,0.02702700090373522,0.0,-0.012121212121212088,-0.02105261150159332,0.016666624281141518,0.0075757865844463534,0.0,-0.009852216748768461,0.037383231713539855
2023-12-07 00:00:00+00:00,0.007299270072992803,0.00995019163159827,0.008547041290593693,0.006741573033707926,-0.008403361344537785,0.007352941176470562,0.0,-0.008695685345193604,0.008928605640421639,0.0,0.018779342723004744,0.0006086566461405152,0.0065789725476688155,0.0,-0.018404907975460127,0.0026881309696293876,0.019125704702813273,0.04511273828502538,0.3636363340803421,0.014925373134328401,0.0
2023-12-08 00:00:00+00:00,0.007246376811594235,0.014778382053408423,-0.016949136104436047,-0.006696428571428603,-0.0028248587570621764,-0.014598540145985384,0.0078125,-0.008771879924703185,-0.017699097866309854,-0.0038910469739347198,-0.009216589861751112,0.0,0.013071882795547163,0.0,-0.012499999999999956,-0.016085750305457003,0.008042875152728612,0.0,-0.16666666666666663,0.014705882352941124,0.004504435616418112
2023-12-11 00:00:00+00:00,-0.007194244604316502,-0.004854387360093471,0.0,0.004494382022471877,-0.0028328611898017497,0.0,0.011627906976744207,0.008849506735177037,0.018018000215478835,-0.015624985448084439,-0.013953488372092981,-0.0024331456343007485,-0.012903213500976562,0.0,0.0,-0.008174365962506869,-0.013297872880078332,-0.02877695176315176,0.0,-0.019323671497584516,-0.004484236661089436
2023-12-12 00:00:00+00:00,0.007246376811594235,-0.007317054562452352,-0.008620722256998503,-0.004474272930648726,-0.0028409090909090606,0.0,-0.019157088122605415,0.008771963580347819,0.0,0.007936500427734305,0.0,-0.0012195401359078595,0.0,0.0,-0.006329113924050667,-0.005494526224051444,-0.012129298295148971,0.0,0.0,0.0049261083743843415,-0.004504521533020278
2023-12-13 00:00:00+00:00,-0.003597122302158251,-0.02211305918938533,0.004347842672596913,-0.005617977528089901,0.005698005698005604,0.007407407407407307,0.0078125,-0.008695685345193604,0.0,0.027559029249642375,0.018867924528301883,-0.001220912786304651,0.006535910231946662,0.0,0.0,0.011049660297000496,0.012278224543167848,0.0,0.19999999999999996,0.019607843137254832,0.011312216999309177
2023-12-14 00:00:00+00:00,0.025270758122743597,0.0,0.00432902077135644,0.023728813559322104,0.019830028328611915,-0.007352941176470562,0.007751937984496138,0.017543927160695638,0.008849506735177037,0.007662919597304585,0.02314814814814814,0.0097799414084907,0.04870129990766703,0.0,0.006369426751592355,0.01366120275533711,0.029649658600003903,0.025925954182942634,0.0,0.009615384615384581,0.01118568213570481
2023-12-15 00:00:00+00:00,-0.02464788732394363,0.010050289787604694,-0.017241444513996895,-0.0066225165562914245,-0.011111111111111072,-0.014814814814814836,0.0,0.0,-0.017543843505051004,-0.007604645807912647,-0.004524886877828038,0.001210681429144378,-0.040247655348825684,0.0,-0.012658227848101222,-0.05121287841849842,0.0,-0.018050541019080546,-0.16666666666666663,0.0,0.017699097866309854
2023-12-18 00:00:00+00:00,0.016245487364620947,-0.004975143262281545,0.0,0.015555555555555545,0.03651685393258419,0.022556390977443552,-0.007692307692307665,0.0,0.017857126131349377,0.01915716197108419,0.0,-0.008464406846896866,0.01935485101515244,0.0,-0.0032051282051281937,0.005681839733084004,0.007853383012274673,0.014705867915830284,0.0,-0.014285714285714235,0.004347842672596913
2023-12-19 00:00:00+00:00,0.015985790408525657,-0.00500001907348635,0.008771963580347819,0.017505470459518557,0.023035230352303593,0.007352941176470562,0.007751937984496138,0.0,0.0,0.015037579158775127,-0.004545454545454519,0.012195168755581687,0.006329077632166724,0.0,0.009646302250803762,0.0,-0.005194825011414328,-0.007246404354172786,0.039999961853027344,-0.01449275362318836,-0.004329020771356551
2023-12-20 00:00:00+00:00,0.02447552447552437,0.012562814311172454,0.0,0.01505376344086029,0.019867549668874274,0.051094890510948954,0.0,0.008620640043698113,0.0,-0.00740740021233377,0.022831050228310446,0.0192770896066623,0.0031446661593999004,0.0,0.01273885350318471,0.028248586352996652,0.031331613233513744,0.02189782444609789,0.0,0.014705882352941124,-0.004347842672596802
2023-12-21 00:00:00+00:00,0.0034129692832765013,0.007444149943920175,0.0,0.02754237288135597,0.01298701298701288,0.04861111111111116,0.04615384615384621,0.01709400107056047,0.0,0.0,-0.008928571428571397,0.018912511429155288,0.03134802254880742,0.0,0.037735849056603765,0.04395600019366919,0.007594917393937806,0.04285717010498047,0.03846159489197354,0.024154589371980784,0.013100486873651507
2023-12-22 00:00:00+00:00,-0.010204081632653073,-0.007389144047672103,0.0,-0.006185567010309256,0.02051282051282044,0.0,-0.014705882352941124,0.0,-0.008771879924703185,0.018656698160751883,0.0045045045045044585,0.0,0.006078934315090212,0.0,0.024242424242424176,0.01052635594418172,-0.017587959204974912,0.020547892412475788,0.0,-0.007075471698113178,0.008620640043698113
2023-12-27 00:00:00+00:00,0.0034364261168384758,0.01488839454534241,0.0,0.010373443983402453,0.0201005025125629,0.0331125827814569,0.029850746268656803,0.004201696835099522,0.008849506735177037,-0.018315000720495744,0.008968609865470878,0.008120614356560196,0.021148060278212366,0.0,0.00591715976331364,0.0,0.015345327678605303,0.0,0.0,0.0071258907363420665,0.004273520645296847
2023-12-28 00:00:00+00:00,0.02910958904109595,0.01466988879551634,0.0,-0.006160164271047264,0.009852216748768461,0.02564102564102555,0.021739130434782705,-0.004184116446269481,0.0,0.0018656253349980112,-0.01777777777777778,0.0023015487605799745,0.021005890547304062,0.0,0.0,0.010416606648103066,0.007556655700132975,0.026845676674188024,0.0,-0.004716981132075526,0.008510670763381079
2023-12-29 00:00:00+00:00,0.011647254575707144,0.007228897278567459,0.017391287762185792,0.0,0.0,0.0,-0.007092198581560294,0.008403393670198822,0.0,-0.005586542571791475,0.004524886877828038,0.006888681900564464,0.00550572154875173,0.0,-0.00588235294117645,0.025773196383076957,0.0,0.019607855359147885,0.0,-0.014218009478673022,0.0021096723818985197
2024-01-02 00:00:00+00:00,0.004934210526315708,-0.016746430041051807,0.0,-0.008264462809917328,-0.02195121951219514,-0.03125,0.0,0.004166682561238533,-0.017543843505051004,-0.003745314673225475,0.027027027027026973,0.002280445045091284,-0.014409221585205634,0.0,-0.00591715976331364,-0.01005019394093798,-0.012499999999999956,0.006410219573724785,0.0,-0.019230769230769273,-0.0021052310341282965
2024-01-03 00:00:00+00:00,0.014729950900163713,-0.014598503561962128,-0.017094001070560583,0.008333333333333304,0.007481296758104827,0.019354838709677358,-0.0035714285714285587,0.0041493933563012675,0.008928605640421639,0.003759394789693671,0.01754385964912286,0.0,-0.008771907320705097,0.0,0.005952380952380931,0.0,-0.0037975069842760556,-0.019108292635635737,0.11111109148818321,-0.007352941176470562,0.004219344763797039
2024-01-04 00:00:00+00:00,0.003225806451612856,0.009876580885898933,0.026086973107379396,0.012396694214876103,0.004950495049504955,0.012658227848101333,0.06810035842293916,0.049586728006576486,-0.008849591131132817,0.033707832059029164,0.047413793103448176,0.012514181701322347,0.017699069236414733,0.0,0.035502958579881616,0.005076064479612397,0.006353240398838,0.03896106469689564,0.0,0.0024691358024691024,0.004201696835099522
2024-01-05 00:00:00+00:00,0.003215434083601254,0.0,0.03389827220887209,-0.003061224489795955,0.014778325123152802,0.02187500000000009,0.006711409395973256,0.03937007933143666,0.008928605640421639,0.018115924814873674,0.004115226337448652,0.025280942821757302,0.005797123563462403,0.0,0.02857142857142847,0.0,0.007575834932263215,0.03750002384185791,0.0,0.024630541871921263,0.020920502425963994
2024-01-08 00:00:00+00:00,0.0064102564102563875,0.0,0.04918035990574876,0.0,-0.004854368932038833,0.003058103975535076,-0.00666666666666671,0.03787878842612158,-0.017699097866309854,0.010676146619453597,0.008196721311475308,0.026849302527022667,0.014409221585205634,0.0,0.03888888888888897,0.010101049022522401,0.007518777583654268,0.01506024061776956,0.0,-0.004807692307692291,0.0
2024-01-09 00:00:00+00:00,0.0031847133757962887,0.004889900752586662,-0.023437514551915006,-0.0010235414534288667,-0.004878048780487809,-0.0060975609756097615,-0.006711409395973145,-0.007299228407856018,0.0,0.014084577986089863,0.004065040650406582,-0.007470618535663109,0.005681839733084004,0.0,-0.04278074866310155,-0.019999980926513672,0.007462667446939797,0.002967313704961727,0.0,0.0024154589371980784,-0.004098376353816935
2024-01-10 00:00:00+00:00,-0.015873015873015928,0.007299344596003232,0.0,-0.012295081967213073,-0.014705882352941124,-0.012269938650306789,-0.020270270270270285,0.0,0.0,-0.0034723015571050952,-0.028340080971659964,-0.008602142157561943,-0.011299477645120626,0.0,0.0,0.0051020601797675535,-0.004938290442949467,-0.017751434546282918,-0.33333333333333337,-0.002409638554216831,-0.016460890168269016
2024-01-11 00:00:00+00:00,0.016129032258064502,-0.0024155141336371644,0.0,-0.004149377593360981,0.0,-0.012422360248447228,-0.01379310344827589,-0.007352969019469913,0.00900895714943828,-0.031358856361689114,-0.004166666666666652,0.0,0.0,0.0,0.0,-0.00507616129933619,0.009925596363561606,0.0,0.0,0.004830917874396157,0.0
2024-01-12 00:00:00+00:00,-0.011111111111111072,0.02421307550782359,-0.008000030517578138,-0.01041666666666663,-0.00497512437810943,-0.012578616352201255,-0.0034965034965035446,-0.007407435664424145,-0.008928520490927738,0.0,-0.004184100418409997,0.0,0.0,0.0,0.0,-0.0051020601797675535,0.0024569649200634203,0.0,0.3500000238418579,0.019230769230769162,0.0
2024-01-15 00:00:00+00:00,-0.0048154093097912964,0.0,-0.008064470231593623,-0.008421052631578996,-0.0050000000000000044,0.009554140127388644,0.01754385964912286,-0.00746264407777486,0.00900895714943828,-0.03597118908694685,0.0,-0.0021692469831258165,-0.004285757882254493,0.0,-0.005586592178770999,-0.005128224690755245,-0.009803865653465582,-0.024096362008327765,0.0,-0.004716981132075526,-0.004184116446269481
2024-01-16 00:00:00+00:00,0.006451612903225712,0.02127663220122189,0.0,0.002123142250530785,0.002512562814070307,0.003154574132492094,0.020689655172413834,0.022556404994930057,0.0,0.03731339632150399,0.004201680672268893,0.0010869814227350005,0.0014348078607504533,0.0,0.016853932584269593,-0.005154658940003776,0.024752474312641715,0.0,0.0,0.023696682464454888,0.0
2024-01-17 00:00:00+00:00,-0.009615384615384581,0.0,-0.02439025903112113,-0.02330508474576276,-0.01253132832080206,-0.0062893081761006275,-0.020270270270270285,-0.014705938038939936,0.0,-0.03237407017825222,-0.025104602510460206,-0.00027139852040691803,-0.011461361271927095,0.0,-0.01933701657458564,-0.0051812682939942345,-0.0024155141336371644,0.003086372512705715,0.0,-0.00462962962962965,-0.008403313529497414
2024-01-18 00:00:00+00:00,0.009708737864077666,0.0,0.008333365122477288,-0.006507592190889366,-0.015228426395939132,0.0,0.0,0.0,-0.008928520490927738,-0.01486987397850048,0.01716738197424883,-0.0019007196861570153,-0.008695630059725956,0.0,0.014084507042253502,-0.0052083529945868845,0.0,-0.003076876126802852,0.0,0.009302325581395321,-0.0063559159366815
2024-01-19 00:00:00+00:00,0.0032051282051281937,0.0023147794526634513,0.03305781867105084,0.0065502183406114245,0.02319587628865971,0.025316455696202445,0.006896551724137945,0.014925430495003944,0.018018000215478835,0.011320743513260512,-0.008438818565400852,0.010881434824348002,0.016081848678101363,0.0,0.016666666666666607,0.020942387986460087,0.009685267149350585,0.018518470551362576,0.0,0.004608294930875667,0.0021321635579460985
2024-01-22 00:00:00+00:00,0.019169329073482455,-0.009237822591906197,0.015999984741210893,-0.01193058568329719,0.010075566750629816,0.006172839506172867,0.013698630136986356,0.0073528988963604824,0.0,0.04104473595365432,0.004255319148936065,0.010764303754612792,0.033093569090040464,0.0,0.010928961748633892,0.02564102564102555,0.03597122236345651,0.07878783254912403,0.0,0.0,0.008510670763381079
2024-01-23 00:00:00+00:00,-0.006269592476489061,-0.02097905580110504,-0.015748016714081325,-0.01207464324917673,0.0024937655860348684,-0.006134969325153339,0.013513513513513598,-0.007299228407856018,0.0,-0.01792113010749863,0.004237288135593209,0.0010648854996719859,0.0,0.0,0.00540540540540535,0.030000019073486373,-0.004629647208502563,0.03370788804420255,-0.2222222712795422,-0.00917431192660545,-0.00843885048527937
2024-01-24 00:00:00+00:00,0.003154574132492094,-0.014285677955264142,0.008000030517578027,0.01333333333333342,-0.00995024875621886,0.012345679012345734,0.0,-0.007352969019469913,0.008849506735177037,0.04379557851876448,-0.00421940928270037,0.004255315263436366,0.01949852140640118,0.0,0.0,0.029126231570822947,-0.0023255459097928366,0.016304410360261867,0.04761911790117157,-0.02314814814814814,0.017021260362990454
2024-01-25 00:00:00+00:00,-0.0062893081761006275,0.009661780107220741,-0.007936537971601432,-0.002192982456140302,-0.01005025125628145,-0.024390243902439046,0.006666666666666599,0.0,0.0,0.020979085104515294,-0.008474576271186418,-0.003177937956007071,-0.016393401615722336,0.0,0.005376344086021501,0.018867905855434186,0.0023309666798210227,-0.010695227528323081,0.3636363340803421,-0.021327014218009532,-0.004184116446269481
2024-01-26 00:00:00+00:00,0.0031645569620253333,0.007177015371678808,0.0,0.0,0.0,0.02499999999999991,0.0,0.007407435664424256,0.0,0.023972579251313464,0.012820512820512775,-0.004250793039494938,-0.016666624281141518,0.031007797211870303,-0.008021390374331583,0.0,0.0011627729548964183,0.005405426025390625,0.0,-0.007263922518159771,0.008403393670198822
2024-01-29 00:00:00+00:00,-0.009463722397476393,0.0,0.0,0.007692307692307665,0.011421319796954377,-0.0060975609756097615,0.0,0.0,-0.017543843505051004,0.016722392025688038,-0.012658227848101222,-0.004802569567081694,0.0028248155313777,0.0,-0.0026954177897574594,0.0,0.010452979579894217,0.005376364484882101,0.0,0.014634146341463428,0.0
2024-01-30 00:00:00+00:00,-0.019108280254777066,-0.009501133626584779,0.015999984741210893,0.007633587786259444,0.008782936010037545,0.012269938650306678,0.0,0.0073528988963604824,0.0,-0.026315764707210976,-0.012820512820512775,-0.008042875152728501,-0.028169014084507005,0.0,-0.00540540540540535,-0.018518500530834592,-0.002298815497036588,-0.021390455056646163,0.0,-0.004807692307692291,-0.004166682561238644
2024-01-31 00:00:00+00:00,0.0032467532467532756,0.002398044899077467,0.0,0.0,0.00995024875621886,0.0060606060606061,0.0,-0.01459852642697701,-0.017857126131349377,0.0,0.008658008658008587,-0.0016216587375950109,0.011594247126924806,0.0,-0.010869565217391353,0.009433907943081188,0.027649698296131175,0.0,0.23333334922790527,0.0,0.004184116446269481
2024-02-01 00:00:00+00:00,0.009708737864077666,0.0,0.0,-0.01948051948051943,-0.009852216748768461,-0.01807228915662651,0.0,0.0,0.009090943769975102,-0.020270250677801416,0.012875536480686733,-0.010286877843661224,-0.002865394969802648,0.0,0.0,-0.009345741082053105,0.0,0.021858007789903988,0.0,-0.004830917874396157,0.004166682561238533
2024-02-02 00:00:00+00:00,-0.019230769230769273,0.002392399297694192,-0.015748016714081325,-0.008830022075055233,0.00995024875621886,0.006134969325153339,0.0066225165562914245,-0.003703717832212128,0.00900895714943828,-0.08275862125664346,-0.012711864406779627,-0.0054704801812607284,-0.011494187354914032,0.0,-0.01098901098901095,0.0,-0.011210762715387124,0.005347511766912616,-0.3243243330320882,0.0,0.0041493933563012675
2024-02-05 00:00:00+00:00,0.0,0.0023865983407980185,0.0,-0.015590200445434244,-0.0024630541871921707,-0.012195121951219523,-0.019736842105263164,0.003717486352707633,-0.008928520490927738,-0.033834642738285736,-0.012875536480686733,-0.004400435773550537,-0.011627950817908794,0.0,0.0,-0.009433997912352998,0.006802790524672364,-0.021276576317181495,0.0,0.0,0.0
2024-02-06 00:00:00+00:00,0.013071895424836555,0.009523845854259694,0.0,0.004524886877828038,-0.007407407407407418,0.0,0.01342281879194629,0.0,0.00900895714943828,-0.0077820939478694395,0.0,0.0,0.005882375380572125,0.0,0.0,0.0,-0.006756825257831389,0.010869606906841245,0.0,0.014563106796116498,-0.012396741113686605
2024-02-07 00:00:00+00:00,-0.003225806451612856,0.002358454493452289,0.0,0.013513513513513598,0.00995024875621886,0.0,-0.0066225165562914245,0.0,0.0,0.0,-0.004347826086956497,0.003314887551262524,0.002923931926617218,0.0,-0.011111111111111072,0.0,0.005668934436510398,-0.013440859939393479,-0.0800000190734863,-0.009569377990430672,0.004184116446269481
2024-02-08 00:00:00+00:00,-0.006472491909385147,-0.0117647058823529,-0.0319999694824219,-0.046666666666666634,0.009852216748768461,-0.01851851851851849,-0.00666666666666671,-0.022222236350730618,0.0,-0.023529389765297948,-0.026200873362445365,-0.020925064094686863,-0.02040818596238081,0.0,-0.022471910112359605,0.0,-0.01691093632027152,-0.0027248579493039937,0.13043476458082548,-0.009661835748792313,-0.016666650772094727
2024-02-09 00:00:00+00:00,0.009771986970684043,0.014285677955264031,0.024793324595259847,-0.009324009324009341,0.0,0.012578616352201255,0.006711409395973256,0.0075757865844463534,-0.017857126131349377,0.0240963624697752,0.022421524663677195,-0.0011248850951223188,0.02083335698597133,0.0,0.02298850574712641,0.009523845854259694,0.03211012786410716,-0.005464397720770453,0.0,0.0,0.004237304231073047
2024-02-12 00:00:00+00:00,0.00967741935483879,-0.01877932548627992,0.0,0.0,0.0,0.0,0.0,-0.0075188255665883386,0.0,0.03137261318454776,-0.013157894736842146,0.0,-0.008746333636544312,0.0,0.0,0.0,-0.01555557250976558,0.01648347387278326,0.0,-0.009756097560975618,-0.00632917810338085
2024-02-13 00:00:00+00:00,-0.006389776357827448,-0.014354030743357615,-0.032258034744817476,0.0,-0.019512195121951237,-0.018633540372670843,-0.013333333333333308,-0.022727287505284077,-0.018181800842285156,-0.01901147853960916,-0.022222222222222254,-0.009009000301245074,-0.017647013944738,0.0,-0.028089887640449396,-0.009433997912352998,-0.024830665757683668,-0.021621601001636348,0.23076929425347004,-0.02068964013912411,-0.002123109922732569
2024-02-14 00:00:00+00:00,-0.009646302250803873,0.008495108437860166,-0.016666650772094727,-0.05882352941176472,-0.00497512437810943,0.0,0.0,0.007751967785028402,-0.018518500530834592,-0.023255792462719804,-0.009090909090909038,0.0011363896210325741,-0.017964139563091508,0.0,-0.005780346820809301,-0.01904760088239399,0.004629647208502563,-0.033149191647752096,-0.40625001629814483,0.011066382869568736,-0.02978726650806185
2024-02-15 00:00:00+00:00,-0.0032467532467532756,0.008423641281470218,0.0,0.007500000000000062,0.010000000000000009,0.012658227848101333,0.020270270270270174,-0.0038461685180664062,0.0,0.003968250213867153,0.011467889908256979,0.0,0.0015243670190105973,0.0,0.005813953488372103,0.009708682130449064,0.009216536799961261,0.005714307512555861,-0.052631592156154094,0.029850746268656803,-0.004385898134529276
2024-02-16 00:00:00+00:00,-0.009771986970684043,-0.004773287724486708,0.0,-0.012406947890818865,-0.004950495049504955,-0.012499999999999956,-0.0066225165562914245,-0.011582982296490463,0.018867905855434186,-0.02766795811635747,0.006802721088435382,0.0,-0.028919296795073546,0.0,-0.011560693641618491,0.019230843295715117,0.0,0.008522705413586351,0.0,-0.033816425120772986,-0.00440530300038533
2024-02-19 00:00:00+00:00,0.004934210526315708,0.0,-0.008474608462146094,-0.005025125628140725,0.0,0.0,0.046666666666666634,0.0,-0.009259294417005237,-0.016260146842582146,-0.013513513513513487,-0.006810489983984591,0.0031348082340301175,0.0,-0.005847953216374324,-0.018867995824705996,-0.0011415351125906303,0.00845068273409999,0.1111111405455043,0.0024999999999999467,0.0
2024-02-20 00:00:00+00:00,-0.0016366612111292644,-0.004796181277703981,-0.017094001070560583,-0.03282828282828287,0.0,0.0,0.006369426751592355,-0.007812529685906622,0.0,-0.00826445466776271,0.0,-0.009142848423549066,-0.00625002384185791,0.0,-0.0117647058823529,0.019230843295715117,0.00342860630580355,0.005586613608986157,0.25,0.007481296758104827,-0.013274386696699225
2024-02-21 00:00:00+00:00,0.003278688524590123,-0.004819295492516917,-0.026086973107379396,-0.02872062663185382,0.0,0.0,-0.01898734177215189,-0.015748016714081325,-0.009345741082053105,0.00833332505491069,0.004566210045662045,-0.004613605709462232,0.006289332318799801,0.0,-0.017857142857142905,0.018867905855434186,-0.009111651753431205,0.0,0.0,-0.015841569050703885,0.008968644384842461
2024-02-22 00:00:00+00:00,-0.006535947712418277,-0.00242127060456121,0.0,0.037634408602150504,0.0,-0.006329113924050667,-0.02580645161290318,0.0,0.0,-0.00826445466776271,-0.009090909090909038,0.0,0.0,0.0,-0.00303030303030305,0.0,0.012643660622081443,-0.016666624281141518,-0.09600000381469731,-0.0020121184564031447,-0.004444461398654509
2024-02-23 00:00:00+00:00,0.019736842105263053,0.004854387360093471,0.0,-0.007772020725388629,0.004975124378109541,-0.006369426751592355,0.0066225165562914245,0.011999969482421768,-0.009433997912352998,0.00833332505491069,0.02752293577981657,0.0023174396088232463,0.0031249523162841797,0.0,0.015197568389057725,-0.009259294417005237,0.0011350564796033247,0.016949108707875915,-0.026548647359614486,0.0,0.0
2024-02-26 00:00:00+00:00,-0.01935483870967747,-0.014492808374494848,0.008928605640421639,-0.0026109660574412663,0.004950495049504955,0.0,0.013157894736842035,0.011857753101024882,0.019047600882393878,0.0,0.0,-0.0011559856241032396,-0.012460988479613744,0.0,0.011976047904191711,0.00934583021049562,0.006802790524672364,0.0,0.13636361173361844,-0.006048371901000604,0.0
2024-02-27 00:00:00+00:00,-0.013157894736842146,-0.01225490218994485,-0.0353982801285756,-0.04973821989528793,-0.022167487684729092,-0.04487179487179482,-0.051948051948051965,-0.015624984866008385,0.00934583021049562,-0.04132237185888454,-0.044642857142857095,-0.004629625030506013,-0.018927456373161622,0.0,-0.029585798816568087,-0.023148147739337155,-0.018018086132081,-0.04444440205891931,-0.007999992370605447,-0.020283975973132806,-0.008928520490927738
2024-02-28 00:00:00+00:00,0.006666666666666599,0.001240675881069686,0.0,0.02754820936639124,0.0012594458438286438,-0.01342281879194629,-0.013698630136986356,0.0,-0.018518500530834592,0.017241363363798445,0.0,-0.0034884517807870496,-0.009646338930205611,0.0,0.0,-0.0047393544863415515,-0.002293543064696424,-0.023255901635817477,0.0,-0.006211164426486282,0.0
2024-02-29 00:00:00+00:00,0.01655629139072845,-0.013630712710269277,0.009174347244904846,0.03217158176943702,-0.0037735849056603765,0.03401360544217691,0.00694444444444442,0.0,0.08490562133408952,-0.008474568565903118,-0.004672897196261627,0.007001216073897476,0.006493531425117771,0.0,0.0,0.0,0.009195437376526616,0.035714310042713304,0.0,-0.014583349227905273,-0.009009043066040445
2024-03-01 00:00:00+00:00,0.019543973941368087,0.0,0.018181800842285156,0.01558441558441559,0.010101010101010166,0.006578947368421018,0.006896551724137945,0.0,0.09565220708432398,0.012820501064172207,0.023474178403755763,0.008574780718451525,0.0032258187570879393,0.0,0.0060975609756097615,0.0,-0.004555825876715547,-0.03448278130022209,0.0,0.010570824694818182,0.0
2024-03-04 00:00:00+00:00,-0.0031948881789137795,-0.005025144893802347,0.0,-0.010230179028132946,0.0024999999999999467,-0.006535947712418277,0.006849315068493178,0.0,-0.0396825384811359,-0.008438810925003759,-0.022935779816513735,-0.0016085583499857448,0.012861723910736922,0.0,0.0060606060606061,0.0,0.0022882945623630135,0.0,0.0,-0.004184116446269481,-0.004545471884987551
2024-03-05 00:00:00+00:00,-0.0032051282051281937,0.002525310421001903,-0.004464302820210819,0.012919896640826822,-0.0024937655860348684,-0.019736842105263164,-0.006802721088435382,0.0,-0.024793403411316528,-0.0042553152634362545,0.018779342723004744,0.0034523231408700727,-0.009523785303509391,0.0,0.0,0.009523845854259694,-0.004566227543908896,0.023809615716916754,-0.19354839329913054,0.004201696835099522,-0.009132367994271307
2024-03-06 00:00:00+00:00,-0.009646302250803873,0.0,-0.004484236661089436,0.0,-0.030000000000000027,-0.006711409395973145,0.0,0.0,0.02542374456658214,-0.03418800283779255,0.0,0.0,0.0,0.0,0.0,0.0,-0.002293543064696424,0.0,0.0,0.012552349338808444,-0.009216624696208542
2024-03-07 00:00:00+00:00,0.0,0.005037802496118848,0.0,0.020408163265306145,-0.028350515463917536,-0.013513513513513487,0.0,0.0,0.0,0.026548647359614375,-0.01382488479262678,0.014908269548162822,-0.01282056141338439,0.0,-0.01807228915662651,0.0,0.006896534185300007,0.0,-0.050000011920928955,-0.003099204982435877,-0.009302361066951259
2024-03-08 00:00:00+00:00,0.01298701298701288,0.0,-0.004504521533020278,-0.040000000000000036,0.021220159151193574,0.020547945205479534,0.0,0.0,0.0,0.017241363363798445,0.004672897196261738,0.011864354543552169,-0.012987000923330161,0.0,-0.006134969325153339,-0.018867995824705996,-0.050228328795904775,-0.040697716970323206,0.0,0.003108839914588657,-0.004694764211404467
2024-03-11 00:00:00+00:00,0.0064102564102563875,-0.0025063229321807823,-0.004524904060796975,-0.015625,-0.0025974025974025983,0.0,0.0,-0.013888903606084635,-0.008264494075791107,-0.025423705697709242,-0.0046511627906976605,-0.008040150807273827,-0.006578909805936672,0.0,-0.012345679012345734,-0.009615329948400753,-0.009615329948400753,0.018181771943063474,0.1578947764684624,0.0,-0.004716998956176499
2024-03-12 00:00:00+00:00,0.0031847133757962887,0.0,-0.009090943769975102,-0.005291005291005346,-0.0026041666666666297,-0.020134228187919434,0.006849315068493178,-0.0020121184564031447,0.008333365122477288,0.004347822030685622,0.04672897196261672,-0.012158139228285014,0.0033112076687034087,0.0,0.0,0.0,0.0,-0.02083324345330939,0.0,-0.004132247037895498,-0.018957327549697922
2024-03-13 00:00:00+00:00,-0.0031746031746031633,0.0,-0.027522866748595165,-0.010638297872340385,-0.007832898172323799,-0.020547945205479423,0.006802721088435382,-0.008064470231593623,-0.008264494075791107,-0.00432900030777672,-0.0401785714285714,0.0,-0.01650165058052011,0.0,-0.03749999999999998,0.0,-0.012135922105364738,-0.003039583105784893,0.0,-0.010373443819205241,-0.004830936124831653
2024-03-14 00:00:00+00:00,-0.06369426751592355,-0.0025125245235677607,0.028301813798515152,0.018817204301075252,0.010526315789473717,0.034965034965035,0.006756756756756799,0.0,-0.008333365122477177,0.008695644061371466,0.013953488372093092,-0.0028489595005202206,0.01006715275469161,0.0,0.032467532467532534,0.009708682130449064,0.007370988487393815,0.0,0.0,0.004192888044874943,-0.019417456850636006
2024-03-15 00:00:00+00:00,-0.013605442176870763,0.007556655700132975,0.01834869448980969,0.01055408970976246,-0.0026041666666666297,-0.013513513513513487,0.006711409395973256,-0.016260146842582146,0.008403393670198822,-0.008620681681899223,-0.02752293577981646,0.0,-0.009966815302562826,0.0,0.018867924528301883,-0.028846081544659063,0.0,-0.0030487340380210837,-0.1818182212262106,-0.008350762278427015,0.0
2024-03-18 00:00:00+00:00,0.010344827586206806,0.0,-0.013513564599060723,0.0,0.0,0.0,-0.046666666666666634,-0.006198409964871643,-0.008333365122477177,0.004347822030685622,0.0,0.0,0.04362420059368466,0.0,-0.012345679012345734,0.0,0.0,0.003058057241222656,0.0,0.0052631578947368585,0.0
2024-03-19 00:00:00+00:00,-0.013651877133105783,-0.0100000381469727,-0.004566227543908896,-0.023498694516971286,-0.0026109660574412663,0.006849315068493178,-0.006993006993006978,0.0,-0.008403313529497414,-0.012987000923330161,-0.004716981132075526,0.0028570992606027357,-0.006430892620137074,0.0,0.0,0.00990093307113904,-0.007317054562452352,-0.018292636831624076,0.1111111405455043,0.005235602094240788,-0.014851541241502675
2024-03-20 00:00:00+00:00,-0.00692041522491349,0.002525310421001903,-0.03669721399350001,-0.018716577540106916,-0.01832460732984298,-0.006802721088435382,-0.028169014084507005,-0.018710971720006575,-0.016949136104436047,-0.03508768627628134,0.004739336492890933,-0.009686614454942788,-0.02912620160650603,0.0,-0.012499999999999956,-0.009803865653465582,-0.0024570586472670852,-0.01863355177805759,0.0700000524520874,-0.012499968210856083,0.010050289787604694
2024-03-21 00:00:00+00:00,-0.006968641114982632,0.0,0.014285677955264031,-0.008174386920980936,0.002666666666666595,0.0,0.021739130434782705,-0.008474608462146094,0.008620640043698113,0.0,0.018867924528301883,-0.0029919475424228237,0.0,0.0,0.0,0.00990093307113904,0.004926127351136067,-0.025316491606066638,0.0,0.00632909762453826,-0.029850764680724562
2024-03-22 00:00:00+00:00,0.01754385964912286,-0.025188916392503313,0.004694853758291817,0.008241758241758212,0.010638297872340496,0.0,0.014184397163120588,0.0,0.0,0.0,-0.04629629629629628,-0.007386793547331849,0.009999974568684955,0.0,0.012658227848101333,-0.004901979575474669,-0.004901979575474669,0.03896106469689564,0.01869157004308586,-0.01886795621559323,0.0
2024-03-25 00:00:00+00:00,-0.006896551724137945,-0.005167978268646012,0.0,-0.016348773841961872,0.0,-0.013698630136986356,-0.006993006993006978,-0.017094001070560583,-0.008546959779967,-0.03181815078435912,0.0,-0.02906976615241441,-0.026402615749311686,0.0,0.0,-0.009852160744208027,-0.004926033393071849,-0.012499988079071045,0.0,-0.004273520645296847,0.005128224690755134
2024-03-26 00:00:00+00:00,-0.01736111111111116,0.0,0.0,-0.024930747922437657,-0.015789473684210575,0.0,-0.014084507042253502,-0.008695685345193604,0.0,-0.014084604787086619,-0.004854368932038833,-0.00568869559059848,-0.0203389959820246,0.0,-0.018750000000000044,-0.004975143262281545,-0.030940592890801977,0.0,0.0,-0.0042917801457279525,0.0
2024-03-27 00:00:00+00:00,-0.0035335689045936647,0.0,0.00934583021049562,0.02556818181818188,0.008021390374331583,0.01736111111111116,0.014285714285714235,0.008771963580347819,0.008620640043698113,0.014285814843214784,-0.004878048780487809,0.005721241994706583,0.006920441715549952,0.0,0.02547770700636942,0.0100000381469727,0.00638569579198478,0.025316491606066638,-0.08256883543354943,0.003232709186399063,0.06122443021609958
2024-03-28 00:00:00+00:00,0.0,0.0,0.0,0.0,0.0,0.0,0.0,0.0,0.0,0.0,0.0,0.0,0.0,0.0,0.0,0.0,0.0,0.0,0.0,0.0,0.0
2024-04-02 00:00:00+01:00,-0.014184397163120588,-0.0038961435293222157,-0.027777794947839718,-0.01939058171745156,-0.0053050397877983935,-0.0068259385665528916,-0.010563380281690127,-0.008695685345193604,-0.017094001070560583,-0.009389773835924098,-0.009803921568627416,-0.035928164913695326,-0.018900382721623865,0.0,-0.018633540372670843,0.0,-0.03553303227562954,-0.024691392183120553,0.0,-0.001074097483996117,0.0
2024-04-03 00:00:00+01:00,0.0,-0.003911283367660667,0.019047600882393878,0.005649717514124353,-0.002666666666666706,0.0,0.01067615658362997,-0.008771879924703185,0.0,-0.004739332208735791,-0.004950495049504955,0.004968939242891546,0.0017513536162996335,0.0,0.0,-0.014851541241502675,0.0,0.012658215623466695,0.0,0.0,0.03846159489197354
2024-04-04 00:00:00+01:00,0.02517985611510798,-0.0013088805251819657,0.0,0.014044943820224809,0.002673796791443861,0.04467353951890041,0.0,0.0,0.0,0.0,0.0,0.013596990680161847,0.013986000461365,0.0,-0.0031645569620253333,0.005025144893802347,0.0,0.02499997615814209,-0.3500000238418579,0.0026881720430107503,0.013888853322332029
2024-04-05 00:00:00+01:00,0.01754385964912286,0.00917427156283801,0.018691571292548614,0.013850415512465464,0.02400000000000002,0.013157894736842035,0.0,0.02654868899744267,0.008695685345193604,0.033333416590618725,0.004975124378109541,0.017926867832250615,0.02758618058829465,0.0,0.015873015873015817,0.030000019073486373,0.01052635594418172,0.012195168755581687,0.0,0.002680965147453085,0.041095873708087094
2024-04-08 00:00:00+01:00,0.0034482758620688614,0.0,0.009174347244904846,-0.06557377049180324,-0.01041666666666663,-0.012987012987012991,0.0,0.0,0.0,-0.027649852114563944,0.00990099009900991,-0.005630757235905226,0.01006715275469161,0.015037579428341719,0.006250000000000089,0.0,0.005208253653516293,-0.024096362008327765,0.0,0.0,0.0043859817901739095
2024-04-09 00:00:00+01:00,0.0034364261168384758,0.01298701298701288,-0.009090943769975102,0.0,-0.0026315789473684292,-0.013157894736842146,0.0,0.0,0.0,0.009478777412064598,-0.004901960784313708,-0.003614425576119795,-0.023255839005583256,0.0,-0.024844720496894457,-0.00970877472018683,0.0,0.0,0.5384615948919735,0.013368983957219305,0.0
2024-04-10 00:00:00+01:00,0.0,0.0,0.02752295424165485,-0.005847953216374324,0.0026385224274405594,-0.013333333333333308,-0.0035211267605633756,-0.008620722256998503,0.0,0.009389661902325042,0.0,-0.002418434904062905,0.006802747127023556,0.0,0.0,0.0,-0.0051812682939942345,0.0,0.0,0.0026385224274405594,0.008733657915767745
2024-04-11 00:00:00+01:00,-0.006849315068493178,-0.005128224690755245,-0.017857126131349377,-0.00588235294117645,0.010526315789473717,-0.006756756756756799,-0.010600706713780883,0.0,0.0,0.004651158148692103,-0.0049261083743842304,-0.007272778135357427,0.01013510922953742,0.0,-0.01273885350318471,0.00490197957547478,-0.0052083529945868845,0.0,0.0,-0.0052631578947368585,0.01731600051622273
2024-04-12 00:00:00+01:00,-0.006896551724137945,0.007731939251534703,-0.07272729006680578,0.00591715976331364,0.0,0.013605442176870763,-0.0071428571428571175,0.008695685345193604,-0.0344828068146934,-0.03703711062301529,0.014851485148514865,0.005494515091518437,-0.013377913833897748,0.0,-0.01935483870967747,-0.004878067388767171,0.005235621961910741,0.012345607788387003,0.0,0.005291005291005346,0.012765924981299914
2024-04-15 00:00:00+01:00,0.00694444444444442,0.0,0.01960782480441492,-0.00588235294117645,0.0,-0.010067114093959773,0.014388489208633004,-0.008620722256998503,0.008928605640421639,0.009615375798129211,-0.019512195121951237,-0.004250133439135051,0.0,0.0,0.03947368421052633,0.009803959150949337,-0.0052083529945868845,0.006097584377790843,0.0,-0.010526315789473717,-0.004201616694398003
2024-04-16 00:00:00+01:00,-0.01379310344827589,-0.007672615058005872,-0.03846150319251662,-0.017751479289940808,-0.00520833333333337,0.003389830508474523,-0.024822695035460973,-0.008695685345193604,0.0,-0.00952380087370197,0.0,-0.006097584377790843,-0.016949152542372836,0.0,-0.025316455696202556,0.0,-0.007853383012274673,-0.024242401123046875,0.0,-0.005319148936170248,0.0
2024-04-17 00:00:00+01:00,0.006993006993007089,-0.005154658940003776,0.0100000381469727,0.015060240963855387,0.005235602094240788,0.013513513513513598,0.021818181818181737,0.008771963580347819,0.0,0.0048076878990646055,0.0,-0.003067438000050049,0.01724137931034475,0.0,0.006493506493506551,0.004854387360093471,0.005276964121113004,0.02484469621445795,0.09000003337860107,-0.002673796791443861,0.0
2024-04-18 00:00:00+01:00,-0.00347222222222221,0.0038860500468536063,0.00990093307113904,-0.0029673590504450953,0.0,0.0,0.003558718861210064,0.0,0.008849506735177037,0.03827759110527551,0.0,-0.01538461538461533,-0.010169465663069421,0.0,-0.006451612903225823,0.0,0.007874096162013844,-0.003030256791548336,-0.08256883543354943,0.002680965147453085,-0.00632917810338085
2024-04-19 00:00:00+01:00,0.005226480836237002,0.006451612903225712,-0.01960782480441492,-0.017857142857142905,-0.00520833333333337,0.0,-0.0035460992907800915,-0.017391287762185792,0.0,-0.03225814248860648,0.00995024875621886,-0.012499988079071045,-0.0034246705087982443,0.0,0.0,-0.014492808374494848,0.0,0.0,0.0,-0.010695187165775444,0.010615711596566602
2024-04-22 00:00:00+01:00,-0.006932409012131768,0.0,0.0,-0.018181818181818188,0.005235602094240788,0.006666666666666599,0.003558718861210064,0.0,-0.008771879924703185,0.0,-0.009852216748768461,-0.006329137991299971,0.0,0.0,-0.01948051948051943,-0.009803865653465582,0.0,0.003039467157545106,0.0,0.0,-0.021008404034795758
2024-04-23 00:00:00+01:00,-0.005235602094240788,0.0,0.0,0.0,-0.00520833333333337,0.0,-0.014184397163120588,0.008849506735177037,-0.02654868899744267,-0.00952380087370197,0.0,0.0,-0.01374569117823743,0.0,0.0066225165562914245,-0.00990102749433508,0.0,-0.018181771943063474,-0.2200000286102295,0.00540540540540535,-0.0042917801457279525
2024-04-24 00:00:00+01:00,0.0035087719298245723,-0.0025640634390023953,0.019999980926513672,0.0185185185185186,-0.005235602094240788,0.0,0.0,0.0,0.018181800842285156,0.0,0.0,0.0,-0.0034843337564944843,0.0,0.013157894736842035,0.019999980926513672,-0.0052083529945868845,0.030864196077313943,0.0,-0.005376344086021501,0.025862002344394508
2024-04-26 00:00:00+01:00,0.0,0.0,0.0,0.0,0.0,-0.0066225165562914245,0.010791366906474753,0.0,0.0,-0.0096153757981291,-0.00497512437810943,0.0,-0.0034965167879689174,0.0,-0.00649350649350644,-0.009803865653465582,-0.005235621961910741,-0.017964139563091508,0.057692331204988845,-0.00540540540540535,-0.037815111234492216
2024-04-29 00:00:00+01:00,-0.0174825174825175,-0.0025707528250823453,-0.03431367003335528,0.0,0.0,-0.00666666666666671,0.0,-0.008771879924703185,0.0,-0.019417457749564604,0.004999999999999893,-0.019108292635635737,-0.021052644963850065,0.0,-0.006535947712418277,-0.00990102749433508,0.0,-0.006097584377790843,0.2121212296358923,-0.005434782608695676,-0.013100403583316766
2024-04-30 00:00:00+01:00,0.017793594306049876,0.0,-0.015228483898008571,0.0,0.0052631578947368585,0.0,0.003558718861210064,-0.008849591131132817,0.0,0.0,0.029850746268656803,-0.01948047042154266,0.0035842431124375462,0.0,-0.013157894736842146,-0.00500001907348635,-0.00526317797209086,0.030674848061536863,0.0,0.0,0.008849506735177037
2024-05-02 00:00:00+01:00,-0.010489510489510523,-0.003865920467296502,-0.010309219563065741,-0.012121212121212088,-0.010471204188481686,-0.01342281879194629,-0.007092198581560294,0.0,0.0,-0.0049504903750891005,-0.033816425120772986,-0.006622541651882585,-0.017857142857142905,0.0,-0.00666666666666671,0.0,-0.0079364879131113,-0.02976190611348406,-0.25,-0.002732240437158473,0.0
2024-05-03 00:00:00+01:00,-0.021201413427561877,-0.003881022508588239,-0.0052083529945868845,-0.006134969325153339,-0.010582010582010581,0.0,-0.017857142857142905,0.0,0.0,0.034825837599464116,0.0,-0.006666692097981763,0.02909088134765625,0.0,-0.006711409395973145,-0.015075338834740326,0.00799997965494792,0.0,0.33333333333333326,0.008219178082191858,-0.013157861714877095
2024-05-06 00:00:00+01:00,-0.018050541516245522,0.0025973629641842244,-0.010471243923821483,-0.006172839506172867,0.0,0.0,-0.018181818181818188,-0.004464302820210819,0.0,0.0048076878990646055,-0.0019999694824218706,0.0033557175848972776,-0.01766784499927543,0.0,-0.013513513513513487,-0.015306180539302772,0.0,-0.006134876000100209,0.0,-0.005434782608695676,0.0
2024-05-07 00:00:00+01:00,0.011029411764705843,0.0,0.015873076744141734,-0.012422360248447228,-0.005347593582887722,0.0,-0.0037037037037036535,0.0,0.0,-0.023923423143372258,0.012024017149777633,-0.010033419427692092,0.0071942722456204145,0.0,0.013698630136986356,0.0,-0.005291025581380615,0.0,0.0,0.0010928794985911594,-0.013333299424913236
2024-05-08 00:00:00+01:00,-0.010909090909090868,-0.0025906341469971172,-0.010416705989173769,-0.018867924528301883,-0.005376344086021501,-0.013605442176870763,-0.01115241635687736,-0.004484236661089436,0.0,-0.004901956201103785,-0.03762379259166149,-0.00675678244466027,-0.014285700661795464,0.0,-0.006756756756756799,-0.0051812682939942345,-0.005319067988256432,0.0,0.0,0.004366828957883762,-0.040540607880580004
2024-05-10 00:00:00+01:00,-0.007352941176470562,0.010389650022828656,0.0,0.0,0.00540540540540535,0.01379310344827589,0.007518796992481258,0.0,0.0,-0.014778311237724773,0.03909468282989015,0.006802747127023556,0.014492739601511984,0.0,0.020408163265306145,-0.0052083529945868845,-0.005347613764161596,-0.012345725525951368,0.0,0.0,0.018779415033167268
2024-05-13 00:00:00+01:00,-0.011111111111111072,-0.01028281517194285,0.026315789473684292,0.019230769230769162,0.0,0.027210884353741527,-0.003731343283582045,-0.004504521533020278,0.0,0.004999995231628418,-0.00990099009900991,0.0033783912223301904,-0.017857142857142905,0.0,0.01333333333333342,0.0,0.0,0.01874995231628418,0.0,0.0027173913043478937,0.0
2024-05-14 00:00:00+01:00,0.03370786516853941,0.0,0.01025644938151049,0.0,0.016129032258064502,-0.019867549668874163,-0.011235955056179803,0.0,-0.05357137839404824,0.009950239314132636,-0.005999984741210884,-0.0033670161246093233,0.003636377507989952,0.0,0.0,0.0,0.0,-0.006134876000100209,0.08000004291534424,0.0027100271002709064,-0.013824937044312868
2024-05-15 00:00:00+01:00,0.0036231884057971175,-0.010389650022828767,-0.015228483898008571,0.012578616352201255,0.005291005291005346,0.013513513513513598,0.0,0.004524904060796864,-0.009433997912352998,0.0,0.006036201860267321,-0.01351350045186761,0.04347821880453617,0.0,0.019736842105263053,-0.010471243923821483,-0.008064495454511378,0.0,0.0,-0.002702702702702675,-0.018691571292548725
2024-05-16 00:00:00+01:00,-0.005415162454873612,-0.01049862801053214,0.025773196383076957,0.0,0.015789473684210575,0.026666666666666616,0.018939393939394034,0.004504435616418112,0.0,0.00985220749181659,-0.0019999694824218706,0.020547892412475788,-0.01388887601134181,0.0,0.03870967741935494,0.02645502698898361,0.0,0.006172745025411208,0.0,0.0,0.009523845854259694
2024-05-17 00:00:00+01:00,0.00907441016333932,-0.0026525805515809076,0.02512562862234513,0.006211180124223503,0.010362694300518172,0.01298701298701288,-0.0037174721189591198,0.013452966577263581,0.0,0.004878044241882984,0.0020039773760174295,0.006711435169794333,0.010563420719676309,0.0,0.01863354037267073,0.0,0.00813006028875507,-0.006134876000100209,0.129629611233135,0.0,-0.03301890272396368
2024-05-21 00:00:00+01:00,-0.014388489208633115,-0.002659533994128216,0.014705938726424117,-0.0092592592592593,-0.00512820512820511,0.0,-0.011194029850746245,0.008849506735177037,0.0,0.0,-0.005999984741210884,0.0,-0.0034843337564944843,0.0,0.0,0.0025773786284728484,0.0,-0.006172862762975684,0.0,-0.0027100271002710175,-0.029268311291206217
2024-05-22 00:00:00+01:00,0.0036496350364962904,0.0,-0.004830936124831653,-0.0031152647975077885,-0.005154639175257714,-0.01602564102564108,0.0,0.017543927160695638,0.0,0.0,0.0020120417019322545,0.04333330790201817,0.0,0.0,-0.018292682926829285,0.0,0.0026881309696293876,-0.015527949942643282,-0.01639342660450327,0.0,-0.06030145118562802
2024-05-23 00:00:00+01:00,-0.018181818181818188,0.0,0.029126231570822947,-0.006249999999999978,0.010362694300518172,0.02931596091205213,0.007547169811320753,0.017241362300696395,0.0,0.019417457749564715,-0.010040160796386255,0.028754043061230083,0.03846155128663664,0.0,0.006211180124223503,-0.0025707528250823453,0.0026810265647136955,0.028391094306654763,0.20833332505491087,-0.005434782608695676,0.01604273929523581
2024-05-24 00:00:00+01:00,0.0,-0.034666646321614536,-0.04716980962322126,0.0062893081761006275,0.0,0.0,-0.02621722846441943,0.0,0.0,-0.00952380087370197,0.002028444023649989,0.009316746271814669,0.0,0.0,-0.012345679012345734,0.0,-0.005347613764161596,-0.006134876000100209,-0.00689654492027858,-0.032786885245901676,0.00526317797209086
2024-05-27 00:00:00+01:00,-0.007407407407407418,-0.005524882837687928,-0.0297029880598092,0.018750000000000044,0.0,0.006329113924050667,-0.007692307692307665,-0.004237304231073047,0.0,-0.0096153757981291,-0.010121457177244553,0.0,0.013468000277946368,0.0,0.006250000000000089,0.0,0.0,-0.01851858828892705,0.0,-0.005649717514124242,-0.005235621961910741
2024-05-28 00:00:00+01:00,-0.011194029850746245,-0.01388888888888884,-0.0051020601797675535,-0.006134969325153339,-0.00512820512820511,-0.0062893081761006275,-0.003875968992248069,-0.004255335381690539,0.004761922927129847,0.009708728874782357,-0.008179990049023145,-0.009230745755709147,0.003322271767520979,0.0,-0.006211180124223614,-0.015463878503069517,-0.0026882335152527137,0.012578664637599601,0.0,-0.011363636363636354,-0.0368421454178659
2024-05-29 00:00:00+01:00,-0.018867924528301883,-0.005633824308153623,-0.020512800950270416,0.0,-0.005154639175257714,-0.006329113924050667,-0.046692607003890996,-0.008546959779967,0.0,-0.033653815293452016,-0.02680410798062982,-0.003105661069842447,-0.006622541651882585,0.0,-0.006249999999999978,0.010471144062638604,-0.00808623313744361,-0.024844755448886202,0.0,-0.011494252873563204,0.002732303087090715
2024-05-30 00:00:00+01:00,0.0,-0.016997124280138,-0.015706865885732224,-0.0092592592592593,-0.010362694300518172,-0.01273885350318471,0.004081632653061273,-0.008620722256998503,-0.0047393544863415515,-0.05870648312310789,0.012711831873363,0.003115336248348477,-0.01666666666666672,0.0,0.0,-0.020725369655050563,-0.01494563175171626,-0.03184713414486362,-0.03472227051302046,-0.01744186046511631,-0.021798343880919058
2024-05-31 00:00:00+01:00,0.023076923076922995,0.0,0.026595745760156664,0.015576323987538832,0.010471204188481575,0.0,0.0,0.008695685345193604,0.0,0.0,0.014644367659251367,0.0,0.037288148524397435,0.0,-0.0062893081761006275,0.0,0.00965513032058185,0.02631582744894323,-0.4244604171553319,0.0,-0.008356630612997407
2024-06-03 00:00:00+01:00,0.0,-0.005763710620809492,0.01554410136105644,0.036809815950920255,-0.005181347150259086,-0.006451612903225823,-0.012195121951219523,0.0,0.0,0.014799153135172771,-0.010309278350515427,0.0031055426009860554,-0.016339869077347524,0.0,-0.006329113924050667,-0.005291025581380615,0.0054645019474759415,0.0,0.0,0.0,0.011235998399541591
2024-06-04 00:00:00+01:00,-0.015037593984962405,0.0,-0.0051020601797675535,0.041420118343195256,0.0,0.022727272727272707,0.004115226337448652,0.0,0.0,0.031250032984341924,-0.008333365122477177,-0.0015479640322461075,0.003322271767520979,0.0,0.0,0.010638338885950116,-0.005434803453420622,0.0,0.0,0.002958579881656709,0.0
2024-06-05 00:00:00+01:00,0.001144991576216503,0.005797123563462403,0.005128224690755134,-0.02840909090909094,-0.01041666666666663,0.0031746031746031633,0.012295081967213184,0.0,0.0,0.0,0.006302585322999876,0.004651210104772208,0.0,0.0,0.006369426751592355,-0.01052635594418172,0.0,-0.01282056141338439,0.8125000325962897,0.002949852507374562,0.0
2024-06-07 00:00:00+01:00,-0.0011436820698806915,0.0,0.04081628681073313,0.011695906432748648,0.015789473684210575,0.012658227848101333,-0.01619433198380571,0.0,0.0,-0.02020200074126499,0.0031314761253316004,0.04012343135299545,-0.009933812477823878,0.0,0.05696202531645578,0.0,0.010929003894951883,0.02597406377356548,-0.34137934351364185,0.00588235294117645,-0.016666624281141518
2024-06-10 00:00:00+01:00,-0.01526717557251911,0.0,0.0,-0.011560693641618491,0.002590673575129543,0.0,0.016460905349794164,0.0,0.009523845854259694,0.0,-0.0010405668648165722,-0.004451083753204688,0.013377913833897637,0.0,-0.008982035928143728,-0.005319067988256432,-0.0027026614627322365,0.0,0.0,0.0,-0.005649738822560368
2024-06-11 00:00:00+01:00,0.015503875968992276,0.005763710620809492,0.01960782480441492,-0.005847953216374324,0.023255813953488413,0.043749999999999956,0.0,0.0,0.0,0.0,-0.004166682561238644,-0.0014902902592414113,-0.0066006224629272525,0.0,0.009063444108761365,0.0,0.0027099856364765085,-0.025316491606066638,0.0,0.023391812865497075,-0.01704551919925168
2024-06-12 00:00:00+01:00,0.007633587786259444,0.008595966302124447,-0.014423040772329476,0.0,0.010101010101010166,-0.017964071856287456,0.0161943319838056,0.0,-0.018867995824705996,0.0,0.012552349338808444,0.020895545162371798,0.023255775638519882,0.0,0.011976047904191711,0.0,0.01081085205078125,0.02597406377356548,0.0,0.011428571428571344,0.01156073825199977
2024-06-13 00:00:00+01:00,-0.0037878787878787845,0.011363571094088698,0.014634109124904704,0.01764705882352935,0.0,-0.018292682926829285,-0.003984063745019917,0.0,0.0,0.006185548639232152,0.0,-0.008771907320705097,-0.009740235210771275,0.0,0.0,0.0,0.005347511766912616,0.0,-0.34554972678291385,0.005649717514124353,-0.02285712105887272
2024-06-14 00:00:00+01:00,-0.0038022813688213253,0.0028090531770965654,-0.01923075159625831,0.0,0.030000000000000027,-0.012422360248447228,-0.016000000000000014,0.0,0.0,-0.0061475228377086966,-0.022727319300397175,-0.0029499198913610636,-0.00655740206358868,0.0,-0.00591715976331364,0.0,0.0,-0.012658215623466695,0.0,0.00561797752808979,-0.029239765429585618
2024-06-18 00:00:00+01:00,-0.007633587786259555,-0.005602262147486492,0.0,-0.005780346820809301,0.00728155339805836,0.0,0.0,0.056034448030588546,0.0,-0.0020618905118010566,0.01691330338191066,0.0029586476649594573,-0.0033002797570629294,0.007407435664424256,-0.017857142857142905,0.0,-0.026595745760156553,0.0,0.0,0.0,-0.006024119227211244
2024-06-19 00:00:00+01:00,0.0,0.004225395095180495,0.0,0.0029069767441860517,0.002409638554216942,0.012578616352201255,0.0,0.012244866818797773,0.019230843295715117,0.00826447960311194,0.0062370698809735,-0.0058997272547841595,-0.0033112708259412926,0.0,0.0060606060606061,0.0,-0.005464397720770453,-0.025641061693801315,0.08000001907348642,0.011173184357541999,0.012121258359966802
2024-06-20 00:00:00+01:00,-0.0019230769230769162,0.0014025030833237917,0.009803959150949337,-0.008695652173912993,0.009615384615384581,0.006211180124223503,0.0,0.01612909428163012,0.0,-0.0061475228377086966,0.0,0.007418397458166526,-0.011627919502791628,0.0,0.012048192771084265,0.0,0.01648347387278326,0.0,0.8074074178729691,0.0,0.005987932308542776
2024-06-24 00:00:00+01:00,-0.013487475915221592,0.01120441744070999,0.009708682130449064,-0.005847953216374324,-0.004761904761904745,-0.01851851851851849,-0.008130081300813052,0.003968193297365197,0.0,-0.010309329662834377,0.002066084110919464,-0.022091310254658825,-0.008403361344537785,0.0,0.005952380952380931,-0.021390455056646163,0.0,0.03289473725487979,0.0,0.03314917127071815,0.011904807858458266
2024-06-25 00:00:00+01:00,0.00390625,-0.0055400819029274295,-0.009615329948400753,-0.00588235294117645,-0.014354066985645897,0.018867924528301883,0.0,-0.00790509334474021,0.0,-0.0010416532789043753,0.0,-0.006024119227211244,-0.006779686879303526,0.0,0.00591715976331364,0.03278690745815038,0.0,0.0,0.0,-0.010695187165775444,-0.005882375380572125
2024-06-26 00:00:00+01:00,-0.0038910505836575737,-0.0027855789573232315,-0.029126231570822836,0.0,0.009708737864077666,0.006172839506172867,-0.016393442622950838,-0.011952236647400971,0.0,-0.028154338118071887,0.0020618242086822836,0.0,-0.02389074654668988,0.0,-0.03529411764705881,-0.013227513494491805,0.0,0.0,0.0,0.0,-0.02958579948438389
2024-06-27 00:00:00+01:00,0.0,0.0027933600823888405,0.0,0.0,-0.009615384615384581,-0.006134969325153339,-0.004166666666666652,0.0,0.0,0.00858370855374635,0.004115242164996147,0.0,-0.0034965167879689174,0.0,0.0060975609756097615,0.0,0.0,-0.012738841509227883,0.0,0.00540540540540535,0.006097584377790843
2024-06-28 00:00:00+01:00,-0.01171875,-0.016713154967022525,0.019999980926513672,-0.017751479289940808,-0.009708737864077666,0.006172839506172867,0.004184100418409997,-0.004032196661186149,0.0,-0.006382959970471558,-0.01639342724524051,0.006060629179983401,0.0,0.0,0.0121212121212122,0.0,0.0,0.0,-0.4877049300466225,-0.005376344086021501,-0.012121258359966802
2024-07-01 00:00:00+01:00,0.011857707509881354,0.005665744115072924,0.0,0.0,0.009803921568627416,0.0,0.0,-0.020242914354489105,0.0,0.01070662773007136,-0.01041666666666663,-0.0030121170638643946,0.007017570629454406,0.0,-0.017964071856287456,0.0,-0.005405426025390625,0.0,0.0,-0.00540540540540535,-0.006134876000100209
2024-07-02 00:00:00+01:00,0.015625,0.002816858425946256,0.0,-0.012048192771084376,0.0,0.012269938650306678,0.0,0.008264415259734426,0.0,-0.0042372966970187775,0.00842108475534542,0.0,0.0034842672983557144,0.0,0.0060975609756097615,-0.008042875152728501,0.0,-0.009677394743888623,0.0,-0.005434782608695676,0.006172745025411208
2024-07-03 00:00:00+01:00,0.011538461538461497,-0.0028089460226743412,-0.01960782480441492,0.018292682926829285,0.0,0.036363636363636376,-0.012499999999999956,0.0,0.009433907943081188,0.0,0.01043841302864812,0.01208463880116617,0.0017361508935331837,0.0,-0.012121212121212088,0.0027026614627323475,0.0,0.009771961876388735,0.0,0.005464480874316946,0.012269986030718272
2024-07-04 00:00:00+01:00,0.015209125475285079,0.005633824308153512,0.0100000381469727,0.0029940119760478723,0.014563106796116498,-0.005847953216374324,0.012658227848101333,-0.008196674537606752,0.0,-0.014893615537231564,0.0309917345601316,-0.002985029078241608,0.02426339155407531,0.0,0.006134969325153339,-0.013477089503083683,0.005434803453420622,0.0,0.6000000000000001,0.0,-0.006060629179983401
2024-07-05 00:00:00+01:00,0.01872659176029967,0.0,0.0,0.0029850746268655914,-0.004784688995215336,0.0,0.0,0.0,0.00934583021049562,-0.008639326372248957,0.0020039773760174295,0.0,0.028764819066515734,0.0,0.0,0.0,0.0,0.0,0.0,-0.005434782608695676,0.0
2024-07-08 00:00:00+01:00,0.003676470588235281,-0.0028011845008746317,0.0,0.011904761904761862,0.0,-0.0117647058823529,0.0,-0.004132247037895498,0.0,-0.0348583941651337,-0.008000030517578138,0.0,-0.006578909805936672,0.0,0.0,0.0,-0.005405426025390625,0.0,0.0,-0.005464480874316946,-0.018292636831624076
2024-07-09 00:00:00+01:00,-0.016483516483516536,0.011235998399541591,0.0,0.0,0.0,0.005952380952380931,-0.008333333333333304,0.0,0.0,-0.018058660524831738,0.00806454714081517,0.005987932308542776,-0.023178832624351275,0.0,0.0060975609756097615,0.010929003894951883,0.0,-0.012903213500976562,0.0,0.0027472527472527375,0.03726710355611518
2024-07-10 00:00:00+01:00,0.0018621973929235924,-0.002777735392252567,-0.00990102749433508,0.00588235294117645,-0.019230769230769273,-0.00591715976331364,0.004201680672268893,-0.0041493933563011565,0.0,-0.004597710441733405,-0.014000015258789023,0.0,0.003389843439651763,0.0,-0.018181818181818188,0.0,0.0027174535568372793,0.0,-0.004999995231628418,0.005479452054794498,0.005987932308542776
2024-07-11 00:00:00+01:00,-0.016728624535315983,-0.008356630612997407,-0.007499980926513716,0.01754385964912286,0.004901960784313708,-0.011904761904761862,0.004184100418409997,-0.008333365122477177,0.0,-0.002309439097577415,0.014198798656638534,-0.0029761451982837084,-0.0084459458370989,0.0,-0.006172839506172867,0.0,0.0,-0.013071882795547274,-0.33668339390642854,-0.0027247956403270157,0.005952403929229133
2024-07-12 00:00:00+01:00,0.005671077504725952,0.00842705237686725,-0.007556655700132864,-0.008620689655172376,0.004878048780487809,0.01807228915662651,0.0,0.0,0.0,-0.02314819445876881,0.0,0.0,0.005110719474640257,0.0,0.024844720496894457,-0.005405426025390625,-0.002710089015801942,0.013245020146527287,0.0,0.0,0.017751547407151236
2024-07-15 00:00:00+01:00,-0.013157894736842146,0.0027854726983509437,0.0,0.0,0.0,-0.011834319526627168,0.0,0.0,0.0,0.018957384796719268,0.0,0.0,-0.003389843439651763,0.0,0.009090909090909038,0.010869606906841245,0.0,0.0,0.022727250149756628,0.0,0.0
2024-07-16 00:00:00+01:00,0.005714285714285783,-0.005555576748318192,0.015228387078284777,-0.0028985507246376274,0.013349514563106846,0.0,0.0,0.008403393670198822,0.0,0.023255791388182345,0.0,0.002985029078241608,0.010204120690535445,0.0,0.01501501501501501,0.0,0.005434803453420622,0.0,0.0,0.0,0.008720907667252753
2024-07-17 00:00:00+01:00,0.011363636363636465,0.005586613608986157,0.0100000381469727,0.008720930232558155,0.010778443113772518,0.008982035928143617,0.004166666666666652,0.025000015894572014,0.0,-0.004545463781711501,0.014999999999999902,0.005952403929229133,0.01683501640255569,0.0,0.00591715976331364,0.026881719878786958,0.008108087488122973,0.0,0.0,0.002732240437158362,0.020172932206015126
2024-07-18 00:00:00+01:00,0.0074906367041198685,-0.002777735392252567,0.00990093307113904,0.020172910662824117,0.004739336492890933,-0.008902077151335286,0.0,0.0,0.0,0.020547953128158714,0.0049261083743843415,0.0,0.013245020146527287,0.0,0.0,0.005235621961910741,0.013404826011449655,0.019607855359147885,0.0,-0.0027247956403270157,-0.011299477645120626
2024-07-19 00:00:00+01:00,-0.01115241635687736,0.0,0.0,0.0,0.0,0.0029940119760478723,0.0,-0.008130112188539096,0.0,-0.011185671736684055,0.0,0.0,0.0,0.0,0.0117647058823529,0.0,0.005291025581380504,0.0,0.0,0.005464480874316946,0.0114286150251115
2024-07-22 00:00:00+01:00,0.015037593984962516,0.0,-0.01960782480441492,-0.005649717514124242,-0.009433962264150941,0.008955223880596996,0.0,0.00819675270763387,0.0,-0.004524896030688064,0.0,-0.0029585348040910286,-0.0032679862818002503,0.0,-0.01744186046511631,-0.002604226167828738,-0.00526317797209086,0.0,0.0,0.005434782608695565,-0.016949216467680994
2024-07-23 00:00:00+01:00,-0.014814814814814836,0.0013927363491754718,0.0,0.0,0.0,0.0,0.0,-0.004065056094269548,-0.009259294417005237,-0.01136362558800319,0.0,0.0,0.0,0.0,-0.00591715976331364,-0.0026109262692708413,-0.005291025581380615,0.006410219573724785,0.0,0.0,0.0
2024-07-24 00:00:00+01:00,-0.015037593984962405,-0.004172504108359898,-0.0100000381469727,-0.0028409090909090606,-0.004761904761904745,-0.00887573964497046,-0.012448132780082943,-0.004081648223254186,-0.028037401503044235,-0.012643652331452815,-0.009803921568627416,-0.005934740605685662,-0.016393442622950838,0.0,0.0,-0.005235621961910741,0.0,-0.057324817163319386,0.0,-0.002702702702702675,-0.02298848432756806
2024-07-25 00:00:00+01:00,0.003816793893129722,0.005586613608986157,0.0,-0.008547008547008517,-0.004784688995215336,0.0,0.0,0.0,0.0,0.0011641293291688726,0.0,0.0014925145391206929,0.003333346048990826,0.0,-0.011904761904761862,0.0,-0.005319067988256432,0.0,0.0,-0.0027100271002710175,0.0
2024-07-26 00:00:00+01:00,0.011406844106463865,-0.005555576748318192,0.0,0.0,0.0,0.0029850746268655914,0.0,0.00819675270763387,0.0,0.004651172139181536,0.004950495049504955,-0.004470870777724123,0.00996675193549934,0.32352937464070664,0.012048192771084265,0.01052635594418172,0.0,0.02702700090373522,0.0,0.0,0.0
2024-07-29 00:00:00+01:00,0.003759398496240518,0.0,0.010101049022522401,0.02298850574712641,-0.009615384615384581,0.011904761904761862,-0.012605042016806678,0.008130034654042939,-0.009615329948400753,-0.004629638891753718,0.024630541871921263,0.005987932308542776,0.0065789725476688155,-0.11111111111111116,0.011904761904761862,-0.0052083529945868845,-0.010695227528323081,-0.013157882353605488,0.0,0.0,-0.01176475076114425
2024-07-30 00:00:00+01:00,0.0074906367041198685,0.0,0.0,-0.016853932584269704,-0.009708737864077666,0.0,0.012765957446808418,0.00806454714081517,0.0,0.006976723554909636,0.0,-0.008928549127512841,-0.006535972563600612,0.21875,0.0,-0.010471243923821483,0.0,0.013333320617675781,0.0,0.0,0.0
2024-07-31 00:00:00+01:00,-0.01115241635687736,0.0,-0.0100000381469727,0.0,0.0,-0.00588235294117645,0.0,0.008000030517578027,0.0,-0.002309439097577415,-0.009615384615384581,0.006006029054705486,0.009868458821503223,0.0,0.0117647058823529,-0.005291025581380615,0.0,0.0,0.3925925644663959,0.0,0.005952403929229133
2024-08-01 00:00:00+01:00,-0.003759398496240629,0.0,0.02020209804504458,0.03428571428571425,0.02450980392156854,0.0,0.0,-0.007936537971601432,0.0,0.0023147849524491892,-0.004854368932038833,-0.002985029078241608,-0.0032573413350023284,0.0,0.0,0.0,0.0,0.013157882353605599,0.0,0.0,-0.005917182469050486
2024-08-02 00:00:00+01:00,0.007547169811320753,0.0,0.0,0.0027624309392264568,-0.014354066985645897,0.00591715976331364,0.0,0.0,0.0,-0.023094666285912724,0.004878048780487809,0.0,0.009803896513747024,0.0,-0.005813953488372103,0.0,-0.01081085205078125,0.0,-0.4255318906092438,0.0027173913043478937,0.0
2024-08-06 00:00:00+01:00,-0.011235955056179803,-0.002793253526597095,-0.01980205498867016,-0.008264462809917328,0.004854368932038833,0.0,-0.008403361344537785,-0.015999984741210893,0.0,0.004728141881597425,0.004854368932038833,-0.0029940803667591886,-0.019417488313168585,0.0,-0.0292397660818714,-0.026595745760156553,0.0054645019474759415,0.0,0.0,-0.0027100271002710175,-0.01190469432579655
2024-08-07 00:00:00+01:00,0.007575757575757569,0.008403339794098352,0.0,0.0,0.0,0.0,0.004237288135593209,0.0,0.0,0.0,0.004830917874396157,0.003003071805090629,0.009901028117592858,0.0,0.006024096385542244,-0.005464397720770453,-0.002717349896583343,0.0,0.0,0.0,0.006024119227211244
2024-08-08 00:00:00+01:00,-0.015037593984962405,-0.005555576748318192,0.0,0.03333333333333344,-0.004830917874396157,-0.008823529411764675,-0.008438818565400852,0.0,-0.00970877472018683,0.021176407724930124,-0.009615384615384581,0.0,-0.006535972563600612,-0.09230765318259215,-0.017964071856287456,0.0,-0.008174365962506869,0.0,0.6666665562876992,0.010869565217391353,0.0
2024-08-09 00:00:00+01:00,0.026717557251908497,0.02513970796254128,-0.007575738601520388,0.0,0.009708737864077666,0.0,0.0,0.008130034654042939,-0.009803865653465582,-0.009216540179609156,0.009708737864077666,-0.0029940803667591886,0.0,0.0,0.012195121951219523,0.0054944214246803735,0.0054944214246803735,0.0,0.0,0.010752688172043001,-0.0029940803667591886
2024-08-12 00:00:00+01:00,-0.014869888475836479,0.008174365962506869,0.007633568521234091,-0.005376344086021501,0.0,0.0029673590504450953,0.008510638297872353,0.0,-0.0297029880598092,0.004651172139181536,-0.019230769230769273,0.0,0.004934198039885596,0.016949108707875915,0.006024096385542244,0.021858007789903988,0.0,0.0,0.0,0.015957446808510634,-0.003002957249614635
2024-08-13 00:00:00+01:00,0.0037735849056603765,0.0027026614627323475,0.0,0.0,-0.009615384615384581,0.0,0.016877637130801704,0.0,0.0,-0.0023148539393046397,0.0,0.0,-0.014729913807818407,0.0,0.0,-0.016042841292484677,0.0,0.0,0.0,0.0,0.0
2024-08-14 00:00:00+01:00,0.015037593984962516,0.005390856365640184,0.010101049022522401,0.016216216216216273,-0.009708737864077666,0.0,0.016597510373443924,0.02016129094281638,0.01632651472429325,0.0023202249211033976,-0.004901960784313708,0.018018087164116237,0.01328902370302032,0.0,0.017964071856287456,0.010869606906841245,0.0,-0.01948047042154266,0.0,0.010471204188481575,0.006024119227211244
2024-08-15 00:00:00+01:00,0.007407407407407307,0.02680965202289931,0.0100000381469727,0.0,0.019607843137254832,0.0,0.03265306122448974,0.019762846445765092,0.0,0.027777764363666968,0.0049261083743843415,0.02064887659983783,0.009836040559362269,0.0,0.0235294117647058,0.0026881309696293876,0.0054645019474759415,0.04635760209146467,0.0,0.05699481865284972,-0.005988046521030466
2024-08-16 00:00:00+01:00,0.022058823529411686,0.010443904277988914,0.03960392113094824,0.005319148936170137,-0.009615384615384581,0.01183431952662728,0.015810276679841806,0.007751967785028402,0.0,0.027027014328204757,0.019607843137254832,0.020231236815314135,0.029220829486124256,0.05555555555555558,0.02298850574712641,0.013404826011449655,0.021739110153428554,0.031645508879100115,0.0,-0.009803921568627416,0.01807224278111641
2024-08-19 00:00:00+01:00,0.003597122302158251,0.007751918117475443,0.028571446736653572,0.010582010582010692,0.009708737864077666,-0.005847953216374324,0.011673151750972721,0.02307693774883557,0.014056259315918584,0.028508797011611353,-0.004807692307692291,0.02266286839521081,0.0031545259215892685,0.0,0.016853932584269593,0.015873076744141734,0.026595745760156664,0.012269986030718272,0.0,-0.007425742574257432,0.011834364938100972
2024-08-20 00:00:00+01:00,0.007168458781362075,0.005128224690755134,0.018518500530834592,0.0,-0.019230769230769273,-0.02941176470588236,-0.0038461538461538325,0.037593984423272,0.00990093307113904,0.002132168657756228,0.004830917874396157,0.01939060367111267,0.00943393849868146,0.0,0.011049723756906049,-0.0052083529945868845,-0.007772001267349227,0.0,0.0,-0.0024937655860348684,0.0
2024-08-21 00:00:00+01:00,-0.008896797153024938,0.002550981433031785,0.009090943769975102,-0.023560209424083767,-0.009803921568627416,-0.015151515151515138,-0.015444015444015413,0.014492739601511984,-0.009803865653465582,-0.004255327783380003,-0.009615384615384581,-0.008152153350003966,-0.006230494239806816,0.0,-0.016393442622950838,-0.00261786091154681,0.0,0.0,-0.44444442972724785,-0.010000000000000009,0.0
2024-08-22 00:00:00+01:00,-0.0017953321364452268,-0.010178059006281992,-0.009009043066040445,-0.013404825737265424,0.00990099009900991,0.021538461538461506,-0.015686274509803977,-0.014285700661795464,0.0,-0.01068375061467286,0.009708737864077666,0.008219157179740977,-0.02194353805522309,0.0,-0.022222222222222254,-0.007873996038722075,-0.007832878408265298,0.006060629179983401,0.0,-0.005050505050505083,-0.005847975394087768
2024-08-23 00:00:00+01:00,0.007194244604316502,-0.0077121604110537145,0.009090943769975102,0.0,0.004901960784313708,0.0,0.0,0.0398550857342832,0.0,-0.006479462595253227,-0.004807692307692291,-0.002717349896583343,0.022435860207487668,0.0,0.022727272727272707,0.0,0.00526317797209086,0.012048123553905166,0.0,-0.005076142131979711,0.0
2024-08-26 00:00:00+01:00,-0.017857142857142905,0.0,0.0,0.0,0.004878048780487809,-0.012048192771084376,0.003984063745019917,-0.010453001269483342,0.0,-0.026086944127578837,0.007246376811594235,0.0,0.0031348082340301175,0.0,-0.011111111111111072,0.0,-0.005235621961910741,0.005952403929229133,0.12000000476837158,0.005102040816326481,0.0
2024-08-27 00:00:00+01:00,0.0036363636363636598,0.010362734240704219,0.0,0.0,-0.004854368932038833,0.012195121951219523,0.001984126984126977,0.0,-0.00990102749433508,0.002232114050291223,-0.011990407673860948,0.013623977918412189,0.0031249523162841797,0.0,0.00561797752808979,0.015873076744141734,0.0,-0.011834252077232543,0.0,0.0,0.0
2024-08-28 00:00:00+01:00,-0.007246376811594235,-0.003846192971253992,0.0,-0.04347826086956519,-0.004878048780487809,-0.015060240963855387,0.0,0.0,0.0100000381469727,-0.011135846817390771,0.0,-0.008064495454511378,0.006230553658770122,0.0,-0.005586592178770999,0.02604166563186383,-0.01052635594418172,-0.005988046521030466,0.24999997339078361,-0.005076142131979711,-0.017647013944738
2024-08-29 00:00:00+01:00,0.014598540145985384,-0.003860945098403512,0.00900895714943828,-0.005681818181818232,0.0,-0.003058103975535187,0.013861386138613874,0.02112677427918852,-0.00990102749433508,-0.009009027150183813,0.024271844660194164,0.016260120577509918,0.021671850757701616,0.0,0.022471910112359605,0.015228387078284777,0.005319169442975058,-0.006024119227211244,-0.1785714316124819,-0.015306122448979553,-0.07185632982739065
2024-08-30 00:00:00+01:00,0.003597122302158251,-0.02583979277224291,-0.017857126131349377,0.0,-0.009803921568627416,-0.018404907975460127,-0.046875,0.0,-0.007999992370605447,-0.006818161806291689,-0.033175355450236976,0.00799997965494792,-0.006060629179983401,0.0,-0.005494505494505475,0.0,-0.005291025581380615,-0.018181771943063474,0.8260869114520635,-0.010362694300518172,-0.012903213500976562
2024-09-02 00:00:00+01:00,0.010752688172043001,0.0,0.0,0.0,0.0,-0.006249999999999978,-0.032786885245901676,-0.013793090294147325,0.008064508376086854,-0.011441636517105613,-0.004901960784313708,-0.0079364879131113,0.0,0.0,-0.011049723756906049,-0.0100000381469727,0.0,-0.012345725525951368,0.0,0.0,-0.03267973815469505
2024-09-03 00:00:00+01:00,0.007092198581560183,0.00795753928353915,0.0,0.005714285714285783,-0.004950495049504955,0.02515723270440251,0.0,-0.03146851771069881,0.0,0.006944423844202907,-0.0049261083743842304,-0.01599995930989584,0.006097584377790843,0.026315789473684292,0.005586592178770999,0.02020209804504458,0.010638338885950116,0.01874995231628418,0.0,0.0,0.0337837833483956
2024-09-04 00:00:00+01:00,-0.021126760563380254,-0.0039474085757607025,0.0,0.0,0.014925373134328401,-0.006134969325153339,-0.012711864406779627,0.010830297068508576,0.0,0.0,-0.015841569050703885,0.018970106213986426,-0.007575757575757569,0.0,0.0,-0.00990102749433508,-0.01052635594418172,0.0,0.0,0.0,0.006535910231946662
2024-09-05 00:00:00+01:00,0.007194244604316502,0.006605020081333235,0.004545471884987551,-0.005681818181818232,-0.009803921568627416,0.0185185185185186,-0.02145922746781115,0.014285700661795575,0.0,0.0459770359062488,0.0020120417019322545,0.0079788048918219,0.0015266942613907375,0.0,0.0,-0.00500001907348635,0.005319169442975058,-0.009202431015409296,-0.01904760174740394,0.0,0.0
2024-09-06 00:00:00+01:00,0.017857142857142794,0.0,0.0,0.0,-0.00990099009900991,-0.0060606060606061,-0.015350877192982448,0.026408451058944626,0.0,0.03296700057711699,0.01907632083320343,-0.010554129545503499,0.015243902793602881,-0.02564102564102566,0.005555555555555536,-0.005025144893802347,0.0,0.0,0.019417457749564715,0.005235602094240788,0.006493531425117771
2024-09-09 00:00:00+01:00,-0.0035087719298245723,0.0,-0.004524904060796975,0.005714285714285783,-0.010000000000000009,-0.024390243902439046,-0.006681514476614692,0.008576329443279906,-0.019999980926513672,-0.01063828775385156,-0.014778325123152691,0.0,-0.003002957249614635,0.0,0.0,0.0,0.0,0.05263160381096532,0.0,-0.00520833333333337,0.0
2024-09-10 00:00:00+01:00,-0.017605633802816878,-0.01049862801053214,0.009090943769975102,-0.017045454545454586,-0.010101010101010055,0.0,0.008968609865470878,0.0,0.0,-0.00215057402156571,-0.020000000000000018,-0.010666707356770888,0.0030120021633468497,0.0,0.0,-0.007575738601520388,-0.005291025581380615,0.0,0.0,0.0,0.0
2024-09-11 00:00:00+01:00,-0.010752688172043001,0.0,-0.018018086132081,-0.00867052023121384,-0.005102040816326481,0.0,0.01777777777777767,-0.020408176505266273,0.0,-0.015086205789152651,-0.002040785186144811,0.008086335959476498,-0.015015015359025496,-0.052631578947368474,-0.016574585635359074,0.0,-0.01063823743123149,-0.005882375380572125,-0.057142805242211714,0.0,0.01935485101515244
2024-09-12 00:00:00+01:00,-0.007246376811594235,0.00530505991756014,0.0,-0.005830903790087438,0.01538461538461533,0.009374999999999911,-0.004366812227074246,0.008680555785511856,0.0,0.0021882209089056914,0.008179912038856596,-0.008021471644866773,0.009146318415812038,0.0,0.011235955056179803,0.0,0.0,0.005917182469050486,0.0,0.005235602094240788,0.0
2024-09-13 00:00:00+01:00,-0.005474452554744547,0.002638482060556502,0.0,0.0058651026392961825,0.010101010101010166,0.0,-0.00877192982456143,0.00516356384917005,-0.01632651472429325,-0.0021834430531633142,0.012170432010216281,0.008086335959476498,-0.0030211020764631114,0.0,0.0,0.007633568521234091,0.0,0.0,-0.393939375694936,-0.00520833333333337,0.0
2024-09-16 00:00:00+01:00,-0.0018348623853210455,0.0,0.009174347244904846,0.0,0.0,0.009287925696594534,0.0,0.0273972334300725,0.004149373488428809,-0.004376311391889098,0.0,0.009358247589346114,-0.006060629179983401,0.05555555555555558,-0.002777777777777768,0.00505052451126109,0.005376364484882101,0.005882375380572125,0.0,0.0,0.006329077632166724
2024-09-17 00:00:00+01:00,-0.007352941176470562,-0.002631538792660315,0.0,0.0,0.0,0.0,-0.013274336283185861,0.013333320617675781,0.0,0.015384613369242794,-0.01402807097263159,-0.003973550354408162,0.012195168755581687,0.0,-0.0027855153203342198,0.01507543468140704,0.005347511766912616,-0.005847975394087768,0.0,0.0,-0.00628927233928156
2024-09-18 00:00:00+01:00,0.0037037037037037646,0.005276964121113004,0.018181800842285156,0.020408163265306145,-0.010000000000000009,0.0,0.008968609865470878,-0.013157882353605488,0.0,-0.030303026393503685,0.0,0.0079788048918219,-0.006024119227211244,0.021052611501593432,0.005586592178770999,0.00990093307113904,0.0,0.023529389325310124,0.8833332505491078,0.0,0.0
2024-09-19 00:00:00+01:00,0.02583025830258312,0.00524936406691201,0.0,-0.005714285714285672,-0.005050505050505083,0.0,0.01777777777777767,0.0,0.0,0.015624997921155126,0.00203248927988664,0.007915546833308307,0.009090885971531737,0.0,-0.005555555555555536,0.009803959150949337,0.010638338885950116,-0.005747148486326958,-0.3362831830399572,0.005235602094240788,0.0
2024-09-20 00:00:00+01:00,0.0,0.0,0.0,0.01724137931034475,0.015228426395939021,-0.018404907975460127,0.0,0.0066666920979818745,0.0,0.021978000384744734,0.014198798656638534,0.007853383012274673,0.018018087164116237,0.0,0.005586592178770999,0.0,0.0,0.0,-0.13333336512247718,0.005208333333333259,-0.006329137991299971
2024-09-23 00:00:00+01:00,0.017985611510791477,0.005221952138994457,0.0,-0.03389830508474578,0.010000000000000009,0.0,0.0,0.0016556038343515933,0.012396682001644121,0.06451613109971022,-0.014000015258789023,0.007792187975598663,0.002949807363423096,-0.020618537443073293,0.0,0.004854387360093471,0.0,-0.005780258874628963,0.0,0.0,0.006369451126407855
2024-09-24 00:00:00+01:00,0.0176678445229681,0.02337666300984176,0.0,0.029239766081871288,0.02970297029702973,0.012499999999999956,0.02183406113537112,0.004958665075381008,0.03061226376490178,0.008080824379190554,0.024340786643204826,0.007731939251534703,0.008823506972369,0.0,-0.005555555555555536,0.004830843982388977,0.021052611501593432,0.011627839925551386,0.6307692025540133,0.020725388601036343,0.0
2024-09-25 00:00:00+01:00,0.003472222222222321,0.0025380322398060873,-0.008928520490927738,0.0028409090909091717,-0.009615384615384581,0.0,0.0,0.0065789725476688155,0.0,0.03206407296086122,0.024752475247524774,0.017902833510409444,0.0058309261629183595,0.0,-0.005586592178770999,-0.009615329948400753,0.02061853744307318,0.011494296972653917,-0.37735843221332077,0.0050761421319796,0.0
2024-09-26 00:00:00+01:00,0.0,0.0025316069397745,-0.009009043066040445,-0.0028328611898017497,0.009708737864077666,0.0185185185185186,0.0,0.006535910231946662,0.0,0.08737867561021839,0.01449275362318847,0.005025144893802347,0.008695630059726067,0.026315789473684292,0.011235955056179803,0.0,0.0,-0.005681839733083893,0.6666666365633118,-0.005050505050505083,0.0
2024-09-27 00:00:00+01:00,0.006920415224913601,-0.002525214090259187,0.03636360168457031,-0.005681818181818232,0.019230769230769162,0.036363636363636376,0.008547008547008517,0.006493531425117771,0.0,0.026785688626827175,0.014285714285714235,0.04499998092651358,0.01580457612409436,0.0,0.02777777777777768,0.009708682130449064,0.025252526225562955,0.02285712105887283,-0.4090909435729343,0.0,0.006329077632166724
2024-09-30 00:00:00+01:00,0.0,-0.010126620908326722,0.061403577751145466,0.011428571428571344,0.028301886792452935,0.005847953216374213,0.0,-0.006451637514175879,0.00990093307113904,0.03043475421480002,0.04225352112676051,0.019138738078044115,0.0014145135478411675,0.0,0.016216216216216273,0.0,0.009852254702272356,0.005586613608986157,0.5384615948919735,-0.005076142131979711,0.0
2024-10-01 00:00:00+01:00,0.01718213058419238,0.0025576033943977006,0.03305781867105084,-0.02259887005649719,0.0183486238532109,-0.005813953488372103,-0.010593220338983023,-0.006493469498212501,0.0,0.025316533373572758,0.009009009009008917,-0.014084471727988102,0.014124293176498215,0.0,0.0,-0.009615329948400753,-0.004878067388767171,0.03888893127441406,0.009999990463256836,0.0025510204081633514,-0.00628927233928156
2024-10-02 00:00:00+01:00,0.04054054054054057,0.017857161972334668,-0.008000030517578138,-0.011560693641618491,0.03603603603603611,0.00877192982456143,-0.0021413276231263545,0.013071882795547163,0.049019608759779176,-0.004115222299809096,0.008928571428571397,0.004761922927129847,0.03064062471774953,0.0,0.03191489361702127,0.009708682130449064,0.029411783955364257,0.021390353059397293,0.0,-0.0025445292620864812,0.025316491606066638
2024-10-03 00:00:00+01:00,0.006493506493506551,-0.0025063229321807823,-0.024193487604002417,0.005847953216374213,-0.008695652173912993,-0.01449275362318836,0.0,-0.012903213500976562,-0.009345741082053105,-0.049586826526647365,-0.008849557522123908,-0.014218063459024544,0.0027026614627323475,0.0,0.005154639175257714,0.0,-0.009523845854259694,-0.010471243923821483,-0.009900980750178201,0.0,-0.012345725525951368
2024-10-04 00:00:00+01:00,0.0,0.0,0.0,-0.008720930232558155,0.0,-0.002941176470588225,0.0,0.0,0.0,-0.026086932184114286,0.017857142857142794,0.0,0.001347791207934712,0.0,-0.00512820512820511,0.00961542164785767,-0.004807619124471918,0.0,0.04999995231628418,0.005102040816326481,-0.00625002384185791
2024-10-07 00:00:00+01:00,0.02580645161290329,0.005025144893802347,0.01652890933552542,0.008797653958944274,0.03508771929824572,0.026548672566371723,0.0042918454935623185,0.0032679862818003613,0.0,0.04464281437804529,0.026315789473684292,0.014423132471786282,0.017496572933620058,0.0,0.0,0.009523845854259694,0.004830843982388977,0.0,0.0,0.0,0.0
2024-10-08 00:00:00+01:00,-0.009433962264150941,0.0,0.03252029368516429,0.0,-0.008474576271186418,0.0,0.0,-0.009772024005007096,0.0,0.02564110401662978,-0.008547008547008517,-0.0047393544863415515,-0.010581950244841987,0.23076923076923084,0.0,0.0,0.0,-0.0158729758262226,0.2857143668090443,0.0050761421319796,-0.01886787699736292
2024-10-09 00:00:00+01:00,0.00952380952380949,0.0,-0.007873970810807207,0.0,0.0,-0.011494252873563204,-0.008547008547008517,0.0065789725476688155,-0.018867995824705996,0.00833332505491069,-0.004310344827586188,-0.004761922927129847,0.010695125531074101,0.16666666666666674,-0.015463917525773141,0.0,0.0,-0.005376364484882101,-0.037037089364844955,-0.005050505050505083,0.006410219573724785
2024-10-10 00:00:00+01:00,-0.0031446540880503138,-0.00500001907348635,0.0,0.0,-0.008547008547008517,0.011627906976744207,0.004310344827586299,0.0,-0.009615329948400753,-0.012396682001644121,-0.02164502164502169,0.0,-0.002645462331730686,0.0,-0.010471204188481686,-0.014150996868529497,0.004807710823928835,-0.01081085205078125,0.26923079744598666,0.010152284263959421,-0.012738841509227883
2024-10-11 00:00:00+01:00,-0.009463722397476393,-0.030150773516147478,0.0,-0.01744186046511631,-0.017241379310344862,-0.011494252873563204,-0.012875536480686733,-0.006535972563600612,-0.00970877472018683,0.0,0.0,-0.0047847073346865,-0.00795753928353915,0.0,-0.010582010582010581,0.0,-0.009569323408671226,0.0,-0.27272723331924253,-0.035175879396984966,-0.025806427001953125
2024-10-14 00:00:00+01:00,0.0031847133757962887,-0.02331600380204768,-0.007936537971601432,0.0,0.00877192982456143,0.0,0.0,-0.006578909805936672,0.0,-0.02092058097916616,0.026548672566371723,0.004807710823928835,0.005347511766912616,0.0,0.0,-0.009569323408671226,-0.009661872249663306,-0.02732240551067433,0.0,-0.03645833333333337,-0.01324508330376517
2024-10-15 00:00:00+01:00,-0.015873015873015928,-0.015915179752680086,0.0,0.0,0.008695652173912993,0.0,-0.019565217391304346,0.006622478494644701,-0.009803865653465582,0.02564110401662978,-0.008620689655172376,0.009569414669373,-0.007978703437103274,0.0,0.016042780748663166,-0.004830936124831653,0.004878067388767171,-0.02247188964466096,0.12499997516473238,0.0108108108108107,0.013422870339588666
2024-10-16 00:00:00+01:00,0.003225806451612856,0.002695479593836536,-0.015999984741210893,-0.023668639053254448,0.0,0.0,0.0,0.0,0.0,0.029166637692187747,-0.021739130434782594,0.0,0.0,0.0,-0.010526315789473717,0.0,0.0,0.017241445458981097,0.0,-0.005347593582887722,0.013245020146527287
2024-10-17 00:00:00+01:00,-0.003215434083601254,-0.008064495454511378,0.008130034654042939,-0.024242424242424288,-0.0193965517241379,0.01744186046511631,-0.006651884700665134,0.0,0.0,-0.02024289544013369,0.004444444444444473,-0.009478708972683103,-0.01072379944673596,0.0,0.010638297872340496,0.009708682130449064,0.0,-0.005649738822560368,-0.037037089364844955,0.0,-0.006535972563600612
2024-10-18 00:00:00+01:00,0.0,0.004064978454714874,0.0,-0.024844720496894457,-0.00659340659340657,-0.040000000000000036,-0.008928571428571397,0.0032894862738344077,0.0,-0.012396682001644121,0.0,0.0,-0.008130163668080392,0.0,-0.0052631578947368585,-0.009615329948400753,-0.004854387360093471,0.0,0.0,0.0,-0.019736854901274303
2024-10-21 00:00:00+01:00,-0.006451612903225823,-0.004048521302845276,0.03225811165403902,0.01273885350318471,0.008849557522123908,0.017857142857142794,0.0,0.022950844686539407,-0.00990102749433508,-0.012552388490189026,0.008849557522123908,0.0047847073346865,0.0054645019474759415,0.0,-0.005291005291005346,0.029126231570822947,0.026829231076124227,0.011363571094088698,0.0,-0.005376344086021501,-0.0067113711648050245
2024-10-22 00:00:00+01:00,0.01298701298701288,0.00813006028875507,0.015624984866008385,0.04402515723270439,0.01754385964912286,0.03508771929824572,0.0045045045045044585,-0.006410280706692251,0.0,-0.03389827426361236,0.021929824561403466,0.014285677955264031,0.016304410360261867,0.0,0.02127659574468077,0.004716908986904578,0.03087893346497217,0.0,0.3461538955304768,0.00540540540540535,-0.00675678244466027
2024-10-23 00:00:00+01:00,0.0,-0.0026882335152527137,0.03846153846153855,0.03915662650602414,0.01724137931034475,0.05084745762711873,0.004484304932735439,0.01935485101515244,0.0,-0.03508768627628134,0.03862660944205998,0.018779415033167268,0.01604273929523581,0.0,0.0078125,0.021126797138869557,0.04608294768854848,0.022471996799083183,0.0,0.0,0.020408176505266162
2024-10-24 00:00:00+01:00,-0.0064102564102563875,0.005390856365640184,0.022222236350730507,0.0028985507246377384,-0.016949152542372836,0.010752688172043001,-0.008928571428571397,0.0031645689956498746,-0.007999992370605447,-0.03181815078435912,0.0,0.018433161496169914,-0.00526317797209086,0.0,-0.007751937984496138,0.011494252873563315,-0.00881060600077066,0.0,0.0,-0.016129032258064502,0.0
2024-10-25 00:00:00+01:00,0.0,-0.0026809242940074585,0.0,0.0,0.0,-0.005319148936170248,0.009009009009008917,0.0031545259215892685,-0.012096762564130281,-0.02816909764057407,0.02892561983471076,0.0,-0.005291025581380615,0.0,0.0,-0.009090943769975102,0.008888922797309018,-0.010989052448102776,-0.04000002997262142,0.0,0.0
2024-10-28 00:00:00+00:00,-0.003225806451612856,-0.005376364484882101,0.007246335247339308,0.0028901734104045396,-0.004310344827586188,-0.002673796791443861,0.044642857142857206,0.02515720931616272,0.0,0.0386474225626221,0.02008032128514059,0.013574625877024404,0.0,0.0,0.0,-0.00917425975184516,-0.006607996512660974,-0.011111153496636272,0.04166669918904331,0.002732240437158362,0.0066666920979818745
2024-10-29 00:00:00+00:00,-0.006472491909385147,0.0013513307313661738,0.0,-0.0028818443804035088,0.008658008658008587,0.0,0.008547008547008517,0.012269986030718272,-0.02857140076751319,-0.009302316297383983,0.007874015748031482,0.008928605640421639,-0.007978703437103274,-0.1071428571428571,-0.00520833333333337,0.018518500530834592,-0.015520997160207273,0.016853997599312276,0.0,-0.0027247956403270157,0.0
2024-10-30 00:00:00+00:00,-0.006514657980456029,0.0,-0.021582679517531345,0.005780346820809301,-0.012875536480686733,-0.013404825737265424,0.0,0.0,0.0,0.004694830951162521,-0.0078125,0.008849506735177037,0.005361950858721043,0.0,0.010471204188481575,0.045454545454545414,0.006756739341229334,-0.005524882837687928,-0.09714283261980328,0.005464480874316946,0.0
2024-10-31 00:00:00+00:00,0.032786885245901676,0.004048624263637279,0.0073528988963604824,0.034482758620689724,0.07826086956521738,0.032608695652173836,0.008474576271186418,0.012121258359966802,0.0084033529263976,0.028037355064628677,-0.007874015748031482,0.0043859817901739095,0.010666707356770777,0.0,0.010362694300518172,0.017391287762185792,0.020134176640279167,-0.03333335452609587,-0.05063293717874329,0.0,0.0
2024-11-01 00:00:00+00:00,0.0031746031746031633,-0.005376364484882101,0.0,0.0,0.048387096774193505,0.021052631578947434,0.0,0.0,-0.016666749450892193,-0.004545450112051319,0.023809523809523725,-0.004366828957883873,0.002638482060556502,-0.07999999999999996,0.0,0.0,0.0043859817901739095,0.005747148486326958,-0.19999996821085608,-0.005434782608695676,0.0
2024-11-04 00:00:00+00:00,-0.012658227848101222,0.005405426025390625,-0.007299228407856018,0.005555555555555536,0.023076923076922995,0.0,-0.006302521008403339,-0.005988046521030466,0.0,-0.0091324111433575,-0.011627906976744207,-0.004385898134529276,0.0013157693963301575,0.0,0.002564102564102555,-0.017094001070560583,-0.004366828957883873,-0.02857142857142858,0.24999995032946476,0.002732240437158362,0.0
2024-11-05 00:00:00+00:00,0.0,-0.005376364484882101,0.0,0.03314917127071815,-0.015037593984962405,-0.005154639175257714,-0.0021141649048626032,0.0,0.0,0.0,0.0039215686274509665,0.004405218976219372,0.017082826252616812,-0.17391304347826086,0.0,0.017391287762185792,-0.0065789308574385474,-0.005882375380572125,0.0,-0.0027247956403270157,0.019867498641171988
2024-11-06 00:00:00+00:00,-0.004807692307692291,0.01486484424487955,-0.022058836935300308,0.050802139037433136,0.007633587786259444,-0.002590673575129543,0.012711864406779627,0.01807224278111641,0.004237284282951448,0.05990777486255228,0.00390625,-0.004385898134529276,0.0025839398488296528,0.4736842105263157,0.002557544757033181,0.0,-0.002207471872080813,0.035502981953434265,-0.293333371480306,0.021857923497267784,0.0
2024-11-07 00:00:00+00:00,-0.008051529790660261,0.0026631768535338995,0.0,-0.0025445292620864812,0.007575757575757569,-0.0025974025974025983,-0.03765690376569042,0.005917182469050486,0.012658316986067009,0.0,-0.0077821011673151474,0.0,0.0,-0.1071428571428571,0.005102040816326481,0.025641042361154165,-0.013274386696699225,0.0,0.0,-0.002673796791443861,-0.006493469498212501
2024-11-08 00:00:00+00:00,0.0,0.003984002791568075,0.0,0.005102040816326481,0.015037593984962516,-0.0078125,0.008695652173912993,0.0,0.0,0.004347822030685622,-0.0039215686274509665,0.0,0.0025773786284728484,-0.24,0.002538071065989911,-0.008333365122477177,0.006726526054297688,0.0,0.0,0.002680965147453085,-0.006535972563600612
2024-11-11 00:00:00+00:00,0.0,-0.005291025581380615,0.0,-0.005076142131979711,0.007407407407407307,0.0,-0.004310344827586188,0.0,0.0,0.00432900030777672,-0.007874015748031482,0.0,-0.012853469932831874,0.0,0.012658227848101333,0.0,-0.006681582217428206,0.0,0.0,0.0,-0.013157882353605488
2024-11-12 00:00:00+00:00,-0.01948051948051943,0.002659635448846842,0.0,0.0,0.007352941176470562,0.007874015748031482,0.0,0.005882375380572125,-0.016666749450892193,0.0,0.003968253968253954,0.0,-0.010416705989173769,0.4526315990247225,0.040000000000000036,0.016806787340397866,0.0,-0.01714281354631697,0.0,0.016042780748663166,0.020000012715657656
2024-11-13 00:00:00+00:00,0.023178807947019875,-0.0026525805515809076,0.007518753861753602,0.0,0.014598540145985384,0.0,0.0043290043290042934,0.017543814641410194,-0.016949137131806236,0.04741385201707771,-0.0039525691699604515,0.002202609488109575,-0.00526317797209086,0.0,0.019230769230769162,0.008264415259734426,0.0,-0.011627950817908794,0.0,-0.0052631578947368585,0.026143765591094548
2024-11-14 00:00:00+00:00,0.0,0.0,-0.00746264407777486,0.0,0.014388489208633004,0.0,0.004310344827586299,-0.005747148486326958,0.0,0.016460889199236384,-0.007936507936507908,0.01098901098901095,0.0,0.0,0.0,0.0,0.0,0.017647013944738,0.17924534667637726,0.0,-0.057324817163319386
2024-11-15 00:00:00+00:00,0.0,0.0,-0.0075188255665883386,-0.015306122448979553,-0.007092198581560294,0.005208333333333259,-0.012875536480686733,-0.011560628000628848,0.004310340840949722,0.0283400536161873,0.008000000000000007,0.004347842672596913,0.0,0.0,0.0,-0.01639342724524051,-0.008968558853510666,0.0,0.08000001907348642,0.0,0.04054050135560283
2024-11-18 00:00:00+00:00,-0.003236245954692518,0.0079788048918219,0.0,-0.005181347150259086,0.021428571428571352,-0.005181347150259086,-0.004347826086956497,0.0,0.0,0.007874008357040552,0.0,0.00432902077135644,-0.01851853907587242,0.0,-0.004716981132075526,0.0,0.004524904060796864,-0.005780258874628963,0.0,0.015873015873015817,0.01298706285023532
2024-11-19 00:00:00+00:00,0.006493506493506551,-0.010554129545503499,0.0075757865844463534,0.005208333333333259,0.006993006993007089,0.01041666666666674,0.008733624454148492,0.005847975394087879,-0.012875524623216728,-0.023437478172126713,0.0,0.021551723429195757,0.018867945868723757,0.0,0.018957345971563955,0.008333365122477288,0.011261260874249501,-0.017441926226863136,0.07407409042651403,-0.00520833333333337,0.006410219573724785
2024-11-20 00:00:00+00:00,0.0,0.00799997965494792,-0.0075188255665883386,-0.010362694300518172,-0.02083333333333337,-0.014433005421432,-0.0043290043290042934,-0.0029070431506559302,0.03043475421480002,-0.015999984741210893,-0.003968253968253954,0.00843877000643678,-0.010581950244841987,0.014492739601511984,-0.0046511627906976605,0.01652890933552542,0.011135857082584133,-0.011834252077232543,0.03448272460139301,-0.002617801047120394,0.006369451126407855
2024-11-21 00:00:00+00:00,0.011290322580645107,0.0,-0.007575714336391148,0.0,0.007092198581560183,0.009414242052760535,-0.013043478260869601,0.008746333636544312,0.00843891152356524,-0.024390220263873164,0.003984063745019917,0.0,-0.005347613764161596,0.0,0.0,-0.016260146842582146,0.004405218976219372,-0.011976093042061042,-0.16666666666666663,0.0,-0.006329137991299971
2024-11-22 00:00:00+00:00,-0.0015948963317384823,-0.031746052570364225,-0.007633616683796363,-0.010471204188481686,-0.014084507042253502,-0.010362694300518172,-0.03964757709251099,-0.005780258874628963,0.0,0.004166662527455456,-0.001984126984126977,0.004184116446269481,0.0,0.0,-0.01869158878504673,0.0,-0.017543843505051004,0.0,0.19999999999999996,0.0,0.031847194888451336
2024-11-25 00:00:00+00:00,-0.015974440894568676,0.0,-0.015384600712702867,0.015873015873015817,-0.0071428571428571175,0.0,0.0,-0.005813975408954342,-0.012552388490189026,-0.045643207301583555,-0.005964214711729587,-0.004166682561238644,-0.016129093454646193,0.0,0.00952380952380949,0.0,0.0,-0.018181771943063474,0.2666666507720947,-0.002624671916010457,0.006172745025411208
2024-11-26 00:00:00+00:00,0.016233766233766156,0.002732303087090715,0.015624984866008385,-0.0078125,0.0,-0.01308900523560208,0.00917431192660545,0.013157916751484144,0.0,0.026086932184114398,0.0,0.008368232892538963,0.021858007789903988,0.0,0.02358490566037741,0.01652890933552542,0.00446430282021093,-0.0030864902502700797,0.0,-0.0052631578947368585,0.0
2024-11-27 00:00:00+00:00,0.0031948881789136685,-0.0027248579493039937,0.02307693774883557,0.0,0.007194244604316502,0.02652519893899208,0.018181818181818077,0.010100965619285418,-0.016949137131806236,0.05084751242024477,0.008000000000000007,0.012448100925807948,0.021390353059397293,0.0,0.041474654377880116,0.02439025903112113,0.008888922797309018,0.021671850757701616,0.0,0.005291005291005346,0.006134993015359136
2024-11-28 00:00:00+00:00,0.0031847133757962887,0.008196805034566879,0.0,0.023622047244094446,-0.0071428571428571175,0.023255813953488413,-0.008928571428571397,0.005714307512555861,-0.004310340840949611,-0.008064508376086854,-0.011904761904761862,-0.004098376353816935,-0.00261786091154681,0.0,0.0,0.015873000254767344,0.0,-0.012121258359966802,-0.21052630588288435,-0.015789473684210575,0.0
2024-11-29 00:00:00+00:00,-0.006349206349206327,0.0,0.052631563851613716,0.0,0.014388489208633004,0.010101010101010166,0.009009009009008917,0.0,-0.00432900030777672,0.0,0.0,0.004115242164996147,-0.0026246319718100652,-0.0714285714285714,0.0,0.023437514551915006,-0.0077093012567158725,0.0,-0.16666666666666663,0.0,0.006097584377790843
2024-12-02 00:00:00+00:00,-0.0031948881789137795,0.0,-0.00714288439069477,0.0,0.02127659574468077,0.030000000000000027,-0.0022321428571429047,-0.005681839733083893,0.0,0.012195110131936637,0.0,0.00819675270763387,0.0,-0.3076923076923077,0.01327433628318575,0.015267160568028793,-0.0011098609968325235,0.006134993015359136,0.19999999999999996,0.005347593582887722,-0.003030256791548336
2024-12-03 00:00:00+00:00,0.012820512820512775,0.0,0.0071942722456204145,-0.00512820512820511,-0.00694444444444442,0.009708737864077666,0.0,0.0114286150251115,0.004347822030685622,0.0361445437046628,0.004016064257028162,0.004065056094269437,-0.00526317797209086,0.0,0.004366812227074135,0.03007515885668366,0.013333299424913125,0.04268297434278745,0.0,-0.0026595744680850686,0.003039467157545106
2024-12-04 00:00:00+00:00,-0.009493670886076,-0.004065081834040196,0.0,-0.005154639175257714,-0.006993006993006978,-0.004807692307692291,-0.004474272930648726,0.0,0.0,-0.0058139019105275525,0.0,0.0161943160394733,0.0026455632496498183,0.0,-0.004347826086956497,-0.007299228407856018,-0.008771879924703185,0.005847975394087879,-0.3000000317891439,0.0,0.006060629179983401
2024-12-05 00:00:00+00:00,-0.006389776357827448,-0.01224491871944089,-0.028571401323590928,-0.005181347150259086,0.007042253521126751,-0.004830917874396157,-0.013483146067415741,-0.016949216467680994,0.0,-0.001949362311646996,-0.02400000000000002,0.00398407888246699,-0.003957823742473554,0.0,-0.02183406113537123,-0.007352969019469913,0.0,-0.040697716970323206,0.26666676506164033,-0.013333333333333308,-0.006024119227211244
2024-12-06 00:00:00+00:00,0.009646302250803762,-0.005509663006693977,-0.007352969019469913,0.0,0.0,-0.009708737864077666,-0.006833712984054663,-0.002873519434293592,0.0,0.01953123181010552,-0.012295081967213073,-0.011904806957402148,-0.0013244831009416869,0.0,0.0044642857142858094,-0.007407435664424145,-0.004424795565566408,0.04848480224609375,0.0,0.0,0.0
2024-12-09 00:00:00+00:00,-0.004777070063694322,0.0,0.0,0.0,0.0,0.009803921568627416,0.0,0.002881800343586649,-0.01731600123110688,-0.02298848474755899,0.004149377593360981,-0.008032082676900254,0.0,0.0,-0.004444444444444473,0.007462715247501972,0.004444461398654509,0.01156073825199977,-0.007518789579387564,0.0,0.006060629179983401
2024-12-10 00:00:00+00:00,0.011200000000000099,0.002770146621752456,0.014814800686306473,0.0026041666666667407,0.006993006993007089,0.0,0.00917431192660545,0.011494296972653917,-0.0044052821794189345,0.01960782480441492,0.008264462809917328,0.012145717724457494,0.00795753928353915,0.0,0.017857142857142794,-0.007407435664424145,0.004424795565566519,0.0,-0.015151590409901994,-0.00540540540540535,0.0
2024-12-11 00:00:00+00:00,0.0,0.0,0.0,-0.012987012987012991,-0.02083333333333337,-0.01941747572815533,0.0,0.0,0.0,-0.0038461503192516178,0.002049180327868827,0.004000015258789125,-0.00526317797209086,0.0,0.00877192982456143,0.0261194321965299,-0.00440530300038533,0.005714307512555861,-0.11538460127700667,0.0,-0.006024119227211244
2024-12-12 00:00:00+00:00,0.0,0.005524882837687928,0.007299298019120881,0.0,-0.007092198581560294,0.024752475247524774,0.0,0.011363571094088698,0.08407082213372608,0.0231660938943945,0.006134969325153339,0.011952160657416666,0.021164001407603106,0.0,-0.008695652173912993,-0.003636377507990063,0.002212355584805259,0.03409093002642427,-0.04347822030685711,0.005434782608695565,-0.006060629179983401
2024-12-13 00:00:00+00:00,0.020569620253164667,-0.005494526224051444,0.02173914395568488,0.026315789473684292,0.0071428571428571175,0.009661835748792313,0.0,0.04494388644374414,0.04081628681073313,0.03773581171086837,0.0,0.04724412523471089,0.01554410136105644,0.5333333545260959,0.013157894736842035,0.02189782444609789,0.03752761129295257,0.0329669477455663,0.0,0.00540540540540535,-0.006097584377790843
2024-12-16 00:00:00+00:00,0.0015503875968991832,-0.0027624941080316434,-0.00709222544427357,0.0,0.0,0.004784688995215225,-0.004545454545454519,0.016128990909022756,-0.009803865653465582,0.0072727203369140625,0.0,-0.0037594127832941693,0.0,0.0,-0.008658008658008698,0.0,0.0,-0.005319067988256432,0.0,0.005376344086021501,0.0
2024-12-17 00:00:00+00:00,0.003095975232198178,0.03324101976900895,0.014285700661795575,0.01025641025641022,0.007092198581560183,0.0,0.022831050228310446,0.005291025581380504,0.0,0.032490943967157904,-0.004065040650406471,0.011320725926813102,0.010204023045831345,0.0,0.004366812227074135,0.007142884390694659,0.008510670763381079,0.010695125531074101,0.0,0.016042780748663166,-0.012269869015459345
2024-12-18 00:00:00+00:00,0.006172839506172867,0.0,0.0,0.0,-0.007042253521126751,-0.014285714285714235,-0.0267857142857143,-0.00526317797209086,0.00990093307113904,0.0034965002902287434,-0.008163265306122436,-0.005597000850762868,0.007575834932263215,0.0,-0.008695652173912993,-0.01418445088854714,0.0,-0.005291025581380615,0.0,0.0,0.006211203670828613
2024-12-19 00:00:00+00:00,-0.006134969325153339,-0.005361950858721154,-0.03521126807859265,-0.015228426395939132,-0.014184397163120588,0.004830917874396157,-0.022935779816513735,-0.005291025581380615,-0.01470584522894025,-0.017421586867605088,0.0,0.0,-0.0025063229321807823,0.0,-0.02631578947368418,-0.01438847588157588,-0.0042194252426397405,0.005319169442975058,-0.09090911061310525,0.0,-0.012345725525951368
2024-12-20 00:00:00+00:00,0.012345679012345734,-0.013477089503083683,-0.007299228407856018,0.005154639175257714,0.0,0.0,0.0046948356807512415,-0.01063823743123149,-0.004975143262281545,0.014184383971608927,-0.004115226337448541,0.0018762155769191935,0.010050289787604694,0.0,0.009009009009008917,0.0,-0.004237304231073047,0.005291025581380504,0.10000002384185791,-0.0052631578947368585,0.0
2024-12-23 00:00:00+00:00,0.015243902439024293,-0.005464397720770453,0.0,-0.01025641025641022,0.021582733812949728,0.009615384615384581,-0.0210280373831776,0.010752626424140876,0.005000019073486239,0.0034965002902287434,0.02892561983471076,-0.0037453325322945874,0.01990047815616136,0.0,0.008928571428571397,0.01459852642697701,0.012765924981299914,0.013157894736842035,-0.5,0.0,0.0
2024-12-27 00:00:00+00:00,-0.0030030030030030463,0.0,0.036764704851130814,0.0,0.0,0.00952380952380949,-0.011933174224343701,0.021276677771900232,0.004975143262281545,-0.003484317373521062,-0.004016064257028162,0.01127816664504766,0.004878067388767171,0.0,0.026548672566371723,-0.021582679517531345,0.008403393670198822,0.0,0.3636363340803421,-0.010582010582010581,0.00625002384185791
2024-12-30 00:00:00+00:00,0.006024096385542244,0.01648347387278326,0.0,-0.005181347150259086,0.0,0.0,-0.009661835748792313,0.015624959642690062,0.0,0.020979085104515294,0.0,0.003717486352707633,-0.004854387360093471,0.0,0.008620689655172376,-0.007352969019469913,0.0,0.007792187975598663,-0.06666668256123864,0.0,0.0
2025-01-02 00:00:00+00:00,0.014970059880239583,-0.008108087488122862,0.014184383252072719,0.005208333333333259,-0.0035211267605633756,0.0,0.014634146341463428,-0.005128224690755245,0.0,-0.02054800672275059,0.02016129032258074,0.0,0.0,0.0,-0.008547008547008517,0.007407435664424256,0.0,-0.005154658940003776,0.0,-0.008021390374331583,-0.01863355177805759
2025-01-03 00:00:00+00:00,0.002949852507374562,0.0027247540066013265,0.0,0.0,0.0035335689045936647,0.0,0.0,-0.007731939251534703,-0.013861419607429926,0.0,-0.007905138339920903,0.003703717832212128,0.014634109124904704,0.0,0.0,-0.007352969019469913,0.018750031789143806,0.01554410136105644,0.7571429143146602,-0.005390835579514808,-0.012658215623466695
2025-01-07 00:00:00+00:00,-0.002941176470588225,0.005434803453420622,-0.020979034037302835,-0.015544041450777257,0.0,-0.009433962264150941,0.04807692307692313,-0.02337666300984176,-0.004016060411629163,0.01748258481428655,0.003984063745019917,0.0036900509248001256,-0.009615329948400753,0.0,-0.017241379310344862,-0.014814800686306473,0.00613495353168414,0.0,0.0,0.013550135501354976,-0.01282056141338439
2025-01-08 00:00:00+00:00,0.0,0.0,-0.014285700661795464,0.0,-0.014084507042253502,-0.02857142857142858,0.03669724770642202,-0.021276576317181495,0.0,-0.010309268214748757,-0.011904761904761862,-0.022058836935300308,-0.004854387360093471,0.0,-0.02631578947368418,0.0,-0.004065056094269548,-0.020408143405366563,0.0,0.008021390374331583,0.0
2025-01-09 00:00:00+00:00,0.020648967551622377,0.01081085205078125,0.007246335247339308,0.03684210526315779,0.0071428571428571175,0.03921568627450989,-0.004424778761061954,-0.01630430670000793,0.038306462854674095,-0.010416739102864003,0.012048192771084265,-0.011278238349882397,0.024390243902439046,0.0,0.009009009009008917,0.015037579428341719,0.012244866818797773,0.031249919285380123,-0.5934959412629672,0.018567639257294433,-0.012987000923330161
2025-01-10 00:00:00+00:00,-0.017341040462427793,0.002673755883456419,0.0,0.060913705583756306,-0.007092198581560294,0.0,0.026666666666666616,0.0,0.029126231570822947,-0.031578918309091875,0.0,-0.0038022234609110805,-0.004761922927129847,0.0,-0.008928571428571397,-0.014814800686306473,0.028225838083631327,0.010101049022522401,0.7999999523162842,-0.01041666666666663,0.013157882353605599
2025-01-13 00:00:00+00:00,-0.002941176470588225,0.0,-0.021582679517531345,0.019138755980861344,0.0,0.0,-0.008658008658008698,-0.016574648513063672,0.018867905855434186,-0.03260866466677248,0.0,-0.007633616683796363,0.0047847073346865,0.0,-0.009009009009009028,0.007518753861753602,-0.009803921568627416,-0.030000019073486373,0.0,0.0,-0.006493469498212501
2025-01-14 00:00:00+00:00,-0.008849557522123908,-0.0053333536783853885,0.0036764143866254706,0.028169014084507005,-0.0035714285714285587,-0.018867924528301883,0.004366812227074135,-0.011235891245119367,-0.037037089364844955,0.0149812586929019,-0.007936507936507908,0.0,-0.011904761904761862,0.0,-0.018181818181818188,-0.014925359325276832,0.0,0.0,0.0,-0.0052631578947368585,0.0
2025-01-15 00:00:00+00:00,0.0,0.0,-0.0036629478723699815,0.0,-0.0035842293906810374,-0.019230769230769273,0.0,0.005681839733084004,0.0,-0.0036900333293332643,-0.03200000000000003,-0.0076923370361328125,-0.007228897278567348,0.0,0.0185185185185186,0.0075757865844463534,-0.00990099009900991,-0.010309219563065741,0.0,-0.005291005291005346,0.006535910231946662
2025-01-16 00:00:00+00:00,0.0,0.005361950858721043,0.0073528988963604824,0.0,0.02877697841726623,0.03921568627450989,0.026086956521739202,0.011299369885315658,0.0,0.0,0.004132231404958775,0.003875983892514201,-0.00970877472018683,0.0,0.018181818181818077,0.0,-0.004000015258789014,-0.0052083529945868845,0.0,0.015957446808510634,0.0
2025-01-17 00:00:00+00:00,-0.0029761904761904656,-0.0053333536783853885,-0.007299228407856018,-0.004566210045662156,-0.006993006993006978,0.0,0.0,0.011173227217972093,0.0,0.0,-0.020576131687242816,0.0038610186464320684,0.01960782480441492,0.0,-0.008928571428571397,0.007518753861753602,-0.004016079638624048,0.0,0.0,-0.010471204188481686,0.0
2025-01-20 00:00:00+00:00,0.020895522388059806,0.008042875152728612,-0.007352969019469913,0.0,0.0,-0.009433962264150941,0.0,0.0,0.0,0.007407400212333881,0.008403361344537785,-0.0038461685180664062,0.0,0.0,-0.0045045045045044585,0.0,0.023185515347927232,0.0,0.0,0.010582010582010692,-0.006493469498212501
2025-01-21 00:00:00+00:00,0.014619883040935644,0.015957508328925174,0.0,0.03669724770642202,0.01760563380281699,-0.00952380952380949,-0.016949152542372836,0.0027623887296563954,-0.009615329948400753,-0.0018382773486487203,0.008333333333333304,-0.0019304725018132185,0.0,0.0,0.004524886877828038,0.014925430495003944,0.0,0.0,-0.44444442972724785,0.005235602094240788,0.0
2025-01-22 00:00:00+00:00,-0.0028818443804035088,0.018324626936096156,0.011111082854094345,0.03982300884955747,0.0034602076124568004,0.0,0.004310344827586299,0.008264441966000513,0.009708682130449064,0.02394108997250055,0.02892561983471076,0.005802693087687549,0.004807710823928835,0.0,0.027027027027026973,0.0,0.009852216748768461,0.010471144062638604,0.7899999618530273,0.02604166666666674,0.006535910231946662
2025-01-23 00:00:00+00:00,-0.005780346820809301,0.0,0.02564105430410346,0.025531914893617058,0.01379310344827589,0.009615384615384581,0.012875536480686733,0.03278690745815038,0.019230843295715117,0.028776951269557483,-0.012048192771084376,0.0038461685180664062,0.0047847073346865,-0.057971027512881634,0.013157894736842035,0.02941173583166079,0.029268292682926855,0.01554410136105644,-0.16201115532584498,0.0050761421319796,0.0
2025-01-24 00:00:00+00:00,-0.0014534883720930258,0.00514130952177827,-0.028571401323590928,-0.0456431535269709,0.0,-0.00952380952380949,-0.0021186440677966045,-0.010581950244841987,0.0,0.013986084524057807,-0.004065040650406471,-0.007662864368440658,-0.011904761904761862,0.0,-0.012987012987012991,-0.00714288439069477,-0.004739336492891044,0.03061226376490178,0.1333333651224773,0.005050505050504972,-0.006493469498212501
2025-01-27 00:00:00+00:00,-0.004366812227074246,-0.024296598089919574,-0.014705938038939936,-0.021739130434782594,-0.006802721088435382,-0.004807692307692291,-0.04033970276008492,-0.010695227528323081,0.0,-0.02068971697413624,-0.004081632653061273,-0.0038610186464319574,-0.004819295492516917,0.0,-0.00877192982456143,0.0,-0.014285714285714235,-0.00990102749433508,0.0,-0.047738693467336724,-0.019607855359147774
2025-01-28 00:00:00+00:00,0.0029239766081872176,-0.003931887808108048,0.0,0.0,0.010273972602739656,-0.004830917874396157,-0.013274336283185861,0.005405426025390625,-0.018867995824705996,0.010563370526912585,-0.008196721311475419,0.0,-0.00242127060456121,0.0,0.0,-0.007194203635955465,-0.004830917874396157,-0.00500001907348635,0.0,0.0079155672823219,-0.006666692097981763
2025-01-29 00:00:00+00:00,0.0,0.0,0.007462715247501972,-0.008888888888888835,0.003389830508474523,0.004854368932038833,0.013452914798206317,-0.005376364484882101,0.0,-0.010452952120563075,0.008264462809917328,-0.001937954982135226,0.009708682130449064,0.0,-0.013274336283185861,-0.014492739601511984,-0.004854368932038833,-0.005025144893802347,0.0,-0.005235602094240788,0.006711435169794333
2025-01-30 00:00:00+00:00,0.005830903790087438,-0.002631538792660315,0.0,0.004484304932735439,0.0,0.004830917874396157,-0.013274336283185861,0.016216174976245723,-0.01923075159625831,0.014084577986089863,0.008196721311475308,0.0019417179440988086,0.004807710823928835,0.0,0.013452914798206317,0.0,0.004878048780487809,0.0,0.0,0.0,0.0
2025-01-31 00:00:00+00:00,0.01449275362318847,0.0,0.0,-0.004464285714285698,0.0,0.0,-0.008968609865470878,0.010638338885950116,0.0,-0.03472227051302046,0.0,0.003875983892514201,0.009569414669373,0.0,0.0,0.0,0.009708737864077666,0.02020209804504458,0.0,-0.0052631578947368585,0.0066666920979818745
2025-02-03 00:00:00+00:00,-0.005714285714285672,-0.015831194318255193,0.014814800686306473,-0.013452914798206317,0.0,0.0,-0.022624434389140302,0.01052635594418172,-0.01960782480441492,-0.014388475634778741,-0.012195121951219523,-0.007721963650058505,-0.018957327549697922,0.0,0.004424778761061843,0.014705867915830284,-0.014423076923076872,-0.00990102749433508,0.0,-0.021164021164021163,-0.026490103450292568
2025-02-04 00:00:00+00:00,0.005747126436781658,0.008042875152728612,0.02189782444609789,-0.004545454545454519,0.006756756756756799,0.0,0.0092592592592593,0.010416606648103066,0.0,0.018248157716151958,0.008230452674897082,0.00389099109542812,0.004830843982388977,0.0,0.022026431718061623,0.0,0.014634146341463428,0.0100000381469727,0.0,0.0108108108108107,-0.006802682251218939
2025-02-05 00:00:00+00:00,0.0,-0.002659533994128216,-0.00714288439069477,0.03196347031963476,0.0,0.0,-0.00917431192660545,0.005154658940003776,0.0,-0.01792113010749863,-0.008163265306122436,0.007751967785028402,0.0,0.0,-0.017241379310344862,0.014492739601511984,0.014423076923076872,-0.004950513747167595,0.0,0.0,0.0
2025-02-06 00:00:00+00:00,-0.0028571428571428914,0.0,-0.01438847588157588,0.0022123893805310324,0.04026845637583887,0.028846153846153744,0.0,0.0,0.0100000381469727,-0.007299263086460783,0.04938271604938271,0.0,0.004807710823928835,0.0,0.00877192982456143,0.0,0.033175355450236976,0.004975143262281545,0.0,0.005347593582887722,0.0
2025-02-07 00:00:00+00:00,0.002865329512893977,0.0,0.007299298019120881,0.0331125827814569,0.0,0.0,0.04629629629629628,0.01025644938151049,0.00990093307113904,-0.007352934086817808,0.0,0.019230769230769162,0.002392399297694192,0.0,0.026086956521739202,0.0,-0.032110091743119296,0.03960392113094824,0.0,0.0,0.00684927569743965
2025-02-10 00:00:00+00:00,-0.005714285714285672,0.00799997965494792,0.007246335247339308,0.02136752136752129,0.0,0.009345794392523255,-0.013274336283185861,0.0025380322398060873,-0.009803865653465582,0.007407400212333881,0.007843137254901933,-0.0018867636626621609,0.011933173789771434,0.0,0.008474576271186418,0.0,-0.004739336492891044,-0.01904760088239399,0.0,-0.0026595744680850686,-0.17687071166876334
2025-02-11 00:00:00+00:00,0.011494252873563315,0.0,-0.007194203635955465,0.004184100418409997,-0.003225806451612856,0.0,0.013452914798206317,0.0,-0.00990102749433508,-0.018382335217044576,0.0038910505836575737,-0.0018904023806017856,0.009433907943081188,0.0,-0.004201680672268893,-0.010714258466448134,0.01904761904761898,0.0,-0.03529415312110251,0.0,0.0
2025-02-12 00:00:00+00:00,-0.0028409090909090606,-0.010581950244841987,0.007246335247339308,-0.004166666666666652,-0.003236245954692518,-0.0092592592592593,-0.008849557522123908,-0.0025316069397745,0.019999980926513672,0.018726573366127264,0.0,0.0075757865844463534,0.0,0.0,-0.008438818565400852,0.0,0.0,0.0,0.0,-0.008000000000000007,0.008264415259734426
2025-02-13 00:00:00+00:00,-0.002849002849002802,-0.005347613764161596,0.010791408368430622,-0.004184100418409997,0.022727272727272707,0.01869158878504673,0.0044642857142858094,0.010152225778948587,0.009803959150949337,-0.014705868173635728,0.003875968992248069,-0.0037594127832941693,-0.009345741082053105,0.0,0.025531914893617058,0.010830297068508576,-0.014018691588784993,-0.03883500629100978,0.0,-0.010752688172043001,-0.040983607198115
2025-02-14 00:00:00+00:00,-0.020000000000000018,-0.005376364484882101,-0.01779359406449399,0.0,-0.0031746031746031633,-0.00917431192660545,-0.004444444444444473,-0.005025144893802347,0.0,0.007462679264300887,-0.027027027027026973,-0.018867924528301883,-0.023584904811610685,0.0,-0.020746887966805017,-0.0035714421953473297,0.004739336492890933,0.0,0.0,-0.005434782608695676,-0.05128200321168175
2025-02-17 00:00:00+00:00,0.020408163265306145,0.008108087488122973,-0.02173914395568488,0.008403361344537785,-0.006369426751592355,-0.0092592592592593,-0.013392857142857095,-0.015151477203040775,0.009708682130449064,-0.014814800424667651,0.039682539682539764,0.0,0.014492716232052283,0.0,0.0,0.0,-0.009433962264150941,0.010101049022522401,-0.024390220854836775,0.005464480874316946,-0.02702704328151928
2025-02-18 00:00:00+00:00,-0.008571428571428563,-0.005361950858721154,0.022222236350730507,-0.025000000000000022,0.0,-0.009345794392523366,-0.004524886877828038,0.0,0.0,0.0,-0.011450381679389277,-0.015384600712702867,-0.014285677955264142,0.0,-0.006355932203389814,-0.0035842431124375462,-0.004761904761904745,-0.014999961853027322,-0.3500000335276122,0.0,0.05555550159250355
2025-02-19 00:00:00+00:00,-0.0028818443804035088,-0.002695376771803537,-0.02173914395568488,0.004273504273504258,0.0,-0.009433962264150941,-0.004545454545454519,-0.007692288129757641,0.00961542164785767,-0.007518789579387564,0.0038610038610038533,0.0,0.004830843982388977,0.0,-0.02771855010660984,0.02517988425000639,0.0,0.0,0.0,-0.005434782608695676,0.017543927160695638
2025-02-20 00:00:00+00:00,-0.0028901734104046506,0.0,-0.003703717832212128,-0.012765957446808529,-0.019230769230769273,-0.00952380952380949,0.004566210045662045,-0.002584038419816359,0.0,-0.007575840359983155,-0.007692307692307665,0.0,-0.01923075159625831,0.0,0.0,0.003508785314727314,-0.014354066985645897,-0.00507616129933619,0.0,0.005464480874316946,0.0
2025-02-21 00:00:00+00:00,-0.005797101449275366,-0.01081085205078125,0.0,0.012931034482758674,0.013071895424836555,0.009615384615384581,0.0,0.0051813671203522205,0.0,0.022900833518668895,-0.003875968992248069,0.003906264842953311,0.00490197957547478,0.0,0.00877192982456143,0.0034965167879690284,0.009708737864077666,-0.0051020601797675535,0.25,0.0,-0.07758625367308469
2025-02-24 00:00:00+00:00,-0.010204081632653073,0.0,-0.018587360858383528,-0.004255319148936176,-0.01935483870967747,-0.00952380952380949,0.00454545454545463,-0.005154658940003776,0.0,0.0037313396321503323,-0.015564202334630295,0.00389099109542812,-0.014634109124904704,0.0,-0.017391304347826098,-0.010453001269483342,-0.009615384615384581,0.0,0.19999999999999996,0.0,0.00934583021049562
2025-02-25 00:00:00+00:00,0.013254786450662692,0.0,-0.007575714336391148,-0.008547008547008517,0.013157894736842035,0.0,-0.004524886877828038,-0.0051812682939942345,0.028571446736653572,-0.018587342473125656,-0.007905138339920903,-0.007751893856784764,0.00990093307113904,0.0,-0.008849557522123908,-0.012323957259540275,0.0,0.01025644938151049,-0.03846150319251662,0.0,-0.018518500530834592
2025-02-26 00:00:00+00:00,0.011627906976744207,0.0013662036568982128,0.007633543884232319,-0.012931034482758674,-0.00649350649350644,0.0,0.0,0.005208253653516293,0.018518500530834592,0.0,0.0,0.019531249708961695,0.00490197957547478,0.03846153846153855,0.008928571428571397,0.012477732299090327,0.009708737864077666,-0.00507616129933619,0.0,0.0,0.0
2025-02-27 00:00:00+00:00,-0.02011494252873558,0.009549753330131638,-0.015151500920837613,0.0,-0.013071895424836555,0.0,0.0,0.0,0.0,-0.007575840359983155,-0.01195219123505975,-0.003831432184220329,-0.004878067388767171,0.0,0.0,-0.007042213319620072,-0.009615384615384581,-0.010204120359535218,0.0,0.0,0.018867905855434186
2025-02-28 00:00:00+00:00,-0.02639296187683282,-0.01081085205078125,-0.015384600712702867,-0.004366812227074246,-0.0066225165562914245,-0.019230769230769273,0.0,-0.020725369655050563,-0.04090907356955786,-0.026717532939075084,-0.032258064516129004,-0.0038461685180664062,-0.01470584522894025,0.0,-0.02212389380530977,0.0,-0.004854368932038833,-0.005154658940003776,-0.0999999841054281,-0.010869565217391353,0.009259206113829244
2025-03-03 00:00:00+00:00,0.006024096385542244,-0.010928899668246395,0.0,0.0,0.0,0.009803921568627416,-0.009090909090909038,0.005291025581380504,0.014217973063356482,-0.003921564960883028,-0.004166666666666652,-0.0038610186464319574,0.004975143262281545,0.0,0.004524886877828038,-0.021276608696346178,-0.014634146341463428,0.0,-0.037037089364844955,0.0,-0.00917425975184516
2025-03-04 00:00:00+00:00,-0.0359281437125748,-0.01381215440503214,-0.03125004423782163,-0.03508771929824561,-0.026666666666666616,-0.029126213592232997,-0.01834862385321101,-0.0368421454178659,-0.03738314258509734,-0.06299206685632519,-0.02092050209205021,-0.003875909964270452,-0.0297029880598092,0.0,-0.027027027027026973,-0.02173914395568488,-0.04950495049504955,-0.025906736775402672,0.0,-0.01098901098901095,-0.009259294417005237
2025-03-05 00:00:00+00:00,0.012422360248447228,0.005602262147486492,0.024193564513223853,-0.004545454545454519,0.0,0.020000000000000018,0.01869158878504673,0.010929003894951883,0.03883491370127201,0.0252100587791928,0.02777777777777768,0.011673121718080326,0.020408143405366452,0.0,0.02777777777777768,0.007407435664424256,0.014583349227905273,0.010638338885950116,0.0,0.005555555555555536,0.00934583021049562
2025-03-06 00:00:00+00:00,-0.009202453987730008,-0.005571051655674175,-0.015748016714081325,-0.004566210045662156,0.0,0.0,0.0,-0.005405426025390625,0.0,-0.028688594270410817,0.006237006237006293,-0.0038461685180664062,-0.012499999999999956,0.0,-0.018018018018018056,0.0,-0.00205343505650335,-0.00526317797209086,0.0,-0.016574585635359074,0.0
2025-03-07 00:00:00+00:00,0.021671826625387025,0.0,0.015999984741210893,-0.006880733944954143,0.0,0.004901960784313708,0.041284403669724856,0.005434803453420622,-0.009345741082053105,0.021097127911070768,0.02892561983471076,0.0,0.01772153830226464,0.0,0.00917431192660545,0.05514705727669611,0.01234572649498844,-0.06878302980418993,0.0,0.00561797752808979,0.037037001061669184
2025-03-10 00:00:00+00:00,-0.018181818181818188,0.0,-0.015748016714081325,0.01616628175519641,0.0,0.004878048780487809,-0.004405286343612369,0.005405426025390625,-0.009433997912352998,-0.012396682001644121,-0.0060240963855421326,0.007722037292863915,0.0,0.0,0.0,0.010452934811344683,-0.012195168282808644,-0.005681839733083893,0.1538461961689801,-0.005586592178770999,-0.008928520490927738
2025-03-11 00:00:00+00:00,-0.0030864197530864335,-0.0028011845008746317,-0.02400001525878903,-0.03863636363636369,-0.013698630136986356,-0.01941747572815533,-0.030973451327433676,-0.021505355393904968,-0.01904760088239399,-0.037656965957120425,-0.014141414141414121,-0.007662864368440658,-0.01990047815616136,0.0,0.0,-0.020689668326542288,-0.016460890168269016,-0.00571430751255575,0.0,-0.022471910112359605,0.06306304371247706
2025-03-12 00:00:00+00:00,0.006191950464396356,-0.0028089460226743412,0.0,0.02127659574468077,0.003472222222222321,0.00990099009900991,0.0,-0.005494526224051444,0.0,0.008695644061371466,0.016393442622950838,0.0038610186464320684,0.015228387078284777,0.0,0.0,0.02112677427918852,0.016736385979694512,0.017241445458981097,0.2666666507720947,0.0,0.16101691422192665
2025-03-13 00:00:00+00:00,-0.0738461538461539,0.0,0.0,0.0,0.0,0.0,-0.013698630136986356,-0.016574648513063672,0.0,-0.02586204504569778,-0.016129032258064502,0.0,-0.002499961853027366,0.0,-0.018181818181818188,0.006896578032394851,-0.004115163673280464,0.011299369885315658,0.0,0.002873563218390718,0.01459852642697701
2025-03-14 00:00:00+00:00,0.0033222591362125353,0.002816858425946256,-0.01639342724524051,-0.01851851851851849,0.0034602076124568004,0.009803921568627416,0.004629629629629539,0.016853997599312276,-0.00970877472018683,0.013274323679807187,0.016393442622950838,0.0,0.0025062273257367984,0.0,0.0,-0.0068493410175966,-0.057851300898424274,-0.005586613608986046,0.0,0.002865329512893977,0.021582748127196183
2025-03-17 00:00:00+00:00,-0.01655629139072845,-0.011235891245119367,-0.008333365122477177,-0.009433962264150941,0.0,-0.01941747572815533,0.0,0.0,0.0,-0.03493446508240117,-0.006048387096774244,0.0,-0.014999961853027322,0.0,-0.01851851851851849,-0.006896578032394962,0.0,0.0,0.0,0.0,0.01408449379940424
2025-03-18 00:00:00+00:00,0.0033670033670034627,0.0,0.016806787340397866,-0.00952380952380949,-0.0034482758620689724,0.00990099009900991,0.004608294930875667,-0.005524882837687928,0.01960782480441492,0.013574647453366007,0.006085192697768749,0.0076923370361328125,0.010152225778948587,0.0,0.004716981132075526,0.01388894223872672,-0.004385898134529276,-0.011235891245119367,0.0,0.0028571428571428914,0.02083334713070517
2025-03-19 00:00:00+00:00,0.010067114093959662,-0.005681839733083893,0.008264415259734426,-0.004807692307692291,-0.01038062283737029,-0.019607843137254943,-0.004587155963302725,-0.0222222010294596,0.0,-0.017857125751218117,-0.016129032258064502,-0.003816808341898237,-0.005025144893802347,0.0,-0.023474178403755874,0.0,0.0,-0.005681839733083893,-0.15789471372673025,-0.002849002849002802,0.02721092363228994
2025-03-20 00:00:00+00:00,0.023255813953488413,0.0028570992606027357,0.02459017995287449,0.02898550724637672,0.034965034965035,0.030000000000000027,-0.009216589861751112,0.022727250560256484,-0.01923075159625831,0.05909085145666704,0.020491803278688492,0.007662791289950066,0.025252526225562955,0.0,0.028846153846153744,-0.0068493410175966,0.01762112797737525,-0.01142861502511161,0.0,-0.005714285714285672,0.013245020146527287
2025-03-21 00:00:00+00:00,-0.01948051948051943,-0.017093974364798536,0.0,-0.018779342723004744,-0.04054054054054057,-0.04854368932038833,-0.0046511627906976605,0.03333335452609587,-0.009803865653465582,-0.0042918415410722055,-0.028112449799196804,-0.041825038252131796,-0.009852160744208027,0.0,-0.01869158878504673,-0.013793090294147325,0.00432902077135644,-0.017340997126628732,0.0,-0.017241379310344862,-0.006535972563600612
2025-03-24 00:00:00+00:00,0.009933774834437026,0.0,0.008000030517578027,0.009569377990430672,0.028169014084507005,0.030612244897959107,0.01869158878504673,-0.010752728969764092,0.0,-0.017241363363798556,0.02066115702479343,0.023809462537933257,0.014925334893879816,0.0,0.004761904761904745,-0.006993033575937835,-0.004310361128499252,-0.005882375380572125,0.0,0.0,0.0
2025-03-25 00:00:00+00:00,0.013114754098360715,-0.04347826086956519,-0.015873075943202752,0.023696682464454888,0.013698630136986356,0.00990099009900991,0.032110091743119185,-0.005434803453420622,-0.00990102749433508,0.008771921569070251,0.0161943319838056,0.0,0.007352922614470181,0.0,0.004739336492890933,0.02112677427918852,0.0,-0.005917182469050486,-0.41875000419095154,-0.040935672514619936,0.0
2025-03-26 00:00:00+00:00,0.025889967637540368,0.006060629179983401,0.00806454714081517,0.0092592592592593,0.0,0.009803921568627416,-0.004444444444444473,0.0054645019474759415,0.0,0.01739128812274293,0.031872509960159334,0.0,0.04622874930458343,0.0,0.018867924528301883,0.020689668326542288,0.01731600051622273,0.01785721178768762,0.0,0.024390243902439046,0.0065789725476688155
2025-03-27 00:00:00+00:00,-0.006309148264984188,0.012048123553905166,-0.008000030517578138,-0.004587155963302725,0.0,-0.009708737864077666,-0.013392857142857095,0.0,0.0,-0.021367501773620345,-0.019305019305019266,-0.019379845534327478,-0.24883722704510358,0.0,-0.01851851851851849,0.0,0.0,0.0,0.0,0.0,-0.006535972563600612
2025-03-28 00:00:00+00:00,-0.012698412698412653,-0.0029761451982837084,-0.020161290942816268,-0.027649769585253448,0.0,-0.019607843137254943,-0.004524886877828038,-0.01630430670000793,-0.011999988555908225,-0.021834040676500743,-0.011811023622047223,-0.011857677711748504,-0.021671791706659005,0.0,-0.004716981132075526,-0.0337837833483956,-0.012765924981299914,0.005847975394087879,0.0,-0.005952380952380931,0.0065789725476688155
2025-03-31 00:00:00+01:00,-0.019292604501607746,-0.002985029078241608,0.004115242164996147,0.0,-0.0008445945945946276,0.0,-0.027272727272727226,-0.011049765675375856,0.0,-0.04017853294024065,-0.019920318725099584,-0.01199996948242188,-0.01582278461911668,0.0,-0.014218009478673022,0.0,-0.012931083385497644,-0.005813975408954342,0.0,0.0,0.006535910231946662
2025-04-01 00:00:00+01:00,0.003278688524590123,0.005987932308542776,0.02459017995287449,-0.014218009478673022,-0.00591715976331364,0.0,0.014018691588784993,0.0,0.02226723324701685,0.004651158148692103,-0.04878048780487809,0.012145717724457494,-0.003215446310068537,0.0,0.009615384615384581,-0.020979034037302835,0.004366828957883762,0.0,0.0,0.0239520958083832,0.0
2025-04-02 00:00:00+01:00,0.0032679738562091387,0.0,0.0,-0.004807692307692291,0.0,0.010000000000000009,-0.004608294930875556,-0.005586613608986046,-0.00990102749433508,-0.01851861050099135,0.008547008547008517,0.0,-0.0032258187570879393,0.0,0.01904761904761898,0.0,-0.021739130434782594,0.0,0.0,0.0,-0.012987000923330161
2025-04-03 00:00:00+01:00,-0.02931596091205213,-0.017857098255025683,-0.015999984741210893,-0.048309178743961345,-0.006802721088435382,-0.02970297029702973,0.0,-0.02247188964466096,-0.011999988555908225,-0.028301861329449007,-0.029661016949152574,-0.028000030517578156,-0.03236245994644982,0.0,-0.03738317757009346,0.0,-0.026666683620876763,-0.04093571621776115,0.0,-0.005847953216374324,-0.019736854901274303
2025-04-04 00:00:00+01:00,-0.010067114093959773,-0.015151515151515138,-0.02439025903112113,-0.035532994923857864,-0.0273972602739726,-0.015306122448979553,-0.01851851851851849,-0.04597696865513612,-0.03643721179224069,-0.03495141237549859,-0.017467248908296984,-0.024691296006545627,-0.0434782359078989,0.0,-0.029126213592232997,-0.028571401323590928,-0.03652964616417809,-0.04878044241882984,0.0,-0.0117647058823529,-0.05369122533839754
2025-04-07 00:00:00+01:00,-0.03389830508474578,-0.023076923076923106,0.008333365122477288,-0.015789473684210575,-0.028169014084507005,-0.015544041450777257,-0.028301886792452824,-0.024096362008327765,-0.0042017766390675115,0.01609655184737524,-0.013333333333333308,-0.01265827572791911,-0.034965034498667724,0.0,-0.030000000000000027,0.0,-0.028436036522381025,-0.025641061693801315,0.07526880893449261,-0.023809523809523836,-0.07092198389683757
2025-04-08 00:00:00+01:00,0.021052631578947434,0.0,0.024793324595259847,0.005347593582887722,0.01449275362318847,0.026315789473684292,0.03883495145631066,0.030864196077313943,0.00843891152356524,0.04950490375089078,0.018018018018018056,0.02136752171585732,-0.007246404354172786,0.0,0.010309278350515427,-0.007352969019469913,0.024390243902439046,0.0065789725476688155,0.0,0.018292682926829285,0.0
2025-04-09 00:00:00+01:00,-0.02405498281786944,-0.015748031496062964,-0.016129017372408794,-0.03191489361702127,0.0,-0.00512820512820511,-0.009345794392523366,0.0,-0.05439335093507458,-0.047169768882415086,0.0,-0.020920502425963994,-0.05109487730005191,0.0,0.0,-0.022222236350730618,-0.028571446736653683,-0.04575162095024232,0.0,-0.005988023952095856,-0.04580155450365042
2025-04-10 00:00:00+01:00,0.0,0.008000000000000007,0.01639342724524062,0.0,0.021428571428571352,0.010309278350515427,0.018867924528301883,0.0,0.017699098239742916,0.03960392300071258,0.022123893805309658,0.008547041290593693,0.015384600712702756,0.0,0.005102040816326481,0.0075757865844463534,0.034313763530839037,0.020547892412475788,0.0,0.006024096385542244,0.008000030517578027
2025-04-11 00:00:00+01:00,0.03169014084507049,-0.003968253968253954,-0.016129017372408794,0.027472527472527375,0.006993006993007089,0.020408163265306145,0.0,0.02994011839266486,-0.01739128812274282,0.00952380087370197,0.0043290043290042934,0.016949136104436047,0.022727287505283966,0.0,0.045685279187817285,0.0,0.0047393544863414405,0.006711435169794333,0.0,-0.0029940119760478723,-0.015873075943202752
2025-04-14 00:00:00+01:00,0.030716723549488067,-0.01195219123505975,0.00819675270763387,0.0,0.00694444444444442,0.040000000000000036,0.0092592592592593,0.0,0.004424774559935729,-0.004716976888241464,0.0,0.008333365122477288,0.0,0.0,-0.009708737864077666,0.007518753861753602,0.018867905855434186,0.03333333333333344,0.0,-0.0030030030030030463,0.01612909428163012
2025-04-15 00:00:00+01:00,0.019867549668874274,0.0,0.02439025903112113,0.016042780748663166,0.034482758620689724,0.019230769230769162,0.0183486238532109,0.02906976615241441,0.0,0.0047393322087359024,-0.008620689655172376,-0.008264494075791107,0.007407435664424256,0.0,0.019607843137254832,0.014925430495003944,0.018518500530834592,0.025806427001953125,0.0,0.0,-0.007936537971601432
2025-04-16 00:00:00+01:00,0.0032467532467532756,-0.008064516129032251,-0.007936537971601432,-0.010526315789473717,0.0,0.037735849056603765,-0.018018018018018056,-0.005649738822560368,0.0,0.0,-0.008695652173912993,0.008333365122477288,-0.007352969019469913,0.0,-0.009615384615384581,0.0,0.0,0.006289332318799801,0.0,0.0,0.0
2025-04-17 00:00:00+01:00,0.0,0.0,0.0,0.0,0.0,0.0,0.0,0.0,0.0,0.0,0.0,0.0,0.0,0.0,0.0,0.0,0.0,0.0,0.0,0.0,0.0
2025-04-22 00:00:00+01:00,-0.003236245954692518,0.0,-0.015999984741210893,0.0,0.0,-0.027272727272727226,-0.00917431192660545,-0.005681839733083893,0.0,-0.047169768882415086,0.00877192982456143,0.01652890933552542,-0.011111082854094345,0.0,0.0,-0.014705938038939936,-0.009090943769975102,-0.012499988079071045,0.0,-0.0060240963855421326,0.0
2025-04-23 00:00:00+01:00,0.02922077922077926,0.0,0.02439025903112113,0.015957446808510634,-0.00666666666666671,0.009345794392523255,0.0,0.01714281354631697,0.0044052821794189345,0.02475245187544539,0.004347826086956497,0.016260146842582035,0.0299625173858038,0.0,0.029126213592232997,0.011194072871252958,0.01834869448980969,0.0,0.0,0.0,0.0
2025-04-25 00:00:00+01:00,0.003154574132492094,-0.008130081300813052,0.007936462283165913,-0.020942408376963373,0.02684563758389258,0.02777777777777768,-0.0092592592592593,0.022471996799083183,0.0,0.004830913423070182,0.0043290043290042934,0.008000030517578027,0.018181818181818077,0.0,0.009433962264151052,0.011070082392533154,0.00900895714943828,0.025316491606066638,0.0,-0.012121212121212088,0.015999984741210893
2025-04-28 00:00:00+01:00,-0.0062893081761006275,-0.020491803278688492,0.0,0.0,-0.013071895424836555,-0.018018018018018056,-0.01869158878504673,-0.005494526224051444,0.0,-0.0096153757981291,-0.025862068965517238,0.0,-0.017857142857142905,0.0,-0.004672897196261627,0.0,0.0,0.006172745025411208,0.0,-0.012269938650306789,0.0
2025-04-29 00:00:00+01:00,-0.012658227848101222,0.004184100418409997,-0.023622062617355444,-0.021390374331550777,-0.0033112582781457123,0.00917431192660545,0.0,-0.005524882837687928,0.0,0.014563093312173425,-0.017699115044247815,0.0,-0.018181818181818188,0.0,0.0,0.0,-0.008928520490927738,0.0,0.0,0.0,0.0
2025-04-30 00:00:00+01:00,-0.012820512820512775,0.0,0.00806454714081517,-0.010928961748633892,-0.0033222591362126463,-0.027272727272727226,0.0,-0.005555576748318192,0.0,-0.028708107772046687,-0.03153153153153154,-0.015873075943202752,-0.011111082854094345,0.0,0.0,0.007299298019120881,-0.022522521748499114,0.0,0.0,-0.006211180124223614,0.003937022951637115
2025-05-02 00:00:00+01:00,0.009740259740259827,-0.008333333333333304,0.008000030517578027,-0.02209944751381221,0.006666666666666599,0.009345794392523255,0.0,0.005586613608986157,0.0,0.03448272622135784,0.018604651162790642,0.0,0.022471852321214625,0.0,-0.014084507042253502,0.0,0.009216536799961261,0.012269986030718272,0.0,-0.006249999999999978,0.003921583587048083
2025-05-05 00:00:00+01:00,-0.01607717041800638,0.008403361344537785,0.015873000254767344,0.0,-0.026490066225165587,-0.0092592592592593,-0.00952380952380949,0.0,0.008771921569070251,0.01904771528006588,-0.013698630136986356,0.004032273570407474,-0.007325965610992302,0.0,0.0,0.0,0.0,-0.006060629179983401,0.0,0.003144654088050425,0.0
2025-05-06 00:00:00+01:00,0.0032679738562091387,-0.008333333333333304,-0.015624984866008385,-0.005649717514124242,-0.013605442176870763,-0.01869158878504673,0.0,-0.005555576748318192,-0.01739128812274282,-0.028037466475174244,-0.00462962962962965,-0.012048162315524302,-0.0036900509248001256,0.0,-0.00952380952380949,-0.014492739601511984,-0.009132367994271307,0.012195168755581687,0.0,-0.0031347962382445305,0.0
2025-05-07 00:00:00+01:00,0.013029315960912058,0.0,0.0,-0.011363636363636354,0.01379310344827589,0.01904761904761898,0.019230769230769162,0.011173227217972093,0.017699098239742916,0.009615375798129211,0.023255813953488413,0.0,0.007407435664424256,0.0,0.009615384615384581,-0.007352969019469913,0.0,0.0,0.3999999761581421,0.0,0.0
2025-05-08 00:00:00+01:00,0.0,0.008403361344537785,0.0,0.0,-0.006802721088435382,-0.009345794392523366,-0.009433962264150941,-0.005524882837687928,0.013043466092057088,0.0,0.018181818181818077,0.008130034654042939,-0.011029453529204925,0.0,-0.00952380952380949,0.007407435664424256,0.027649698296131175,0.006024119227211244,0.0,0.0,-0.03125004423782163
2025-05-09 00:00:00+01:00,0.016077170418006492,0.0,0.015873000254767344,0.005747126436781658,-0.013698630136986356,-0.009433962264150941,0.0,0.011111153496636383,0.0,0.0,0.017857142857142794,0.00806454714081517,0.011152459058122899,0.0,0.019230769230769162,0.0,0.017937288769684923,0.023952071871634395,0.0,0.0,0.0
2025-05-12 00:00:00+01:00,0.0,0.0,0.007812455180101763,0.040000000000000036,0.01736111111111116,0.00952380952380949,0.0,0.00824173693639163,0.0,0.01904771528006588,0.004385964912280604,0.008000030517578027,0.018382352425565296,0.0,0.009433962264151052,0.0,0.01762112797737525,0.02339179003549785,0.0,0.0,0.0
2025-05-13 00:00:00+01:00,-0.006329113924050667,0.0,0.0,-0.0027472527472527375,-0.010238907849829393,-0.018867924528301883,0.0,-0.008174365962506869,0.0,-0.014018788942859906,-0.03493449781659386,-0.015873075943202752,-0.02166066299436653,0.0,-0.009345794392523366,0.0,0.0,-0.00571430751255575,0.0,0.0,0.0
2025-05-14 00:00:00+01:00,0.04458598726114649,0.0,-0.007751893856784764,-0.0027548209366391463,0.0034482758620688614,0.019230769230769162,0.0,0.002747210712340298,-0.017167366164289044,-0.014217996626207485,0.018099547511312153,0.004032273570407474,0.07011068604373327,0.0,0.009433962264151052,0.0,0.012986979744866067,-0.005747148486326958,0.0,-0.0062893081761006275,0.0
2025-05-15 00:00:00+01:00,0.015243902439024293,0.0,-0.007812529685906622,-0.0055248618784530246,-0.0034364261168384758,-0.009433962264150941,0.00952380952380949,-0.0027396842224957085,0.008733616270600209,-0.024038439495322916,0.026666666666666616,-0.0020080015191380474,0.0034482890161975366,0.0,0.0,-0.007352969019469913,0.0,-0.034681994253257575,0.0,-0.006329113924050667,0.00806454714081517
2025-05-16 00:00:00+01:00,0.04204204204204198,0.008333333333333304,0.04724412523471089,0.04444444444444451,0.02758620689655178,0.00952380952380949,0.0,0.04945052641772074,-0.00865800061555344,0.04926115490666039,0.025974025974025983,0.02615692589747276,0.044673512715428076,0.0,0.05607476635514019,0.029629601372612946,0.03846152278641801,0.02994011839266486,0.0,-0.01273885350318471,-0.02400001525878903
2025-05-19 00:00:00+01:00,-0.011527377521613813,0.0,-0.0075188255665883386,0.0,-0.006711409395973145,0.0,0.004716981132075526,-0.005235621961910741,0.0,-0.004694942884761688,-0.021097046413502074,0.003921583587048083,-0.013157882353605488,0.0,0.008849557522123908,0.0,0.0,0.0,0.0,0.0,-0.008196674537606752
2025-05-20 00:00:00+01:00,-0.020408163265306145,0.0,0.015151500920837613,0.037234042553191404,-0.020270270270270285,-0.009433962264150941,0.0046948356807512415,0.0,0.008733616270600209,-0.014150930664724504,-0.017241379310344862,0.007812455180101763,-0.04000002543131509,0.0,-0.00877192982456143,0.0,0.0,-0.011627950817908794,0.0,0.006451612903225712,-0.008264494075791107
2025-05-21 00:00:00+01:00,0.023809523809523725,0.02066115702479343,0.0,0.01538461538461533,-0.006896551724137945,0.0,0.01869158878504673,0.00526317797209086,0.051948106904829316,0.00478468462867454,0.04385964912280693,-0.007751893856784764,0.029513902916217027,0.0,0.0,0.021582748127196183,0.0,0.0,0.0,0.012820512820512775,0.008333365122477288
2025-05-22 00:00:00+01:00,0.0029069767441860517,0.004048582995951344,0.0,0.0,0.01388888888888884,-0.00952380952380949,0.0,0.0026177610503639315,0.02057611149904548,-0.014285701310552956,-0.012605042016806678,0.0,0.03541319250989017,0.0,0.0,-0.01408449379940424,-0.008230405838276611,0.002941131591796875,0.0,0.0,-0.008264494075791107
2025-05-23 00:00:00+01:00,-0.005797101449275366,0.032258064516129004,-0.00746264407777486,-0.010101010101010055,-0.013698630136986356,0.0,-0.013761467889908285,-0.007832878408265298,0.004032254188043316,0.004830913423070182,-0.012765957446808529,0.003906264842953311,0.0032572792063838563,0.0,-0.004424778761061954,-0.0035714421953473297,0.012448100925807948,0.005865125275335004,0.0,0.006329113924050667,0.008333365122477288
2025-05-26 00:00:00+01:00,0.005830903790087438,0.0078125,0.015037579428341719,0.010204081632652962,-0.00694444444444442,-0.009615384615384581,-0.0046511627906976605,0.01052635594418172,0.004016060411629274,0.0,0.008620689655172376,-0.003891065311325992,0.03571429898433687,0.0,0.0,-0.017921147198436405,0.004098376353816935,0.008746333636544312,0.0,0.0,0.0
2025-05-27 00:00:00+01:00,0.0028985507246377384,0.007751937984496138,0.03333331920482485,-0.010101010101010055,-0.020979020979020935,0.009708737864077666,0.0,0.0,0.030000019073486373,0.009615375798129211,0.012820512820512775,-0.007812529685906622,-0.0031348082340301175,0.0,0.040000000000000036,0.007299298019120881,-0.002040785186144811,0.0,0.0,0.018867924528301883,0.0
2025-05-28 00:00:00+01:00,0.014450867052023142,0.01538461538461533,0.017921147198436405,0.0,0.0071428571428571175,-0.028846153846153855,0.0,0.010416606648103066,0.009708682130449064,-0.004761900436850985,-0.008438818565400852,-0.007873970810807207,0.10377356340356902,0.0,0.0,-0.007246404354172786,0.02249485561956366,0.005780369125999885,0.0,-0.006172839506172867,0.0
2025-05-30 00:00:00+01:00,0.005698005698005604,-0.007575757575757569,0.007042280479784058,-0.015306122448979553,0.010638297872340496,0.00990099009900991,0.07476635514018692,-0.015463878503069517,0.0,0.002392399352277197,0.004255319148936065,0.003968193297365197,0.0014245884310986057,0.0,0.008547008547008517,-0.02189782444609789,0.0,0.011494296972653917,0.0,-0.0031055900621117516,0.0
2025-06-02 00:00:00+01:00,-0.022662889518413554,0.0,0.0,0.005181347150259086,-0.0035087719298245723,0.0,0.0,0.005235621961910741,0.0,0.0023865756343954825,-0.008474576271186418,0.0,0.004267360019065913,0.0,0.0,0.007462715247501972,0.004999999999999893,-0.011363679466167786,0.0,-0.0031152647975077885,0.0
2025-06-03 00:00:00+01:00,-0.008695652173912993,0.007633587786259444,0.006992966885427165,-0.010309278350515427,0.021126760563380254,0.0,-0.017391304347826098,-0.010416705989173769,0.00961542164785767,0.05238101833802267,0.0,0.003952584367008294,0.01699723234521855,0.0,0.0,0.0,-0.012935353748833922,-0.011494187354914032,0.0,0.018750000000000044,0.0
2025-06-04 00:00:00+01:00,0.01023391812865504,0.007575757575757569,-0.01041664045166013,0.0078125,-0.006896551724137945,0.019607843137254832,0.008849557522123908,0.0,-0.028571446736653683,0.02262441242227653,0.008547008547008517,-0.003937022951637115,-0.0027855789573232315,0.0,0.0,-0.014814800686306473,-0.004032196661186149,0.011627839925551386,0.0,0.030674846625766916,0.008264415259734426
2025-06-05 00:00:00+01:00,-0.013024602026049159,0.007518796992481258,-0.003508785314727203,0.007751937984496138,0.00694444444444442,0.004807692307692291,0.030701754385964897,-0.002631538792660315,-0.01960782480441492,-0.008849549119871458,0.008474576271186418,-0.003952508977731917,0.0027933600823888405,0.0,0.0,0.022556404994930057,0.0,0.005747148486326958,0.0,-0.005952380952380931,0.0
2025-06-10 00:00:00+01:00,-0.017595307917888547,-0.03731343283582089,-0.01408449379940424,-0.01025641025641022,0.0,-0.004784688995215336,-0.012765957446808529,0.002638482060556502,0.039999961853027344,-0.04464281437804518,0.004201680672268893,-0.023809538226368665,-0.016713154967022525,0.0,-0.008474576271186418,0.0073528988963604824,0.0,0.005714307512555861,0.07142858967489163,-0.041916167664670656,0.0
2025-06-11 00:00:00+01:00,0.005970149253731405,-0.007751937984496138,0.014285700661795575,0.015544041450777257,-0.006896551724137945,0.019230769230769162,0.01724137931034475,-0.00526317797209086,0.004807710823928835,0.028037355064628677,0.0,0.008130034654042939,-0.005665744115072924,0.0,0.008547008547008517,0.02189782444609789,-0.004048598315015806,0.0,0.0,0.0,0.02459017995287449
2025-06-12 00:00:00+01:00,-0.0029673590504450953,-0.0078125,-0.007042213319620072,-0.020408163265306145,-0.01388888888888884,-0.018867924528301883,-0.016949152542372836,-0.0158729758262226,-0.0047847073346865,-0.027272700672307915,-0.004184100418409997,-0.008064470231593623,-0.005697919001040552,0.0,-0.025423728813559365,-0.00714288439069477,-0.008130112188539096,-0.005681839733083893,0.0,0.006250000000000089,0.0
2025-06-13 00:00:00+01:00,-0.008928571428571397,-0.03149606299212604,-0.00709222544427357,-0.01041666666666663,0.0,0.0,-0.008620689655172376,-0.010752728969764092,-0.028846081544659063,-0.023364573964402724,0.0,-0.016260146842582146,0.005730571332321688,0.0,0.0,-0.007194203635955465,0.0,-0.00571430751255575,0.0,-0.012422360248447228,-0.008000030517578138
2025-06-16 00:00:00+01:00,-0.0030030030030030463,0.0,0.0,-0.010526315789473717,-0.007042253521126751,-0.009615384615384581,0.0,-0.005434803453420622,0.00990093307113904,0.00478468462867454,-0.01680672268907568,0.0,-0.021367522296417474,0.0,-0.008695652173912993,-0.007246404354172786,-0.008196674537606752,0.0,0.0,0.0,-0.008064470231593623
2025-06-18 00:00:00+01:00,0.009036144578313143,-0.016260162601625994,0.0,0.0,0.0,0.0,0.004347826086956497,-0.010928899668246395,-0.01960782480441492,0.0,0.0,0.0,-0.0043667457887850425,0.0,-0.02631578947368418,0.0,0.0,0.005747148486326958,0.0,-0.018867924528301883,-0.016260146842582146
2025-06-19 00:00:00+01:00,-0.011940298507462699,-0.008264462809917328,-0.028571401323590928,-0.010638297872340385,-0.014184397163120588,-0.03398058252427183,-0.012987012987012991,-0.016574648513063672,0.0010000228881836826,-0.028571402621105912,0.0,-0.033057897487107635,0.002923931926617218,0.0,-0.009009009009009028,-0.02189782444609789,-0.024793403411316528,-0.01142861502511161,0.0,-0.012820512820512775,0.0
2025-06-23 00:00:00+01:00,-0.0060422960725075026,0.0,0.0,-0.037634408602150504,-0.010791366906474864,-0.005025125628140725,0.00877192982456143,-0.008426945222445026,-0.004995023935224108,-0.00980391240220746,-0.004273504273504258,-0.02991448149582432,-0.008746333636544312,0.0,-0.013636363636363669,-0.029850718650553665,-0.03389835302872812,-0.017340997126628732,0.0,-0.022727272727272707,0.004132168221838928
2025-06-24 00:00:00+01:00,0.003039513677811634,0.0,0.0,0.033519553072625774,0.01090909090909098,0.005050505050504972,0.0,0.008498562140069055,0.0,0.03960392300071258,0.0042918454935623185,0.004405218976219372,0.017647013944738,0.0,0.004608294930875667,0.0076923370361328125,0.017543927160695638,0.0,0.0,-0.0033222591362126463,0.0
2025-06-25 00:00:00+01:00,0.0060606060606061,-0.008333333333333304,0.0036764143866254706,0.00540540540540535,0.0,-0.002512562814070307,0.008695652173912993,0.0,0.0,0.033333416590618725,-0.008547008547008517,-0.017543843505051004,-0.008670498563314366,0.0,0.004587155963302836,0.0,-0.008620722256998503,0.0,0.0,-0.00666666666666671,0.004115242164996147
2025-06-26 00:00:00+01:00,-0.0060240963855421326,-0.01680672268907568,-0.0036629478723699815,0.010752688172043001,0.0,0.027707808564231717,-0.008620689655172376,-0.0056178920453485715,-0.0240963624697752,-0.009216580748084957,0.0,0.0,0.0029155186892921847,0.0,0.004566210045662045,-0.007633616683796363,0.0,0.005882375380572125,0.0,-0.01342281879194629,0.00819675270763387
2025-06-27 00:00:00+01:00,-0.00303030303030305,-0.008547008547008517,-0.007352969019469913,-0.005319148936170248,-0.003597122302158251,0.009803921568627416,0.0,0.005649631062755178,0.006172784392394215,0.03255810704084405,0.0,-0.017857126131349377,0.008720907667252753,0.0,0.018181818181818077,-0.0038461685180664062,0.0,-0.005847975394087768,0.0,-0.006802721088435382,0.008130034654042939
2025-06-30 00:00:00+01:00,0.00911854103343468,0.0,0.014814800686306473,0.0,0.028880866425992746,0.01941747572815533,0.0,0.011235998399541591,0.006135012398253981,0.009009000301245074,0.0,-0.009090943769975102,0.005763710620809492,0.0,0.0,-0.0038610186464319574,0.0,-0.005882375380572125,0.0,-0.03424657534246578,0.0
2025-07-01 00:00:00+01:00,0.012048192771084265,0.008620689655172376,0.01459852642697701,-0.005347593582887722,-0.0035087719298245723,-0.0023809523809523725,0.021739130434782705,0.02222220102945971,0.00406503671064562,0.0,0.01724137931034475,0.04587156123840486,0.020057218270409738,0.0,0.0,0.005814012802893176,0.0,0.005917182469050486,0.0,0.02127659574468077,0.012096820711222644
2025-07-02 00:00:00+01:00,0.008928571428571397,0.008547008547008517,0.0,-0.005376344086021501,0.007042253521126751,0.01193317422434359,-0.004255319148936176,0.005434803453420622,0.0,-0.017857125751218117,0.0,0.008771963580347819,0.016853997599312276,0.0,0.008928571428571397,-0.0057804054515917525,0.0,0.005882375380572125,0.0,0.0,0.011952160657416666
2025-07-03 00:00:00+01:00,0.014749262536873253,-0.016949152542372836,-0.017985612004386087,0.0,0.0,-0.009433962264150941,0.0,0.0027026614627323475,0.0,0.0,0.0,0.008695685345193604,0.008287271567344101,0.0,0.017699115044247815,-0.011627877749298965,0.008695685345193604,0.005847975394087879,0.0,-0.00694444444444442,0.015748016714081325
2025-07-04 00:00:00+01:00,0.014534883720930258,-0.008620689655172376,0.01098905321586674,0.00540540540540535,0.013986013986013957,0.03809523809523818,0.0,0.002695479593836536,0.0,0.0,0.004237288135593209,0.008620640043698113,0.041095890410958846,0.0,0.0,0.003921583587048083,0.004310278915198751,-0.011627950817908794,0.0,0.0034965034965035446,0.0
2025-07-07 00:00:00+01:00,0.002865329512893977,0.008695652173912993,0.007246335247339308,-0.005376344086021501,0.01379310344827589,0.0183486238532109,0.008547008547008517,0.0,0.0,0.022727250560256484,-0.012658227848101222,0.01709400107056047,-0.01578943352950246,0.0,0.008695652173912993,0.007812455180101763,0.0,0.0,0.0,-0.0034843205574912606,0.02325582942684168
2025-07-08 00:00:00+01:00,-0.0028571428571428914,-0.008620689655172376,0.0071942722456204145,0.0108108108108107,-0.006802721088435382,0.0,0.0,0.016128990909022756,0.02226723324701685,0.06222226884629989,0.017094017094017033,0.016806787340397866,-0.016042841292484677,0.0,0.0,0.003875983892514201,-0.0042917801457279525,0.005882375380572125,0.0,-0.013986013986013957,0.022727287505283966
2025-07-09 00:00:00+01:00,-0.002865329512893977,-0.004347826086956497,0.0,0.0,0.006849315068493178,-0.009009009009009028,0.008474576271186418,-0.010581950244841987,-0.00990102749433508,-0.012552388490189026,0.0,-0.008264494075791107,-0.01902176025684521,0.0,-0.004310344827586188,0.0038610186464320684,-0.008620722256998503,-0.0029240434674705496,0.0,0.0035460992907800915,0.07407407407407418
2025-07-10 00:00:00+01:00,-0.008620689655172376,0.004366812227074135,-0.021428585052490234,0.0,-0.006802721088435382,-0.009090909090909038,-0.01680672268907568,0.0,0.0,0.0762712181179539,0.004201680672268893,0.008333365122477288,-0.0027700409514637148,0.0,0.0,-0.019230769230769273,0.0,-0.0029325067036874986,0.0,0.010600706713780994,0.062068939208984375
2025-07-11 00:00:00+01:00,-0.008695652173912993,-0.008695652173912993,0.0,0.0,0.013698630136986356,0.0,0.0,-0.004010735822433387,0.019999980926513672,0.007874008357040552,0.0,0.024793324595259847,0.008333312140570648,0.0,-0.0043290043290042934,0.0,0.008695685345193604,0.0,0.0,-0.013986013986013957,-0.012987000923330161
2025-07-14 00:00:00+01:00,0.0,0.0,0.01459852642697701,0.0,0.0,-0.00917431192660545,0.0,-0.001342261397598521,-0.01960782480441492,-0.015624985448084439,0.0,0.01612909428163012,-0.022038546938694892,0.0,-0.008695652173912993,-0.003921583587048083,-0.012931083385497644,0.0,0.0,0.0,-0.026315764707210976
2025-07-15 00:00:00+01:00,-0.0029239766081871066,-0.01754385964912286,0.0,-0.016042780748663055,0.006756756756756799,0.0092592592592593,-0.008547008547008517,-0.0026882335152527137,0.0,0.009920672839941913,0.012552301255230214,-0.007936537971601432,0.00845068273409999,0.0,-0.00877192982456143,-0.015748016714081325,0.010917030749542311,0.0,0.0,0.0,0.0
2025-07-16 00:00:00+01:00,0.014662756598240456,0.0,-0.021582679517531345,0.0027173913043478937,0.006711409395973256,-0.00917431192660545,0.0,-0.002695376771803537,0.0100000381469727,0.005893856988577584,0.008264462809917328,-0.008000030517578138,-0.005586613608986046,0.0,0.008849557522123908,0.008000030517578027,0.010799136247064522,0.005882375380572125,0.0,-0.007092198581560294,0.0337837833483956
2025-07-17 00:00:00+01:00,0.00867052023121384,0.008928571428571397,0.0,0.0,0.016666666666666607,0.0,0.0,0.005405426025390625,0.0,0.0,0.004098360655737654,0.00806454714081517,0.0,0.0,0.0,0.04761900076430181,0.0,-0.005847975394087768,0.0,-0.0071428571428571175,0.0032679862818003613
2025-07-18 00:00:00+01:00,0.002865329512893977,0.0,0.0,0.0027100271002709064,0.016393442622950838,0.0,0.0,0.0,0.0,-0.13671871580299844,0.01632653061224487,0.0,-0.0028089460226743412,0.0,-0.00877192982456143,0.04166668171834487,-0.012820480425263736,0.0,0.0,0.007194244604316502,-0.0032573413350023284
2025-07-21 00:00:00+01:00,-0.005714285714285672,0.0,0.022058766812190767,-0.010810810810810811,0.006451612903225712,0.0,0.0,0.008064495454511489,-0.00990102749433508,-0.031674177391187275,0.012048192771084265,0.008000030517578027,0.011267648616307246,0.0,0.008849557522123908,0.0,0.00432902077135644,0.0,0.0,-0.0071428571428571175,0.03267973815469505
2025-07-22 00:00:00+01:00,0.005747126436781658,0.0,0.0,0.0,-0.012820512820512775,0.0,-0.008620689655172376,-0.00799997965494792,0.0,-0.009345896432088385,0.007936507936507908,0.003968193297365197,0.005570945396701887,0.0,-0.00877192982456143,0.0,0.0,-0.005882375380572125,-0.19999996821085608,0.0,0.012658215623466695
2025-07-23 00:00:00+01:00,-0.0028571428571428914,0.0,0.0,-0.021857923497267784,-0.00649350649350644,-0.0092592592592593,0.0,0.005376364484882101,0.0,-0.004716976888241464,-0.007874015748031482,0.003952584367008294,-0.011080269476143823,0.0,0.0,-0.010909063165838062,-0.008620722256998503,0.005917182469050486,0.0,0.0,0.03125
2025-07-24 00:00:00+01:00,-0.002865329512893977,0.008849557522123908,0.0,0.0,-0.006535947712418277,0.004672897196261738,0.017391304347825987,0.0,0.019999980926513672,0.0,0.007936507936507908,-0.003937022951637115,0.0,0.0,0.0,0.0,0.0,0.0,0.0,0.0,-0.006060629179983401
2025-07-25 00:00:00+01:00,0.008620689655172376,0.00877192982456143,0.0,0.0,-0.006578947368421018,-0.013953488372092981,-0.017094017094017144,0.005347511766912616,0.0,-0.014217996626207485,-0.003937007874015741,0.003952584367008294,0.016806679588196483,0.0,0.008849557522123908,0.0,0.0,0.0,0.0,0.007194244604316502,0.0
2025-07-28 00:00:00+01:00,0.008547008547008517,0.0,-0.007194203635955465,0.027932960893854775,0.013245033112582849,0.018867924528301883,0.0,-0.005319067988256432,-0.009803865653465582,-0.014423063697193705,0.0,0.00787404590327423,-0.008264441966000402,0.0,0.0,0.0,0.008695685345193604,0.0,0.0,0.0,-0.030487805587205763
2025-07-29 00:00:00+01:00,-0.04519774011299438,0.0,0.014492739601511984,-0.010869565217391353,0.0,-0.0092592592592593,0.0,0.005347511766912616,0.0,-0.009756088483765968,0.0039525691699604515,0.0,-0.005555576748318192,0.0,0.0,0.0,0.0,0.005882375380572125,0.0,0.0,0.006289332318799801
2025-07-30 00:00:00+01:00,0.044378698224851965,0.008695652173912993,0.007142884390694659,0.0,0.0,-0.009345794392523366,-0.017391304347826098,0.005319169442975058,0.00990093307113904,0.014778311237724884,-0.007874015748031482,-0.015624984866008385,0.013966480744569187,0.0,0.0,-0.007352969019469913,-0.008620722256998503,-0.011695950788175535,0.0,0.0,-0.012499988079071045
2025-07-31 00:00:00+01:00,0.008498583569405138,-0.004310344827586188,0.0,0.016483516483516425,-0.013071895424836555,0.009433962264151052,0.0,0.015873076744141734,0.009803959150949337,0.024271822186955783,0.007936507936507908,0.0,-0.0027547789593064254,0.0,0.00877192982456143,0.014814800686306473,-0.004347842672596802,0.005917182469050486,0.08333325054910778,0.0,0.012658215623466695
2025-08-01 00:00:00+01:00,-0.016853932584269704,-0.0043290043290042934,0.0,0.0,0.0066225165562914245,0.0,-0.008849557522123908,-0.0052083529945868845,-0.00970877472018683,-0.014217996626207485,-0.007874015748031482,-0.005952441322918833,0.0,0.0,-0.017391304347826098,-0.01459852642697701,-0.008733574625433005,0.0,0.0,-0.0071428571428571175,-0.03125
2025-08-05 00:00:00+01:00,-0.0028571428571428914,0.017391304347825987,0.0,-0.013513513513513487,-0.006578947368421018,-0.01869158878504673,0.008928571428571397,-0.005235621961910741,-0.009803865653465582,0.0048076878990646055,0.0,-0.001995977588157949,-0.012430960040203942,0.0,-0.008849557522123908,0.0,-0.00440530300038533,0.0,0.0,0.0,-0.032258064516129004
2025-08-06 00:00:00+01:00,0.0,0.008547008547008517,0.0,-0.008219178082191747,-0.013245033112582738,0.0,0.008849557522123908,-0.01052635594418172,0.01980196056547401,0.009569369257348859,-0.007936507936507908,0.0,-0.009790167108282288,0.0,-0.008928571428571397,-0.007407435664424145,0.0,-0.005882375380572125,0.0,0.03597122302158273,-0.05333334604899087
2025-08-07 00:00:00+01:00,0.002865329512893977,0.0,0.0,-0.011049723756906049,0.006711409395973256,0.0,0.0,-0.015957406874206548,-0.019417456850636006,0.014218109620800279,0.0040000000000000036,0.0,0.014124293176498215,0.0,-0.0045045045045044585,0.007462715247501972,-0.017699097866309854,0.0,0.0,0.00694444444444442,-0.02112677427918841
2025-08-08 00:00:00+01:00,0.008571428571428674,0.008474576271186418,-0.01418445088854714,0.0027932960893854997,0.006666666666666599,0.0,0.026315789473684292,-0.005405426025390625,0.00990093307113904,0.0,0.007968127490039834,-0.008000030517578138,0.011141997052376063,0.0,-0.004524886877828038,-0.007407435664424145,0.004504435616418112,-0.005917182469050486,0.0,0.020689655172413834,-0.021582679517531345
2025-08-11 00:00:00+01:00,0.014164305949008416,0.008403361344537785,-0.01438847588157588,0.013927576601671321,0.0,0.00952380952380949,0.02564102564102555,0.005434803453420622,0.0,-0.018691681453631315,0.0039525691699604515,0.00806454714081517,0.01377410497269449,0.0,0.018181818181818077,0.0,-0.004484236661089436,0.005952403929229133,0.0,0.013513513513513598,-0.022058836935300308
2025-08-12 00:00:00+01:00,-0.0027932960893854997,0.0,0.01459852642697701,-0.016483516483516536,-0.0066225165562914245,-0.009433962264150941,0.02499999999999991,-0.005405426025390625,0.0,0.014285814843214784,0.0,0.0,-0.008152153350003966,0.0,-0.008928571428571397,0.007462715247501972,0.004504435616418112,0.0,0.0,0.006666666666666599,-0.022556404994930057
2025-08-13 00:00:00+01:00,0.0056022408963585235,-0.008333333333333304,-0.007194203635955465,0.016759776536312776,0.010000000000000009,0.01904761904761898,-0.008130081300813052,0.0,0.0,-0.009389773835924098,0.0,-0.008000030517578138,0.013698630136986356,0.0,0.0,-0.007407435664424145,0.0,0.0,0.0,0.0,0.0
2025-08-14 00:00:00+01:00,-0.005571030640668551,0.0,0.007246335247339308,-0.005494505494505475,-0.02310231023102305,-0.01869158878504673,-0.008196721311475419,0.0,0.009803959150949337,0.0,-0.003937007874015741,-0.008064470231593623,-0.021621601001636348,0.0,0.0,0.007462715247501972,-0.013452881045931897,-0.005917182469050486,-0.07692300638503313,0.0,0.0
2025-08-15 00:00:00+01:00,-0.0028011204481792618,0.008403361344537785,-0.007194203635955465,0.0,0.013513513513513598,0.00952380952380949,0.04958677685950419,0.0,-0.00970877472018683,-0.009478664417471583,-0.0019762845849802257,0.0,-0.011049765675375856,0.0,-0.018018018018018056,-0.022222236350730618,-0.004545471884987551,-0.01190469432579655,0.0,-0.0066225165562914245,0.0076923370361328125
2025-08-18 00:00:00+01:00,0.0,-0.008333333333333304,0.0,0.0,-0.013333333333333308,0.018867924528301883,-0.015748031496062964,0.0,0.01960782480441492,0.00478468462867454,-0.005940594059405946,-0.016260146842582146,0.011173227217972093,0.0,0.0,0.0,0.0,0.0,0.0,0.0,0.0
2025-08-19 00:00:00+01:00,-0.014044943820224698,0.0,-0.014492739601511984,-0.016574585635359074,0.006756756756756799,-0.01851851851851849,0.016000000000000014,-0.010869503246587309,-0.01923075159625831,-0.002380893452094579,0.0,-0.008264494075791107,-0.011049765675375856,0.0,0.0,-0.015151500920837613,0.0022831573187276355,-0.0120482384544226,0.0,0.0,-0.015267233367592836
2025-08-20 00:00:00+01:00,0.01139601139601143,0.0,0.0,-0.008426966292134797,0.0,-0.009433962264150941,-0.007874015748031482,-0.005494526224051444,0.0,-0.01193321958282556,-0.003984063745019917,0.0,-0.005586613608986046,0.0,0.0,0.0,-0.0022779563859333107,0.0030488503397696487,0.0,-0.013333333333333308,-0.007751893856784764
2025-08-21 00:00:00+01:00,-0.008450704225352101,0.0,-0.007352969019469913,0.0056657223796034994,0.003355704697986628,0.00952380952380949,-0.007936507936507908,0.005524882837687928,0.0,-0.004830913423070071,-0.008000000000000007,0.016666650772094727,0.005617999199770685,0.0,0.00917431192660545,0.0,0.0,0.003039467157545106,0.0,0.006756756756756799,0.0
2025-08-22 00:00:00+01:00,0.011363636363636465,0.0,0.0,-0.008450704225352101,0.0033444816053511683,0.0,0.0,0.01648347387278326,-0.009803865653465582,0.009708728874782357,0.012096774193548487,0.03278693266050836,0.019553094353555345,0.0,0.018181818181818077,0.030769201425405734,0.004566227543908896,0.006060629179983401,0.0,0.0,0.054687484283931775
2025-08-25 00:00:00+01:00,-0.008426966292134797,0.0,0.029629601372612946,0.0,0.0,0.004716981132075526,0.0,0.0,0.0,-0.01923075159625831,0.0,0.007936462283165913,-0.013698630136986356,0.0,0.008928571428571397,0.0,0.0,0.012048123553905166,0.0,0.0,-0.014814800686306473
2025-08-26 00:00:00+01:00,-0.014164305949008527,0.0,0.0,-0.017045454545454586,-0.00666666666666671,-0.014084507042253502,-0.016000000000000014,-0.016216174976245723,0.0,0.0,-0.007968127490039834,-0.015748016714081325,-0.011111153496636272,0.0,-0.03539823008849563,0.0,-0.013636328957297605,0.0,-0.3750000248352676,0.0,-0.052631563851613716
2025-08-27 00:00:00+01:00,0.002873563218390718,-0.008403361344537785,-0.021582679517531345,-0.034682080924855474,0.0,0.00952380952380949,0.0,0.0054944214246803735,0.0,-0.014705868603311245,-0.004016064257028162,-0.02400001525878903,-0.0056178920453485715,0.0,0.00917431192660545,0.007462715247501972,-0.013824937044312868,-0.017857098255025683,0.7333332697550456,-0.006711409395973145,0.0
2025-08-28 00:00:00+01:00,-0.008595988538681931,0.0,0.014705867915830284,-0.0119760479041916,-0.01342281879194629,-0.028301886792452824,0.0,-0.005464397720770453,-0.00990102749433508,-0.004975119657066318,-0.012096774193548376,-0.01639342724524051,-0.0028249232911827793,0.0,-0.009090909090909038,-0.011111082854094345,-0.009345741082053105,0.012121258359966802,0.0,0.0,0.007936462283165913
2025-08-29 00:00:00+01:00,0.005780346820809301,0.016949152542372836,0.0,0.0121212121212122,0.0,0.009708737864077666,0.0,0.0,0.0,-0.008000016212463379,0.0,-0.016666650772094727,-0.008498562140068944,0.0,0.00917431192660545,0.0037452610960182486,0.0,0.0,0.0,0.013513513513513598,0.04724412523471089
2025-09-01 00:00:00+01:00,0.011494252873563315,0.008333333333333304,0.007246335247339308,0.011976047904191711,0.020408163265306145,0.009615384615384581,0.008130081300812941,0.0054944214246803735,0.0,0.01814516831642954,0.0,0.008474527642289953,-0.0028570992606026246,0.0,-0.009090909090909038,-0.00746264407777486,0.009433907943081188,0.0,0.0,0.006666666666666599,0.015037579428341719
2025-09-02 00:00:00+01:00,0.0,-0.008264462809917328,0.0,-0.011834319526627168,0.0,-0.014285714285714235,-0.008064516129032251,0.0,0.0,-0.009900980750178201,0.012244897959183598,0.008403393670198822,0.020057218270409738,0.0,0.013761467889908285,0.0,-0.009345741082053105,0.005987932308542776,0.0,0.0,0.0
2025-09-03 00:00:00+01:00,0.011363636363636465,0.004166666666666652,0.028777020372816597,-0.005988023952095856,0.0,0.004830917874396157,0.0,0.0,0.0100000381469727,0.009999990463256836,0.0040322580645162365,0.0,-0.0056178920453485715,0.0,0.004524886877828038,0.0,0.0,0.005952403929229133,0.0,0.0331125827814569,0.029629601372612946
2025-09-04 00:00:00+01:00,-0.002808988764044895,-0.004149377593360981,0.0,0.006024096385542244,0.006666666666666599,0.009615384615384581,0.008130081300812941,-0.005464397720770453,0.0,0.0049504903750889895,0.004016064257028162,0.0,0.019773924239253393,0.0,-0.009009009009009028,-0.0075188255665883386,-0.009433997912352998,0.0,0.0,0.019230769230769162,0.0
2025-09-05 00:00:00+01:00,0.011267605633802802,0.008333333333333304,0.006992966885427165,0.0059880239520957446,0.009933774834437026,0.00952380952380949,-0.008064516129032251,0.0,0.00990093307113904,0.004926103745908295,0.0040000000000000036,0.008333365122477288,0.011080375146432564,0.0,0.009090909090909038,-0.007575714336391148,0.004761922927129847,0.0,0.0,0.037735849056603765,-0.02877695176315176
2025-09-08 00:00:00+01:00,-0.005571030640668551,0.0,-0.02777775202268362,-0.005952380952380931,-0.003278688524590123,0.0,0.008130081300812941,0.010988947648731706,-0.009803865653465582,-0.004901956201103785,-0.003984063745019917,0.0,-0.013698630136986356,0.0,0.009009009009008917,-0.007633616683796363,0.009478618577014819,0.0,0.0,0.003030303030302939,0.029629601372612946
2025-09-09 00:00:00+01:00,0.0,0.016528925619834656,-0.014285700661795464,0.0,0.0,-0.018867924528301883,0.0,-0.01630430670000793,0.00990093307113904,0.004926103745908295,0.0,0.004132168221838928,0.002777735392252678,0.0,-0.017857142857142905,0.0,0.0,0.0,0.0,0.02114803625377637,0.0071942722456204145
2025-09-10 00:00:00+01:00,0.022408963585434094,0.04065040650406515,0.014492739601511984,0.0,0.006578947368421018,0.019230769230769162,0.008064516129032251,0.0013811943648280867,-0.01960782480441492,-0.004901956201103785,0.016000000000000014,0.004115242164996147,0.024930791244328843,0.0,0.027272727272727337,0.015384600712702756,0.014084561274875451,0.017751547407151236,0.0,0.035502958579881616,-0.00714288439069477
2025-09-11 00:00:00+01:00,0.00273972602739736,0.0,-0.0035714421953473297,0.041916167664670656,0.013071895424836555,0.0,0.03200000000000003,-0.001379289298221953,0.0,-0.00985220749181659,0.003937007874015741,0.0,0.0027026614627323475,0.0,-0.008849557522123908,0.0075757865844463534,0.004629647208502563,0.0,0.0,0.005714285714285783,0.014388544491240829
2025-09-12 00:00:00+01:00,0.016393442622950838,0.0,-0.0035842431124375462,-0.005747126436781658,-0.012903225806451646,0.0,0.015503875968992276,-0.005524882837687928,0.019999980926513672,0.009950239314132636,0.007843137254901933,-0.008196674537606752,0.0,0.0,-0.008928571428571397,0.0,-0.0046083123481043264,0.0,0.0,0.0,0.0
2025-09-15 00:00:00+01:00,-0.0026881720430107503,-0.0078125,-0.007194203635955465,0.0,0.0,-0.009433962264150941,0.01526717557251911,0.0,-0.01960782480441492,0.0,0.0038910505836575737,0.008264415259734426,0.009434024345378322,0.0,0.009009009009008917,-0.0075188255665883386,0.004629647208502563,0.0,0.0,0.005681818181818121,0.0
2025-09-16 00:00:00+01:00,-0.005390835579514808,0.007874015748031482,0.014492739601511984,0.0028901734104045396,-0.006535947712418277,-0.00952380952380949,-0.022556390977443663,0.016666624281141518,0.0,0.0,0.0,-0.008196674537606752,-0.009345855318772744,0.0,0.02678571428571419,0.0037878932922232877,-0.009216624696208542,-0.017441926226863136,0.0,0.0,0.0
2025-09-17 00:00:00+01:00,-0.005420054200542035,-0.0234375,0.007142884390694659,-0.0028818443804035088,-0.006578947368421018,0.0,-0.007692307692307665,-0.010928899668246395,0.019999980926513672,-0.018719205979209175,-0.019379844961240345,0.0,-0.00808623313744361,0.0,0.0,-0.00377359930074439,-0.009302361066951259,-0.005917182469050486,0.0,-0.016949152542372836,-0.00709222544427357
2025-09-18 00:00:00+01:00,0.005449591280654031,0.008000000000000007,-0.00709222544427357,0.0,0.0066225165562914245,0.009615384615384581,0.0,0.0,-0.01960782480441492,0.002008066136261144,-0.007905138339920903,-0.008264494075791107,0.005434803453420622,0.0,-0.008695652173912993,0.0,0.0,0.005952403929229133,0.0,0.0,0.0
2025-09-19 00:00:00+01:00,-0.010840108401083959,0.0,-0.014285700661795464,-0.023121387283236983,-0.006578947368421018,-0.01904761904761909,-0.007751937984496138,0.005524882837687928,0.0,-0.012024072153391518,0.0,0.008333365122477288,-0.0027026614627322365,0.0,-0.00877192982456143,-0.015151500920837613,0.0,-0.011834252077232543,0.0,0.01724137931034475,0.0
2025-09-22 00:00:00+01:00,-0.002739726027397249,0.0,0.02173914395568488,0.0,0.0,0.0,-0.0078125,0.0,0.0,0.0,-0.003984063745019917,-0.008264494075791107,-0.002710089015801942,0.0,0.008849557522123908,0.0038461685180664062,0.004694853758291817,-0.0029940803667591886,-0.4153846012770066,-0.005649717514124242,0.0
2025-09-23 00:00:00+01:00,-0.008241758241758212,0.0,0.0,-0.023668639053254448,0.019867549668874274,0.029126213592232997,0.0,0.0,0.0,-0.01217041004187136,-0.008000000000000007,0.0,-0.005434803453420622,0.0,0.0,0.003831432184220329,0.0,0.003003071805090629,0.0,0.0,0.0
2025-09-24 00:00:00+01:00,0.005540166204986097,0.0,0.007092157807799149,-0.0060606060606061,-0.009740259740259716,0.0,-0.007874015748031482,-0.01648357867215422,0.0,-0.01848050010134017,-0.008064516129032251,0.0,0.0,0.0,-0.00877192982456143,-0.003816808341898237,0.0,0.0,0.0,0.0,0.0
2025-09-25 00:00:00+01:00,-0.0055096418732781816,-0.003968253968253954,-0.01408449379940424,0.0,0.003278688524590123,-0.018867924528301883,-0.015873015873015928,-0.02234634788015244,0.0,-0.00627613236670721,0.004065040650406582,0.0,-0.010928899668246395,0.0,-0.008849557522123908,0.0,0.0,-0.005988046521030466,0.0,0.0,0.0
2025-09-26 00:00:00+01:00,0.0,-0.003984063745019917,-0.014285700661795464,0.018292682926829285,0.0,0.028846153846153744,-0.008064516129032251,0.0028570992606027357,0.0,-0.01052630588288439,0.0,0.0,0.0,0.0,0.03571428571428581,0.003831432184220329,-0.023364486397796425,0.0,0.0,0.0,0.0
2025-09-29 00:00:00+01:00,-0.005540166204986097,0.008000000000000007,0.0,0.0,-0.006535947712418277,-0.009345794392523366,0.0,-0.0028489595005202206,0.0,0.20212765755077022,-0.004048582995951455,0.0,-0.008287271567344212,0.0,0.008620689655172376,-0.007633616683796363,0.0047847073346865,0.006024119227211244,0.18421050980480724,0.0,0.0
2025-09-30 00:00:00+01:00,-0.013927576601671321,-0.007936507936507908,0.0,0.041916167664670656,-0.006578947368421018,0.009433962264151052,-0.008130081300813052,-0.00571430751255575,0.0,-0.008849549119871458,-0.008130081300813052,0.0,0.0,0.0,-0.008547008547008517,0.0,-0.009523845854259694,0.0,0.0,-0.017045454545454586,-0.014285700661795464
2025-10-01 00:00:00+01:00,0.0028248587570620654,0.0,-0.007246404354172786,-0.017241379310344862,0.0,-0.01869158878504673,0.0,0.0,0.039999961853027344,-0.017857125751218117,0.0,0.0,0.0016712411154216067,0.0,0.0,0.0,-0.004807619124471918,-0.005988046521030466,0.0,0.0,0.0
2025-10-02 00:00:00+01:00,0.005633802816901401,0.0,0.0,0.03508771929824572,0.013245033112582849,0.0,0.0,-0.011494187354914032,0.019230843295715117,-0.013636350336153957,0.004098360655737654,0.0,-0.0016684527286224826,0.0,0.0,0.0,0.0,-0.006024119227211244,0.0,-0.017341040462427793,0.0
2025-10-03 00:00:00+01:00,0.0,-0.008000000000000007,0.0364963508730749,0.01412429378531077,-0.006535947712418277,0.00952380952380949,0.024590163934426146,0.011627839925551386,-0.018867995824705996,0.04147461336638236,0.012244897959183598,0.008333365122477288,0.011141997052376063,0.0,0.008620689655172376,0.0,0.009661780107220741,0.006060629179983401,0.0,0.0,0.007246335247339308
2025-10-06 00:00:00+01:00,0.0028011204481792618,0.0,0.03521126807859276,0.025069637883008422,0.006578947368421018,0.009433962264151052,-0.008000000000000007,0.017241445458981097,0.0,0.017699098239742916,-0.0040322580645161255,0.008264415259734426,-0.008264441966000402,0.0,0.03418803418803429,-0.0076923370361328125,0.0,0.012048123553905166,0.0,0.0,-0.007194203635955465
2025-10-07 00:00:00+01:00,-0.005586592178770999,0.008064516129032251,0.020408176505266162,0.032608695652173836,0.0,0.009345794392523255,0.008064516129032251,-0.005649738822560368,0.0,0.0,-0.004048582995951455,0.00819675270763387,0.0,0.0,0.008264462809917328,0.0,0.0,-0.005952290396567306,-0.055555504045367354,0.0,0.0
2025-10-08 00:00:00+01:00,0.00561797752808979,-0.008000000000000007,-0.013333320617675781,0.010526315789473717,0.019607843137254832,0.0092592592592593,0.016000000000000014,0.017045410827172702,-0.009615329948400753,-0.008695644061371466,0.004065040650406582,0.02439025903112113,0.002777735392252678,0.0,0.0,-0.003875909964270452,0.0047847073346865,-0.005988046521030466,0.0,-0.0117647058823529,0.0
2025-10-09 00:00:00+01:00,0.0,0.0,-0.00675678244466027,-0.02083333333333337,0.0064102564102563875,-0.00917431192660545,-0.015748031496062964,0.01675984082695825,0.009708682130449064,-0.030701725491746212,0.0,0.015873000254767344,0.0,0.0,0.016393442622950838,0.01945525234073231,0.0023809160505021687,0.006024119227211244,-0.05882354178643112,-0.005952380952380931,0.0
2025-10-10 00:00:00+01:00,0.0,-0.008064516129032251,-0.013605429378242606,-0.015957446808510634,0.006369426751592355,0.0,0.0,0.0,-0.009615329948400753,-0.02262441242227664,-0.0080971659919028,0.0,-0.0027700409514637148,0.0,0.0,-0.007633616683796363,0.0023753513644384494,0.0,0.0,0.011976047904191711,0.0
2025-10-13 00:00:00+01:00,-0.005586592178770999,0.008130081300812941,0.0,0.0,-0.015822784810126556,-0.0092592592592593,-0.008000000000000007,0.0,-0.019417456850636006,-0.011574117765748682,0.0,-0.007812529685906622,-0.008333312140570759,0.0,-0.012096774193548376,0.0038461685180664062,-0.0047393544863415515,-0.08383236576320785,0.0,-0.011834319526627168,-0.014492739601511984
2025-10-14 00:00:00+01:00,0.030898876404494402,-0.008064516129032251,0.0,0.00540540540540535,0.009646302250803762,0.009345794392523255,0.0,0.0,-0.00990102749433508,-0.016393482897905765,0.03673469387755102,0.00787404590327423,0.019607864089071114,0.0,0.020408163265306145,0.019157087842611054,0.009523845854259694,0.006535910231946662,0.0,-0.0119760479041916,0.0
2025-10-15 00:00:00+01:00,0.0027247956403269047,0.0,0.013793090294147436,-0.005376344086021501,0.0,-0.0092592592592593,0.008064516129032251,0.010988947648731706,0.0,-0.00952380087370197,0.0,0.03124996973201677,0.002747210712340298,0.0,0.0,0.015037579428341719,0.021226360348886475,0.006493531425117771,0.0,0.0,0.0
2025-10-16 00:00:00+01:00,0.0,0.0,0.0,-0.008108108108108136,0.006369426751592355,0.009345794392523255,-0.0040000000000000036,-0.010869503246587309,-0.007999992370605447,-0.08653843949532292,-0.007874015748031482,-0.007575714336391148,-0.008219157179740977,0.0,0.0,0.007407435664424256,0.006928388968741039,-0.0032258187570879393,0.0,0.0,0.0
2025-10-17 00:00:00+01:00,-0.0027173913043477826,0.0,-0.013605429378242606,-0.0027247956403270157,-0.006329113924050667,0.0092592592592593,-0.012048192771084376,0.010988947648731706,0.0,-0.02105261176576878,-0.003968253968253954,-0.007633616683796363,-0.005524882837687928,0.0,-0.016000000000000014,-0.007352969019469913,-0.004587086129392737,-0.009708713293337445,0.0,0.0,-0.17647062535929325
2025-10-20 00:00:00+01:00,-0.008174386920980936,0.008130081300812941,0.0,-0.049180327868852514,0.0,0.0,0.016260162601626105,0.005434803453420622,0.0,-0.055913963195478034,0.0,0.0,0.005555576748318192,0.0,-0.008130081300813052,0.007407435664424256,0.0,0.019607855359147885,0.0,0.0060606060606061,-0.07142858967489152
2025-10-21 00:00:00+01:00,0.005494505494505475,-0.008064516129032251,0.0,-0.02011494252873558,0.006369426751592355,0.02752293577981657,-0.016000000000000014,-0.005405426025390625,-0.016129016752173708,-0.04555810991096232,-0.009960159362549792,0.0,-0.01381215440503214,0.0,0.008196721311475308,0.014705867915830284,-0.013824937044312868,-0.00961542106003832,0.0,0.0,-0.05769225478877493
2025-10-22 00:00:00+01:00,-0.016393442622950838,0.008130081300812941,0.0,-0.07917888563049857,0.0,-0.008928571428571397,-0.008130081300813052,0.005434803453420622,0.00819671330225158,0.035799488552316294,-0.014084507042253502,-0.0076923370361328125,0.0028010776466118603,0.0,0.0,-0.007246404354172786,-0.00467291510524781,0.003236258339943676,0.0,-0.003012048192771122,0.0
2025-10-23 00:00:00+01:00,0.005555555555555536,-0.008064516129032251,-0.013793090294147325,-0.01273885350318471,-0.006329113924050667,0.022522522522522515,0.008196721311475308,0.013513513513513598,0.008130073421291018,-0.020737266905831442,0.0,0.015503935570057026,0.0,0.0,0.016260162601626105,-0.0036496490095604406,0.007042325410881345,0.0,0.0,-0.009063444108761365,0.0
2025-10-24 00:00:00+01:00,0.0,0.0,0.020979034037302835,0.0,0.006369426751592355,0.004405286343612369,-0.008130081300813052,0.04533335367838531,-0.004032254188043427,-0.03764706393839157,0.012244897959183598,0.02290070445226111,0.0,0.0,0.02400000000000002,0.01465207095448906,0.02097896688042611,0.0,0.0,0.012195121951219523,0.0
2025-10-27 00:00:00+00:00,-0.002762430939226568,0.016260162601626105,0.0,0.006451612903225712,-0.0031645569620253333,-0.00877192982456143,-0.008196721311475419,-0.015306180539302772,-0.012145737264080192,0.0073349415899996995,-0.016129032258064502,-0.00746264407777486,-0.011173120662180347,0.0,-0.0078125,0.003610053117936607,0.04566210125199577,-0.006451637514175879,0.0,0.04216867469879526,-0.03061226376490178
2025-10-28 00:00:00+00:00,-0.008310249307479256,-0.008000000000000007,0.00684927569743965,0.0,-0.0031746031746031633,0.008849557522123908,-0.008264462809917328,0.0,0.0,-0.004854378764080347,-0.008196721311475419,0.0,-0.011299477645120626,0.0,0.0,-0.003597067513145258,-0.002183372833774566,-0.006493469498212501,0.0,-0.017341040462427793,0.03157896744577515
2025-10-29 00:00:00+00:00,0.0,0.0,-0.013605429378242606,-0.009615384615384581,-0.0031847133757961776,-0.00877192982456143,-0.008333333333333304,-0.025906736775402672,0.0,0.004878058708685629,0.012396694214876103,0.0,-0.00571430751255575,0.0,-0.007874015748031482,0.010830297068508576,-0.015317303090881418,0.0,0.0,0.0,0.0
2025-10-30 00:00:00+00:00,0.005586592178770999,0.0,-0.020689668326542288,0.003236245954692629,-0.0031948881789137795,-0.008849557522123908,0.0,0.005319169442975058,-0.00819671330225158,-0.004854378764080347,-0.004081632653061273,-0.0075188255665883386,0.005747148486326958,0.0,0.0,-0.0035714421953473297,-0.006666649712456563,-0.006535972563600612,0.0,-0.01764705882352946,0.0
2025-10-31 00:00:00+00:00,-0.022222222222222254,-0.016129032258064502,0.0,-0.006451612903225823,0.012820512820512775,-0.008928571428571397,-0.01680672268907568,0.0,0.0041322273338813,0.0024390656986388315,-0.004098360655737654,0.015151500920837613,0.0,0.0,-0.007936507936507908,-0.0035842431124375462,-0.002237187631130233,-0.006578909805936672,0.0,0.017964071856287456,-0.020408143405366563
2025-11-03 00:00:00+00:00,-0.017045454545454586,-0.008196721311475419,-0.03521126807859265,-0.016233766233766267,-0.01898734177215189,-0.009009009009009028,0.008547008547008517,-0.021164001407603106,-0.02880665421330264,-0.018248229698600626,-0.020576131687242816,-0.029850718650553665,-0.03428573608398433,0.0,-0.020000000000000018,-0.007194203635955465,-0.040358728669127375,-0.006622541651882585,0.0,0.00588235294117645,-0.010416705989173769
2025-11-04 00:00:00+00:00,0.0,0.004132231404958775,-0.02919705285395402,-0.02970297029702973,0.012903225806451646,0.009090909090909038,-0.016949152542372836,-0.005405426025390625,-0.04237284282951548,-0.016108986541536807,0.0,-0.015384600712702867,-0.020710082211242375,0.0,0.004081632653061273,-0.007246404354172786,-0.009345741082053105,-0.013333320617675781,0.0,0.011695906432748648,-0.02105261150159332
2025-11-05 00:00:00+00:00,0.0,0.028806584362139898,0.022556404994930057,-0.013605442176870763,-0.009554140127388533,-0.0045045045045044585,0.0,-0.01630430670000793,-0.013274323679807187,0.007556652561235611,-0.004201680672268893,0.015624984866008385,-0.006042204152926223,0.0,0.0,-0.01459852642697701,-0.004716998956176499,0.0,0.0,0.01734104046242768,-0.016129093454646193
2025-11-06 00:00:00+00:00,0.014450867052023142,0.008000000000000007,0.02941173583166079,0.01724137931034475,0.016077170418006492,0.02262443438914019,0.02586206896551735,0.016574543134688424,0.03139010432469913,0.05999997168779414,0.029535864978903037,-0.0076923370361328125,0.018237034841750432,0.0,0.03252032520325199,0.0185185185185186,0.0023696320453365782,0.01351350045186761,0.0,0.05681818181818188,-0.016393401615722336
2025-11-07 00:00:00+00:00,0.002849002849002913,0.0,0.007142884390694659,0.0,-0.006329113924050667,-0.008849557522123908,0.0,0.0,-0.004347822030685733,-0.0259434139643141,-0.004098360655737654,0.0,-0.005970172028043397,0.0,-0.007874015748031482,0.003636377507989952,-0.007092180673083925,0.013333320617675781,0.0,0.037634408602150504,0.0
2025-11-10 00:00:00+00:00,-0.011363636363636354,0.007936507936507908,0.014184383252072719,0.003389830508474523,0.0,0.0,-0.008403361344537785,0.010869606906841245,0.019650688665309834,-0.0048425528107270965,0.012345679012345734,0.007751967785028402,-0.006006029054705375,0.0,0.007936507936507908,-0.0036232021770864486,0.014285677955264031,-0.013157882353605488,0.0,0.02590673575129543,0.0
2025-11-11 00:00:00+00:00,0.011494252873563315,-0.007874015748031482,0.0,0.006756756756756799,0.0,-0.017857142857142905,0.0,0.0,0.014989227768871904,0.0,0.0,-0.0076923370361328125,-0.006042204152926223,0.0,-0.011811023622047223,0.0,0.0,0.020000012715657656,0.0,0.0,0.005555576748318192
2025-11-12 00:00:00+00:00,-0.011363636363636354,0.0,0.0,-0.03355704697986572,-0.006369426751592355,0.009090909090909038,0.0,0.010752626424140876,0.0042195060610632495,0.007299248372401701,0.008130081300812941,0.0,0.003039467157545106,0.0,-0.003984063745019917,-0.003636377507990063,-0.004694764211404467,-0.019607855359147774,0.0,-0.005050505050505083,-0.005524882837687928
2025-11-13 00:00:00+00:00,0.014367816091954033,0.007936507936507908,0.0,-0.07291666666666663,0.0064102564102563875,0.0,-0.016949152542372836,-0.013297872880078332,-0.008403453102266312,-0.004830927611671476,0.008064516129032251,-0.007751893856784764,0.018181771943063474,0.0,0.0,0.0,-0.018867995824705996,0.0,0.0,0.0050761421319796,0.011111153496636383
2025-11-14 00:00:00+00:00,0.0028328611898016387,-0.007874015748031482,-0.006993033575937835,0.0,0.0,-0.0045045045045044585,0.0,0.005390856365640184,0.021186522439583966,-0.012135910742333889,0.008000000000000007,0.0,0.0,0.0,0.0040000000000000036,-0.007299228407856018,0.00961542164785767,0.0066666920979818745,0.0,-0.005050505050505083,-0.010989052448102776
2025-11-17 00:00:00+00:00,0.01412429378531077,0.007936507936507908,0.0,-0.02621722846441943,-0.01273885350318471,-0.004524886877828038,0.0,-0.0026809242940074585,0.0,0.0024569707924064765,0.015873015873015817,0.007812455180101763,0.005952403929229133,0.0,-0.003984063745019917,0.0036764143866254706,-0.014285677955264142,0.006622478494644701,0.0,0.0,0.011111153496636383
2025-11-18 00:00:00+00:00,-0.02228412256267409,-0.007874015748031482,-0.010563353559512212,-0.03076923076923077,0.0,0.0,0.0,0.0,0.0,-0.012254890502759297,-0.01171875,-0.007751893856784764,-0.020710082211242375,0.0,-0.008000000000000007,0.0,-0.009661872249663306,0.0,0.0,-0.005076142131979711,-0.010989052448102776
2025-11-19 00:00:00+00:00,0.01139601139601143,0.007936507936507908,-0.0035587323883337074,0.0,0.012903225806451646,0.013636363636363669,0.004310344827586299,0.0026881309696293876,0.016597493953715015,-0.014888293795585317,0.0039525691699604515,0.0,-0.0030211020764631114,0.0,0.008064516129032251,0.01465207095448906,0.009756134777534342,-0.0032894862738344077,0.0,0.0,0.0
2025-11-20 00:00:00+00:00,-0.005633802816901401,0.0,-0.00714288439069477,0.0,0.0,-0.004484304932735439,-0.0042918454935622075,0.0,0.0,0.005037718328277485,-0.007874015748031482,-0.015624984866008385,0.012121258359966802,0.0,0.0,0.0,-0.004830936124831653,0.0,0.0,-0.010204081632653073,0.07777775658501529
2025-11-21 00:00:00+00:00,-0.0028328611898017497,0.06299212598425208,-0.010791339758765672,-0.011904761904761862,0.0,-0.0045045045045044585,-0.03448275862068961,-0.01072379944673596,0.0,-0.0025062334658727536,0.0,-0.007936537971601432,-0.0014970972896234391,0.0,-0.0040000000000000036,-0.0036101219752859848,0.002427147385177797,0.003300342705864212,-0.24999998137354873,0.005154639175257714,-0.030927855323080733
2025-11-24 00:00:00+00:00,0.014204545454545414,0.007407407407407307,-0.003636377507990063,0.03614457831325302,0.01273885350318471,0.004524886877828038,-0.008928571428571397,-0.002710089015801942,0.0,0.005025135787766644,0.015873015873015817,-0.008000030517578138,0.013493276867423187,0.0,0.004016064257028162,-0.007246404354172786,-0.021791712537709396,-0.013157882353605488,0.0,0.01025641025641022,0.0
2025-11-25 00:00:00+00:00,0.0056022408963585235,0.007352941176470562,0.01459852642697701,0.04651162790697683,0.012578616352201255,-0.009009009009009028,0.0,-0.010869503246587309,-0.008163257362146625,0.002499967776239398,0.0,0.00806454714081517,0.0029586476649594573,0.0,-0.008000000000000007,0.0,0.029702893636613048,-0.006666692097981763,-0.3333333498901785,0.0050761421319796,0.0
2025-11-26 00:00:00+00:00,-0.00835654596100277,0.021897810218978186,0.010791408368430622,0.022222222222222143,0.0031055900621117516,0.009090909090909038,-0.009009009009009028,-0.010989052448102776,-0.008230444599618192,-0.004987541365586989,0.0078125,0.0,0.008849534618207366,0.0,0.0040322580645162365,0.01459852642697701,0.007211612085621599,0.0,0.0,0.0,0.010638338885950116
2025-11-27 00:00:00+00:00,0.002808988764045006,0.02857142857142847,0.010676129287826575,0.01449275362318847,0.0,0.018018018018018056,0.0,0.005555576748318192,0.0,-0.027568866894757793,0.003875968992248069,0.015999984741210893,-0.007309941357396377,0.0,0.012048192771084265,0.010791408368430622,0.011933173789771434,0.013422870339588666,0.0,0.005050505050504972,0.0
2025-11-28 00:00:00+00:00,0.0028011204481792618,0.02777777777777768,-0.01408449379940424,-0.010714285714285676,-0.003095975232198178,0.0,-0.027272727272727226,-0.0027624941080316434,0.0,0.0025772863296444903,0.015444015444015413,0.0,-0.016200271714306935,0.0,-0.007936507936507908,-0.0035587323883337074,0.004716908986904578,0.0,0.0,0.015075376884422065,0.021052611501593432
2025-12-01 00:00:00+00:00,0.0,-0.027027027027026973,0.007142884390694659,-0.02527075812274371,0.006211180124223503,-0.008849557522123908,-0.009345794392523366,0.0,0.0,0.002570661000190544,-0.0038022813688213253,0.0,0.0,0.0,-0.008000000000000007,-0.00714288439069477,0.0,0.04304633126552315,0.0,-0.034653465346534684,0.0
2025-12-02 00:00:00+00:00,0.008379888268156499,0.0,-0.00709222544427357,-0.014814814814814836,0.0,0.0,0.0,-0.0055400819029274295,-0.012448120465286205,-0.007692285355260453,0.01526717557251911,0.00787404590327423,0.01497005919633243,0.0,0.0,0.0,-0.002347382105702178,0.022222246442522353,0.0,0.01025641025641022,-0.020618537443073293
2025-12-03 00:00:00+00:00,0.013850415512465464,0.0,0.021428585052490234,-0.022556390977443663,0.0092592592592593,0.013392857142857206,0.0,0.008356524354025119,0.01260502938959629,-0.01033593840545255,0.007518796992481258,0.007812455180101763,0.0,0.0,0.016129032258064502,0.0071942722456204145,0.004705900304457611,0.031055899885286564,0.0,0.0,-0.01052635594418172
2025-12-04 00:00:00+00:00,0.0191256830601092,-0.01388888888888884,0.006992966885427165,0.01538461538461533,0.015290519877675823,0.013215859030837107,0.0,0.011049660297000496,0.0,-0.033942512018389936,0.03731343283582089,0.015503935570057026,0.04424778561897447,0.0,0.007936507936507908,0.0035714421953474407,0.0070257431311553376,0.03012048123553912,0.0,-0.010152284263959421,-0.021276576317181495
2025-12-05 00:00:00+00:00,0.01072386058981234,0.010563380281690238,0.0,0.015151515151515138,0.012048192771084265,0.008695652173912993,-0.018867924528301883,-0.0027321988603852265,0.008298746976857396,0.06756758280615438,0.021582733812949728,0.0,0.014124293176498215,0.0,-0.007874015748031482,0.0035587323883337074,0.0279069944869641,-0.005847975394087768,0.0,0.01025641025641022,-0.010869503246587309
2025-12-08 00:00:00+00:00,0.0026525198938991412,0.017421602787456525,0.0,-0.014925373134328401,0.0,0.0,0.0,0.019178103094231513,0.012345666899427288,0.012658215432457043,0.0035211267605634866,0.0,0.0027854726983509437,0.0,0.007936507936507908,0.010638270529935934,0.009049721816227319,0.0,0.0,-0.010152284263959421,0.0
2025-12-09 00:00:00+00:00,0.0,0.006849315068493178,-0.02777775202268362,0.0,-0.011904761904761862,-0.008620689655172376,0.019230769230769162,0.0,0.00406503671064562,-0.04749998379498743,-0.0035087719298245723,0.007633543884232319,-0.002777735392252567,0.0,0.0,0.003508785314727314,-0.008968558853510666,-0.023529389325310235,-0.5,0.00512820512820511,0.0
2025-12-10 00:00:00+00:00,0.0,0.0,0.0,-0.015151515151515138,0.0,-0.008695652173912993,-0.009433962264150941,0.0026881309696293876,-0.004048579088026694,0.0,-0.010563380281690127,-0.015151500920837613,-0.0027855789573232315,0.0,-0.015748031496062964,-0.006993033575937835,0.0,-0.006024119227211244,0.0,-0.010204081632653073,0.0
2025-12-11 00:00:00+00:00,0.0,0.0,0.007142884390694659,-0.023076923076923106,-0.01807228915662651,-0.004385964912280715,-0.00952380952380949,-0.0026809242940074585,-0.008130073421291018,-0.010498708605181761,0.007117437722419906,0.0076923370361328125,0.0,0.0,-0.016000000000000014,-0.007042213319620072,-0.022624433998618243,0.006060629179983401,0.04999995157122683,0.0,-0.005494526224051444
2025-12-12 00:00:00+00:00,0.010582010582010692,0.006802721088435382,0.0,0.0,0.006134969325153339,0.013215859030837107,0.0,0.0,0.004098356651125901,0.03448270955439514,0.0035335689045936647,0.0,-0.011173120662180347,0.0,0.024390243902439046,0.035460991948418785,0.006944426661166014,-0.006024119227211244,0.28571437694588764,0.0,0.0
2025-12-15 00:00:00+00:00,-0.005235602094240788,-0.006756756756756799,-0.021276608696346178,0.015748031496062964,0.0,-0.008695652173912993,0.009615384615384581,0.010752626424140876,-0.020408143405366563,0.04358979531764229,-0.017605633802816878,0.030534321136057585,-0.0028249232911827793,0.0,0.007936507936507908,0.013698616715036138,-0.011494252873563204,-0.012121258359966802,0.0,0.0,0.011049660297000496
2025-12-16 00:00:00+00:00,0.0052631578947368585,0.0,0.014492739601511984,0.003875968992248069,-0.0030487804878048808,0.004385964912280604,0.00952380952380949,-0.005319067988256432,0.004166662527455456,-0.006142500205394419,0.017921146953405076,0.007407435664424256,-0.008498562140068944,0.0,0.003937007874015741,-0.00675678244466027,0.004651180533475685,0.0,0.0,0.010309278350515427,0.0
2025-12-17 00:00:00+00:00,0.005235602094240788,0.006802721088435382,0.0,-0.01158301158301156,-0.003058103975535187,0.004366812227074135,-0.018867924528301883,0.005347511766912616,0.0,0.055624173344744454,0.01760563380281699,0.0,0.0,0.0,0.019607843137254832,0.0,0.0,0.0,0.18518511159920692,-0.004081648223254186,-0.005464397720770453
2025-12-18 00:00:00+00:00,0.01041666666666674,-0.0033783783783783994,0.0,0.0,0.0,0.0,-0.009615384615384581,-0.01063823743123149,-0.008298746976857507,0.06557383570977193,0.0,0.0073528988963604824,0.005714307512555861,0.0,0.0,-0.006802682251218939,0.009259206113829244,0.0,0.0,-0.0010245745459473987,0.0
2025-12-19 00:00:00+00:00,-0.0077319587628865705,0.0,-0.014285700661795464,0.0546875,-0.006134969325153339,0.0,-0.01941747572815533,0.0,-0.012552388490189026,0.006593387015501939,-0.0034602076124568004,0.0,-0.0028409740525814353,0.0,-0.01538461538461533,0.0,-0.00917425975184516,-0.006134876000100209,0.0,0.002564102564102555,0.0054944214246803735
2025-12-22 00:00:00+00:00,0.0051948051948051965,0.003389830508474523,-0.014492739601511984,0.0,-0.006172839506172867,-0.008695652173912993,0.01980198019801982,-0.005376364484882101,0.004237284282951448,-0.006550199018345304,0.0,0.0,0.005698027681878992,0.0,-0.0078125,-0.0068493410175966,-0.004629647208502563,0.006172745025411208,0.03125006402842834,0.002557544757033181,0.0
2025-12-23 00:00:00+00:00,0.01421188630490966,0.006756756756756799,0.0,0.007407407407407307,0.006211180124223503,0.00877192982456143,0.0,0.005405426025390625,-0.0042194054625018795,0.006593387015501939,0.01388888888888884,-0.007299228407856018,-0.014164306255141867,0.0,0.007874015748031482,0.0,0.004651180533475685,0.0,0.0,-0.0025510204081632404,-0.016393401615722336
2025-12-29 00:00:00+00:00,0.014012738853503182,-0.020134228187919434,0.0,-0.007352941176470562,0.012345679012345734,0.008695652173912993,-0.009708737864077666,0.0,0.016949238156632296,0.004366821035754365,0.003424657534246478,0.0,0.04022992978654916,0.0,0.0,0.006896578032394851,0.004629647208502563,0.006134993015359136,0.030303000199675578,0.002557544757033181,-0.005555576748318192
2025-12-30 00:00:00+00:00,0.015075376884422065,0.006849315068493178,0.014705867915830284,0.007407407407407307,-0.012195121951219523,0.008620689655172376,0.0,0.0,0.012499987582366145,-0.03695656356942145,0.006825938566553003,0.0,0.016574543134688424,0.0,0.0078125,0.0,0.002304112225928412,0.01829275313337253,0.05882356034843128,0.0,0.011173227217972093
2026-01-02 00:00:00+00:00,0.004950495049504955,0.0,0.007246335247339308,0.007352941176470562,0.006172839506172867,0.0,-0.009803921568627416,0.005376364484882101,0.0,0.013544045849024133,0.006779661016949046,0.0073528988963604824,0.013586956803424588,0.0,0.0,0.00684927569743965,0.002298815497036699,-0.011976093042061042,0.0,0.005102040816326481,0.011049660297000496
2026-01-05 00:00:00+00:00,-0.009852216748768461,0.006802721088435382,0.0,-0.007299270072992692,0.0,0.0,0.0,0.0,0.0,-0.015590198819323553,-0.013468013468013518,-0.007299228407856018,-0.013404826011449655,0.0,-0.015503875968992276,-0.010204055814730828,-0.013761433374297583,-0.018181771943063474,0.0,-0.005076142131979711,-0.016393401615722336
2026-01-07 00:00:00+00:00,0.0,-0.006756756756756799,-0.021582679517531345,0.0,0.006134969325153339,0.0,0.01980198019801982,0.0,-0.008230444599618192,0.03167420478874772,0.010238907849829282,0.0,0.021739110153428554,0.0,-0.007874015748031482,0.003436439180715789,-0.0023255459097928366,-0.012345725525951368,0.0,0.0025510204081633514,-0.011111153496636272
2026-01-08 00:00:00+00:00,-0.00497512437810943,0.0,-0.003676484509735012,-0.007352941176470562,-0.0030487804878048808,-0.008547008547008517,0.0,-0.010695227528323081,0.0,0.030701751232826036,0.0,0.0,0.002659635448846842,0.0,0.0,0.0,0.0,0.01250004768371582,0.0,0.0025445292620864812,0.0
2026-01-09 00:00:00+00:00,0.020000000000000018,0.0,0.011070082392533154,-0.007407407407407418,0.015290519877675823,0.02586206896551735,0.04854368932038833,0.01081085205078125,-0.008298746976857507,0.01702124772432323,0.013513513513513598,0.0,0.02387261785061745,0.0,0.007936507936507908,-0.0068493410175966,0.03496503372138915,-0.006172862762975684,0.0,0.0,0.0
2026-01-12 00:00:00+00:00,0.004901960784313708,0.0,0.0036496490095605516,0.0,0.006024096385542244,0.01680672268907557,0.0,-0.005347613764161596,0.0,-0.02301250612724548,0.0033333333333334103,0.0036764143866254706,0.0064766841938506126,0.0,0.0,0.020689668326542288,-0.013513564599060723,0.006211203670828613,0.0,-0.005076142131979711,0.005617999199770685
2026-01-13 00:00:00+00:00,-0.024390243902439046,0.006802721088435382,-0.003636377507990063,0.00746268656716409,-0.005988023952095856,-0.024793388429752095,-0.0092592592592593,-0.021505355393904968,-0.00836829224570046,-0.02355461929607805,-0.01661129568106312,0.0036630177386223206,-0.02187898346218209,0.0,-0.007874015748031482,0.0,-0.004566227543908896,0.0,-0.055555583150297405,0.005102040816326481,0.0
2026-01-14 00:00:00+00:00,0.004999999999999893,0.04054054054054057,-0.007299228407856018,-0.007407407407407418,0.024096385542168752,0.025423728813559254,-0.01869158878504673,0.0054944214246803735,0.0,0.00877194759679889,0.0033783783783782884,0.0,0.013157894736842035,0.0,0.0,0.02027028289652799,0.0,-0.012345725525951368,0.08823529669570251,0.0050761421319796,0.0
2026-01-15 00:00:00+00:00,0.01990049751243772,0.01948051948051943,0.022058766812190767,0.0,0.0235294117647058,0.024793388429751984,0.00952380952380949,0.0,-0.012658216387505639,0.0,0.010101010101010166,-0.007299228407856018,0.010389650022828656,0.0,0.007936507936507908,0.006622478494644701,0.00229363055775611,0.00625002384185791,0.08108108325802199,0.04040404040404044,-0.005586613608986046
2026-01-16 00:00:00+00:00,-0.009756097560975618,0.01273885350318471,0.0,-0.003731343283582045,0.011494252873563315,0.0,0.009433962264151052,0.008196805034566879,-0.017094001418896276,0.003260827523662302,-0.013333333333333308,0.014705867915830284,0.007712062346860504,0.0,0.0,0.0,0.0022882945623630135,0.02484469621445795,0.024999975785613415,0.0,0.005617999199770685
2026-01-19 00:00:00+00:00,-0.009852216748768461,0.0,0.0,-0.0037453183520599342,-0.011363636363636354,-0.016129032258064502,0.009345794392523255,0.0027099856364765085,0.0,-0.024918745887247074,-0.016891891891891886,-0.007246404354172786,-0.017857161972334668,0.0,0.007874015748031482,0.0,-0.006849297769090046,0.0,0.0,0.004854368932038833,-0.005586613608986046
2026-01-20 00:00:00+00:00,-0.00497512437810943,0.0062893081761006275,0.0,0.0,0.0,0.024590163934426146,-0.0092592592592593,0.0,-0.008695644061371466,-0.033333302427220435,-0.013745704467353903,-0.01459852642697701,-0.015584375951197216,0.0,-0.0078125,-0.006578909805936672,-0.02068969025008982,-0.024242401123046875,0.0,0.004830917874396157,0.0
2026-01-21 00:00:00+00:00,0.0,-0.0031250000000000444,0.0,0.015037593984962516,0.0,0.0,-0.004672897196261627,0.0,0.039473647060816575,0.022988483697581552,0.0034843205574912606,0.007407435664424256,0.002638482060556502,0.0,0.007874015748031482,0.019867498641171988,0.004694853758291817,0.0,-0.1951219122158776,-0.009615384615384581,0.0
2026-01-22 00:00:00+00:00,-0.0024999999999999467,0.040752351097178785,-0.003597067513145258,0.0,-0.011494252873563204,0.0,0.014084507042253502,0.0,0.016877722448569,-0.002247162115662227,-0.00347222222222221,-0.007352969019469913,0.0,0.0,-0.0078125,0.01298706285023532,0.014018745315743208,0.006211203670828613,0.0,0.03398058252427183,-0.028089888844431754
2026-01-23 00:00:00+00:00,-0.005012531328320802,0.0,-0.0036101219752859848,0.0,0.0,0.0,-0.0092592592592593,-0.005405426025390625,0.0,-0.011261250376556342,-0.024390243902439046,0.003703717832212128,-0.00526317797209086,0.0,0.0,0.012820500280416924,-0.0046083123481043264,-0.006172862762975684,0.0,-0.014084507042253502,-0.011560628000628848
2026-01-26 00:00:00+00:00,-0.005037783375314908,0.030120481927710774,0.007246335247339308,0.0,0.005813953488372103,-0.008000000000000007,0.03738317757009346,0.005434803453420622,0.037344361395858616,-0.00911163555955996,0.0035714285714285587,-0.0036900509248001256,-0.002645462331730686,0.0,0.007874015748031482,0.006329077632166724,0.03009257440050317,0.015527949942643282,0.0,0.02857142857142847,0.011695839247322315
2026-01-27 00:00:00+00:00,-0.0075949367088608,0.0,0.0,0.0,0.0,0.0,0.009009009009008917,0.0,-0.007999992370605447,-0.011494241848790776,0.01067615658362997,0.0,-0.015915179752680086,0.0,-0.0078125,-0.01257860465808136,-0.0022471567218222965,-0.009174288381074036,0.0,-0.0092592592592593,0.0
2026-01-28 00:00:00+00:00,0.017857142857142794,-0.005847953216374324,0.0,-0.007407407407407418,0.011560693641618602,0.0,0.017857142857142794,-0.005405426025390625,0.0,-0.027906963527363993,0.014084507042253502,-0.007407435664424145,-0.010781609909247258,0.0,0.007874015748031482,-0.012738841509227883,-0.004504521533020278,0.0,0.0,-0.009345794392523366,-0.017340997126628732
2026-01-29 00:00:00+00:00,-0.010025062656641603,0.0117647058823529,0.0,0.00746268656716409,-0.017142857142857126,0.0,-0.00877192982456143,0.0,0.01814519191445685,-0.014354095641068265,-0.00347222222222221,-0.00746264407777486,0.00544961195590532,0.0,0.0,0.0,-0.004524904060796975,0.0,0.0,0.018867924528301883,0.0
2026-01-30 00:00:00+00:00,0.012658227848101333,-0.011627906976744207,-0.007194203635955465,-0.03703703703703709,0.011627906976744207,0.008064516129032251,-0.008849557522123908,0.0,0.0,-0.029126200248748124,0.010452961672473782,0.015037579428341719,0.010840045925231578,0.0,0.0,0.006451637514175879,0.009090943769975102,0.0,0.0,-0.02777777777777779,0.005882375380572125
2026-02-02 00:00:00+00:00,0.0,0.0,0.0,0.0,-0.005747126436781658,-0.016000000000000014,0.008928571428571397,0.0,-0.025742595946714353,-0.017499997951090362,-0.010344827586206917,0.0,0.010723901717442308,0.0,-0.0078125,0.0,0.013513478682458668,-0.006172862762975684,0.21212118201785746,0.00952380952380949,0.0
2026-02-03 00:00:00+00:00,-0.0024999999999999467,-0.014705882352941124,0.007246335247339308,-0.01538461538461533,0.005780346820809301,0.0,-0.008849557522123908,0.0,0.04166665051364671,0.04325697063417211,-0.006968641114982632,0.0,-0.010610119835120058,0.0,-0.007874015748031482,-0.006410280706692251,0.0,0.018633492543629337,0.0,0.0,0.0
2026-02-04 00:00:00+00:00,-0.0025062656641604564,0.008955223880596996,0.0,0.0,-0.011494252873563204,0.0,0.008928571428571397,0.0,0.03414637867997339,0.012195110427418276,0.010526315789473717,-0.007407435664424145,0.013404826011449655,0.0,0.023809523809523725,-0.012903213500976562,0.008888922797309018,0.006097584377790843,0.0,-0.009433962264150941,-0.011695950788175535
2026-02-05 00:00:00+00:00,0.0,-0.017751479289940808,-0.007194203635955465,-0.0625,-0.005813953488372103,-0.016260162601625994,0.0,-0.010869503246587309,-0.05660380753557426,-0.04578311851364114,-0.01736111111111116,0.007462715247501972,-0.0079364879131113,0.0,-0.015503875968992276,-0.013071882795547274,0.0,0.006060629179983401,0.0,0.00952380952380949,0.005917182469050486
2026-02-06 00:00:00+00:00,0.01005025125628145,0.024096385542168752,0.036231883557196864,0.016666666666666607,0.005847953216374213,0.016528925619834656,0.017699115044247815,0.01648347387278326,0.0,0.04545456255872504,0.02473498233215543,0.007407435664424256,0.010666707356770777,0.0,-0.007874015748031482,0.0,0.004405218976219372,0.036144600462750365,0.0,0.018867924528301883,0.0
2026-02-09 00:00:00+00:00,0.0,-0.00588235294117645,-0.0034965167879689174,0.0,-0.011627906976744207,-0.016260162601625994,-0.008695652173912993,0.0,0.0,-0.021739138259378787,-0.020689655172413834,-0.007352969019469913,0.007915546833308307,0.0,0.0,0.0,0.008771963580347819,-0.005813975408954342,0.0,0.0,0.01176475076114425
2026-02-10 00:00:00+00:00,-0.00497512437810943,0.01183431952662728,0.003508785314727314,-0.016393442622950838,0.00588235294117645,0.008264462809917328,0.00877192982456143,0.0027026614627323475,0.030000019073486373,-0.009876563196192345,0.007042253521126751,0.0,-0.007853383012274673,0.0,0.007936507936507908,0.0,0.008695685345193604,0.0,0.0,0.0,0.011627839925551386
2026-02-11 00:00:00+00:00,-0.0024999999999999467,0.005847953216374213,0.0,-0.01666666666666672,0.011695906432748648,-0.008196721311475419,-0.008695652173912993,-0.002695376771803537,-0.029126231570822836,-0.017456357619551,-0.0174825174825175,0.0,0.0,0.0,0.0,-0.006622541651882585,-0.012931083385497644,0.0,0.0,0.01388888888888884,0.005747148486326958
2026-02-12 00:00:00+00:00,-0.003759398496240629,-0.005813953488372103,-0.013986000461365,-0.025423728813559365,-0.011560693641618491,-0.008264462809917328,0.0,0.0,-0.019999980926513672,-0.01015230499787978,0.007117437722419906,0.0,-0.04749348230312689,0.0,0.0,0.0,-0.013100403583316766,-0.017543926182263303,0.0,-0.004566210045662156,0.0
2026-02-13 00:00:00+00:00,-0.008805031446540879,0.005847953216374213,0.017730495974209504,-0.008695652173912993,-0.01754385964912286,0.0,0.00877192982456143,0.016216174976245723,0.004081628681073202,0.01282057748038623,-0.017667844522968212,0.007407435664424256,-0.008310228524679997,0.0,0.0,0.0066666920979818745,-0.02654868899744267,0.011904807858458266,0.0,0.0,0.0
2026-02-16 00:00:00+00:00,0.0,0.0,0.0034842672983557144,0.0,-0.005952380952380931,0.0,-0.017391304347826098,0.010638338885950116,0.0,0.02025312960214798,-0.003597122302158251,-0.014705938038939936,-0.004189880289895642,0.0,0.0,0.0,0.0,0.0,0.0,-0.00917431192660545,0.0
2026-02-17 00:00:00+00:00,0.0076142131979695105,-0.011627906976744207,-0.006944404891978451,-0.01754385964912286,0.0,0.0,0.0,0.00526317797209086,0.0,-0.004962789248919353,0.010830324909747224,0.014925430495003944,0.02664787959553294,0.0,0.03149606299212593,-0.006622541651882585,-0.022727272727272707,0.0,0.0,0.01388888888888884,0.0
2026-02-18 00:00:00+00:00,-0.0012594458438287548,0.0,0.0,0.0,0.017964071856287456,0.0,0.0,0.0,0.0,-0.01496254977675382,0.0,0.0073528988963604824,-0.016393401615722336,0.0,-0.007633587786259555,-0.04000002543131509,0.0,-0.005882375380572125,0.0,-0.013698630136986356,0.0114286150251115
2026-02-19 00:00:00+00:00,-0.011349306431273631,0.0,-0.006993033575937835,-0.013392857142857095,0.002941176470588225,0.002083333333333437,-0.008849557522123908,-0.015706865885732224,-0.004065036710645509,-0.01012660252553177,-0.0035714285714285587,-0.01459852642697701,-0.001388867696126339,0.0,-0.01538461538461533,-0.020833280903320373,-0.013953452886537043,0.005917182469050486,0.12499995343387194,0.004629629629629539,0.0
2026-02-20 00:00:00+00:00,0.017857142857142794,0.0,0.0,0.09502262443438925,0.008797653958944274,0.01455301455301461,0.0,-0.007978703437103274,0.012244886043219827,0.0,0.0035842293906809264,0.014814800686306473,0.012517406213892412,0.0,0.015625,0.021276541059871645,-0.007075543418900709,0.017647013944738,0.04444446946367875,-0.004608294930875556,0.0
2026-02-23 00:00:00+00:00,0.0025062656641603454,-0.00588235294117645,0.0,0.04132231404958686,0.005813953488372103,0.0,0.0,-0.013404826011449655,0.0,0.007672611658287254,-0.0035714285714285587,0.0,0.01648347387278326,0.0,0.0,0.0,0.0,-0.011560628000628848,0.0,0.0023148148148148806,-0.005649738822560368
2026-02-24 00:00:00+00:00,-0.007499999999999951,0.0,0.0,-0.019841269841269882,-0.005780346820809301,-0.008196721311475419,-0.008928571428571397,0.0,0.008064508376086854,-0.01015230499787978,-0.0035842293906810374,0.0,0.005405426025390625,0.0,-0.007692307692307665,-0.006944404891978451,0.007125963482925712,-0.011695950788175535,0.0,-0.002309468822170868,0.0
2026-02-25 00:00:00+00:00,0.012594458438287104,0.00591715976331364,0.007042280479784058,0.004048582995951344,0.011627906976744207,0.0,0.018018018018018056,0.010869606906841245,0.030000019073486373,-0.010256355001609374,0.003597122302158251,0.01459852642697701,0.016128990909022756,0.0,0.015503875968992276,-0.006993033575937835,-0.004716998956176499,0.035502981953434265,0.0,0.0092592592592593,0.017045410827172702
2026-02-26 00:00:00+00:00,0.004975124378109541,0.0,0.0,0.008064516129032251,-0.005747126436781658,-0.008264462809917328,-0.07964601769911506,-0.010752728969764092,0.0,-0.002590717379718055,-0.0035842293906810374,0.0,0.015873076744141734,0.0,0.0,0.0,-0.018957327549697922,0.0,0.0,0.0,0.0
2026-02-27 00:00:00+00:00,-0.012376237623762387,0.020588235294117574,0.0,-0.016000000000000014,-0.017341040462427793,-0.008333333333333304,-0.019230769230769273,-0.005434803453420622,0.019417456850636006,-0.012987000923330161,-0.010791366906474864,-0.01438847588157588,-0.013020832815931915,0.0,-0.01526717557251911,0.0,0.012077294240857794,0.0,-0.27659573523692815,0.016055045871559592,-0.016759734271166393
2026-03-02 00:00:00+00:00,0.0,0.0028818443804035088,-0.013986000461365,-0.008130081300813052,0.0,-0.008403361344537785,-0.019607843137254943,-0.012294999098439008,-0.028571446736653683,-0.023684219607356005,-0.0036363636363636598,-0.007299228407856018,-0.01319261160606,0.0,-0.011627906976744207,0.0,-0.004773287724486708,-0.008571406773158485,0.0,-0.006772009029345383,0.0
2026-03-03 00:00:00+00:00,-0.02506265664160401,-0.02298850574712641,-0.021276608696346178,0.016393442622950838,-0.02941176470588236,-0.01906779661016944,-0.03500000000000003,-0.015214468286096183,-0.01960782480441492,-0.037735846025293895,-0.021897810218978075,-0.022058836935300308,-0.021390455056646163,0.0,-0.0117647058823529,-0.02112677427918841,-0.04076740364116049,-0.03170035344763422,0.0,-0.018181818181818188,-0.005681839733083893
2026-03-04 00:00:00+00:00,0.005141388174807249,0.014705882352941124,0.028985479203023967,0.032258064516129004,0.0121212121212122,0.010799136069114423,0.010362694300518172,0.005617999199770685,0.050000000000000044,-0.005602252354383497,0.00746268656716409,0.02631574607338938,0.008196805034566879,0.0,0.007936507936507908,-0.007194203635955465,0.02499999999999991,0.04166671397194244,0.0,0.0185185185185186,0.02285712105887283
2026-03-05 00:00:00+00:00,0.005115089514066584,-0.0028985507246376274,-0.007042213319620072,0.015625,-0.005988023952095856,0.008547008547008517,0.00512820512820511,0.03351957509812453,0.0,0.0,-0.0037037037037036535,0.01098905321586674,0.01355013494103341,0.0,0.023622047244094446,0.007246335247339308,0.014634109124904704,0.0,0.0,0.0,0.005586613608986157
2026-03-06 00:00:00+00:00,0.0,0.0,0.010638270529935934,-0.007692307692307665,-0.0060240963855421326,-0.016949152542372836,0.0,-0.005405426025390625,-0.01904760088239399,-0.014084494035883521,0.0037174721189590088,0.0,-0.010695227528323081,0.0,0.007692307692307665,0.0,-0.01923075159625831,-0.04571424211774555,0.0,0.009090909090909038,0.0
2026-03-09 00:00:00+00:00,0.0,-0.01744186046511631,-0.003508785314727203,-0.03875968992248058,-0.018181818181818188,-0.008620689655172376,-0.005102040816326481,-0.010869503246587309,-0.025242740200695613,0.02571429568894068,-0.007407407407407418,0.0,-0.005405426025390625,0.0,-0.01526717557251911,0.0,-0.01960782480441492,-0.02994011839266486,-0.029411736347271344,-0.027027027027026973,0.0
2026-03-10 00:00:00+00:00,0.01526717557251911,0.01183431952662728,0.0,0.048387096774193505,0.006172839506172867,0.0,0.0,0.010988947648731706,0.0258964372380186,0.11699163235456367,0.033582089552238736,0.014492739601511984,0.0,0.0,-0.015503875968992276,-0.01438847588157588,0.02499999999999991,0.02469133331433837,0.0,0.0,0.0
2026-03-11 00:00:00+00:00,0.012531328320801949,-0.005847953216374324,0.0,0.0038461538461538325,0.006134969325153339,-0.004347826086956497,0.00512820512820511,-0.002717349896583343,-0.00970877472018683,-0.01496254977675382,0.025270758122743597,-0.014285700661795464,0.0027174535568372793,0.0,-0.023622047244094446,0.0,-0.014634109124904704,-0.006024119227211244,0.0,0.0023148148148148806,0.0
2026-03-12 00:00:00+00:00,-0.05940594059405946,-0.00588235294117645,0.0,-0.003831417624521105,-0.015243902439024404,-0.004366812227074246,0.0,-0.008174365962506869,-0.009803865653465582,-0.01265829088137238,0.0,0.0,0.005419971272953017,0.0,0.0,-0.02189782444609789,-0.00990102749433508,-0.006060629179983401,0.0,-0.020785219399538146,0.18888886769612623
2026-03-13 00:00:00+00:00,-0.0026315789473684292,-0.017751479289940808,-0.007042213319620072,0.0,0.003095975232198178,0.0,-0.015306122448979553,0.0054944214246803735,0.0049504193239715555,-0.012820501064172207,0.010563380281690238,0.0,0.002695479593836536,0.0,0.0,-0.00746264407777486,-0.0100000381469727,0.01829275313337253,0.0,-0.009433962264150941,0.028037401503044235
2026-03-16 00:00:00+00:00,-0.0079155672823219,-0.0060240963855421326,-0.00709222544427357,0.0,-0.012345679012345734,-0.00877192982456143,-0.005181347150259086,-0.016393401615722336,0.0,-0.0597402661742239,-0.013937282229965153,-0.0036232021770864486,-0.010752728969764092,0.0,0.0,-0.011278238349882397,0.0,0.0,0.0,0.00952380952380949,-0.03636360168457031
2026-03-17 00:00:00+00:00,0.0,0.0121212121212122,-0.00714288439069477,-0.0019230769230769162,-0.0031250000000000444,-0.0022123893805309214,0.0,0.008333312140570648,0.014778382053408423,-0.005524790922706302,-0.0035335689045936647,-0.003636377507990063,-0.009510828298295637,0.0,0.0,-0.0038022234609110805,-0.020202001714301865,-0.023952186084122085,0.0,0.0,0.0
2026-03-18 00:00:00+00:00,-0.015957446808510634,-0.0119760479041916,-0.007194203635955465,-0.044315992292870865,-0.021943573667711602,-0.006651884700665134,-0.015625,-0.019283767979388466,0.0,0.0,-0.010638297872340385,-0.02189782444609789,-0.017832688951265996,0.0,-0.032258064516129004,-0.015267233367592836,-0.02577319638307707,0.006134993015359136,0.0,-0.028301886792452824,0.0
2026-03-19 00:00:00+00:00,-0.008108108108108136,-0.018181818181818188,0.0,-0.016129032258064502,0.0,-0.011160714285714302,-0.015873015873015928,-0.008426945222445026,-0.029126231570822836,-0.005555566593452244,-0.010752688172043001,-0.029850718650553665,-0.03351957509812453,0.0,-0.008333333333333304,-0.031007723283626443,-0.021164001407603106,-0.021341487171393725,0.0,-0.01941747572815533,-0.018867995824705996
2026-03-20 00:00:00+00:00,-0.02997275204359673,-0.01851851851851849,-0.014492739601511984,-0.05737704918032782,0.0,0.0022573363431150906,-0.048387096774193505,-0.014164306255141867,0.0,0.013966466727497906,-0.061594202898550776,0.0,0.005780369125999885,0.0,-0.04201680672268904,-0.008000030517578138,-0.021621601001636348,-0.0031152174104217556,0.0,-0.01980198019801982,0.00961542164785767
2026-03-23 00:00:00+00:00,0.008426966292134797,-0.0062893081761006275,0.014705867915830284,0.05217391304347818,0.0,0.018018018018018056,0.005649717514124353,-0.02298848432756806,0.0,0.0,0.01158301158301156,0.0,0.0028736290520334773,0.0,0.00877192982456143,0.00806454714081517,0.0,0.01250004768371582,0.0,-0.005050505050505083,0.009523845854259694
2026-03-24 00:00:00+00:00,-0.01671309192200554,-0.01898734177215189,0.0,-0.024793388429752095,0.0064102564102563875,0.008849557522123908,0.0,0.0,-0.0319999694824219,-0.0358127031617308,0.007633587786259444,-0.015384600712702867,-0.01432664693808805,0.0,0.0,0.0,-0.022099425972376352,-0.006172862762975684,0.0,-0.02030456852791873,0.009433907943081188
2026-03-25 00:00:00+00:00,0.016997167138810276,0.0,0.014492739601511984,0.05084745762711873,0.01273885350318471,0.00877192982456143,0.0,0.01176475076114425,0.0,0.04571429398595095,0.018939393939394034,0.007812455180101763,0.005813864516596823,0.0,-0.008695652173912993,0.024000015258789142,0.011299369885315658,0.006211203670828613,0.0,0.010362694300518172,0.0
2026-03-26 00:00:00+00:00,-0.011142061281337101,0.0,0.0,-0.0020161290322581182,0.0,-0.008695652173912993,-0.028089887640449396,0.005813864516596823,0.0,-0.01639339456760658,-0.0074349442379182396,-0.007751893856784764,0.0,0.0,0.0,-0.003906264842953311,-0.0013966267632985474,-0.012345725525951368,0.0,0.01025641025641022,0.0
2026-03-27 00:00:00+00:00,-0.008450704225352101,-0.01935483870967747,-0.00714288439069477,-0.022222222222222254,0.0,0.0,0.01734104046242768,-0.005780258874628963,0.0,-0.013888957875743513,0.0037453183520599342,-0.03125004423782163,-0.005780258874628963,0.0,0.0,-0.003921583587048083,0.0,0.00625002384185791,0.0,-0.005076142131979711,0.0
2026-03-30 00:00:00+01:00,-0.008522727272727293,0.013157894736842035,-0.007194203635955465,-0.008264462809917328,-0.0062893081761006275,0.00877192982456143,0.0,0.005813864516596823,0.0,-0.014084494035883521,-0.007462686567164201,0.0,-0.008721018559610272,0.0,-0.03508771929824561,0.0,0.0013985800576377105,0.0,0.0,0.0,-0.009345741082053105
2026-03-31 00:00:00+01:00,0.011461318051575908,0.0,0.014492739601511984,0.01041666666666674,0.012658227848101333,0.0,-0.005681818181818232,-0.011560628000628848,0.0,0.0,0.015037593984962516,0.0,-0.0029325067036874986,0.0,0.009090909090909038,0.00787404590327423,0.0,0.012422288872800724,0.0,0.0025510204081633514,0.0
2026-04-01 00:00:00+01:00,0.008498583569405138,0.0,0.007142884390694659,0.05567010309278353,0.018750000000000044,0.017391304347825987,-0.011428571428571455,0.002923931926617218,0.0041322273338813,0.057142888769811995,0.0037037037037037646,0.0,0.002941131591796875,0.0,0.027027027027026973,0.0,0.011173227217972093,0.012269986030718272,0.0,0.0025445292620864812,0.0
2026-04-02 00:00:00+01:00,0.0,0.0,0.0,0.0,0.0,0.0,0.0,0.0,0.0,0.0,0.0,0.0,0.0,0.0,0.0,0.0,0.0,0.0,0.0,0.0,0.0
2026-04-07 00:00:00+01:00,-0.008426966292134797,-0.0032467532467532756,-0.00709222544427357,0.0078125,-0.0030674846625766694,-0.017094017094017144,0.01734104046242768,0.0,-0.004115222299809096,-0.01351350045186761,-0.011070110701106972,-0.008064470231593623,-0.0029325067036874986,0.0,-0.010964912280701733,0.0,0.005524882837687928,-0.024242401123046875,0.0,0.0050761421319796,0.0
2026-04-08 00:00:00+01:00,0.025495750708215192,0.0032573289902280145,0.021428585052490234,0.03875968992248069,0.024615384615384706,0.017391304347825987,0.005681818181818121,0.008746333636544312,-0.024793462523359122,0.08904109029793172,0.02238805970149249,0.008130034654042939,0.0,0.0,0.019955654101995624,0.023437514551915006,0.021978000096834593,0.018633492543629337,0.0,0.005050505050504972,0.0
2026-04-09 00:00:00+01:00,-0.002762430939226568,0.0,0.0,0.0,0.0,0.017094017094017033,-0.011299435028248594,-0.0028901294373144815,0.0,-0.04150942349414122,-0.008759101811986802,0.0,0.002941131591796875,0.0,0.0,-0.022900777251825155,-0.010752728969764092,-0.012195052453833122,0.0,0.005025125628140614,0.0
2026-04-10 00:00:00+01:00,0.008310249307479145,0.0,0.020979034037302835,0.014925373134328401,0.006006006006006093,0.008403361344537785,0.017142857142857126,0.002898506496263664,0.0,0.023621977029684826,0.013254808625238201,0.00806454714081517,0.0014663652198037003,0.0,0.0,0.03906249941792339,0.016304410360261867,0.012345607788387003,0.0,-0.010000000000000009,0.0
2026-04-13 00:00:00+01:00,-0.006868131868131844,0.0,0.00684927569743965,-0.014705882352941124,-0.005970149253731294,0.008333333333333304,0.0,0.0,-0.016949137131806236,-0.00512813929269762,0.008720907667252753,0.0,0.0014641064370863877,0.0,0.004347826086956497,-0.0075188255665883386,-0.005347613764161596,-0.006097584377790843,0.0,0.0,0.0
2026-04-14 00:00:00+01:00,0.009681881051175623,0.0,0.013605429378242606,0.0,0.018018018018018056,0.024793388429751984,0.0393258426966292,0.008670608814685288,0.017241363363798445,0.030927820006267703,0.007204610792602928,0.008000030517578027,0.014619882714792753,0.0,0.01298701298701288,0.015151500920837613,0.021505355393904857,-0.006134876000100209,0.0,-0.005050505050505083,0.018867905855434186
2026-04-15 00:00:00+01:00,0.0,0.006493506493506551,0.0,0.02238805970149249,0.008849557522123908,-0.016129032258064502,0.0,0.002865285666160844,-0.055084695678370044,0.012499987892806708,0.002861186607673316,0.007936462283165913,0.002881800343586649,0.0,0.0,-0.014925359325276832,0.01052635594418172,0.018518470551362576,0.0,0.010152284263959421,0.027777794947839718
2026-04-16 00:00:00+01:00,0.027397260273972712,-0.005161310011340681,0.0,-0.029197080291970767,-0.0029239766081871066,0.008196721311475308,-0.01621621621621616,-0.0028570992606026246,0.00896860123562826,-0.003703729595067373,0.014265335545894153,-0.007873970810807207,-0.1120689570124167,0.0,-0.008547008547008517,-0.007575714336391148,-0.002604226167828738,0.0,0.0,0.0,0.0
2026-04-17 00:00:00+01:00,0.008000000000000007,0.0,-0.03355704783899316,0.007518796992481258,0.008797653958944274,0.008130081300812941,0.01098901098901095,0.01432664693808805,0.0,0.1375464733437608,0.018284150206149263,0.023809462537933257,-0.009708713293337445,0.0,-0.008620689655172376,0.0,0.013054830547259755,0.0,0.0,-0.005025125628140725,-0.018018086132081
2026-04-20 00:00:00+01:00,0.002645502645502562,-0.007782081530422924,-0.006944404891978451,-0.014925373134328401,0.01744186046511631,0.016129032258064502,-0.010869565217391353,-0.011299477645120626,-0.013333320617675781,-0.0348583941651337,-0.0027624941080316434,0.007751967785028402,-0.009803958845400862,0.0,0.0,-0.015267233367592836,-0.010309219563065741,-0.012121258359966802,0.0,-0.005050505050505083,0.0
2026-04-21 00:00:00+01:00,0.0026385224274405594,0.0,0.013986000461365,-0.007575757575757569,-0.011428571428571455,-0.007936507936507908,0.01098901098901095,0.0,0.0,0.01580135318692788,0.011080375146432564,0.015384600712702756,0.006600685411728646,0.0,0.008695652173912993,0.003875983892514201,0.010416606648103066,0.0,0.0,0.0050761421319796,0.0
2026-04-22 00:00:00+01:00,-0.007894736842105288,0.0,0.0,-0.022900763358778664,-0.018786127167630062,-0.008000000000000007,-0.010869565217391353,-0.00571430751255575,0.0,-0.02222220161814692,-0.0041096308459974695,0.0,0.001639319247886739,0.0,0.0,0.0,-0.005154658940003776,0.003067555015309198,0.0,0.010101010101010166,0.0
2026-04-24 00:00:00+01:00,-0.0053050397877983935,0.0,0.0,0.0,0.010309278350515427,0.008064516129032251,0.0,-0.002873519434293592,0.0,-0.04999996613372437,0.002751094718464797,0.0,0.008183306260012069,0.0,-0.004310344827586188,0.0038610186464320684,0.002590732973354992,-0.009174288381074036,0.0,-0.010000000000000009,0.0
