Date,ALVO.IC,AMRQ.IC,ARION.IC,BRIM.IC,EIK.IC,EIM.IC,FESTI.IC,HAGA.IC,HAMP.IC,HEIMAR.IC,ICEAIR.IC,ICESEA.IC,ISB.IC,ISF.IC,ISLAX.IC,JBTM.IC,KALD.IC,KLAPP.IC,KLDVK.IC,KVIKA.IC,NOVA.IC,OCS.IC,OLGERD.IC,REITIR.IC,SIMINN.IC,SJOVA.IC,SKAGI.IC,SKEL.IC,SOLID.IC,SVN.IC,SYN.IC
2021-02-25,,,88.58341979980469,52.468994140625,8.4933443069458,249.8731231689453,165.04388427734375,55.01097106933594,89.06301879882812,20.72126579284668,1.4600000381469727,14.899999618530273,,,,,12.600000381469727,,,14.193559646606445,,,,63.62334442138672,0.20655490458011627,30.07618522644043,,8.12506103515625,,,42.849998474121094
2021-02-26,,,90.82604217529297,52.468994140625,8.424433708190918,249.03182983398438,163.17898559570312,54.3470458984375,89.06301879882812,20.914024353027344,1.465000033378601,14.850000381469727,,,,,12.600000381469727,,,14.080912590026855,,,,61.92671585083008,0.20550638437271118,30.031492233276367,,8.148035049438477,,,43.0
2021-03-01,,,93.44242095947266,51.32421875,8.510573387145996,246.50784301757812,162.71275329589844,53.96766662597656,89.06301879882812,20.383943557739258,1.465000033378601,14.800000190734863,,,,,12.600000381469727,,,14.043364524841309,,,,62.02097702026367,0.20487730205059052,29.80804443359375,,8.071455001831055,,,42.599998474121094
2021-03-02,,,91.76046752929688,51.22882080078125,8.346907615661621,241.0392608642578,160.8478546142578,53.493431091308594,89.06301879882812,20.239376068115234,1.4299999475479126,14.819999694824219,,,,,12.600000381469727,,,14.043364524841309,,,,60.13583755493164,0.20529668033123016,29.49521827697754,,8.040823936462402,,,42.849998474121094
2021-03-03,,,90.07849884033203,51.5150146484375,8.355521202087402,245.6665496826172,159.4491729736328,52.829505920410156,82.28648376464844,20.624887466430664,1.3450000286102295,14.710000038146973,,,,,12.600000381469727,,,14.080912590026855,,,,60.98414993286133,0.20487730205059052,29.137699127197266,,7.925955295562744,,,42.75
2021-03-04,,,90.4522705078125,51.22882080078125,8.38997745513916,246.50784301757812,158.9829559326172,53.68312072753906,82.28648376464844,21.2513427734375,1.3799999952316284,14.720000267028809,,,,,12.600000381469727,,,14.268657684326172,,,,61.4554328918457,0.21116827428340912,28.86956024169922,,7.925955295562744,,,42.849998474121094
2021-03-05,,,89.3309555053711,51.22882080078125,8.295225143432617,246.50784301757812,158.0504913330078,53.01919937133789,82.28648376464844,21.0585880279541,1.4199999570846558,14.779999732971191,,,,,12.600000381469727,,,14.249883651733398,,,,61.17266845703125,0.20865188539028168,28.601423263549805,,8.06685733795166,,,42.849998474121094
2021-03-08,,,88.58341979980469,50.561031341552734,8.38997745513916,246.50784301757812,157.58425903320312,53.20888900756836,82.28648376464844,20.986305236816406,1.440000057220459,14.850000381469727,,,,,12.600000381469727,,,14.118461608886719,,,,60.51286697387695,0.2076033502817154,28.154525756835938,,8.027887344360352,,,42.5
2021-03-09,,,89.3309555053711,50.84722900390625,8.441661834716797,245.6665496826172,159.91539001464844,53.96766662597656,82.28648376464844,21.395912170410156,1.4249999523162842,15.050000190734863,,,,,12.600000381469727,,,14.118461608886719,,,,61.26691818237305,0.21074889600276947,28.06514549255371,,8.027887344360352,,,42.5
2021-03-10,,,89.14408111572266,51.22882080078125,8.372750282287598,242.30125427246094,159.91539001464844,54.252201080322266,82.28648376464844,21.54047966003418,1.3799999952316284,15.399999618530273,,,,,12.600000381469727,,,14.268657684326172,,,,61.5496940612793,0.21074889600276947,28.154525756835938,,7.969430923461914,,,42.150001525878906
2021-03-11,,,88.20965576171875,51.41961669921875,8.441661834716797,235.5706787109375,158.9829559326172,54.5367431640625,82.28648376464844,21.974178314208984,1.3700000047683716,15.449999809265137,,,,,12.600000381469727,,,14.343756675720215,,,,62.02097702026367,0.2109586000442505,28.46735382080078,,7.969430923461914,,,41.79999923706055
2021-03-12,,,87.46211242675781,51.41961669921875,8.441661834716797,234.7293243408203,158.2836151123047,53.77796936035156,90.9991683959961,21.974178314208984,1.3799999952316284,15.550000190734863,,,,,12.600000381469727,,,14.343756675720215,,,,61.17266845703125,0.20925000309944153,28.377975463867188,,7.949946403503418,,,41.400001525878906
2021-03-15,,,86.7145767211914,51.61041259765625,8.346907615661621,233.88800048828125,157.58425903320312,53.35116195678711,90.9991683959961,21.829612731933594,1.3350000381469727,15.25,,,,,12.600000381469727,,,14.118461608886719,,,,59.38179016113281,0.20692968368530273,26.232868194580078,,7.949946403503418,,,41.29999923706055
2021-03-16,,,88.58341979980469,51.80120849609375,8.38997745513916,239.77723693847656,160.14849853515625,53.30373764038086,90.9991683959961,22.16693687438965,1.4149999618530273,15.399999618530273,,,,,12.600000381469727,,,14.193559646606445,,,,60.418609619140625,0.20756249129772186,26.098798751831055,,8.027887344360352,,,41.29999923706055
2021-03-17,,,89.90352630615234,51.038021087646484,8.407206535339355,238.0946502685547,162.24652099609375,54.0625114440918,95.83954620361328,22.16693687438965,1.5,15.399999618530273,,,,,12.600000381469727,,,14.569050788879395,,,,60.79563903808594,0.2111484408378601,26.054109573364258,,8.027887344360352,,,41.5
2021-03-18,,,91.80021667480469,50.27484130859375,8.407206535339355,245.6665496826172,165.5100860595703,54.631587982177734,95.83954620361328,21.92599105834961,1.4600000381469727,15.399999618530273,,,,,12.399999618530273,,,14.681696891784668,,,,60.60712814331055,0.20967185497283936,26.18817710876465,,7.988915920257568,,,41.29999923706055
2021-03-19,,,91.42088317871094,50.84722900390625,8.510573387145996,246.50784301757812,166.4425506591797,54.82128143310547,95.83954620361328,21.92599105834961,1.440000057220459,15.25,,,,,12.399999618530273,,,14.90699291229248,,,,60.2065315246582,0.21083201467990875,26.121143341064453,,8.027887344360352,,,41.29999923706055
2021-03-22,,,88.7655029296875,50.179439544677734,8.407206535339355,243.98388671875,166.4425506591797,54.10993194580078,96.80762481689453,21.54047966003418,1.399999976158142,15.149999618530273,,,,,12.399999618530273,,,14.681696891784668,,,,58.43921661376953,0.20988279581069946,26.054109573364258,,7.833035469055176,,,41.349998474121094
2021-03-23,,,88.7655029296875,49.034664154052734,8.286609649658203,238.93597412109375,169.7619171142578,54.726436614990234,96.80762481689453,21.347721099853516,1.3899999856948853,14.899999618530273,,,,,12.399999618530273,,,14.644148826599121,,,,57.87367630004883,0.20988279581069946,25.74127960205078,,7.794064521789551,,,41.0
2021-03-24,,,86.48946380615234,48.46227264404297,8.097103118896484,236.41197204589844,170.7103271484375,55.29551315307617,96.80762481689453,20.817646026611328,1.2999999523162842,14.930000305175781,,,,,12.399999618530273,,,14.418854713439941,,,,55.800025939941406,0.2081952840089798,25.74127960205078,,7.794064521789551,,,41.0
2021-03-25,,,86.48946380615234,48.74846649169922,8.166014671325684,232.20535278320312,174.02969360351562,55.485206604003906,96.80762481689453,21.49228858947754,1.375,14.90999984741211,,,,,12.399999618530273,,,14.493951797485352,,,,57.11962127685547,0.21051561832427979,25.78597068786621,,7.910975456237793,,,41.0
2021-03-26,,,88.00682067871094,47.88988494873047,8.329679489135742,234.3021697998047,176.40066528320312,55.95943832397461,96.80762481689453,21.92599105834961,1.3450000286102295,15.0,,,,,12.399999618530273,,,14.831893920898438,,,,58.06218719482422,0.2130468636751175,26.098798751831055,,7.910975456237793,,,41.900001525878906
2021-03-29,,,91.80021667480469,47.88988494873047,8.183243751525879,235.15110778808594,172.6071014404297,54.631587982177734,96.80762481689453,21.588666915893555,1.3700000047683716,15.074999809265137,,,,,12.399999618530273,,,14.644148826599121,,,,56.55408477783203,0.2130468636751175,26.18817710876465,,7.833035469055176,,,42.0
2021-03-30,,,91.04154205322266,47.26979446411133,8.088489532470703,235.15110778808594,174.50389099121094,54.631587982177734,96.80762481689453,21.588666915893555,1.409999966621399,15.074999809265137,,,,,12.399999618530273,,,14.79434585571289,,,,55.70576858520508,0.2130468636751175,26.18817710876465,,7.833035469055176,,,42.650001525878906
2021-03-31,,,93.6969223022461,48.080684661865234,8.11863899230957,230.90650939941406,175.9264678955078,55.39036178588867,96.80762481689453,21.588666915893555,1.399999976158142,15.100000381469727,,,,,12.399999618530273,,,15.6204252243042,,,,56.08279800415039,0.21336326003074646,26.277557373046875,,7.872005462646484,,,42.67499923706055
2021-04-01,,,93.6969223022461,48.080684661865234,8.11863899230957,230.90650939941406,175.9264678955078,55.39036178588867,96.80762481689453,21.588666915893555,1.399999976158142,15.100000381469727,,,,,12.399999618530273,,,15.6204252243042,,,,56.08279800415039,0.21336326003074646,26.277557373046875,,7.872005462646484,,,42.67499923706055
2021-04-06,,,95.21427917480469,47.6990852355957,8.209084510803223,233.45327758789062,181.61680603027344,55.864593505859375,96.80762481689453,21.29953384399414,1.4600000381469727,15.25,,,,,12.100000381469727,,,15.808171272277832,,,,56.4598274230957,0.2146289050579071,26.59038543701172,,7.949946403503418,,,43.900001525878906
2021-04-07,,,95.59362030029297,47.818336486816406,8.312451362609863,235.15110778808594,183.5135955810547,56.243980407714844,96.80762481689453,21.733234405517578,1.4700000286102295,15.399999618530273,,,,,12.100000381469727,,,16.033466339111328,,,,57.49665069580078,0.21599997580051422,27.126663208007812,,8.222737312316895,,,43.5
2021-04-08,,,94.83494567871094,48.46227264404297,8.33398723602295,235.15110778808594,184.22488403320312,56.054283142089844,96.80762481689453,22.11874771118164,1.4199999570846558,15.75,,,,,12.399999618530273,,,15.920818328857422,,,,58.15644836425781,0.21452341973781586,28.10983657836914,,8.144798278808594,,,43.650001525878906
2021-04-09,,,94.83494567871094,48.46227264404297,8.527800559997559,238.54678344726562,181.14260864257812,55.485206604003906,96.80762481689453,22.407880783081055,1.399999976158142,15.850000381469727,,,,,12.399999618530273,,,15.958367347717285,,,,59.5703010559082,0.2130468636751175,28.333284378051758,,8.06685733795166,,,43.25
2021-04-12,,,95.21427917480469,48.93926239013672,8.613940238952637,238.54678344726562,180.6684112548828,55.95943832397461,96.80762481689453,23.323471069335938,1.375,16.0,,,,,12.100000381469727,,,15.883269309997559,,,,62.58652114868164,0.2178984135389328,28.623769760131836,,8.06685733795166,,,42.849998474121094
2021-04-13,,,94.83494567871094,49.13005828857422,8.570870399475098,245.7626190185547,181.14260864257812,55.39036178588867,97.77570343017578,23.612606048583984,1.4299999475479126,16.149999618530273,,,,,12.100000381469727,,,16.221210479736328,,,,64.09461975097656,0.2183203250169754,29.04831886291504,,8.183767318725586,,,42.349998474121094
2021-04-14,,,93.31757354736328,49.988643646240234,8.613940238952637,247.0360107421875,182.09100341796875,55.01097106933594,98.7437744140625,24.046306610107422,1.399999976158142,16.350000381469727,,,,,12.100000381469727,,,16.18366241455078,,,,66.4510498046875,0.21895311772823334,29.361146926879883,,8.183767318725586,,,42.650001525878906
2021-04-15,,,94.45559692382812,51.5150146484375,8.570870399475098,248.7338409423828,182.32810974121094,54.91613006591797,98.7437744140625,24.5281982421875,1.3899999856948853,16.200000762939453,,,,,12.100000381469727,,,15.883269309997559,,,,65.50847625732422,0.22127342224121094,29.316457748413086,,8.183767318725586,,,42.79999923706055
2021-04-16,,,94.07626342773438,51.8966064453125,8.613940238952637,248.7338409423828,183.0393829345703,55.39036178588867,98.7437744140625,24.09449577331543,1.4500000476837158,16.200000762939453,,,,,12.100000381469727,,,16.1461124420166,,,,64.66016387939453,0.22127342224121094,29.227079391479492,,8.183767318725586,,,42.79999923706055
2021-04-19,,,95.59362030029297,51.80120849609375,8.48903751373291,247.0360107421875,183.5135955810547,55.485206604003906,98.7437744140625,24.142684936523438,1.4249999523162842,16.049999237060547,,,,,12.100000381469727,,,16.1461124420166,,,,63.62334442138672,0.2202187180519104,29.04831886291504,,8.144798278808594,,,43.0
2021-04-20,,,95.21427917480469,51.80120849609375,8.441661834716797,257.6475524902344,181.61680603027344,55.674903869628906,98.7437744140625,24.046306610107422,1.399999976158142,16.049999237060547,,,,,12.100000381469727,,,16.315082550048828,,,,63.9061164855957,0.21895311772823334,29.450529098510742,,8.144798278808594,,,43.099998474121094
2021-04-21,,,96.73163604736328,51.5150146484375,8.700080871582031,259.76983642578125,182.09100341796875,56.054283142089844,96.80762481689453,24.86551856994629,1.5750000476837158,16.049999237060547,,,,,12.100000381469727,,,16.7093505859375,,,,66.16827392578125,0.22127342224121094,29.450529098510742,,8.144798278808594,,,43.25
2021-04-23,,,98.62833404541016,51.99200439453125,8.751762390136719,264.0144348144531,184.93617248535156,56.52851486206055,99.71185302734375,24.961896896362305,1.5700000524520874,16.200000762939453,,,,,12.100000381469727,,,17.084840774536133,,,,66.92232513427734,0.22359374165534973,29.5845947265625,,8.144798278808594,,,43.04999923706055
2021-04-26,,,98.62833404541016,51.5150146484375,9.148003578186035,264.0144348144531,190.15232849121094,57.382137298583984,99.71185302734375,25.63654327392578,1.6299999952316284,16.25,,,,,12.100000381469727,,,17.460330963134766,,,,69.65577697753906,0.22401559352874756,29.763355255126953,,8.144798278808594,,,42.95000076293945
2021-04-27,,,98.24899291992188,51.133419036865234,9.29710865020752,273.3525390625,189.67811584472656,56.90790557861328,99.71185302734375,25.781110763549805,1.6299999952316284,16.149999618530273,,,,,12.100000381469727,,,17.009742736816406,,,,70.6926040649414,0.22422654926776886,29.897424697875977,,8.26170825958252,,,43.099998474121094
2021-04-28,,,97.67998504638672,51.5150146484375,9.209400177001953,272.5036315917969,189.44102478027344,56.90790557861328,95.83954620361328,25.63654327392578,1.6699999570846558,16.299999237060547,,,,,12.100000381469727,,,16.934642791748047,,,,71.06962585449219,0.22211717069149017,29.49521827697754,,8.152591705322266,,,43.75
2021-04-29,,,98.62833404541016,51.32421875,9.077836990356445,270.3813171386719,187.78134155273438,56.38624954223633,95.83954620361328,25.05827522277832,1.625,16.200000762939453,,,,,12.100000381469727,,,16.8970947265625,,,,70.3155746459961,0.22095704078674316,29.5845947265625,,8.183767318725586,,,44.0
2021-04-30,,,97.8696517944336,50.7518310546875,8.928732872009277,268.0467834472656,185.8845672607422,55.674903869628906,102.6160888671875,24.769140243530273,1.6200000047683716,16.25,,,,,12.100000381469727,,,16.82199478149414,,,,69.75003051757812,0.21937496960163116,29.49521827697754,,8.105827331542969,,,44.150001525878906
2021-05-03,,,95.97296142578125,51.32421875,8.928732872009277,268.6835021972656,185.8845672607422,55.01097106933594,102.6160888671875,24.769140243530273,1.649999976158142,16.299999237060547,,,,,12.100000381469727,,,16.46527862548828,,,,69.23162078857422,0.21515625715255737,29.316457748413086,,8.105827331542969,,,44.150001525878906
2021-05-04,,,94.83494567871094,50.561031341552734,8.665607452392578,264.8633117675781,182.565185546875,54.252201080322266,101.64801025390625,24.239063262939453,1.6299999952316284,16.100000381469727,,,,,12.100000381469727,,,16.1461124420166,,,,67.67638397216797,0.21199217438697815,28.780183792114258,,8.105827331542969,,,44.150001525878906
2021-05-05,,,95.97296142578125,50.084041595458984,8.735773086547852,264.8633117675781,183.0393829345703,54.15735626220703,101.64801025390625,24.09449577331543,1.649999976158142,16.200000762939453,,,,,12.100000381469727,,,15.995916366577148,,,,67.11084747314453,0.21410155296325684,28.6461124420166,,8.105827331542969,,,44.79999923706055
2021-05-06,,,97.30065155029297,49.60704803466797,8.779627799987793,262.3165588378906,183.98779296875,55.01097106933594,101.64801025390625,24.33544158935547,1.6299999952316284,16.299999237060547,,,,,12.100000381469727,,,16.221210479736328,,,,67.77064514160156,0.21515625715255737,28.690799713134766,,8.105827331542969,,,45.150001525878906
2021-05-07,,,97.11097717285156,50.084041595458984,8.8497953414917,257.2230529785156,183.7506866455078,56.338829040527344,101.64801025390625,24.720951080322266,1.6399999856948853,16.350000381469727,,,,,12.100000381469727,,,16.333858489990234,,,,67.67638397216797,0.21346871554851532,29.09300994873047,,7.949946403503418,,,45.099998474121094
2021-05-10,,,95.97296142578125,49.70244598388672,8.858567237854004,254.67630004882812,183.5135955810547,56.90790557861328,101.64801025390625,24.913707733154297,1.6399999856948853,16.299999237060547,,,,,12.100000381469727,,,16.333858489990234,,,,67.86489868164062,0.21199217438697815,28.86956024169922,,7.949946403503418,,,44.95000076293945
2021-05-11,,,95.59362030029297,49.416255950927734,8.683148384094238,248.30938720703125,180.6684112548828,56.243980407714844,101.64801025390625,24.5281982421875,1.6200000047683716,16.0,,,,,11.800000190734863,,,16.221210479736328,,,,66.92232513427734,0.2079843431711197,28.601423263549805,,7.794064521789551,,,45.04999923706055
2021-05-12,,,95.97296142578125,50.084041595458984,8.683148384094238,247.8849334716797,182.565185546875,56.62336349487305,101.64801025390625,24.5281982421875,1.6699999570846558,16.100000381469727,,,,,11.800000190734863,,,16.18366241455078,,,,65.60273742675781,0.2081952840089798,28.690799713134766,,7.794064521789551,,,45.04999923706055
2021-05-14,,,95.21427917480469,52.468994140625,8.683148384094238,252.9784698486328,183.5135955810547,56.054283142089844,96.80762481689453,24.576385498046875,1.649999976158142,16.399999618530273,,,,,11.800000190734863,,,16.37140655517578,,,,65.79124450683594,0.2107265442609787,29.227079391479492,,7.794064521789551,,,47.45000076293945
2021-05-17,,,95.97296142578125,52.659793853759766,8.744544982910156,251.28062438964844,183.0393829345703,56.57594299316406,96.80762481689453,24.576385498046875,1.6399999856948853,16.399999618530273,,,,,12.300000190734863,,,16.221210479736328,,,,65.41422271728516,0.2107265442609787,29.450529098510742,,7.988915920257568,,,47.0
2021-05-18,,,96.73163604736328,53.804569244384766,8.770857810974121,250.8561248779297,182.09100341796875,56.243980407714844,96.80762481689453,23.998117446899414,1.6100000143051147,16.950000762939453,,,,,12.300000190734863,,,16.296310424804688,,,,65.22570037841797,0.20735155045986176,29.338804244995117,,7.988915920257568,,,45.20000076293945
2021-05-19,,,97.11097717285156,53.61377716064453,8.72700309753418,250.00721740722656,184.46197509765625,57.19244384765625,96.80762481689453,23.998117446899414,1.6100000143051147,17.25,,,,,12.300000190734863,,,16.296310424804688,,,,65.3199691772461,0.20946092903614044,29.137699127197266,,7.988915920257568,,,44.5
2021-05-20,,,97.49031829833984,56.0941276550293,8.683148384094238,252.12950134277344,185.41036987304688,58.425445556640625,96.80762481689453,24.190874099731445,1.6100000143051147,17.600000381469727,,,,,12.300000190734863,,,16.315082550048828,,,,65.97976684570312,0.2107265442609787,29.227079391479492,,7.988915920257568,,,44.45000076293945
2021-05-21,,,99.38701629638672,57.52509689331055,8.770857810974121,253.827392578125,189.2039337158203,58.615142822265625,101.16397094726562,24.624574661254883,1.6200000047683716,17.700000762939453,,,,,12.300000190734863,,,16.446504592895508,,,,67.29935455322266,0.2109374850988388,29.361146926879883,,7.988915920257568,,,45.20000076293945
2021-05-25,,,103.18041229248047,57.90669631958008,8.990129470825195,252.55398559570312,192.04910278320312,58.804832458496094,101.4059829711914,25.82929801940918,1.659999966621399,18.0,,,,,12.300000190734863,,,16.746896743774414,,,,68.4304428100586,0.22106248140335083,29.852737426757812,,7.988915920257568,,,45.29999923706055
2021-05-26,,,102.80107116699219,57.52509689331055,8.919961929321289,254.67630004882812,189.67811584472656,58.235755920410156,101.4059829711914,25.63654327392578,1.649999976158142,17.899999618530273,,,,,12.300000190734863,,,17.047290802001953,,,,67.86489868164062,0.21874216198921204,29.986804962158203,,7.9421515464782715,,,45.599998474121094
2021-05-27,,,102.04239654541016,56.47572326660156,8.832252502441406,252.9784698486328,189.2039337158203,57.76152420043945,101.4059829711914,25.588354110717773,1.600000023841858,17.75,,,,,12.300000190734863,,,16.972192764282227,,,,67.29935455322266,0.21874216198921204,29.852737426757812,,8.027887344360352,,63.21358108520508,45.79999923706055
2021-05-28,,,100.14569854736328,55.80793380737305,8.630523681640625,252.12950134277344,184.46197509765625,56.243980407714844,101.16397094726562,25.106462478637695,1.590000033378601,17.700000762939453,,,,,12.300000190734863,,,16.82199478149414,,,,65.79124450683594,0.21515625715255737,29.629289627075195,,8.027887344360352,,62.82577133178711,45.54999923706055
2021-05-31,,,102.04239654541016,55.80793380737305,8.683148384094238,251.28062438964844,183.98779296875,56.81306076049805,101.16397094726562,25.106462478637695,1.5700000524520874,17.700000762939453,,,,,12.300000190734863,,,16.296310424804688,,,,65.69699096679688,0.21684372425079346,29.629289627075195,,7.833035469055176,,63.01967239379883,45.599998474121094
2021-06-01,,,101.85272979736328,55.80793380737305,8.858567237854004,250.43170166015625,183.98779296875,56.76563262939453,101.16397094726562,25.106462478637695,1.5399999618530273,17.600000381469727,,,,,12.300000190734863,,,16.221210479736328,,,,66.07402038574219,0.21642187237739563,29.629289627075195,,7.833035469055176,,62.82577133178711,45.900001525878906
2021-06-02,,,104.31844329833984,55.5217399597168,8.902420043945312,250.43170166015625,184.46197509765625,57.287288665771484,101.4059829711914,25.106462478637695,1.5499999523162842,17.649999618530273,,,,,12.300000190734863,,,16.40895652770996,,,,65.97976684570312,0.2155781090259552,29.450529098510742,,7.833035469055176,,63.01967239379883,45.25
2021-06-03,,,103.18041229248047,55.42633819580078,8.770857810974121,247.8849334716797,183.5135955810547,56.81306076049805,101.4059829711914,24.720951080322266,1.4950000047683716,17.649999618530273,,,,,12.300000190734863,,,16.446504592895508,,,,64.84868621826172,0.21199217438697815,29.405838012695312,,7.949946403503418,,62.53490447998047,45.099998474121094
2021-06-04,,,103.55974578857422,55.33094024658203,8.814712524414062,247.0360107421875,183.5135955810547,55.29551315307617,101.16397094726562,24.913707733154297,1.4950000047683716,17.600000381469727,,,,,12.300000190734863,,,16.258760452270508,,,,64.0003662109375,0.21199217438697815,29.137699127197266,,7.949946403503418,,62.147090911865234,45.099998474121094
2021-06-07,,,106.21512603759766,54.37696075439453,8.928732872009277,246.1870574951172,183.0393829345703,55.342933654785156,101.16397094726562,24.720951080322266,1.4850000143051147,17.700000762939453,,,,,12.300000190734863,,,16.40895652770996,,,,64.0003662109375,0.21547263860702515,29.24942398071289,,7.794064521789551,,61.274513244628906,44.900001525878906
2021-06-08,,,106.21512603759766,54.37696075439453,8.928732872009277,246.1870574951172,183.0393829345703,55.342933654785156,101.16397094726562,24.720951080322266,1.4850000143051147,17.700000762939453,,,,,12.300000190734863,,,16.40895652770996,,,,64.0003662109375,0.21547263860702515,29.24942398071289,,7.794064521789551,,61.95318603515625,44.900001525878906
2021-06-09,,,108.11183166503906,53.422977447509766,9.165545463562012,248.7338409423828,183.98779296875,55.20066833496094,101.16397094726562,25.25103187561035,1.4900000095367432,17.600000381469727,,,,,12.600000381469727,,,16.7093505859375,,,,65.97976684570312,0.21599997580051422,29.227079391479492,,7.949946403503418,,61.56537628173828,44.650001525878906
2021-06-10,,,108.11183166503906,54.18616485595703,9.340962409973145,238.54678344726562,187.5442352294922,55.95943832397461,101.16397094726562,25.25103187561035,1.4600000381469727,17.700000762939453,,,,,12.5,,,16.784448623657227,,,,66.92232513427734,0.21958592534065247,29.182390213012695,,7.988915920257568,,61.856231689453125,44.349998474121094
2021-06-11,,,109.24984741210938,54.18616485595703,9.209400177001953,241.9424591064453,188.729736328125,56.243980407714844,101.16397094726562,25.299219131469727,1.440000057220459,17.649999618530273,,,,,12.5,,,16.784448623657227,,,,65.88550567626953,0.2204296737909317,29.49521827697754,,8.027887344360352,,61.66232681274414,43.75
2021-06-14,,,110.57754516601562,53.422977447509766,9.22694206237793,242.7913818359375,188.729736328125,56.054283142089844,101.16397094726562,25.154653549194336,1.399999976158142,17.700000762939453,,,,,13.199999809265137,,,16.82199478149414,,,,65.97976684570312,0.22190624475479126,29.718666076660156,,7.794064521789551,,61.468421936035156,43.75
2021-06-15,,,112.66389465332031,52.08740234375,9.22694206237793,242.7913818359375,189.67811584472656,56.81306076049805,101.16397094726562,25.347408294677734,1.3849999904632568,17.549999237060547,,,,,13.199999809265137,,,17.047290802001953,,,,65.79124450683594,0.22675779461860657,29.5845947265625,,7.794064521789551,,60.88669967651367,43.45000076293945
2021-06-16,,,111.71554565429688,51.99200439453125,9.253253936767578,243.6403350830078,190.15232849121094,56.52851486206055,101.16397094726562,25.347408294677734,1.3600000143051147,17.549999237060547,,,,,13.199999809265137,,,16.930889129638672,,,,65.79124450683594,0.22675779461860657,29.182390213012695,,7.910975456237793,,60.88669967651367,43.150001525878906
2021-06-18,,,111.52588653564453,51.61041259765625,9.253253936767578,256.3741455078125,187.78134155273438,55.95943832397461,101.16397094726562,25.154653549194336,1.440000057220459,17.649999618530273,,,,,13.199999809265137,,,16.82199478149414,,,,65.41422271728516,0.22496484220027924,29.182390213012695,,7.910975456237793,,59.91716384887695,42.95000076293945
2021-06-21,,,110.76720428466797,51.32421875,9.29710865020752,264.0144348144531,189.2039337158203,56.90790557861328,101.16397094726562,25.178747177124023,1.4550000429153442,17.549999237060547,,,,,13.199999809265137,,,16.784448623657227,,,,65.60273742675781,0.22675779461860657,29.49521827697754,,7.910975456237793,,60.59584045410156,42.95000076293945
2021-06-22,,,109.24984741210938,52.755191802978516,9.29710865020752,272.5036315917969,188.729736328125,58.33060073852539,101.16397094726562,25.178747177124023,1.399999976158142,17.649999618530273,76.46161651611328,,,,13.199999809265137,,,16.746896743774414,,,,65.41422271728516,0.2262304723262787,29.227079391479492,,7.910975456237793,,60.88669967651367,42.650001525878906
2021-06-23,,,110.38787078857422,51.99200439453125,9.29710865020752,275.8993225097656,189.67811584472656,58.235755920410156,101.4059829711914,25.20284080505371,1.4600000381469727,17.549999237060547,80.01797485351562,,,,13.199999809265137,,,16.859546661376953,,,,66.16827392578125,0.22517576813697815,29.450529098510742,,7.910975456237793,,60.49888610839844,42.70000076293945
2021-06-24,,,110.19819641113281,51.80120849609375,9.340962409973145,275.0503845214844,190.15232849121094,58.615142822265625,101.4059829711914,25.299219131469727,1.5700000524520874,17.5,79.37136840820312,,,,13.199999809265137,,,16.64927101135254,,,,67.39361572265625,0.22464841604232788,29.450529098510742,,8.06685733795166,,60.49888610839844,42.400001525878906
2021-06-25,,,110.19819641113281,51.80120849609375,9.340962409973145,275.0503845214844,190.15232849121094,58.615142822265625,101.4059829711914,25.299219131469727,1.5700000524520874,17.5,80.66458129882812,,,,13.199999809265137,,,16.64927101135254,,,,67.39361572265625,0.22464841604232788,29.450529098510742,,8.06685733795166,,59.82021713256836,42.400001525878906
2021-06-28,,,111.90522003173828,51.99200439453125,9.490067481994629,303.9136962890625,193.47169494628906,60.51206970214844,101.4059829711914,25.63654327392578,1.5800000429153442,17.299999237060547,80.58375549316406,,,,14.800000190734863,,,16.8970947265625,,,,67.67638397216797,0.2299218624830246,29.49521827697754,,8.098033905029297,,59.62630844116211,42.150001525878906
2021-06-29,,,114.56060791015625,51.99200439453125,9.29710865020752,325.13671875,191.5749053955078,60.132686614990234,101.4059829711914,25.63654327392578,1.600000023841858,17.549999237060547,83.25102233886719,,,,15.0,,,17.084840774536133,,,,67.29935455322266,0.23034372925758362,29.450529098510742,,8.308473587036133,,59.91716384887695,42.25
2021-06-30,,,117.21598815917969,51.5150146484375,9.27956771850586,320.4676818847656,190.62652587890625,59.9429931640625,101.4059829711914,25.63654327392578,1.6699999570846558,17.600000381469727,83.6551513671875,,,,15.199999809265137,,,17.535429000854492,,,,67.86489868164062,0.23034372925758362,29.5845947265625,,8.26170825958252,,59.82021713256836,42.0
2021-07-01,,,119.49202728271484,51.32421875,9.27956771850586,315.7986145019531,190.15232849121094,58.99452590942383,101.4059829711914,25.44378662109375,1.6799999475479126,17.450000762939453,84.05928802490234,,,,15.399999618530273,,,17.42278289794922,,,,67.86489868164062,0.22654685378074646,29.67397689819336,,8.152591705322266,,59.335445404052734,42.099998474121094
2021-07-02,,,121.00939178466797,51.22882080078125,9.257640838623047,324.2878112792969,190.15232849121094,58.99452590942383,101.4059829711914,25.588354110717773,1.690000057220459,17.219999313354492,86.48406982421875,,,,15.399999618530273,,,17.497880935668945,,,,67.58212280273438,0.23287497460842133,30.120874404907227,,8.339649200439453,,59.23849105834961,42.0
2021-07-05,,,122.14741516113281,51.32421875,9.31464958190918,326.8345947265625,190.15232849121094,59.753299713134766,101.4059829711914,25.540164947509766,1.659999966621399,17.299999237060547,87.2923355102539,,,,15.399999618530273,,,17.948469161987305,,,,68.71320343017578,0.23329687118530273,30.031492233276367,,8.363030433654785,,59.529354095458984,41.599998474121094
2021-07-06,,,121.76806640625,52.182804107666016,9.29710865020752,336.5971374511719,190.15232849121094,59.563602447509766,101.4059829711914,25.49197769165039,1.6299999952316284,17.200000762939453,86.48406982421875,,,,15.399999618530273,,,17.910921096801758,,,,67.95915222167969,0.23392967879772186,29.964460372924805,,8.363030433654785,,61.66232681274414,41.79999923706055
2021-07-07,,,121.38872528076172,53.995365142822266,9.463754653930664,342.11517333984375,191.5749053955078,59.563602447509766,101.4059829711914,25.49197769165039,1.6299999952316284,17.200000762939453,86.8882064819336,,,,15.5,,,18.023569107055664,,,,68.71320343017578,0.23308593034744263,30.21025276184082,,8.378619194030762,,63.21358108520508,41.29999923706055
2021-07-08,,,121.38872528076172,54.94934844970703,9.647943496704102,342.11517333984375,191.5749053955078,59.13679504394531,101.4059829711914,25.973867416381836,1.659999966621399,17.125,86.07994079589844,,,,15.5,,,17.92969512939453,,,,70.2684555053711,0.23287497460842133,30.880599975585938,,8.495530128479004,,63.98920822143555,40.70000076293945
2021-07-09,,,122.14741516113281,55.61713790893555,9.72688102722168,341.2662353515625,191.5749053955078,59.51618576049805,101.4059829711914,26.214813232421875,1.7000000476837158,17.149999618530273,85.67581176757812,,,,15.5,,,17.948469161987305,,,,70.50408172607422,0.23519529402256012,31.72970199584961,,8.363030433654785,,64.4739761352539,40.70000076293945
2021-07-12,,,123.66474914550781,55.23554229736328,9.691797256469727,342.964111328125,191.5749053955078,59.27906799316406,101.4059829711914,26.214813232421875,1.690000057220459,17.149999618530273,84.86754608154297,,,,15.5,,,17.873371124267578,,,,70.40982818603516,0.23603904247283936,31.55094337463379,,8.363030433654785,,64.37702178955078,40.70000076293945
2021-07-13,,,125.18211364746094,56.47572326660156,9.72688102722168,342.964111328125,191.5749053955078,59.18422317504883,101.4059829711914,26.26300048828125,1.6699999570846558,17.100000381469727,86.07994079589844,,,,15.5,,,17.798274993896484,,,,70.3155746459961,0.23624996840953827,31.685012817382812,,8.456561088562012,,65.92826843261719,41.0
2021-07-14,,,128.59619140625,56.38032150268555,9.647943496704102,343.81298828125,190.62652587890625,60.4172248840332,101.4059829711914,26.26300048828125,1.6349999904632568,17.100000381469727,86.8882064819336,,,,15.5,,,17.873371124267578,,,,70.3155746459961,0.2415233999490738,31.685012817382812,,8.456561088562012,,65.15264129638672,41.0
2021-07-15,,,127.83748626708984,56.38032150268555,9.560234069824219,341.690673828125,191.5749053955078,60.32238006591797,101.4059829711914,26.26300048828125,1.5800000429153442,17.100000381469727,86.8882064819336,,,,15.800000190734863,,,18.173765182495117,,,,70.03280639648438,0.24215620756149292,32.13191223144531,,8.456561088562012,8.0,65.15264129638672,41.099998474121094
2021-07-16,,,126.69947052001953,55.5217399597168,9.60408878326416,342.964111328125,195.36846923828125,60.51206970214844,101.4059829711914,26.26300048828125,1.5399999618530273,17.200000762939453,87.69646453857422,,,,16.600000381469727,,,18.32396125793457,,,,70.50408172607422,0.2394140511751175,32.221290588378906,,8.495530128479004,11.0,65.92826843261719,41.400001525878906
2021-07-19,,,122.14741516113281,54.66315460205078,9.472526550292969,338.7194519042969,190.62652587890625,59.753299713134766,101.4059829711914,25.87748908996582,1.5,16.700000762939453,86.07994079589844,,,,16.600000381469727,,,17.948469161987305,,,,68.8074722290039,0.23835936188697815,31.72970199584961,,8.38641357421875,11.0,65.15264129638672,41.25
2021-07-20,,,121.76806640625,53.804569244384766,9.384817123413086,338.7194519042969,190.62652587890625,58.615142822265625,101.4059829711914,25.49197769165039,1.5,16.549999237060547,86.07994079589844,,,,17.100000381469727,,,17.798274993896484,,,,66.92232513427734,0.2368827909231186,31.282806396484375,,8.339649200439453,10.0,64.958740234375,41.599998474121094
2021-07-21,,,122.14741516113281,53.804569244384766,9.393588066101074,340.4173278808594,190.62652587890625,58.52029800415039,101.4059829711914,25.68473243713379,1.440000057220459,16.899999618530273,86.8882064819336,,,,17.299999237060547,,,17.873371124267578,,,,66.3567886352539,0.23751559853553772,31.55094337463379,,8.339649200439453,10.0,65.8313217163086,41.599998474121094
2021-07-22,,,121.00939178466797,53.61377716064453,9.340962409973145,336.1726989746094,189.67811584472656,57.85636901855469,101.4059829711914,25.299219131469727,1.4299999475479126,16.649999618530273,86.48406982421875,,,,17.399999618530273,,,17.61052703857422,,,,65.03719329833984,0.23287497460842133,31.014667510986328,,8.339649200439453,10.0,65.15264129638672,41.599998474121094
2021-07-23,,,120.63003540039062,53.518375396728516,9.244483947753906,336.1726989746094,190.62652587890625,58.04606246948242,97.77570343017578,25.25103187561035,1.5099999904632568,16.899999618530273,87.2923355102539,,,,17.399999618530273,,,17.760723114013672,,,,65.03719329833984,0.23857031762599945,31.014667510986328,,8.339649200439453,9.5,65.54045867919922,41.599998474121094
2021-07-26,,,120.63003540039062,53.61377716064453,9.244483947753906,333.20147705078125,189.67811584472656,57.66667556762695,97.77570343017578,25.154653549194336,1.434999942779541,16.899999618530273,87.2923355102539,,,,17.399999618530273,,,17.8358211517334,,,,64.84868621826172,0.24004687368869781,31.014667510986328,,8.339649200439453,9.0,65.734375,40.900001525878906
2021-07-27,,,121.00939178466797,53.61377716064453,9.340962409973145,326.4101257324219,192.04910278320312,57.76152420043945,99.71185302734375,25.154653549194336,1.465000033378601,16.649999618530273,87.69646453857422,,,,17.100000381469727,,,17.873371124267578,,,,65.88550567626953,0.24405469000339508,30.835908889770508,,8.339649200439453,9.0,65.6858901977539,40.650001525878906
2021-07-28,,,121.19906616210938,53.422977447509766,9.340962409973145,326.8345947265625,189.67811584472656,57.66667556762695,99.71185302734375,25.05827522277832,1.4700000286102295,16.700000762939453,87.69646453857422,,,,17.100000381469727,,,17.910921096801758,,,,65.88550567626953,0.24405469000339508,31.014667510986328,,8.339649200439453,9.0,65.734375,40.400001525878906
2021-07-29,,,123.66474914550781,53.61377716064453,9.340962409973145,325.13671875,190.62652587890625,57.66667556762695,99.71185302734375,25.05827522277832,1.5099999904632568,16.799999237060547,87.2923355102539,,,,17.5,,,18.061115264892578,,,,65.88550567626953,0.24574217200279236,30.925289154052734,,8.339649200439453,9.0,65.3465576171875,40.0
2021-07-30,,,123.09574890136719,53.70917510986328,9.340962409973145,325.13671875,190.38941955566406,57.6192512512207,99.71185302734375,25.010086059570312,1.5299999713897705,16.850000381469727,87.69646453857422,,,,17.5,,,18.061115264892578,,,,65.88550567626953,0.24648043513298035,31.014667510986328,,8.339649200439453,9.0,65.15264129638672,39.900001525878906
2021-08-03,,,122.90607452392578,53.70917510986328,9.384817123413086,325.13671875,191.10072326660156,57.57183074951172,99.71185302734375,25.010086059570312,1.5399999618530273,16.700000762939453,87.2923355102539,,,,17.5,,,18.136213302612305,,,,66.4510498046875,0.24764059484004974,31.104047775268555,,8.370824813842773,10.0,65.05569458007812,39.900001525878906
2021-08-04,,,124.04409790039062,53.804569244384766,9.691797256469727,326.8345947265625,193.47169494628906,58.52029800415039,100.43791198730469,25.347408294677734,1.524999976158142,16.799999237060547,88.90885925292969,,,,17.799999237060547,,,18.079893112182617,,,,66.73381805419922,0.2489062249660492,31.19342613220215,,8.370824813842773,10.800000190734863,65.44351196289062,41.04999923706055
2021-08-05,,,125.56146240234375,53.804569244384766,9.954922676086426,330.23028564453125,192.04910278320312,58.709991455078125,101.4059829711914,25.49197769165039,1.4800000190734863,16.799999237060547,92.14190673828125,,,,18.5,,,18.173765182495117,,,,67.11084747314453,0.2516484260559082,31.37218475341797,,8.651411056518555,11.5,65.3465576171875,41.79999923706055
2021-08-06,,,125.56146240234375,53.804569244384766,9.683026313781738,337.2338562011719,188.729736328125,57.76152420043945,101.4059829711914,25.49197769165039,1.475000023841858,16.950000762939453,92.95016479492188,,,,18.799999237060547,,,17.986019134521484,,,,65.97976684570312,0.24479292333126068,31.014667510986328,,8.573472023010254,11.5,65.44351196289062,42.45000076293945
2021-08-09,,,124.80277252197266,53.70917510986328,9.823360443115234,339.1439208984375,187.30715942382812,56.52851486206055,101.4059829711914,25.925676345825195,1.4600000381469727,16.899999618530273,92.95016479492188,,,,19.5,,,18.023569107055664,,,,66.21540832519531,0.24110153317451477,31.14873695373535,,8.573472023010254,9.5,65.05569458007812,42.849998474121094
2021-08-10,,,125.18211364746094,53.804569244384766,9.823360443115234,344.66192626953125,190.15232849121094,57.76152420043945,101.4059829711914,26.311189651489258,1.4800000190734863,16.799999237060547,93.35430145263672,,,,19.299999237060547,,,18.09866714477539,,,,66.63955688476562,0.2446874976158142,30.880599975585938,,8.550089836120605,9.5,64.958740234375,42.5
2021-08-11,,,124.04409790039062,53.61377716064453,10.218049049377441,348.0576171875,191.5749053955078,57.47698211669922,101.4059829711914,27.178590774536133,1.5399999618530273,16.850000381469727,94.16255950927734,,,,19.0,,,18.211313247680664,,,,68.8074722290039,0.24869529902935028,30.835908889770508,,8.931998252868652,10.949999809265137,65.24960327148438,42.150001525878906
2021-08-12,,,125.94080352783203,53.61377716064453,10.279444694519043,351.4532470703125,191.5749053955078,58.140907287597656,104.55223846435547,28.094181060791016,1.5,16.799999237060547,99.01213836669922,,,,18.799999237060547,,,18.28641128540039,,,,70.59835052490234,0.2514374852180481,31.238117218017578,,9.041115760803223,10.0,65.05569458007812,42.150001525878906
2021-08-13,,,127.83748626708984,53.61377716064453,10.393465995788574,353.1511535644531,192.52330017089844,58.804832458496094,104.55223846435547,28.913394927978516,1.5,16.950000762939453,99.82040405273438,,,,18.5,,,18.624353408813477,,,,72.10645294189453,0.24996092915534973,31.41687774658203,,9.025527000427246,10.0,64.86178588867188,42.79999923706055
2021-08-16,,,127.07881164550781,53.422977447509766,10.454862594604492,354.84893798828125,193.94589233398438,59.89556884765625,102.6160888671875,28.768827438354492,1.4800000190734863,16.975000381469727,99.82040405273438,,,,18.200000762939453,,,18.64312744140625,,,,72.90763092041016,0.24943359196186066,31.41687774658203,,9.080084800720215,10.0,64.4739761352539,42.849998474121094
2021-08-17,,,127.07881164550781,53.61377716064453,10.34961223602295,353.1511535644531,192.52330017089844,59.4687614440918,102.6160888671875,28.913394927978516,1.4450000524520874,17.049999237060547,99.82040405273438,,,,18.200000762939453,,,18.436607360839844,,,,72.5777359008789,0.24721874296665192,31.64032745361328,,9.080084800720215,9.100000381469727,64.4739761352539,43.0
2021-08-18,,,125.56146240234375,53.61377716064453,10.261902809143066,348.0576171875,189.67811584472656,58.804832458496094,104.55223846435547,28.62425994873047,1.440000057220459,16.950000762939453,96.58734893798828,,,,18.200000762939453,,,18.361509323120117,,,,71.63516998291016,0.24278905987739563,31.8637752532959,,9.27493667602539,9.949999809265137,65.15264129638672,42.42499923706055
2021-08-19,,,125.56146240234375,53.422977447509766,10.130340576171875,342.11517333984375,191.10072326660156,59.08937454223633,104.55223846435547,28.62425994873047,1.409999966621399,17.049999237060547,96.58734893798828,,,,17.399999618530273,,,18.061115264892578,,,,70.6926040649414,0.24236714839935303,31.95315170288086,,9.196995735168457,9.100000381469727,65.05569458007812,42.599998474121094
2021-08-20,,,125.56146240234375,53.47067642211914,10.19173526763916,372.67633056640625,188.729736328125,58.52029800415039,104.55223846435547,28.431503295898438,1.440000057220459,17.399999618530273,96.99148559570312,,,,17.700000762939453,,,18.173765182495117,,,,70.78685760498047,0.24278905987739563,32.40005111694336,,9.352877616882324,9.5,66.41304016113281,42.5
2021-08-23,,,125.18211364746094,53.899967193603516,10.19173526763916,381.1655578613281,189.67811584472656,58.66256332397461,104.55223846435547,28.431503295898438,1.434999942779541,17.399999618530273,96.18321990966797,,,,18.0,,,17.948469161987305,,,,70.50408172607422,0.24342183768749237,32.62350082397461,,9.27493667602539,9.300000190734863,66.80085754394531,42.400001525878906
2021-08-24,,,126.69947052001953,53.995365142822266,10.121569633483887,382.86334228515625,190.62652587890625,59.08937454223633,98.7437744140625,28.431503295898438,1.4500000476837158,17.450000762939453,96.99148559570312,,,,17.799999237060547,,,17.723175048828125,,,,70.3155746459961,0.24384374916553497,33.29384231567383,,9.27493667602539,9.100000381469727,66.50999450683594,42.400001525878906
2021-08-25,,,128.59619140625,53.995365142822266,10.05140209197998,379.4676818847656,196.7910614013672,59.65845489501953,98.7437744140625,28.62425994873047,1.4500000476837158,17.450000762939453,98.6080093383789,,,,17.700000762939453,,,17.873371124267578,,,,70.3155746459961,0.24363280832767487,33.47260284423828,,9.547728538513184,9.0,66.50999450683594,42.349998474121094
2021-08-26,,,128.59619140625,53.804569244384766,10.042631149291992,375.6474914550781,194.894287109375,59.9429931640625,98.7437744140625,28.335124969482422,1.4299999475479126,17.450000762939453,97.79974365234375,,,,17.700000762939453,,,17.497880935668945,,,,70.3155746459961,0.24257813394069672,33.38322448730469,,9.547728538513184,9.0,66.31608581542969,42.20000076293945
2021-08-27,,,128.2168426513672,56.2849235534668,10.007548332214355,374.3741455078125,197.73944091796875,61.27083969116211,100.679931640625,28.335124969482422,1.440000057220459,16.899999618530273,98.20387268066406,,,,17.5,,,17.460330963134766,,,,69.75003051757812,0.24089062213897705,33.38322448730469,,9.547728538513184,9.100000381469727,69.03077697753906,42.20000076293945
2021-08-30,,,127.07881164550781,57.14350891113281,10.007548332214355,367.582763671875,196.3168487548828,61.650230407714844,100.679931640625,28.335124969482422,1.4700000286102295,16.899999618530273,96.99148559570312,,,,17.5,,,17.572978973388672,,,,69.75003051757812,0.24257813394069672,33.33853530883789,,9.547728538513184,9.0,69.32164001464844,42.29999923706055
2021-08-31,,,127.07881164550781,57.42970275878906,10.060173988342285,370.1295471191406,199.16201782226562,61.74507522583008,104.55223846435547,28.479692459106445,1.434999942779541,16.899999618530273,96.99148559570312,,,,17.700000762939453,,,17.948469161987305,,,,70.3155746459961,0.2446874976158142,33.33853530883789,,9.586699485778809,9.800000190734863,68.44905853271484,42.29999923706055
2021-09-01,,,126.69947052001953,56.2849235534668,9.911067962646484,363.3381652832031,197.26524353027344,62.12446212768555,104.55223846435547,28.142372131347656,1.4299999475479126,16.799999237060547,97.79974365234375,,,,17.399999618530273,,,18.023569107055664,,,,69.27874755859375,0.23624996840953827,33.427913665771484,,9.430818557739258,9.800000190734863,68.6429672241211,43.0
2021-09-02,,,127.07881164550781,56.2849235534668,9.99877643585205,365.0360412597656,199.16201782226562,62.12446212768555,103.58415985107422,28.335124969482422,1.4299999475479126,17.0,97.79974365234375,,,,17.700000762939453,,,18.32396125793457,,,,69.46726989746094,0.23624996840953827,33.96418762207031,,10.132284164428711,9.699999809265137,68.06124877929688,43.0
2021-09-03,,,128.9755096435547,56.2849235534668,9.99877643585205,359.9424743652344,203.90399169921875,62.59869384765625,100.679931640625,28.23874855041504,1.440000057220459,16.899999618530273,98.76966094970703,,,,18.200000762939453,,,18.624353408813477,,,,69.75003051757812,0.24257813394069672,34.14295196533203,,10.288166046142578,9.699999809265137,68.25515747070312,43.20000076293945
2021-09-06,,,132.01023864746094,56.52342224121094,10.130340576171875,365.8849182128906,202.95558166503906,62.40900421142578,100.679931640625,28.23874855041504,1.4700000286102295,17.0,99.41626739501953,,,,18.399999618530273,,,18.924745559692383,,,,70.12705993652344,0.23835936188697815,34.18763732910156,,10.444046974182129,10.0,68.25515747070312,43.20000076293945
2021-09-07,,,133.14825439453125,54.37696075439453,10.174195289611816,368.43170166015625,200.1104278564453,62.59869384765625,100.679931640625,28.142372131347656,1.4700000286102295,16.899999618530273,100.22453308105469,,,,18.200000762939453,,,18.924745559692383,,,,69.75003051757812,0.23624996840953827,34.23232650756836,,10.521986961364746,9.899999618530273,67.86734008789062,43.20000076293945
2021-09-08,,,132.3895721435547,53.899967193603516,10.086485862731934,361.64031982421875,199.16201782226562,61.41311264038086,100.679931640625,27.949615478515625,1.5,17.049999237060547,99.41626739501953,,,,18.299999237060547,,,18.624353408813477,,,,69.27874755859375,0.2373046875,34.14295196533203,,10.288166046142578,9.0,67.86734008789062,43.0
2021-09-09,,,132.01023864746094,53.899967193603516,9.99877643585205,363.3381652832031,199.16201782226562,60.70176315307617,100.679931640625,27.756858825683594,1.4800000190734863,17.149999618530273,99.41626739501953,,,,18.0,,,18.924745559692383,,,,69.27874755859375,0.23624996840953827,33.96418762207031,,10.444046974182129,9.0,67.6734390258789,42.900001525878906
2021-09-10,,,130.87222290039062,53.899967193603516,9.99877643585205,361.64031982421875,197.26524353027344,61.175994873046875,100.679931640625,27.564104080200195,1.4800000190734863,17.299999237060547,99.73957061767578,,,,18.0,,,18.624353408813477,,,,69.27874755859375,0.24257813394069672,33.96418762207031,,10.444046974182129,9.0,67.86734008789062,42.900001525878906
2021-09-13,,,129.3548583984375,53.899967193603516,9.911067962646484,359.9424743652344,198.21363830566406,60.70176315307617,102.6160888671875,27.37134552001953,1.4600000381469727,17.100000381469727,98.93131256103516,,,,18.0,,,18.023569107055664,,,,68.336181640625,0.24046872556209564,33.96418762207031,,10.444046974182129,9.100000381469727,67.47952270507812,42.900001525878906
2021-09-14,,,129.73419189453125,53.899967193603516,9.823360443115234,358.24462890625,193.47169494628906,59.27906799316406,102.6160888671875,26.9858341217041,1.4700000286102295,17.200000762939453,98.123046875,,,,18.200000762939453,,,17.723175048828125,,,,67.39361572265625,0.23624996840953827,33.785430908203125,,10.444046974182129,9.100000381469727,67.47952270507812,42.599998474121094
2021-09-15,,,128.59619140625,52.468994140625,9.735651969909668,354.84893798828125,191.5749053955078,58.33060073852539,102.6160888671875,26.696701049804688,1.4500000476837158,17.100000381469727,97.96139526367188,,,,18.200000762939453,,,17.42278289794922,,,,66.92232513427734,0.23624996840953827,33.427913665771484,,10.132284164428711,9.5,65.92826843261719,42.0
2021-09-16,,,128.9755096435547,53.422977447509766,9.911067962646484,360.7914123535156,195.36846923828125,60.70176315307617,102.6160888671875,26.9858341217041,1.4550000429153442,17.200000762939453,97.96139526367188,,,,18.200000762939453,,,18.023569107055664,,,,68.8074722290039,0.24046872556209564,33.785430908203125,,10.054343223571777,9.5,66.89781188964844,42.099998474121094
2021-09-17,,,128.2168426513672,54.85395050048828,9.823360443115234,358.24462890625,194.4200897216797,60.22753143310547,102.6160888671875,26.889455795288086,1.440000057220459,17.299999237060547,97.47643280029297,,,,17.899999618530273,,,18.023569107055664,,,,68.8074722290039,0.24046872556209564,33.60667037963867,,10.210225105285645,9.5,67.47952270507812,42.099998474121094
2021-09-20,,,123.2854232788086,52.468994140625,9.472526550292969,349.7554626464844,191.5749053955078,58.33060073852539,94.87147521972656,26.214813232421875,1.475000023841858,17.100000381469727,94.40504455566406,,,,18.0,,,17.272586822509766,,,,66.92232513427734,0.23203125596046448,32.53411865234375,,9.664640426635742,9.239999771118164,66.89781188964844,41.400001525878906
2021-09-21,,,120.63003540039062,51.5150146484375,9.560234069824219,359.9424743652344,187.78134155273438,59.27906799316406,94.87147521972656,25.82929801940918,1.4500000476837158,16.600000381469727,93.75843048095703,,,,17.600000381469727,,,16.67180061340332,,,,65.97976684570312,0.22570310533046722,31.997840881347656,,9.89846134185791,9.0,66.12217712402344,40.79999923706055
2021-09-22,,,124.4234390258789,52.468994140625,9.735651969909668,363.3381652832031,190.62652587890625,59.753299713134766,94.87147521972656,26.02205467224121,1.475000023841858,17.0,95.21330261230469,,,,18.0,,,17.12238883972168,,,,67.39361572265625,0.2299218624830246,31.997840881347656,,9.89846134185791,9.0,66.31608581542969,40.400001525878906
2021-09-23,,,122.90607452392578,52.468994140625,9.735651969909668,361.64031982421875,188.729736328125,59.27906799316406,93.90339660644531,26.166622161865234,1.4600000381469727,17.0,93.92008209228516,,,,18.0,,,16.82199478149414,,,,67.39361572265625,0.2278124988079071,31.461565017700195,,9.97640323638916,9.0,65.92826843261719,40.0
2021-09-24,,,125.56146240234375,52.468994140625,9.823360443115234,361.64031982421875,189.67811584472656,60.22753143310547,93.90339660644531,26.600322723388672,1.465000033378601,16.799999237060547,94.24339294433594,,,,18.0,,,17.347684860229492,,,,67.62925720214844,0.23203125596046448,32.17660140991211,,9.74258041381836,9.100000381469727,66.12217712402344,40.0
2021-09-27,,,130.11354064941406,56.76191329956055,10.086485862731934,375.2231140136719,197.26524353027344,62.59869384765625,102.6160888671875,27.37134552001953,1.4900000095367432,17.100000381469727,97.55726623535156,,,,18.200000762939453,,,18.32396125793457,,,,69.75003051757812,0.2394140511751175,33.60667037963867,,10.054343223571777,9.5,70.77594757080078,40.0
2021-09-28,,,132.7689208984375,59.62385940551758,9.99877643585205,373.5252380371094,197.26524353027344,61.650230407714844,102.6160888671875,27.274967193603516,1.4900000095367432,16.700000762939453,97.63809204101562,,,,18.399999618530273,,,18.77454948425293,,,,70.22132110595703,0.23835936188697815,33.96418762207031,,10.132284164428711,9.5,74.65406799316406,40.20000076293945
2021-09-29,,,131.25155639648438,62.962799072265625,9.99877643585205,375.2231140136719,201.05880737304688,62.59869384765625,103.58415985107422,27.178590774536133,1.4850000143051147,16.700000762939453,97.15312957763672,,,,18.299999237060547,,,18.474157333374023,,,,70.6926040649414,0.23414061963558197,34.14295196533203,,10.054343223571777,9.5,75.04188537597656,42.0
2021-09-30,,,134.28627014160156,62.962799072265625,9.911067962646484,388.8058166503906,202.95558166503906,62.12446212768555,103.58415985107422,27.178590774536133,1.524999976158142,17.100000381469727,96.99148559570312,,,,18.600000381469727,,,18.54925537109375,,,,71.16388702392578,0.23414061963558197,34.32170867919922,,10.210225105285645,9.5,74.26626586914062,43.0
2021-10-01,,,135.04495239257812,68.68668365478516,9.99877643585205,405.78424072265625,208.64593505859375,63.31004333496094,110.3606948852539,27.37134552001953,1.5199999809265137,17.5,96.829833984375,,,,18.5,,,18.77454948425293,,,,70.6926040649414,0.23308593034744263,34.32170867919922,,10.288166046142578,9.300000190734863,81.05299377441406,43.0
2021-10-04,,,135.04495239257812,67.73270416259766,9.911067962646484,398.99285888671875,204.8523712158203,62.59869384765625,112.29684448242188,27.274967193603516,1.6200000047683716,17.0,97.15312957763672,,,,18.200000762939453,,,18.624353408813477,,,,70.6926040649414,0.23414061963558197,34.500465393066406,,10.366106033325195,9.100000381469727,81.92557525634766,43.20000076293945
2021-10-05,,,135.04495239257812,66.30172729492188,10.174195289611816,395.5971984863281,200.1104278564453,60.70176315307617,114.23299407958984,27.274967193603516,1.600000023841858,17.049999237060547,96.99148559570312,,,,18.299999237060547,,,19.375333786010742,,,,71.39952850341797,0.23097655177116394,34.41108703613281,,10.210225105285645,9.0,81.44081115722656,43.400001525878906
2021-10-06,,,135.04495239257812,65.34774780273438,10.086485862731934,393.8992919921875,201.05880737304688,60.70176315307617,114.23299407958984,26.889455795288086,1.6299999952316284,16.799999237060547,96.66817474365234,,,,18.399999618530273,,,19.225139617919922,,,,71.16388702392578,0.23203125596046448,34.32170867919922,,10.755809783935547,9.0,80.47127532958984,43.79999923706055
2021-10-07,,,139.9763641357422,66.30172729492188,10.174195289611816,395.5971984863281,201.05880737304688,60.70176315307617,114.23299407958984,27.082212448120117,1.690000057220459,16.899999618530273,96.66817474365234,,,,18.399999618530273,,,19.375333786010742,,,,71.63516998291016,0.2278124988079071,34.32170867919922,,10.677867889404297,9.699999809265137,79.50174713134766,44.0
2021-10-08,,,141.11439514160156,66.30172729492188,10.261902809143066,395.5971984863281,201.05880737304688,60.70176315307617,114.23299407958984,27.082212448120117,1.659999966621399,16.799999237060547,97.31478881835938,,,,18.5,,,19.375333786010742,,,,71.63516998291016,0.2299218624830246,34.32170867919922,,10.755809783935547,9.699999809265137,78.33830261230469,44.20000076293945
2021-10-11,,,141.87306213378906,66.30172729492188,10.218049049377441,395.5971984863281,201.05880737304688,59.753299713134766,114.23299407958984,27.178590774536133,1.6399999856948853,16.799999237060547,96.829833984375,,,,18.5,,,19.67572784423828,,,,72.10645294189453,0.23624996840953827,34.589847564697266,,10.755809783935547,9.699999809265137,78.9200210571289,44.400001525878906
2021-10-12,,,142.6317596435547,65.82474517822266,10.261902809143066,397.2950134277344,200.1104278564453,59.99041748046875,114.23299407958984,27.274967193603516,1.6100000143051147,16.700000762939453,100.06288146972656,,,,18.399999618530273,,,19.67572784423828,,,,71.63516998291016,0.23519529402256012,34.679222106933594,,10.755809783935547,9.699999809265137,78.9200210571289,44.400001525878906
2021-10-13,,,143.3904266357422,67.97119903564453,10.174195289611816,397.2950134277344,202.95558166503906,59.99041748046875,114.23299407958984,27.37134552001953,1.659999966621399,16.700000762939453,101.03279876708984,,,,18.299999237060547,,,19.825923919677734,,,,72.10645294189453,0.23835936188697815,34.679222106933594,,10.755809783935547,9.0,80.85908508300781,44.0
2021-10-14,,,145.66648864746094,69.1636734008789,10.700446128845215,405.78424072265625,202.95558166503906,60.70176315307617,114.23299407958984,27.756858825683594,1.649999976158142,16.5,101.19444274902344,,,,18.299999237060547,,,20.276514053344727,,,,74.46287536621094,0.24046872556209564,34.679222106933594,,10.911690711975098,9.5,82.9920654296875,45.400001525878906
2021-10-15,,,145.66648864746094,71.07164001464844,11.22669792175293,409.1799011230469,206.7491455078125,62.12446212768555,113.26492309570312,29.106151580810547,1.690000057220459,16.399999618530273,101.35609436035156,,,,18.600000381469727,,,20.576906204223633,,,,77.29058074951172,0.2446874976158142,35.21550369262695,,11.067572593688965,9.100000381469727,86.2884750366211,45.400001525878906
2021-10-18,,,144.9077911376953,71.54862976074219,10.963571548461914,400.6907043457031,202.95558166503906,61.175994873046875,113.26492309570312,28.335124969482422,1.7300000190734863,16.5,101.03279876708984,,,,18.899999618530273,,,20.351612091064453,,,,75.8767318725586,0.2615624666213989,35.21550369262695,,11.067572593688965,9.100000381469727,86.2884750366211,45.20000076293945
2021-10-19,,,143.769775390625,69.64067077636719,10.788154602050781,398.99285888671875,202.95558166503906,61.175994873046875,113.26492309570312,28.142372131347656,1.7000000476837158,16.200000762939453,101.03279876708984,,,,18.600000381469727,,,19.97612190246582,,,,76.34801483154297,0.2594531178474426,35.394256591796875,,11.067572593688965,9.300000190734863,85.9006576538086,46.0
2021-10-20,,,143.58010864257812,68.68668365478516,10.788154602050781,395.5971984863281,201.05880737304688,60.22753143310547,113.26492309570312,28.335124969482422,1.6799999475479126,15.899999618530273,100.22453308105469,,,,18.600000381469727,,,20.126317977905273,,,,74.93415832519531,0.25523436069488525,34.9920539855957,,10.911690711975098,9.100000381469727,86.2884750366211,46.400001525878906
2021-10-21,,,144.14910888671875,70.1176528930664,10.700446128845215,385.4101257324219,202.95558166503906,60.22753143310547,113.26492309570312,28.527881622314453,1.7649999856948853,15.899999618530273,99.9012222290039,,,,18.700000762939453,,,20.426712036132812,,,,75.40544128417969,0.25523436069488525,35.0367431640625,,10.911690711975098,9.199999809265137,86.87019348144531,46.599998474121094
2021-10-22,,,144.52845764160156,70.59465026855469,10.875863075256348,383.7122497558594,202.95558166503906,60.70176315307617,113.26492309570312,28.335124969482422,1.809999942779541,15.800000190734863,100.87114715576172,,,,18.899999618530273,,,20.576906204223633,,,,75.40544128417969,0.2510156035423279,35.394256591796875,,10.911690711975098,9.100000381469727,86.48238372802734,46.79999923706055
2021-10-25,,,145.28712463378906,70.1176528930664,10.788154602050781,388.8058166503906,204.8523712158203,60.46464538574219,112.29684448242188,28.527881622314453,1.8300000429153442,15.600000381469727,101.84105682373047,,,,18.899999618530273,,,20.576906204223633,,,,75.40544128417969,0.25312498211860657,35.21550369262695,,10.989631652832031,9.0,87.0641098022461,46.79999923706055
2021-10-26,,,145.66648864746094,70.59465026855469,10.788154602050781,382.014404296875,204.8523712158203,60.70176315307617,112.29684448242188,28.142372131347656,1.7549999952316284,15.199999809265137,101.67940521240234,,,,18.899999618530273,,,20.576906204223633,,,,75.40544128417969,0.25312498211860657,35.21550369262695,,10.989631652832031,9.0,87.0641098022461,48.599998474121094
2021-10-27,,,148.32183837890625,70.1176528930664,11.05128002166748,380.3166198730469,205.80076599121094,61.175994873046875,112.29684448242188,29.298906326293945,1.7699999809265137,16.0,101.19444274902344,,,,18.600000381469727,,,20.72710418701172,,,,77.29058074951172,0.2594531178474426,35.66239929199219,,10.911690711975098,9.0,86.87019348144531,50.20000076293945
2021-10-28,,,150.21853637695312,70.1176528930664,11.05128002166748,380.3166198730469,206.7491455078125,61.650230407714844,112.29684448242188,29.877174377441406,1.7400000095367432,16.5,102.4876708984375,,,,18.899999618530273,,,20.9523983001709,,,,78.70443725585938,0.25734373927116394,36.10929870605469,,10.989631652832031,9.0,87.45191192626953,51.0
2021-10-29,,,149.08053588867188,70.59465026855469,10.963571548461914,378.6187744140625,208.64593505859375,60.70176315307617,112.29684448242188,30.069931030273438,1.75,16.600000381469727,102.32601165771484,,,,18.899999618530273,,,21.027496337890625,,,,77.7618637084961,0.2594531178474426,35.573020935058594,,11.145513534545898,8.800000190734863,87.83972930908203,51.5
2021-11-01,,,147.9425048828125,69.64067077636719,10.963571548461914,392.2015075683594,214.33628845214844,60.938880920410156,112.29684448242188,29.877174377441406,1.7450000047683716,16.399999618530273,101.03279876708984,,,,18.700000762939453,,,20.72710418701172,,,,77.99750518798828,0.25523436069488525,35.394256591796875,,11.145513534545898,8.800000190734863,87.83972930908203,53.0
2021-11-02,,,149.08053588867188,70.1176528930664,11.138988494873047,417.66912841796875,216.23304748535156,60.70176315307617,112.29684448242188,29.877174377441406,1.7799999713897705,16.700000762939453,101.84105682373047,,,,18.799999237060547,,,20.72710418701172,,,,78.23314666748047,0.25734373927116394,35.394256591796875,,11.145513534545898,9.479999542236328,88.03363800048828,54.25
2021-11-03,,,147.18382263183594,70.59465026855469,11.05128002166748,432.9496765136719,214.33628845214844,61.650230407714844,112.29684448242188,29.877174377441406,1.7799999713897705,16.600000381469727,102.00270080566406,,,,18.799999237060547,,,20.65200424194336,,,,79.17571258544922,0.256289005279541,35.21550369262695,,11.067572593688965,9.479999542236328,89.19707489013672,54.5
2021-11-04,,,146.80447387695312,72.50261688232422,10.963571548461914,428.705078125,214.33628845214844,60.70176315307617,112.29684448242188,30.840953826904297,1.7300000190734863,16.299999237060547,102.00270080566406,,,,18.799999237060547,,,20.576906204223633,,,,79.6469955444336,0.25734373927116394,34.94736099243164,,11.067572593688965,9.479999542236328,93.46302032470703,60.0
2021-11-05,,,145.66648864746094,73.45659637451172,10.963571548461914,422.76263427734375,212.4394989013672,61.650230407714844,112.29684448242188,31.419219970703125,1.7000000476837158,16.100000381469727,101.19444274902344,,,,18.799999237060547,,,20.426712036132812,,,,78.70443725585938,0.25734373927116394,34.85798645019531,,10.911690711975098,9.300000190734863,92.49349212646484,60.0
2021-11-08,,,145.66648864746094,73.45659637451172,10.700446128845215,424.4604797363281,208.64593505859375,62.12446212768555,112.29684448242188,31.22646713256836,1.7599999904632568,16.100000381469727,101.03279876708984,,,,18.600000381469727,,,20.426712036132812,,,,77.52621459960938,0.25523436069488525,34.85798645019531,,10.989631652832031,9.399999618530273,92.49349212646484,59.0
2021-11-09,,,144.14910888671875,73.45659637451172,10.612737655639648,422.76263427734375,210.542724609375,61.650230407714844,112.29684448242188,30.648197174072266,1.7649999856948853,15.699999809265137,100.54783630371094,,,,18.399999618530273,,,20.314062118530273,,,,76.34801483154297,0.25312498211860657,34.500465393066406,,10.911690711975098,9.399999618530273,92.68739318847656,58.0
2021-11-10,,,144.14910888671875,72.97959899902344,10.4373197555542,417.66912841796875,206.7491455078125,61.175994873046875,112.29684448242188,30.455442428588867,1.722499966621399,15.699999809265137,99.9012222290039,,,,18.5,,,20.576906204223633,,,,75.8767318725586,0.2489062249660492,34.32170867919922,,10.911690711975098,9.0,91.33004760742188,58.0
2021-11-11,,,142.6317596435547,72.50261688232422,10.34961223602295,422.76263427734375,204.8523712158203,60.22753143310547,112.29684448242188,30.262685775756836,1.690000057220459,15.800000190734863,99.73957061767578,,,,18.200000762939453,,,20.72710418701172,,,,75.40544128417969,0.2467968463897705,34.500465393066406,,10.911690711975098,8.600000381469727,91.91177368164062,58.5
2021-11-12,,,142.25242614746094,72.50261688232422,10.34961223602295,413.42449951171875,206.7491455078125,60.70176315307617,112.29684448242188,30.455442428588867,1.7300000190734863,15.800000190734863,100.22453308105469,,,,18.399999618530273,,,20.87729835510254,,,,75.40544128417969,0.2446874976158142,34.500465393066406,,10.911690711975098,9.0,91.71786499023438,56.5
2021-11-15,,,144.9077911376953,72.97959899902344,10.34961223602295,415.9712829589844,208.64593505859375,62.12446212768555,112.29684448242188,30.840953826904297,1.7050000429153442,15.800000190734863,100.54783630371094,,,,18.200000762939453,,,20.87729835510254,,,,76.34801483154297,0.2446874976158142,34.679222106933594,,10.911690711975098,9.0,91.52395629882812,57.0
2021-11-16,,,144.9077911376953,72.97959899902344,10.261902809143066,410.8777770996094,207.6975555419922,61.650230407714844,112.29684448242188,30.840953826904297,1.690000057220459,15.800000190734863,101.35609436035156,,,,18.0,,,20.72710418701172,,,,75.8767318725586,0.2446874976158142,34.500465393066406,,10.677867889404297,8.739999771118164,92.10568237304688,57.5
2021-11-17,,,146.42514038085938,73.93358612060547,10.34961223602295,405.78424072265625,207.6975555419922,62.12446212768555,112.29684448242188,30.648197174072266,1.6799999475479126,15.949999809265137,103.45758056640625,,,,18.200000762939453,,,21.177692413330078,,,,75.8767318725586,0.24257813394069672,34.500465393066406,,10.833749771118164,8.0,94.04474639892578,57.0
2021-11-18,,,145.66648864746094,74.41057586669922,10.174195289611816,424.4604797363281,204.8523712158203,62.12446212768555,112.29684448242188,30.648197174072266,1.7100000381469727,15.850000381469727,102.64932250976562,,,,18.399999618530273,,,21.402986526489258,,,,76.34801483154297,0.2467968463897705,34.14295196533203,,10.833749771118164,8.0,94.04474639892578,57.5
2021-11-19,,,144.9077911376953,77.27252197265625,10.34961223602295,428.705078125,206.7491455078125,62.59869384765625,113.26492309570312,30.840953826904297,1.6699999570846558,15.800000190734863,102.81096649169922,,,,18.399999618530273,,,21.177692413330078,,,,77.29058074951172,0.2489062249660492,33.785430908203125,,10.833749771118164,8.399999618530273,95.98381042480469,56.5
2021-11-22,,,145.85614013671875,77.74951171875,10.34961223602295,428.705078125,206.7491455078125,63.54716110229492,113.26492309570312,30.840953826904297,1.7000000476837158,15.600000381469727,102.64932250976562,,,,18.399999618530273,,,21.177692413330078,,,,77.29058074951172,0.2489062249660492,33.69605255126953,,10.677867889404297,8.399999618530273,97.92288208007812,57.0
2021-11-23,,,144.14910888671875,75.36456298828125,10.174195289611816,424.4604797363281,205.80076599121094,62.12446212768555,113.26492309570312,30.455442428588867,1.6799999475479126,15.199999809265137,101.03279876708984,,,,18.399999618530273,,,21.32788848876953,,,,77.52621459960938,0.2446874976158142,33.427913665771484,,10.677867889404297,8.300000190734863,97.4381103515625,61.5
2021-11-24,,,143.3904266357422,75.36456298828125,10.261902809143066,422.76263427734375,204.8523712158203,62.12446212768555,113.26492309570312,30.455442428588867,1.6749999523162842,15.0,101.19444274902344,,,,18.299999237060547,,,21.177692413330078,,,,77.29058074951172,0.2489062249660492,33.60667037963867,,10.677867889404297,8.140000343322754,98.89241027832031,62.0
2021-11-25,,,141.87306213378906,74.41057586669922,10.525029182434082,422.76263427734375,204.8523712158203,62.59869384765625,113.26492309570312,30.648197174072266,1.690000057220459,15.0,101.51774597167969,,,,18.299999237060547,,,20.72710418701172,,,,79.6469955444336,0.2510156035423279,33.427913665771484,,10.755809783935547,8.0,96.9533462524414,61.0
2021-11-26,,,139.59701538085938,72.50261688232422,10.261902809143066,409.1799011230469,204.8523712158203,62.12446212768555,113.26492309570312,30.35906410217285,1.6100000143051147,14.699999809265137,100.70948791503906,,,,18.399999618530273,,,20.126317977905273,,,,77.29058074951172,0.2489062249660492,32.71287536621094,,10.521986961364746,7.0,95.98381042480469,62.5
2021-11-29,,,139.2176971435547,73.45659637451172,10.174195289611816,414.2734069824219,206.7491455078125,62.12446212768555,113.26492309570312,30.455442428588867,1.649999976158142,15.0,99.9012222290039,,,,18.399999618530273,,,19.97612190246582,,,,76.81929016113281,0.2467968463897705,32.17660140991211,,10.59992790222168,7.0,94.82037353515625,65.0
2021-11-30,,,139.2176971435547,74.41057586669922,10.174195289611816,407.48211669921875,204.8523712158203,62.12446212768555,113.26492309570312,30.262685775756836,1.600000023841858,14.850000381469727,99.41626739501953,,,,18.399999618530273,,,19.97612190246582,,,,77.7618637084961,0.2489062249660492,32.35536193847656,,10.59992790222168,7.199999809265137,96.1777114868164,64.5
2021-12-01,,,142.25242614746094,74.60137176513672,10.4373197555542,400.6907043457031,207.6975555419922,62.12446212768555,113.26492309570312,30.648197174072266,1.7200000286102295,15.100000381469727,99.9012222290039,,,,18.5,,,20.276514053344727,,,,78.23314666748047,0.2510156035423279,33.427913665771484,,10.833749771118164,7.199999809265137,97.4381103515625,65.0
2021-12-02,,,139.2176971435547,74.41057586669922,10.261902809143066,409.1799011230469,204.8523712158203,61.650230407714844,113.26492309570312,30.455442428588867,1.7000000476837158,15.100000381469727,100.22453308105469,,,,18.5,,,20.276514053344727,,,,77.7618637084961,0.2467968463897705,32.71287536621094,,11.067572593688965,8.899999618530273,97.00182342529297,64.5
2021-12-03,,,139.59701538085938,74.41057586669922,10.4373197555542,409.1799011230469,206.7491455078125,61.650230407714844,113.26492309570312,30.455442428588867,1.6749999523162842,15.0,100.70948791503906,,,,18.399999618530273,,,19.97612190246582,,,,78.70443725585938,0.2489062249660492,33.070396423339844,,10.755809783935547,8.899999618530273,96.9533462524414,64.0
2021-12-06,,,141.11439514160156,73.45659637451172,10.4373197555542,409.1799011230469,208.64593505859375,62.12446212768555,113.26492309570312,30.455442428588867,1.7400000095367432,15.0,100.70948791503906,,,,18.5,,,20.126317977905273,,,,78.70443725585938,0.2541796565055847,33.24915313720703,,10.989631652832031,8.899999618530273,97.4381103515625,64.5
2021-12-07,,,141.4937286376953,75.36456298828125,10.700446128845215,419.3669738769531,206.7491455078125,62.59869384765625,113.26492309570312,31.22646713256836,1.809999942779541,15.0,99.57791900634766,,,,18.5,,,19.97612190246582,,,,81.53213500976562,0.25734373927116394,33.427913665771484,,11.145513534545898,8.899999618530273,97.4381103515625,65.0
2021-12-08,,,139.9763641357422,73.93358612060547,10.788154602050781,415.9712829589844,210.542724609375,62.59869384765625,112.29684448242188,31.419219970703125,1.8700000047683716,15.199999809265137,100.22453308105469,,,,18.600000381469727,,,19.67572784423828,,,,81.53213500976562,0.2583984136581421,33.427913665771484,,11.145513534545898,8.899999618530273,97.4381103515625,64.5
2021-12-09,,,140.73504638671875,73.45659637451172,10.612737655639648,415.9712829589844,212.4394989013672,62.36157989501953,112.29684448242188,31.515600204467773,1.8300000429153442,15.300000190734863,100.06288146972656,,,,18.600000381469727,,,19.525531768798828,,,,80.58956909179688,0.2594531178474426,33.785430908203125,,11.145513534545898,9.100000381469727,97.4381103515625,65.0
2021-12-10,,,140.355712890625,74.41057586669922,10.788154602050781,419.3669738769531,209.59432983398438,62.59869384765625,112.29684448242188,31.419219970703125,1.7699999809265137,15.300000190734863,99.01213836669922,,,,18.600000381469727,,,19.525531768798828,,,,82.23905944824219,0.25734373927116394,33.96418762207031,,10.755809783935547,8.5,97.92288208007812,64.0
2021-12-13,,,136.941650390625,73.45659637451172,10.612737655639648,422.76263427734375,206.7491455078125,61.175994873046875,112.29684448242188,31.419219970703125,1.7699999809265137,15.0,98.93131256103516,,,,18.600000381469727,,,19.375333786010742,,,,82.47470092773438,0.25523436069488525,33.785430908203125,,10.911690711975098,8.199999809265137,96.5655288696289,64.5
2021-12-14,,,137.70033264160156,73.93358612060547,10.4373197555542,421.0647888183594,210.542724609375,61.41311264038086,112.29684448242188,31.22646713256836,1.75,14.899999618530273,98.6080093383789,,,,18.700000762939453,,,19.074941635131836,,,,80.1182861328125,0.25523436069488525,33.785430908203125,,10.59992790222168,8.5,96.5655288696289,64.0
2021-12-15,,,138.45899963378906,73.45659637451172,10.525029182434082,424.4604797363281,209.59432983398438,61.41311264038086,111.32876586914062,31.419219970703125,1.7300000190734863,14.699999809265137,98.44635772705078,,,,18.600000381469727,,,19.375333786010742,,,,79.88263702392578,0.25523436069488525,33.785430908203125,,10.521986961364746,9.34000015258789,96.1777114868164,64.0
2021-12-16,,,141.11439514160156,73.45659637451172,10.525029182434082,421.0647888183594,210.542724609375,62.59869384765625,111.32876586914062,31.22646713256836,1.7949999570846558,15.0,98.76966094970703,,,,18.600000381469727,,,19.525531768798828,,,,80.82521057128906,0.25734373927116394,33.60667037963867,,10.59992790222168,9.0,96.9533462524414,63.5
2021-12-17,,,141.4937286376953,73.93358612060547,10.612737655639648,417.66912841796875,210.542724609375,62.12446212768555,111.32876586914062,31.22646713256836,1.809999942779541,15.0,98.28469848632812,,,,18.700000762939453,,,19.67572784423828,,,,82.00341796875,0.25312498211860657,33.96418762207031,,10.521986961364746,9.380000114440918,96.5655288696289,63.0
2021-12-20,,,139.59701538085938,72.97959899902344,10.4373197555542,412.5755920410156,207.6975555419922,61.650230407714844,97.77570343017578,31.033710479736328,1.725000023841858,14.600000381469727,97.63809204101562,,,,18.600000381469727,,,19.150039672851562,,,,80.58956909179688,0.2489062249660492,33.427913665771484,,10.755809783935547,8.800000190734863,95.98381042480469,62.5
2021-12-21,,,139.9763641357422,73.93358612060547,10.4373197555542,428.705078125,208.64593505859375,63.07292556762695,111.32876586914062,31.13008689880371,1.725000023841858,14.5,97.63809204101562,,,,18.700000762939453,,,19.375333786010742,,,,80.58956909179688,0.2510156035423279,33.24915313720703,,10.755809783935547,8.0,95.98381042480469,62.5
2021-12-22,,,140.92471313476562,73.45659637451172,10.4373197555542,424.4604797363281,212.4394989013672,64.49562072753906,106.48838806152344,31.033710479736328,1.75,14.800000190734863,98.6080093383789,,,,18.700000762939453,,,19.525531768798828,,,,80.58956909179688,0.25312498211860657,33.60667037963867,,10.755809783935547,9.199999809265137,96.9533462524414,62.5
2021-12-23,,,142.25242614746094,73.45659637451172,10.612737655639648,428.705078125,214.33628845214844,64.49562072753906,111.32876586914062,31.22646713256836,1.7450000047683716,14.800000190734863,100.06288146972656,,,,19.299999237060547,,,19.67572784423828,,,,80.82521057128906,0.25312498211860657,33.60667037963867,,10.833749771118164,9.180000305175781,97.4381103515625,63.0
2021-12-27,,,143.8456268310547,73.45659637451172,10.700446128845215,428.705078125,214.33628845214844,64.73274230957031,111.32876586914062,31.22646713256836,1.75,14.699999809265137,99.09296417236328,,,,19.600000381469727,,,19.67572784423828,,,,80.35391998291016,0.2541796565055847,33.427913665771484,,10.911690711975098,9.0,96.5655288696289,64.5
2021-12-28,,,144.52845764160156,73.45659637451172,10.875863075256348,428.705078125,214.33628845214844,65.44408416748047,111.32876586914062,31.61197853088379,1.840000033378601,14.899999618530273,99.2546157836914,,,,20.0,,,19.825923919677734,,,,81.53213500976562,0.25523436069488525,33.785430908203125,,11.145513534545898,8.5,96.5655288696289,64.5
2021-12-29,,,144.9077911376953,73.93358612060547,10.963571548461914,428.705078125,216.23304748535156,65.44408416748047,112.29684448242188,31.61197853088379,1.8450000286102295,14.399999618530273,100.87114715576172,,,,20.0,,,19.97612190246582,,,,81.06085205078125,0.25312498211860657,33.785430908203125,,10.911690711975098,9.0,96.9533462524414,65.0
2021-12-30,,,144.52845764160156,74.41057586669922,10.788154602050781,428.705078125,214.33628845214844,64.02139282226562,112.29684448242188,31.99748992919922,1.8200000524520874,14.800000190734863,102.00270080566406,,,,20.0,,,20.126317977905273,,,,80.1182861328125,0.25312498211860657,33.96418762207031,,11.067572593688965,9.180000305175781,97.92288208007812,65.5
2022-01-03,,,144.9077911376953,74.41057586669922,11.138988494873047,424.4604797363281,216.23304748535156,64.96985626220703,112.29684448242188,32.382999420166016,1.8899999856948853,15.600000381469727,101.51774597167969,,,,20.0,,,19.97612190246582,,,,81.06085205078125,0.25523436069488525,33.96418762207031,,11.145513534545898,9.300000190734863,97.4381103515625,66.0
2022-01-04,,,141.87306213378906,72.50261688232422,11.22669792175293,424.4604797363281,220.026611328125,66.20286560058594,106.48838806152344,32.382999420166016,1.9450000524520874,16.0,99.41626739501953,,,,20.200000762939453,,,19.97612190246582,,,,82.00341796875,0.25734373927116394,34.500465393066406,,11.223453521728516,9.300000190734863,96.75944519042969,66.0
2022-01-05,,,141.87306213378906,71.54862976074219,11.22669792175293,421.0647888183594,220.026611328125,65.91831970214844,112.29684448242188,32.382999420166016,1.940000057220459,15.699999809265137,98.76966094970703,,,,20.200000762939453,,,19.525531768798828,,,,82.00341796875,0.25312498211860657,34.41108703613281,,10.911690711975098,9.300000190734863,95.98381042480469,66.0
2022-01-06,,,141.87306213378906,71.54862976074219,11.22669792175293,421.0647888183594,220.026611328125,65.91831970214844,112.29684448242188,32.382999420166016,1.940000057220459,15.699999809265137,98.76966094970703,,,,20.200000762939453,,,19.525531768798828,,,,82.00341796875,0.25312498211860657,34.41108703613281,,10.911690711975098,9.300000190734863,95.98381042480469,66.0
2022-01-07,,,141.11439514160156,71.54862976074219,11.402114868164062,417.66912841796875,219.07823181152344,66.3925552368164,113.26492309570312,32.19024658203125,2.009999990463257,15.699999809265137,98.6080093383789,,,,20.0,,,19.225139617919922,,,,80.1182861328125,0.25312498211860657,34.18763732910156,,11.691097259521484,9.300000190734863,96.5655288696289,67.0
2022-01-10,,,141.4937286376953,73.45659637451172,11.22669792175293,400.6907043457031,218.1298370361328,65.91831970214844,116.16915130615234,32.19024658203125,2.0,15.300000190734863,98.6080093383789,,,,20.0,,,18.924745559692383,,,,80.1182861328125,0.25312498211860657,33.96418762207031,,12.23668098449707,8.5,98.89241027832031,67.5
2022-01-11,,,138.45899963378906,72.02561950683594,11.138988494873047,404.0863952636719,218.1298370361328,65.44408416748047,119.07337951660156,32.382999420166016,1.9600000381469727,15.399999618530273,97.96139526367188,,,,20.0,,,18.77454948425293,,,,80.1182861328125,0.25312498211860657,33.96418762207031,,12.158740997314453,9.319999694824219,96.9533462524414,67.0
2022-01-12,,,139.59701538085938,72.50261688232422,11.138988494873047,402.3885498046875,220.026611328125,65.91831970214844,108.42454528808594,32.19024658203125,1.9299999475479126,15.399999618530273,97.47643280029297,,,,20.0,,,18.77454948425293,,,,80.1182861328125,0.25734373927116394,33.785430908203125,,12.158740997314453,9.300000190734863,97.4381103515625,67.5
2022-01-13,,,139.9763641357422,72.97959899902344,11.138988494873047,404.0863952636719,220.026611328125,66.3925552368164,108.42454528808594,32.19024658203125,1.9500000476837158,15.5,98.93131256103516,,,,20.0,,,18.924745559692383,,,,81.06085205078125,0.25734373927116394,33.427913665771484,,12.392561912536621,9.300000190734863,96.75944519042969,66.5
2022-01-14,,,138.83834838867188,72.97959899902344,11.138988494873047,407.48211669921875,220.026611328125,66.62967681884766,121.00953674316406,32.19024658203125,1.9500000476837158,15.300000190734863,99.2546157836914,,,,20.200000762939453,,,18.77454948425293,,,,80.1182861328125,0.2594531178474426,33.24915313720703,,12.353592872619629,9.0,96.75944519042969,66.0
2022-01-17,,,141.11439514160156,72.97959899902344,11.22669792175293,410.8777770996094,221.92340087890625,67.34101867675781,121.00953674316406,32.19024658203125,1.934999942779541,15.5,100.06288146972656,,,,20.200000762939453,,,18.924745559692383,,,,80.1182861328125,0.263671875,33.427913665771484,,12.353592872619629,9.699999809265137,96.37162780761719,66.0
2022-01-18,,,139.59701538085938,72.97959899902344,11.138988494873047,409.1799011230469,221.92340087890625,67.34101867675781,121.97760772705078,32.09386444091797,1.940000057220459,15.5,99.41626739501953,,,,20.200000762939453,,,18.77454948425293,,,,81.53213500976562,0.2615624666213989,33.785430908203125,,12.392561912536621,12.5,95.98381042480469,66.5
2022-01-19,,,140.73504638671875,72.97959899902344,11.31440544128418,414.2734069824219,223.8201904296875,67.34101867675781,122.94568634033203,32.19024658203125,1.9800000190734863,15.300000190734863,100.70948791503906,,,,20.200000762939453,,,18.924745559692383,,,,82.00341796875,0.2594531178474426,33.60667037963867,,12.392561912536621,11.0,96.5655288696289,67.0
2022-01-20,,,141.11439514160156,71.54862976074219,11.402114868164062,407.48211669921875,221.92340087890625,67.34101867675781,122.94568634033203,32.19024658203125,1.9700000286102295,15.399999618530273,100.70948791503906,,,,20.0,,,18.699451446533203,,,,82.94599151611328,0.2594531178474426,33.427913665771484,,12.392561912536621,10.5,95.98381042480469,67.0
2022-01-21,,,138.83834838867188,71.54862976074219,11.402114868164062,424.4604797363281,223.8201904296875,66.3925552368164,121.00953674316406,31.99748992919922,1.940000057220459,15.100000381469727,100.22453308105469,,,,19.5,,,18.77454948425293,,,,82.94599151611328,0.2594531178474426,33.427913665771484,,12.392561912536621,12.199999809265137,95.78990936279297,67.5
2022-01-24,,,135.8036346435547,71.07164001464844,11.22669792175293,419.3669738769531,216.23304748535156,65.44408416748047,121.00953674316406,31.61197853088379,1.909999966621399,14.600000381469727,99.09296417236328,,,,19.5,,,18.173765182495117,,,,81.06085205078125,0.25523436069488525,32.53411865234375,,11.846977233886719,12.199999809265137,94.82037353515625,65.5
2022-01-25,,,136.5623016357422,70.59465026855469,11.05128002166748,415.1223449707031,214.33628845214844,64.73274230957031,120.04145812988281,31.22646713256836,1.9199999570846558,14.350000381469727,98.76966094970703,,,,19.5,,,17.873371124267578,,,,80.1182861328125,0.2541796565055847,32.71287536621094,,11.691097259521484,11.0,93.75387573242188,65.0
2022-01-26,,,137.70033264160156,72.02561950683594,11.22669792175293,428.705078125,220.026611328125,67.34101867675781,121.00953674316406,31.419219970703125,1.9800000190734863,15.149999618530273,99.41626739501953,,,,19.5,,,18.09866714477539,,,,82.00341796875,0.2583984136581421,33.60667037963867,,12.002859115600586,11.899999618530273,94.04474639892578,65.25
2022-01-27,,,138.0796661376953,72.50261688232422,11.22669792175293,425.7339172363281,219.07823181152344,66.86678314208984,121.00953674316406,31.61197853088379,2.049999952316284,15.100000381469727,100.06288146972656,,,,19.5,,,18.09866714477539,,,,82.47470092773438,0.25734373927116394,33.427913665771484,,12.08080005645752,11.0,93.94779205322266,65.0
2022-01-28,,,136.5623016357422,72.02561950683594,11.22669792175293,422.76263427734375,218.1298370361328,66.15544128417969,121.97760772705078,31.61197853088379,2.049999952316284,15.399999618530273,99.09296417236328,,,,19.399999618530273,,,18.023569107055664,,,,81.76776885986328,0.25523436069488525,33.24915313720703,,12.08080005645752,9.0,94.04474639892578,64.5
2022-01-31,,,136.941650390625,72.50261688232422,11.22669792175293,428.705078125,220.026611328125,65.91831970214844,121.97760772705078,31.419219970703125,2.059999942779541,15.699999809265137,99.57791900634766,,,,19.399999618530273,,,18.173765182495117,,,,82.47470092773438,0.256289005279541,33.427913665771484,,12.158740997314453,11.899999618530273,94.04474639892578,64.0
2022-02-01,,,135.8036346435547,72.02561950683594,11.22669792175293,428.705078125,220.026611328125,66.3925552368164,121.97760772705078,31.61197853088379,2.069999933242798,15.5,99.41626739501953,,,,19.399999618530273,,,18.023569107055664,,,,82.94599151611328,0.256289005279541,33.24915313720703,,12.158740997314453,11.899999618530273,94.04474639892578,63.5
2022-02-02,,,136.5623016357422,71.07164001464844,11.577531814575195,421.0647888183594,220.026611328125,66.3925552368164,121.97760772705078,31.99748992919922,2.130000114440918,15.800000190734863,100.06288146972656,,,,19.100000381469727,,,18.173765182495117,,,,85.77368927001953,0.2594531178474426,33.24915313720703,,11.691097259521484,10.5,94.04474639892578,63.25
2022-02-03,,,136.18296813964844,70.1176528930664,11.665240287780762,416.8201599121094,220.026611328125,66.3925552368164,121.97760772705078,31.99748992919922,2.130000114440918,16.0,100.06288146972656,,,,19.399999618530273,,,18.023569107055664,,,,85.77368927001953,0.25734373927116394,33.24915313720703,,12.08080005645752,10.5,92.68739318847656,62.5
2022-02-04,,,136.941650390625,70.59465026855469,11.840657234191895,414.2734069824219,220.026611328125,66.3925552368164,121.97760772705078,31.99748992919922,2.0799999237060547,15.699999809265137,100.06288146972656,,,,19.0,,,17.873371124267578,,,,85.30241394042969,0.25734373927116394,32.89163589477539,,11.691097259521484,9.5,92.49349212646484,63.0
2022-02-07,,,136.941650390625,70.59465026855469,11.928365707397461,419.3669738769531,218.1298370361328,66.86678314208984,121.97760772705078,32.76851272583008,2.0899999141693115,16.0,99.2546157836914,,,,19.200000762939453,,,17.873371124267578,,,,85.30241394042969,0.2594531178474426,32.71287536621094,,11.535215377807617,11.649999618530273,92.10568237304688,62.75
2022-02-08,,,137.3209991455078,70.59465026855469,11.928365707397461,422.76263427734375,220.026611328125,66.62967681884766,121.97760772705078,32.96126937866211,2.0999999046325684,15.800000190734863,99.41626739501953,,,,19.200000762939453,,,18.32396125793457,,,,85.30241394042969,0.25523436069488525,33.070396423339844,,12.23668098449707,10.800000190734863,91.91177368164062,62.75
2022-02-09,,,141.4937286376953,70.35615539550781,11.928365707397461,424.4604797363281,220.026611328125,66.86678314208984,122.94568634033203,32.76851272583008,2.1600000858306885,16.200000762939453,100.87114715576172,,,,19.200000762939453,,,18.77454948425293,,,,86.2449722290039,0.25734373927116394,33.24915313720703,,12.23668098449707,10.800000190734863,91.33004760742188,62.5
2022-02-10,,,143.3904266357422,70.59465026855469,12.10378360748291,428.705078125,223.8201904296875,66.3925552368164,122.94568634033203,32.96126937866211,2.240000009536743,16.299999237060547,102.16436004638672,,,,19.399999618530273,,,18.77454948425293,,,,86.2449722290039,0.25734373927116394,33.427913665771484,,12.314621925354004,10.199999809265137,90.45747375488281,62.0
2022-02-11,,,144.9077911376953,72.50261688232422,12.10378360748291,432.9496765136719,226.6653594970703,66.86678314208984,123.91376495361328,33.44316101074219,2.25,16.299999237060547,104.26583862304688,,,,19.5,,,19.375333786010742,,,,86.71625518798828,0.2594531178474426,34.14295196533203,,12.158740997314453,11.899999618530273,92.68739318847656,62.5
2022-02-14,,,141.87306213378906,71.54862976074219,12.10378360748291,428.705078125,225.7169647216797,66.62967681884766,123.91376495361328,33.346778869628906,2.200000047683716,16.0,103.45758056640625,,,,19.5,,,19.074941635131836,,,,86.95189666748047,0.2615624666213989,33.785430908203125,,12.314621925354004,11.899999618530273,92.10568237304688,62.0
2022-02-15,,,144.14910888671875,72.50261688232422,12.016074180603027,437.1943054199219,225.7169647216797,67.81525421142578,126.8179931640625,33.5395393371582,2.259999990463257,16.299999237060547,102.64932250976562,,,,19.5,,,19.225139617919922,,,,88.60139465332031,0.267890602350235,34.14295196533203,,12.314621925354004,11.5,92.68739318847656,63.5
2022-02-16,,,144.14910888671875,74.41057586669922,12.191492080688477,449.9281311035156,225.7169647216797,68.28948974609375,126.8179931640625,33.5395393371582,2.2899999618530273,16.450000762939453,103.29593658447266,,,,19.5,,,19.150039672851562,,,,88.83704376220703,0.2657812237739563,34.32170867919922,,12.002859115600586,10.800000190734863,94.52951049804688,65.25
2022-02-17,,,144.14910888671875,74.88756561279297,12.279200553894043,454.1727294921875,229.51052856445312,70.18640899658203,127.78607177734375,33.5395393371582,2.2100000381469727,16.399999618530273,104.26583862304688,,,,19.5,,,19.225139617919922,,,,89.07266998291016,0.2657812237739563,34.14295196533203,,12.002859115600586,11.0,94.62646484375,66.5
2022-02-18,,,143.01109313964844,73.93358612060547,12.36690902709961,458.4173278808594,225.7169647216797,69.23795318603516,128.75413513183594,33.5395393371582,2.190000057220459,16.399999618530273,103.45758056640625,,,,19.299999237060547,,,18.99984359741211,,,,89.07266998291016,0.263671875,34.14295196533203,,12.314621925354004,11.550000190734863,93.26911926269531,67.0
2022-02-21,,,142.25242614746094,72.02561950683594,12.454617500305176,458.4173278808594,227.61375427246094,69.23795318603516,126.8179931640625,33.5395393371582,2.119999885559082,16.100000381469727,102.32601165771484,,,,19.5,,,18.624353408813477,,,,89.54396057128906,0.263671875,33.785430908203125,,12.23668098449707,12.0,89.97270202636719,66.5
2022-02-22,,,141.11439514160156,70.59465026855469,12.36690902709961,458.4173278808594,225.7169647216797,68.28948974609375,126.8179931640625,32.96126937866211,2.1700000762939453,16.100000381469727,102.64932250976562,,,,19.200000762939453,,,18.54925537109375,,,,87.18753814697266,0.26261717081069946,33.60667037963867,,12.08080005645752,10.75,88.22754669189453,64.5
2022-02-23,,,142.6317596435547,73.45659637451172,12.36690902709961,462.66192626953125,227.61375427246094,68.76371765136719,126.8179931640625,33.15402603149414,2.190000057220459,15.600000381469727,103.94254302978516,,,,19.200000762939453,,,18.77454948425293,,,,87.18753814697266,0.2615624666213989,33.24915313720703,,12.08080005645752,11.5,90.9422378540039,64.0
2022-02-24,,,136.18296813964844,70.59465026855469,12.016074180603027,428.705078125,218.1298370361328,66.86678314208984,124.88184356689453,32.57575607299805,1.9900000095367432,14.199999809265137,100.87114715576172,,,,18.399999618530273,,,17.42278289794922,,,,82.94599151611328,0.25312498211860657,31.461565017700195,,11.61315631866455,10.75,88.22754669189453,61.0
2022-02-25,,,140.16604614257812,78.7034912109375,12.279200553894043,445.68353271484375,225.7169647216797,69.0008316040039,130.69029235839844,32.76851272583008,2.130000114440918,15.0,102.00270080566406,,,,19.0,,,17.723175048828125,,,,86.71625518798828,0.2605077922344208,32.35536193847656,,12.002859115600586,10.199999809265137,93.07521057128906,62.5
2022-02-28,,,136.5623016357422,76.31854248046875,12.10378360748291,428.705078125,221.92340087890625,68.28948974609375,130.69029235839844,32.57575607299805,2.0299999713897705,14.699999809265137,102.4876708984375,,,,19.0,,,17.272586822509766,,,,84.3598403930664,0.25523436069488525,31.819082260131836,,11.535215377807617,10.199999809265137,88.22754669189453,61.5
2022-03-01,,,135.42428588867188,74.88756561279297,12.016074180603027,421.0647888183594,216.23304748535156,66.3925552368164,127.78607177734375,32.19024658203125,1.9600000381469727,13.699999809265137,100.54783630371094,,,,18.5,,,16.82199478149414,,,,82.23905944824219,0.24996092915534973,31.282806396484375,,11.301393508911133,11.899999618530273,85.51284790039062,60.5
2022-03-02,,,134.6656036376953,75.84154510498047,11.928365707397461,426.5827941894531,219.07823181152344,67.34101867675781,127.78607177734375,32.382999420166016,1.8799999952316284,13.699999809265137,100.22453308105469,,,,18.700000762939453,,,16.67180061340332,,,,82.47470092773438,0.25312498211860657,31.461565017700195,,11.846977233886719,12.199999809265137,86.09457397460938,60.25
2022-03-03,,,137.70033264160156,75.84154510498047,11.928365707397461,426.5827941894531,220.026611328125,67.34101867675781,127.78607177734375,31.61197853088379,1.909999966621399,13.699999809265137,100.06288146972656,,,,18.700000762939453,,,16.8970947265625,,,,82.94599151611328,0.25312498211860657,31.64032745361328,,11.769038200378418,11.350000381469727,85.9006576538086,60.0
2022-03-04,,,134.28627014160156,74.41057586669922,11.665240287780762,421.0647888183594,216.23304748535156,65.91831970214844,127.78607177734375,31.61197853088379,1.784999966621399,13.300000190734863,99.41626739501953,,,,18.200000762939453,,,16.521602630615234,,,,82.47470092773438,0.24785155057907104,30.925289154052734,,11.691097259521484,11.350000381469727,86.48238372802734,58.5
2022-03-07,,,133.14825439453125,74.41057586669922,11.31440544128418,409.1799011230469,212.4394989013672,64.96985626220703,124.3978042602539,30.840953826904297,1.6299999952316284,12.800000190734863,96.50653076171875,,,,17.799999237060547,,,16.221210479736328,,,,81.06085205078125,0.2446874976158142,30.389013290405273,,11.301393508911133,10.050000190734863,85.12503814697266,55.5
2022-03-08,,,128.9755096435547,72.97959899902344,11.31440544128418,407.48211669921875,212.4394989013672,65.68120574951172,123.91376495361328,30.840953826904297,1.5,12.300000190734863,96.66817474365234,,,,18.0,,,15.470229148864746,,,,79.6469955444336,0.23835936188697815,30.389013290405273,,11.37933349609375,12.0,85.3189468383789,55.0
2022-03-09,,,132.3895721435547,75.36456298828125,11.358260154724121,419.3669738769531,214.33628845214844,65.91831970214844,123.91376495361328,31.322843551635742,1.559999942779541,12.699999809265137,97.79974365234375,,,,18.200000762939453,,,16.221210479736328,,,,81.06085205078125,0.2446874976158142,31.461565017700195,,11.61315631866455,12.0,86.2884750366211,56.0
2022-03-10,,,137.3209991455078,76.31854248046875,11.489824295043945,432.9496765136719,216.23304748535156,66.86678314208984,123.91376495361328,31.99748992919922,1.590000033378601,12.899999618530273,99.41626739501953,,,,18.399999618530273,,,16.37140655517578,,,,81.06085205078125,0.2489062249660492,31.64032745361328,,12.002859115600586,12.100000381469727,87.25800323486328,55.0
2022-03-11,,,140.355712890625,79.18048858642578,11.928365707397461,445.68353271484375,223.8201904296875,68.28948974609375,125.84992218017578,33.20307540893555,1.6549999713897705,13.300000190734863,101.67940521240234,,,,18.700000762939453,,,16.82199478149414,,,,84.83112335205078,0.25461384654045105,32.53411865234375,,12.366155624389648,12.100000381469727,90.55442810058594,56.0
2022-03-14,,,142.25242614746094,83.95040130615234,12.016074180603027,454.1727294921875,226.6653594970703,69.71218872070312,125.84992218017578,33.30189895629883,1.7000000476837158,13.5,101.19444274902344,,,,18.5,,,16.82199478149414,,,,86.2449722290039,0.256735622882843,30.746530532836914,,12.366155624389648,10.100000381469727,93.65692901611328,57.5
2022-03-15,,,142.6317596435547,87.76632690429688,12.191492080688477,449.9281311035156,225.7169647216797,71.13488006591797,125.84992218017578,33.795989990234375,1.75,13.399999618530273,101.19444274902344,,,,18.700000762939453,,,16.67180061340332,,,,85.30241394042969,0.25461384654045105,30.567771911621094,,12.207613945007324,10.0,96.37162780761719,57.0
2022-03-16,,,145.28712463378906,87.2893295288086,12.454617500305176,462.66192626953125,231.40731811523438,72.55757904052734,126.8179931640625,34.58654022216797,1.8350000381469727,13.699999809265137,104.26583862304688,,,,19.399999618530273,,,17.42278289794922,,,,88.13011169433594,0.26097920536994934,31.282806396484375,,12.524696350097656,11.0,96.9533462524414,58.0
2022-03-17,,,143.64080810546875,86.3353500366211,12.630033493041992,466.90655517578125,231.40731811523438,72.08334350585938,126.8179931640625,35.3770866394043,1.7799999713897705,13.800000190734863,102.97262573242188,,,,19.0,,,17.272586822509766,,,,87.65882110595703,0.2588573694229126,31.282806396484375,,12.524696350097656,11.0,96.9533462524414,57.5
2022-03-18,,,145.28713989257812,87.76632690429688,12.630033493041992,479.3433532714844,231.40731811523438,73.03180694580078,126.8179931640625,36.36527633666992,1.850000023841858,13.800000190734863,104.28680419921875,,,,19.600000381469727,,,17.572978973388672,,,,87.65882110595703,0.25461384654045105,31.64032745361328,,12.524696350097656,11.0,97.92288208007812,57.5
2022-03-21,,,142.4060821533203,87.76632690429688,12.717742919921875,470.6279602050781,229.51052856445312,72.08334350585938,123.91376495361328,36.36527633666992,1.7899999618530273,13.699999809265137,104.28680419921875,,,,19.600000381469727,,,17.272586822509766,,,,86.2449722290039,0.25461384654045105,31.64032745361328,,12.366155624389648,11.300000190734863,96.37162780761719,57.0
2022-03-22,,,142.4060821533203,86.81233978271484,12.630033493041992,470.6279602050781,232.41574096679688,73.03180694580078,123.91376495361328,36.56291198730469,1.7899999618530273,13.5,103.43894958496094,,,,19.399999618530273,,,17.12238883972168,,,,86.71625518798828,0.25461384654045105,31.461565017700195,,12.524696350097656,11.300000190734863,95.98381042480469,57.0
2022-03-23,,,144.05239868164062,85.38136291503906,12.805452346801758,466.2702941894531,232.41574096679688,72.55757904052734,121.97760772705078,36.56291198730469,1.7899999618530273,13.600000381469727,105.64337921142578,,,,19.399999618530273,,,17.272586822509766,,,,87.65882110595703,0.256735622882843,31.908464431762695,,12.445425033569336,10.199999809265137,95.98381042480469,56.5
2022-03-24,,,143.43502807617188,84.90438079833984,12.805452346801758,470.6279602050781,232.41574096679688,72.55757904052734,121.97760772705078,36.16763687133789,1.7799999713897705,13.5,105.47381591796875,,,,19.600000381469727,,,17.42278289794922,,,,86.71625518798828,0.256735622882843,31.64032745361328,,12.683236122131348,10.399999618530273,95.01427459716797,56.5
2022-03-25,,,143.8466033935547,83.47340393066406,12.805452346801758,492.4162902832031,232.41574096679688,72.55757904052734,121.97760772705078,35.57472610473633,1.7699999809265137,13.5,106.83038330078125,,,,19.200000762939453,,,17.347684860229492,,,,87.42318725585938,0.2588573694229126,31.461565017700195,,12.841777801513672,10.199999809265137,94.43256378173828,56.0
2022-03-28,,,144.46397399902344,84.90438079833984,12.805452346801758,492.4162902832031,236.28932189941406,73.74315643310547,123.74539947509766,35.87118148803711,1.7999999523162842,13.5,107.6782455444336,,,,19.299999237060547,,,17.572978973388672,,,,88.13011169433594,0.2588573694229126,31.908464431762695,,12.841777801513672,11.899999618530273,95.01427459716797,56.5
2022-03-29,,,144.05239868164062,87.2893295288086,12.893160820007324,488.05865478515625,236.28932189941406,74.92874145507812,123.74539947509766,36.16763687133789,1.8899999856948853,13.5,107.6782455444336,,,,19.399999618530273,,,17.723175048828125,,,,88.13011169433594,0.26097920536994934,31.997840881347656,,12.921046257019043,11.899999618530273,95.40209197998047,56.5
2022-03-30,,,144.05239868164062,89.19729614257812,12.893160820007324,492.4162902832031,234.3525390625,73.98027801513672,123.74539947509766,36.16763687133789,1.8600000143051147,13.5,107.6782455444336,,,,19.600000381469727,,,17.723175048828125,,,,88.60139465332031,0.2588573694229126,31.997840881347656,,13.07958698272705,10.949999809265137,96.9533462524414,57.0
2022-03-31,,,144.05239868164062,90.62826538085938,12.98086929321289,492.4162902832031,236.28932189941406,74.45451354980469,122.76329803466797,36.56291198730469,1.9049999713897705,13.5,107.50868225097656,,,,19.600000381469727,,,17.572978973388672,,,,90.01524353027344,0.25991830229759216,32.17660140991211,,13.317397117614746,11.800000190734863,97.92288208007812,56.5
2022-04-01,,,144.46397399902344,91.58224487304688,13.06857681274414,496.77398681640625,236.28932189941406,73.98027801513672,122.76329803466797,37.15582275390625,1.9320000410079956,13.100000381469727,108.86524963378906,,,,19.600000381469727,,,17.723175048828125,,,,90.95781707763672,0.26097920536994934,32.89163589477539,,13.158858299255371,10.300000190734863,97.4381103515625,56.0
2022-04-04,,,146.52186584472656,93.4902114868164,13.24399471282959,496.77398681640625,238.2261199951172,74.92874145507812,122.76329803466797,37.94637680053711,1.9830000400543213,13.0,110.39139556884766,,,,19.600000381469727,,,17.8358211517334,,,,93.3142318725586,0.26734450459480286,33.427913665771484,,13.475937843322754,10.5,99.8619384765625,56.0
2022-04-05,,,144.87554931640625,94.4441909790039,13.419411659240723,492.4162902832031,238.2261199951172,74.45451354980469,123.74539947509766,38.34164810180664,1.9880000352859497,12.899999618530273,110.2218246459961,,,,19.700000762939453,,,17.6480770111084,,,,93.7855224609375,0.2694662809371948,33.60667037963867,,13.713749885559082,11.199999809265137,100.83148193359375,54.5
2022-04-06,,,144.46397399902344,96.35215759277344,12.98086929321289,479.3433532714844,232.41574096679688,73.50604248046875,120.79907989501953,37.74873733520508,1.9299999475479126,12.5,109.37396240234375,,,,19.700000762939453,,,17.272586822509766,,,,92.37166595458984,0.2652227282524109,32.89163589477539,,13.555209159851074,11.199999809265137,101.31624603271484,53.0
2022-04-07,,,142.81765747070312,94.4441909790039,13.06857681274414,483.70098876953125,234.3525390625,74.45451354980469,123.74539947509766,37.94637680053711,1.996000051498413,12.399999618530273,108.52610778808594,,,,20.0,,,17.6480770111084,,,,92.84294891357422,0.2652227282524109,33.427913665771484,,14.506450653076172,11.899999618530273,101.31624603271484,53.5
2022-04-08,,,144.05239868164062,95.3981704711914,13.594828605651855,488.05865478515625,236.28932189941406,74.45451354980469,123.74539947509766,38.14400863647461,1.9700000286102295,12.0,108.52610778808594,,,,19.799999237060547,,,17.873371124267578,,,,98.0270767211914,0.26734450459480286,34.500465393066406,,14.4271821975708,12.0,100.83148193359375,53.0
2022-04-11,,,141.5829315185547,95.3981704711914,13.682538032531738,488.05865478515625,236.28932189941406,74.92874145507812,123.74539947509766,38.34164810180664,1.968000054359436,12.100000381469727,108.35653686523438,,,,19.899999618530273,,,17.535429000854492,,,,98.0270767211914,0.26734450459480286,34.679222106933594,,14.4271821975708,12.0,101.80101013183594,53.0
2022-04-12,,,141.5829315185547,95.3981704711914,13.682538032531738,488.05865478515625,236.28932189941406,74.92874145507812,123.74539947509766,38.14400863647461,1.9800000190734863,11.800000190734863,107.6782455444336,,,,20.0,,,17.19748878479004,,,,98.0270767211914,0.2694662809371948,34.679222106933594,,13.991194725036621,11.800000190734863,100.34671020507812,55.5
2022-04-13,,,141.5829315185547,95.3981704711914,13.726390838623047,492.4162902832031,236.28932189941406,74.92874145507812,123.74539947509766,38.73692321777344,2.0,11.800000190734863,106.83038330078125,,,,20.200000762939453,,,17.497880935668945,,,,98.96964263916016,0.2694662809371948,34.85798645019531,,14.110099792480469,11.699999809265137,101.31624603271484,56.5
2022-04-14,,,141.5829315185547,95.3981704711914,13.726390838623047,492.4162902832031,236.28932189941406,74.92874145507812,123.74539947509766,38.73692321777344,2.0,11.800000190734863,106.83038330078125,,,,20.200000762939453,,,17.497880935668945,,,,98.96964263916016,0.2694662809371948,34.85798645019531,,14.110099792480469,11.699999809265137,101.31624603271484,56.5
2022-04-19,,,141.5829315185547,95.3981704711914,13.682538032531738,483.70098876953125,236.28932189941406,74.92874145507812,123.74539947509766,38.73692321777344,1.9600000381469727,11.800000190734863,106.49124145507812,,,,20.200000762939453,,,17.272586822509766,,,,98.96964263916016,0.2694662809371948,34.85798645019531,,13.951560974121094,10.5,100.83148193359375,58.0
2022-04-20,,,140.759765625,94.92118835449219,13.770245552062988,479.3433532714844,236.28932189941406,77.77413177490234,121.78118896484375,38.34164810180664,1.9500000476837158,11.800000190734863,105.98252868652344,,,,20.200000762939453,,,17.42278289794922,,,,98.0270767211914,0.2694662809371948,35.21550369262695,,14.189370155334473,11.5,100.34671020507812,58.0
2022-04-22,,,141.9945068359375,94.4441909790039,13.682538032531738,496.77398681640625,236.28932189941406,79.19683074951172,122.76329803466797,38.53928756713867,2.009999990463257,11.699999809265137,107.33910369873047,,,,20.0,,,17.572978973388672,,,,98.0270767211914,0.26734450459480286,35.0367431640625,,13.555209159851074,11.5,100.34671020507812,60.0
2022-04-25,,,139.9365997314453,94.92118835449219,13.682538032531738,493.3695983886719,234.3525390625,78.72260284423828,122.76329803466797,38.34164810180664,2.0299999713897705,11.100000381469727,107.1695327758789,,,,20.0,,,17.12238883972168,,,,98.0270767211914,0.26734450459480286,35.0367431640625,,13.634478569030762,11.5,101.80101013183594,58.5
2022-04-26,,,141.9945068359375,94.4441909790039,14.121081352233887,506.5848388671875,234.3525390625,78.72260284423828,122.76329803466797,38.34164810180664,2.009999990463257,11.0,106.32167053222656,,,,20.0,,,17.272586822509766,,,,98.96964263916016,0.2652227282524109,35.573020935058594,,13.79301929473877,11.0,102.77054595947266,58.0
2022-04-27,,,141.9945068359375,94.92118835449219,14.121081352233887,506.5848388671875,234.3525390625,78.72260284423828,120.79907989501953,38.53928756713867,2.009999990463257,11.100000381469727,106.32167053222656,,,,20.0,,,17.19748878479004,,,,98.96964263916016,0.2631009519100189,34.679222106933594,,14.34791088104248,10.300000190734863,101.80101013183594,58.5
2022-04-28,,,142.81765747070312,93.96720123291016,14.033371925354004,506.5848388671875,234.3525390625,79.19683074951172,120.79907989501953,38.34164810180664,2.0899999141693115,11.100000381469727,105.98252868652344,,,,20.0,,,17.12238883972168,,,,101.7973403930664,0.26734450459480286,34.32170867919922,,14.506450653076172,11.199999809265137,101.80101013183594,58.0
2022-04-29,,,140.3481903076172,93.01322174072266,13.945662498474121,497.77471923828125,232.41574096679688,76.35143280029297,118.83486938476562,37.94637680053711,1.9700000286102295,11.100000381469727,105.64337921142578,,,,20.0,,,17.047290802001953,,,,98.96964263916016,0.2652227282524109,33.51729202270508,,14.4271821975708,11.800000190734863,100.83148193359375,57.75
2022-05-02,,,136.23240661621094,91.58224487304688,13.682538032531738,488.9645080566406,230.47894287109375,73.98027801513672,117.85276794433594,37.55110168457031,1.9500000476837158,10.600000381469727,105.47381591796875,,,,20.0,,,16.8970947265625,,,,96.14193725585938,0.2588573694229126,33.070396423339844,,13.634478569030762,11.699999809265137,99.8619384765625,57.5
2022-05-03,,,139.52503967285156,89.19729614257812,13.682538032531738,488.9645080566406,227.57373046875,74.45451354980469,116.87065887451172,37.74873733520508,1.9500000476837158,10.699999809265137,105.81295776367188,,,,20.0,,,16.972192764282227,,,,98.0270767211914,0.26097920536994934,32.89163589477539,,14.110099792480469,11.699999809265137,99.8619384765625,57.5
2022-05-04,,,139.9365997314453,90.62826538085938,13.419411659240723,471.34417724609375,218.858154296875,72.08334350585938,116.87065887451172,37.55110168457031,1.8700000047683716,10.199999809265137,105.1346664428711,,,,19.899999618530273,,,16.521602630615234,,,,95.19937133789062,0.25461384654045105,31.64032745361328,,13.79301929473877,11.0,100.34671020507812,57.0
2022-05-05,,,138.90765380859375,89.67427825927734,13.331703186035156,471.34417724609375,218.858154296875,71.13488006591797,116.87065887451172,36.95819091796875,1.8799999952316284,10.300000190734863,105.81295776367188,,,,19.5,,,15.995916366577148,,,,96.14193725585938,0.25461384654045105,31.104047775268555,,13.555209159851074,10.5,98.89241027832031,57.0
2022-05-06,,,137.8787078857422,88.72029876708984,12.893160820007324,458.12890625,214.9845428466797,70.18640899658203,115.8885498046875,36.36527633666992,1.7999999523162842,10.300000190734863,104.79551696777344,,,,19.299999237060547,,,15.6204252243042,,,,94.25679779052734,0.2503702640533447,30.389013290405273,,13.555209159851074,11.0,98.40763854980469,57.0
2022-05-09,,,132.1166229248047,87.2893295288086,12.630033493041992,440.508544921875,210.14256286621094,68.0523681640625,116.87065887451172,35.57472610473633,1.7259999513626099,10.0,101.74322509765625,,,,19.399999618530273,,,15.019639015197754,,,,91.90037536621094,0.2461266964673996,29.49521827697754,,12.921046257019043,10.0,95.59600067138672,55.5
2022-05-10,,,131.70504760742188,87.2893295288086,12.542325973510742,449.3187255859375,209.17416381835938,66.3925552368164,116.87065887451172,35.3770866394043,1.7699999809265137,10.0,102.5910873413086,,,,19.5,,,15.320033073425293,,,,93.3142318725586,0.24824845790863037,29.316457748413086,,13.000317573547363,11.0,95.40209197998047,55.5
2022-05-11,,,131.70504760742188,87.2893295288086,12.542325973510742,449.3187255859375,210.14256286621094,66.3925552368164,116.87065887451172,35.57472610473633,1.7899999618530273,9.800000190734863,102.93023681640625,,,,19.100000381469727,,,15.39513111114502,,,,93.3142318725586,0.2503702640533447,29.316457748413086,,13.317397117614746,11.0,95.59600067138672,55.0
2022-05-12,,,129.64715576171875,86.81233978271484,12.279200553894043,440.508544921875,207.23736572265625,65.44408416748047,115.8885498046875,34.784175872802734,1.7120000123977661,9.75,102.25193786621094,,,,19.100000381469727,,,15.094738006591797,,,,91.90037536621094,0.24824845790863037,28.958942413330078,,13.07958698272705,11.0,94.2386474609375,54.5
2022-05-13,,,132.1166229248047,90.15127563476562,12.717742919921875,458.12890625,213.04774475097656,67.1039047241211,115.8885498046875,35.17945098876953,1.7300000190734863,10.0,103.43894958496094,,,,19.299999237060547,,,15.845720291137695,,,,94.25679779052734,0.25461384654045105,29.316457748413086,,13.07958698272705,11.0,96.9533462524414,54.5
2022-05-16,,,131.29347229003906,88.72029876708984,12.717742919921875,462.5339660644531,210.14256286621094,67.81525421142578,115.8885498046875,35.17945098876953,1.7300000190734863,10.0,103.43894958496094,,,,19.299999237060547,,,15.695524215698242,,,,94.25679779052734,0.25461384654045105,29.316457748413086,,13.238128662109375,10.800000190734863,95.78990936279297,54.5
2022-05-17,,,132.52821350097656,88.72029876708984,12.805452346801758,462.5339660644531,211.11094665527344,68.0523681640625,115.8885498046875,35.3770866394043,1.7200000286102295,10.300000190734863,102.93023681640625,,,,19.0,,,15.845720291137695,,,,95.19937133789062,0.256735622882843,28.958942413330078,,13.238128662109375,10.800000190734863,95.98381042480469,54.5
2022-05-18,,,131.29347229003906,87.2893295288086,12.36690902709961,444.9136657714844,209.17416381835938,66.86678314208984,116.87065887451172,34.981815338134766,1.656000018119812,9.850000381469727,101.91279602050781,,,,18.600000381469727,,,15.770622253417969,,,,91.66474151611328,0.2535529136657715,28.601423263549805,,12.762506484985352,10.899999618530273,94.04474639892578,53.5
2022-05-19,,,129.64715576171875,86.81233978271484,11.928365707397461,435.22247314453125,201.42697143554688,64.96985626220703,112.94223022460938,34.38890075683594,1.6399999856948853,9.600000381469727,100.04750061035156,,,,18.399999618530273,,,15.545328140258789,,,,88.60139465332031,0.2461266964673996,28.06514549255371,,12.366155624389648,10.899999618530273,92.68739318847656,53.0
2022-05-20,,,128.00083923339844,89.19729614257812,12.10378360748291,440.508544921875,203.36376953125,64.49562072753906,109.99591064453125,34.38890075683594,1.6679999828338623,9.649999618530273,100.55622100830078,,,,18.299999237060547,,,15.545328140258789,,,,89.54396057128906,0.24824845790863037,28.06514549255371,,12.683236122131348,10.899999618530273,93.26911926269531,53.25
2022-05-23,,,131.70504760742188,90.15127563476562,12.10378360748291,443.151611328125,203.36376953125,64.02139282226562,108.03170013427734,34.58654022216797,1.6799999475479126,9.699999809265137,101.40408325195312,,,,18.299999237060547,,,15.470229148864746,,,,90.01524353027344,0.2503702640533447,28.06514549255371,,12.524696350097656,10.899999618530273,93.07521057128906,53.0
2022-05-24,,,130.47030639648438,89.19729614257812,11.928365707397461,426.4122619628906,199.49017333984375,61.650230407714844,108.03170013427734,34.191261291503906,1.5700000524520874,9.5,99.8779296875,,,,17.700000762939453,,,15.24493408203125,,,,87.65882110595703,0.24400490522384644,27.70762825012207,,12.683236122131348,9.899999618530273,92.10568237304688,52.5
2022-05-25,,,130.05873107910156,92.05924224853516,11.928365707397461,431.6983947753906,201.42697143554688,62.12446212768555,108.03170013427734,34.191261291503906,1.590000033378601,9.399999618530273,99.19963836669922,,,,17.399999618530273,,,15.320033073425293,,,,87.65882110595703,0.24188312888145447,27.70762825012207,,12.445425033569336,8.699999809265137,92.68739318847656,52.0
2022-05-27,,,132.52821350097656,92.53622436523438,11.752947807312012,440.508544921875,205.30056762695312,63.54716110229492,109.01380920410156,34.191261291503906,1.6200000047683716,9.550000190734863,100.04750061035156,,,,17.799999237060547,,,14.8694429397583,,,,89.07266998291016,0.2503702640533447,28.06514549255371,,12.445425033569336,10.800000190734863,94.43256378173828,52.0
2022-05-30,,,134.58609008789062,92.05924224853516,12.016074180603027,449.3187255859375,211.11094665527344,65.44408416748047,109.01380920410156,34.191261291503906,1.6260000467300415,9.399999618530273,100.8953628540039,,,,17.600000381469727,,,14.8694429397583,,,,90.01524353027344,0.2524920105934143,29.405838012695312,,12.603964805603027,10.800000190734863,94.04474639892578,51.5
2022-05-31,,,133.35134887695312,90.62826538085938,11.928365707397461,436.9844970703125,211.11094665527344,65.91831970214844,109.01380920410156,34.191261291503906,1.5700000524520874,9.5,99.19963836669922,,,,17.399999618530273,,,14.644148826599121,,,,89.54396057128906,0.2503702640533447,29.49521827697754,,12.524696350097656,10.5,93.26911926269531,51.5
2022-06-01,,,132.1166229248047,90.62826538085938,11.928365707397461,439.6275634765625,211.11094665527344,65.91831970214844,109.01380920410156,34.191261291503906,1.5700000524520874,9.449999809265137,100.38665008544922,,,,17.700000762939453,,,14.681696891784668,,,,90.01524353027344,0.2514311671257019,29.49521827697754,,12.524696350097656,10.5,92.88130950927734,51.5
2022-06-02,,,132.1166229248047,90.15127563476562,11.928365707397461,441.830078125,211.11094665527344,64.49562072753906,109.99591064453125,33.795989990234375,1.590000033378601,9.300000190734863,100.38665008544922,,,,17.600000381469727,,,14.7755708694458,,,,89.07266998291016,0.2524920105934143,29.316457748413086,,12.603964805603027,10.5,93.07521057128906,52.5
2022-06-03,,,131.70504760742188,88.72029876708984,11.928365707397461,439.6275634765625,203.36376953125,64.49562072753906,109.99591064453125,33.795989990234375,1.5540000200271606,9.300000190734863,100.55622100830078,,,,17.700000762939453,,,14.681696891784668,,,,88.60139465332031,0.25461384654045105,29.137699127197266,,12.524696350097656,10.5,92.59044647216797,59.5
2022-06-07,,,130.8818817138672,87.76632690429688,11.928365707397461,444.9136657714844,203.36376953125,64.02139282226562,109.99591064453125,33.993629455566406,1.5700000524520874,9.5,99.70835876464844,,,,17.799999237060547,,,14.831893920898438,,,,87.65882110595703,0.25461384654045105,29.137699127197266,,12.207613945007324,10.899999618530273,92.10568237304688,59.5
2022-06-08,,,130.05873107910156,88.2433090209961,11.752947807312012,444.9136657714844,203.36376953125,64.02139282226562,109.99591064453125,33.993629455566406,1.590000033378601,9.75,101.57365417480469,,,,17.799999237060547,,,14.831893920898438,,,,87.18753814697266,0.256735622882843,29.137699127197266,,12.207613945007324,10.899999618530273,92.68739318847656,60.0
2022-06-09,,,131.70504760742188,88.2433090209961,11.752947807312012,444.9136657714844,199.49017333984375,63.54716110229492,109.01380920410156,33.894805908203125,1.559999942779541,9.850000381469727,103.09980010986328,,,,17.799999237060547,,,14.79434585571289,,,9.989999771118164,88.13011169433594,0.2588573694229126,29.316457748413086,,12.207613945007324,10.0,92.29957580566406,61.0
2022-06-10,,,133.35134887695312,89.67427825927734,12.016074180603027,440.9490661621094,201.42697143554688,63.07292556762695,109.01380920410156,33.993629455566406,1.5360000133514404,10.199999809265137,103.77809143066406,,,,17.5,,,14.719246864318848,,,9.989999771118164,89.54396057128906,0.2588573694229126,29.49521827697754,,12.286885261535645,10.800000190734863,96.9533462524414,61.5
2022-06-13,,,130.8818817138672,88.2433090209961,11.840657234191895,429.0553283691406,201.42697143554688,63.07292556762695,106.06748962402344,33.795989990234375,1.4980000257492065,10.0,102.25193786621094,,,,17.5,,,14.268657684326172,,,9.8100004196167,88.60139465332031,0.256735622882843,29.49521827697754,,12.128344535827637,10.0,95.78990936279297,57.5
2022-06-14,,,129.64715576171875,88.72029876708984,11.928365707397461,421.12615966796875,201.42697143554688,62.59869384765625,106.06748962402344,33.993629455566406,1.468000054359436,9.899999618530273,101.23451232910156,,,,17.5,,,14.268657684326172,,,9.829999923706055,87.18753814697266,0.2524920105934143,29.137699127197266,,12.128344535827637,10.0,96.37162780761719,56.5
2022-06-15,,,130.8818817138672,87.76632690429688,11.928365707397461,422.88824462890625,199.49017333984375,61.650230407714844,108.03170013427734,33.795989990234375,1.4700000286102295,10.0,102.0823745727539,,,,17.5,,,14.193559646606445,,,9.859999656677246,86.2449722290039,0.2524920105934143,29.137699127197266,,12.128344535827637,10.0,94.62646484375,57.0
2022-06-16,,,128.00083923339844,85.85836029052734,11.752947807312012,414.07806396484375,192.7113800048828,60.70176315307617,109.01380920410156,33.40071487426758,1.3899999856948853,9.600000381469727,99.70835876464844,,,,17.0,,,13.85561752319336,,,9.819999694824219,83.88855743408203,0.2461266964673996,27.886388778686523,,12.366155624389648,10.5,92.49349212646484,56.0
2022-06-20,,,126.14872741699219,85.85836029052734,11.752947807312012,414.07806396484375,193.67977905273438,61.175994873046875,109.01380920410156,33.20307540893555,1.4299999475479126,9.5,99.5387954711914,,,,17.0,,,13.742969512939453,,,9.770000457763672,83.88855743408203,0.2461266964673996,27.70762825012207,,12.207613945007324,10.5,93.07521057128906,57.0
2022-06-21,,,126.76610565185547,85.85836029052734,11.752947807312012,405.26788330078125,192.7113800048828,61.650230407714844,106.06748962402344,33.20307540893555,1.4220000505447388,9.550000190734863,100.04750061035156,,,,17.100000381469727,,,13.780519485473633,4.54852819442749,,9.5600004196167,83.88855743408203,0.2503702640533447,27.886388778686523,,12.286885261535645,10.5,93.46302032470703,56.0
2022-06-22,,,128.00083923339844,83.95040130615234,11.752947807312012,405.26788330078125,199.49017333984375,61.41311264038086,106.06748962402344,33.20307540893555,1.4149999618530273,9.475000381469727,100.04750061035156,,,,17.0,,,13.76174545288086,4.538703918457031,,9.40999984741211,84.3598403930664,0.24824845790863037,28.06514549255371,,11.969804763793945,9.5,92.29957580566406,57.0
2022-06-23,1332.0,,127.58926391601562,83.47340393066406,11.752947807312012,410.553955078125,199.49017333984375,62.59869384765625,108.03170013427734,33.20307540893555,1.4259999990463257,9.5,99.70835876464844,,,,17.100000381469727,,,13.742969512939453,4.440463542938232,,9.420000076293945,83.88855743408203,0.24824845790863037,27.975765228271484,,12.128344535827637,8.0,92.10568237304688,57.5
2022-06-24,1332.0,,127.58926391601562,83.47340393066406,11.752947807312012,410.553955078125,199.49017333984375,62.59869384765625,108.03170013427734,33.20307540893555,1.4259999990463257,9.5,99.70835876464844,,,,17.100000381469727,,,13.742969512939453,4.440463542938232,,9.420000076293945,83.88855743408203,0.24824845790863037,27.975765228271484,,12.128344535827637,8.0,92.10568237304688,57.5
2022-06-27,1310.0,,131.70504760742188,83.47340393066406,12.016074180603027,417.60211181640625,209.17416381835938,64.49562072753906,109.01380920410156,33.993629455566406,1.465000033378601,9.699999809265137,103.09980010986328,,,,17.0,,,14.569050788879395,4.54852819442749,,9.600000381469727,86.2449722290039,0.256735622882843,29.67397689819336,,12.128344535827637,9.0,93.85083770751953,60.0
2022-06-28,1310.0,,131.70504760742188,83.47340393066406,12.016074180603027,415.840087890625,209.17416381835938,65.44408416748047,109.99591064453125,33.993629455566406,1.4639999866485596,9.800000190734863,103.60851287841797,,,,17.200000762939453,,,14.644148826599121,4.509232044219971,,9.75,85.77368927001953,0.25461384654045105,29.49521827697754,,13.238128662109375,9.0,93.85083770751953,59.0
2022-06-29,1297.0,,131.70504760742188,82.99641418457031,12.016074180603027,408.7919616699219,205.30056762695312,63.07292556762695,109.99591064453125,33.795989990234375,1.4320000410079956,9.75,102.0823745727539,,,,17.200000762939453,,,14.381304740905762,4.445375919342041,,9.75,84.3598403930664,0.2535529136657715,29.67397689819336,,13.238128662109375,9.0,92.68739318847656,59.5
2022-06-30,1250.0,,129.64715576171875,82.51942443847656,12.016074180603027,403.505859375,201.42697143554688,61.650230407714844,109.99591064453125,33.795989990234375,1.4500000476837158,9.550000190734863,101.74322509765625,,,,17.0,,,14.193559646606445,4.342223167419434,,9.6899995803833,84.3598403930664,0.2503702640533447,29.316457748413086,,13.158858299255371,9.0,91.33004760742188,58.0
2022-07-01,1200.0,,132.52821350097656,82.51942443847656,12.016074180603027,406.14892578125,201.42697143554688,62.36157989501953,112.94223022460938,33.795989990234375,1.4450000524520874,9.550000190734863,100.8953628540039,,,,16.899999618530273,,,14.249883651733398,4.361871242523193,,9.949999809265137,84.3598403930664,0.2503702640533447,29.49521827697754,,12.683236122131348,10.0,91.23309326171875,58.5
2022-07-04,1208.0,,132.1166229248047,82.51942443847656,12.016074180603027,408.7919616699219,200.4585723876953,63.07292556762695,112.94223022460938,33.795989990234375,1.4299999475479126,9.550000190734863,100.04750061035156,,,,17.0,,,14.306206703186035,4.352046966552734,,9.930000305175781,84.3598403930664,0.24930936098098755,29.49521827697754,,12.683236122131348,8.0,91.13613891601562,58.5
2022-07-05,1200.0,,133.35134887695312,82.99641418457031,11.840657234191895,407.0299072265625,201.42697143554688,63.07292556762695,112.94223022460938,33.40071487426758,1.4500000476837158,9.449999809265137,100.38665008544922,,,,17.0,,,14.268657684326172,4.298015117645264,,10.039999961853027,83.41727447509766,0.2524920105934143,29.316457748413086,,12.762506484985352,8.100000381469727,91.71786499023438,58.5
2022-07-06,1195.0,,136.23240661621094,83.47340393066406,12.016074180603027,414.07806396484375,205.30056762695312,64.02139282226562,112.94223022460938,33.20307540893555,1.600000023841858,9.5,104.11723327636719,,,,17.0,,,14.831893920898438,4.376607418060303,,10.079999923706055,84.83112335205078,0.2524920105934143,30.031492233276367,,13.158858299255371,10.0,92.29957580566406,59.0
2022-07-07,1202.0,,139.52503967285156,83.95040130615234,12.191492080688477,453.72381591796875,211.11094665527344,65.91831970214844,113.9243392944336,33.40071487426758,1.6039999723434448,9.600000381469727,105.81295776367188,,,,17.200000762939453,,,15.24493408203125,4.332398891448975,,10.199999809265137,86.71625518798828,0.2524920105934143,30.925289154052734,,13.158858299255371,8.300000190734863,92.68739318847656,58.5
2022-07-08,1180.0,,141.9945068359375,85.85836029052734,12.630033493041992,480.1543273925781,213.04774475097656,67.81525421142578,113.9243392944336,33.598350524902344,1.5740000009536743,9.600000381469727,106.83038330078125,,,,17.200000762939453,,,15.6204252243042,4.327487468719482,,10.319999694824219,86.71625518798828,0.2524920105934143,31.461565017700195,,13.317397117614746,8.300000190734863,93.46302032470703,58.5
2022-07-11,1130.0,,142.4060821533203,85.85836029052734,12.542325973510742,475.749267578125,214.9845428466797,68.28948974609375,112.94223022460938,33.598350524902344,1.5399999618530273,9.649999618530273,105.98252868652344,,,,17.200000762939453,,,15.6204252243042,4.366783618927002,,10.239999771118164,87.18753814697266,0.25461384654045105,32.17660140991211,,13.555209159851074,9.800000190734863,100.34671020507812,58.5
2022-07-12,1027.0,,141.9945068359375,86.3353500366211,13.06857681274414,471.34417724609375,216.92135620117188,69.23795318603516,112.94223022460938,33.598350524902344,1.590000033378601,9.5,106.32167053222656,,,,17.200000762939453,,,15.6204252243042,4.327487468719482,,10.199999809265137,87.18753814697266,0.25461384654045105,32.35536193847656,,13.555209159851074,9.899999618530273,101.80101013183594,58.5
2022-07-13,1020.5,,141.5829315185547,85.85836029052734,13.24399471282959,480.1543273925781,218.858154296875,70.18640899658203,112.94223022460938,33.40071487426758,1.6699999570846558,9.800000190734863,107.33910369873047,,,,17.200000762939453,,,15.695524215698242,4.371695041656494,,10.199999809265137,88.13011169433594,0.256735622882843,32.35536193847656,,13.475937843322754,9.0,100.83148193359375,58.5
2022-07-14,1005.0,,139.9365997314453,84.90438079833984,12.98086929321289,475.749267578125,213.04774475097656,67.81525421142578,112.94223022460938,33.20307540893555,1.659999966621399,9.75,106.49124145507812,,,,17.5,,,15.320033073425293,4.371695041656494,,10.300000190734863,86.71625518798828,0.256735622882843,32.17660140991211,,13.396668434143066,9.0,100.34671020507812,58.5
2022-07-15,1010.0,,139.9365997314453,84.42738342285156,13.24399471282959,475.749267578125,213.04774475097656,69.23795318603516,112.94223022460938,33.20307540893555,1.690000057220459,9.75,105.64337921142578,,,,17.5,,,15.470229148864746,4.342223167419434,,10.180000305175781,86.71625518798828,0.25461384654045105,31.819082260131836,,13.79301929473877,9.0,100.34671020507812,58.0
2022-07-18,975.0,,141.9945068359375,84.42738342285156,13.419411659240723,480.1543273925781,214.9845428466797,70.18640899658203,112.94223022460938,33.40071487426758,1.7699999809265137,9.75,105.47381591796875,,,,17.5,,,15.545328140258789,4.371695041656494,,10.180000305175781,87.18753814697266,0.2333959937095642,32.53411865234375,,13.634478569030762,9.0,99.37718200683594,58.0
2022-07-19,982.0,,143.22923278808594,84.90438079833984,13.419411659240723,480.1543273925781,214.9845428466797,69.71218872070312,112.94223022460938,33.20307540893555,1.7899999618530273,9.800000190734863,105.98252868652344,,,,17.5,,,15.770622253417969,4.361871242523193,,10.180000305175781,86.2449722290039,0.23233512043952942,32.53411865234375,,13.634478569030762,8.5,98.89241027832031,58.5
2022-07-20,1005.0,,144.05239868164062,83.95040130615234,13.419411659240723,475.749267578125,213.04774475097656,68.76371765136719,112.94223022460938,33.00544357299805,1.746000051498413,9.850000381469727,105.47381591796875,,,,17.5,,,15.24493408203125,4.342223167419434,,10.140000343322754,84.83112335205078,0.2270306646823883,31.819082260131836,,13.555209159851074,8.0,98.40763854980469,58.5
2022-07-21,1074.0,,144.46397399902344,83.47340393066406,13.331703186035156,480.1543273925781,214.9845428466797,69.23795318603516,112.94223022460938,33.00544357299805,1.7899999618530273,9.850000381469727,105.1346664428711,,,,17.5,,,15.169836044311523,4.352046966552734,,10.300000190734863,84.83112335205078,0.22915244102478027,31.461565017700195,,13.79301929473877,9.899999618530273,97.92288208007812,58.5
2022-07-22,1098.0,,142.81765747070312,82.51942443847656,13.331703186035156,475.749267578125,213.04774475097656,67.34101867675781,112.94223022460938,33.20307540893555,1.843999981880188,9.850000381469727,104.6259536743164,,,,17.200000762939453,,,14.944540977478027,4.342223167419434,,10.199999809265137,85.77368927001953,0.2270306646823883,31.64032745361328,,13.79301929473877,9.899999618530273,98.89241027832031,58.5
2022-07-25,1074.0,,143.64080810546875,82.51942443847656,13.156286239624023,475.749267578125,213.04774475097656,68.28948974609375,112.94223022460938,32.807804107666016,1.8020000457763672,9.800000190734863,104.96510314941406,,,,17.399999618530273,,,14.982090950012207,4.332398891448975,,10.144000053405762,85.77368927001953,0.23763957619667053,31.64032745361328,,14.110099792480469,9.899999618530273,97.92288208007812,62.0
2022-07-26,1075.0,,143.22923278808594,82.51942443847656,13.156286239624023,475.749267578125,214.0161590576172,68.28948974609375,116.87065887451172,32.41252899169922,1.8020000457763672,9.850000381469727,105.1346664428711,,,,17.399999618530273,,,15.094738006591797,4.2734551429748535,,10.140000343322754,85.77368927001953,0.2397613674402237,31.64032745361328,,13.555209159851074,9.399999618530273,97.92288208007812,62.0
2022-07-27,1080.0,,142.81765747070312,82.51942443847656,13.200140953063965,471.34417724609375,211.11094665527344,68.28948974609375,116.87065887451172,32.01725387573242,1.8240000009536743,9.800000190734863,105.64337921142578,,,,17.299999237060547,,,15.019639015197754,4.248894691467285,,10.25,85.77368927001953,0.23551781475543976,31.59563446044922,,13.674113273620605,9.399999618530273,97.92288208007812,61.0
2022-07-28,1086.0,,143.64080810546875,83.95040130615234,13.24399471282959,484.5594482421875,215.9529571533203,68.28948974609375,116.87065887451172,32.41252899169922,1.909999966621399,9.800000190734863,106.49124145507812,,,,17.299999237060547,,,15.320033073425293,4.234158992767334,,10.199999809265137,84.83112335205078,0.2397613674402237,31.461565017700195,,13.674113273620605,8.5,99.8619384765625,61.0
2022-07-29,1104.0,,145.28713989257812,84.42738342285156,13.594828605651855,484.5594482421875,218.858154296875,69.23795318603516,117.85276794433594,32.41252899169922,1.9639999866485596,9.850000381469727,108.52610778808594,,,,18.100000381469727,,,15.24493408203125,4.234158992767334,,10.199999809265137,86.2449722290039,0.24188312888145447,31.461565017700195,,13.872288703918457,9.0,100.34671020507812,65.0
2022-08-02,1090.0,,143.64080810546875,84.90438079833984,13.507120132446289,480.1543273925781,214.9845428466797,68.76371765136719,117.85276794433594,32.41252899169922,1.8700000047683716,9.850000381469727,107.33910369873047,,,,17.899999618530273,,,15.24493408203125,4.185039043426514,,10.300000190734863,86.2449722290039,0.23870044946670532,31.64032745361328,,13.79301929473877,9.0,100.83148193359375,65.0
2022-08-03,1078.0,,143.64080810546875,84.90438079833984,13.331703186035156,506.5848388671875,216.92135620117188,67.34101867675781,117.85276794433594,32.41252899169922,1.9299999475479126,9.850000381469727,107.6782455444336,,,,17.700000762939453,,,15.24493408203125,4.165390491485596,,10.199999809265137,85.77368927001953,0.24400490522384644,31.64032745361328,,13.79301929473877,8.25,100.83148193359375,65.0
2022-08-04,1030.0,,144.46397399902344,85.57215881347656,13.770245552062988,510.9898986816406,214.9845428466797,68.76371765136719,117.85276794433594,32.610164642333984,1.9759999513626099,9.800000190734863,108.18696594238281,,,,17.899999618530273,,,15.39513111114502,4.224335193634033,,10.449999809265137,86.71625518798828,0.2461266964673996,31.461565017700195,,13.634478569030762,8.5,100.83148193359375,67.0
2022-08-05,1025.0,,144.05239868164062,85.85836029052734,13.945662498474121,510.9898986816406,214.9845428466797,69.47506713867188,115.8885498046875,33.20307540893555,1.9700000286102295,9.800000190734863,108.18696594238281,,,,17.700000762939453,,,15.39513111114502,4.263631343841553,,10.399999618530273,87.18753814697266,0.24824845790863037,31.64032745361328,,13.634478569030762,8.399999618530273,100.83148193359375,68.0
2022-08-08,1045.0,,146.1102752685547,87.2893295288086,13.594828605651855,506.5848388671875,213.04774475097656,69.23795318603516,115.8885498046875,33.40071487426758,1.9700000286102295,9.550000190734863,108.18696594238281,,,,17.700000762939453,,,15.995916366577148,4.361871242523193,,10.399999618530273,90.48652648925781,0.2524920105934143,31.997840881347656,,13.951560974121094,8.800000190734863,102.77054595947266,69.0
2022-08-09,1065.0,,145.28713989257812,91.58224487304688,13.594828605651855,502.1797180175781,211.11094665527344,68.76371765136719,115.8885498046875,33.40071487426758,1.9539999961853027,9.5,109.37396240234375,,,,17.899999618530273,,,16.221210479736328,4.342223167419434,,10.300000190734863,89.07266998291016,0.23551781475543976,32.17660140991211,,13.951560974121094,9.0,105.19438171386719,68.0
2022-08-10,1060.0,,147.3450164794922,90.62826538085938,13.594828605651855,510.9898986816406,214.9845428466797,68.76371765136719,115.8885498046875,33.993629455566406,1.9700000286102295,9.399999618530273,110.73055267333984,,,,17.899999618530273,,,16.446504592895508,4.460111618041992,,10.399999618530273,91.90037536621094,0.21642175316810608,32.35536193847656,,14.268640518188477,8.5,106.648681640625,68.0
2022-08-11,1075.0,,145.28713989257812,89.19729614257812,13.507120132446289,502.1797180175781,218.858154296875,69.71218872070312,115.8885498046875,34.191261291503906,1.9800000190734863,9.399999618530273,109.7131118774414,,,,17.899999618530273,,,16.67180061340332,4.65659236907959,,10.399999618530273,91.4291000366211,0.22066530585289001,32.53411865234375,,14.268640518188477,8.0,107.61820983886719,68.5
2022-08-12,1060.0,,144.87554931640625,89.67427825927734,13.594828605651855,506.5848388671875,218.858154296875,69.23795318603516,115.8885498046875,34.191261291503906,1.9500000476837158,9.199999809265137,110.56097412109375,,,,17.799999237060547,,,16.446504592895508,4.578000068664551,,10.300000190734863,92.37166595458984,0.22915244102478027,32.53411865234375,,14.268640518188477,8.5,108.10298156738281,68.5
2022-08-15,1130.0,,146.52186584472656,89.67427825927734,13.594828605651855,502.1797180175781,218.858154296875,69.71218872070312,115.8885498046875,34.191261291503906,1.9500000476837158,9.449999809265137,111.06968688964844,,,,18.0,,,16.67180061340332,4.578000068664551,,10.300000190734863,90.95781707763672,0.2270306646823883,32.53411865234375,,14.030830383300781,8.5,108.10298156738281,70.0
2022-08-16,1325.0,,146.52186584472656,91.58224487304688,13.507120132446289,506.5848388671875,220.79495239257812,69.71218872070312,115.8885498046875,34.38890075683594,2.0,9.550000190734863,111.91754913330078,,,,18.100000381469727,,,16.596702575683594,4.578000068664551,,10.300000190734863,91.90037536621094,0.22915244102478027,32.89163589477539,,14.030830383300781,8.5,110.52681732177734,69.75
2022-08-17,1315.0,,145.69869995117188,92.53622436523438,13.419411659240723,502.1797180175781,220.79495239257812,69.71218872070312,115.8885498046875,34.191261291503906,2.0,9.800000190734863,111.06968688964844,,,,18.100000381469727,,,16.67180061340332,4.5976481437683105,,10.350000381469727,91.90037536621094,0.2270306646823883,32.71287536621094,,13.872288703918457,8.5,113.92018127441406,70.0
2022-08-18,1235.0,,146.52186584472656,93.96720123291016,13.419411659240723,515.39501953125,218.858154296875,69.23795318603516,115.8885498046875,34.191261291503906,2.075000047683716,9.699999809265137,112.08711242675781,,,,18.100000381469727,,,16.746896743774414,4.63694429397583,,10.300000190734863,90.95781707763672,0.23127421736717224,32.89163589477539,,14.110099792480469,8.399999618530273,115.37448120117188,69.5
2022-08-19,1195.0,,146.9334259033203,94.4441909790039,13.419411659240723,528.6102905273438,214.9845428466797,69.71218872070312,116.87065887451172,34.191261291503906,2.0899999141693115,9.449999809265137,112.42627716064453,,,,18.200000762939453,,,16.37140655517578,4.67624044418335,,10.350000381469727,90.48652648925781,0.23127421736717224,32.98101806640625,,14.110099792480469,8.399999618530273,117.7983169555664,69.0
2022-08-22,1190.0,,145.69869995117188,92.53622436523438,12.630033493041992,537.42041015625,213.04774475097656,69.23795318603516,116.87065887451172,33.40071487426758,2.009999990463257,9.5,111.57841491699219,,,,18.0,,,16.221210479736328,4.65659236907959,,10.350000381469727,90.01524353027344,0.22915244102478027,32.35536193847656,,13.872288703918457,7.699999809265137,115.37448120117188,69.0
2022-08-23,1215.0,,146.52186584472656,93.4902114868164,12.454617500305176,541.8255615234375,214.9845428466797,68.76371765136719,115.8885498046875,33.20307540893555,1.965999960899353,9.5,111.91754913330078,,,,18.200000762939453,,,15.845720291137695,4.65659236907959,,10.449999809265137,90.95781707763672,0.23127421736717224,32.53411865234375,,13.713749885559082,8.0,117.31354522705078,68.0
2022-08-24,1230.0,,146.1102752685547,93.4902114868164,12.016074180603027,528.6102905273438,211.11094665527344,67.34101867675781,115.8885498046875,32.807804107666016,1.9739999771118164,9.149999618530273,112.42627716064453,,,,18.100000381469727,,,15.6204252243042,4.61729621887207,,10.350000381469727,89.54396057128906,0.2270306646823883,31.819082260131836,,14.030830383300781,8.100000381469727,116.34400939941406,69.5
2022-08-25,1300.0,,146.52186584472656,94.92118835449219,12.10378360748291,533.0153198242188,211.11094665527344,68.28948974609375,115.8885498046875,32.610164642333984,1.9900000095367432,9.199999809265137,111.23925018310547,,,,18.899999618530273,,,15.845720291137695,4.735184669494629,,10.550000190734863,90.95781707763672,0.2270306646823883,32.17660140991211,,14.189370155334473,8.100000381469727,117.7983169555664,69.0
2022-08-26,1290.0,,143.64080810546875,93.4902114868164,12.016074180603027,533.0153198242188,207.23736572265625,66.3925552368164,105.08538055419922,32.41252899169922,1.9500000476837158,9.050000190734863,112.2566909790039,,,,18.799999237060547,,,15.770622253417969,4.5190558433532715,,10.449999809265137,90.95781707763672,0.22490888833999634,32.17660140991211,,13.872288703918457,8.100000381469727,118.7678451538086,68.5
2022-08-29,1290.0,,142.4060821533203,93.01322174072266,11.928365707397461,524.2052001953125,203.36376953125,65.44408416748047,106.06748962402344,32.41252899169922,1.8899999856948853,9.0,109.8826904296875,,,,18.5,,,15.169836044311523,4.401167392730713,,10.350000381469727,90.48652648925781,0.22278711199760437,31.64032745361328,,13.634478569030762,8.399999618530273,116.34400939941406,68.5
2022-08-30,1275.0,,144.05239868164062,91.10525512695312,11.840657234191895,524.2052001953125,201.42697143554688,65.44408416748047,106.06748962402344,31.424341201782227,1.8799999952316284,8.949999809265137,111.06968688964844,,,,18.799999237060547,,,15.169836044311523,4.440463542938232,,10.350000381469727,90.01524353027344,0.22278711199760437,31.997840881347656,,13.951560974121094,8.399999618530273,119.73737335205078,68.0
2022-08-31,1270.0,,143.64080810546875,90.15127563476562,11.752947807312012,524.2052001953125,203.36376953125,64.02139282226562,105.08538055419922,31.02906608581543,1.8700000047683716,8.949999809265137,110.2218246459961,,,,18.600000381469727,,,15.24493408203125,4.420815467834473,,10.300000190734863,90.01524353027344,0.22278711199760437,31.997840881347656,,13.634478569030762,8.399999618530273,118.7678451538086,65.5
2022-09-01,1195.0,,141.9945068359375,88.72029876708984,11.577531814575195,506.5848388671875,201.42697143554688,64.02139282226562,101.15695190429688,30.436153411865234,1.850000023841858,8.75,109.37396240234375,,,,17.899999618530273,,,14.982090950012207,4.302927017211914,,10.399999618530273,88.60139465332031,0.21854351460933685,31.461565017700195,,13.555209159851074,8.399999618530273,116.34400939941406,62.5
2022-09-02,1095.0,,143.22923278808594,92.05924224853516,11.665240287780762,506.5848388671875,203.36376953125,65.91831970214844,103.12117004394531,30.633792877197266,1.8700000047683716,8.699999809265137,109.7131118774414,,,,18.200000762939453,,,15.470229148864746,4.342223167419434,,10.399999618530273,90.01524353027344,0.22066530585289001,31.819082260131836,,13.555209159851074,7.800000190734863,121.19168090820312,64.0
2022-09-05,1075.0,,143.22923278808594,90.62826538085938,11.53367805480957,502.1797180175781,201.42697143554688,65.91831970214844,103.12117004394531,30.633792877197266,1.8799999952316284,8.600000381469727,110.05226135253906,,,,18.0,,,15.470229148864746,4.322575092315674,,10.300000190734863,89.54396057128906,0.22066530585289001,31.461565017700195,,13.475937843322754,8.0,120.2221450805664,62.0
2022-09-06,1025.0,,146.1102752685547,90.62826538085938,11.840657234191895,502.1797180175781,205.30056762695312,68.28948974609375,102.1390609741211,30.436153411865234,1.9240000247955322,8.725000381469727,111.06968688964844,,,,18.200000762939453,,,15.695524215698242,4.2832794189453125,,10.5,91.4291000366211,0.22278711199760437,31.461565017700195,,13.951560974121094,8.050000190734863,122.16121673583984,60.5
2022-09-07,1060.0,,148.57974243164062,90.62826538085938,11.665240287780762,506.5848388671875,205.30056762695312,69.23795318603516,102.1390609741211,30.337337493896484,1.9819999933242798,8.800000190734863,112.42627716064453,,,,18.299999237060547,,,15.995916366577148,4.2832794189453125,,10.600000381469727,91.4291000366211,0.23127421736717224,31.461565017700195,,13.951560974121094,8.050000190734863,122.16121673583984,61.0
2022-09-08,1090.0,,148.9913330078125,89.19729614257812,11.928365707397461,515.39501953125,207.23736572265625,70.18640899658203,102.1390609741211,31.226703643798828,2.0,9.050000190734863,114.29155731201172,,,,18.200000762939453,,,15.995916366577148,4.2832794189453125,,10.75,91.90037536621094,0.2333959937095642,31.997840881347656,,13.951560974121094,8.149999618530273,120.70691680908203,62.5
2022-09-09,1130.0,,148.9913330078125,91.58224487304688,12.059928894042969,506.5848388671875,211.11094665527344,70.66064453125,104.10327911376953,31.424341201782227,1.9900000095367432,9.199999809265137,114.63069152832031,,,,18.399999618530273,,,16.296310424804688,4.401167392730713,,11.100000381469727,93.3142318725586,0.23763957619667053,32.35536193847656,,13.832655906677246,8.149999618530273,119.73737335205078,63.0
2022-09-12,1140.0,,149.81448364257812,90.15127563476562,12.10378360748291,519.8001098632812,211.11094665527344,70.18640899658203,104.10327911376953,31.226703643798828,1.9859999418258667,9.199999809265137,114.46112823486328,,,,18.5,,,16.1461124420166,4.361871242523193,,11.149999618530273,93.3142318725586,0.23551781475543976,32.71287536621094,,13.79301929473877,8.149999618530273,119.73737335205078,63.0
2022-09-13,1095.0,,148.57974243164062,89.67427825927734,11.928365707397461,510.9898986816406,211.11094665527344,69.23795318603516,101.15695190429688,31.02906608581543,1.9800000190734863,9.100000381469727,114.29155731201172,,,,18.399999618530273,,,15.845720291137695,4.2832794189453125,,11.050000190734863,91.90037536621094,0.2333959937095642,32.53411865234375,,13.555209159851074,8.199999809265137,117.7983169555664,61.5
2022-09-14,1090.0,,147.756591796875,88.2433090209961,11.928365707397461,510.9898986816406,209.17416381835938,68.76371765136719,103.12117004394531,31.02906608581543,1.9500000476837158,9.100000381469727,112.7654037475586,,,,17.899999618530273,,,15.470229148864746,4.224335193634033,,11.199999809265137,91.90037536621094,0.2333959937095642,32.17660140991211,,13.475937843322754,7.599999904632568,115.37448120117188,62.5
2022-09-15,1090.0,,146.9334259033203,88.2433090209961,11.928365707397461,515.39501953125,209.17416381835938,68.76371765136719,103.12117004394531,30.633792877197266,2.0,9.149999618530273,112.7654037475586,,,,18.0,,,15.6204252243042,4.224335193634033,,11.0,91.90037536621094,0.24188312888145447,31.997840881347656,,13.238128662109375,7.599999904632568,116.34400939941406,63.0
2022-09-16,1100.0,,144.05239868164062,86.81233978271484,11.402114868164062,502.1797180175781,201.42697143554688,67.34101867675781,103.12117004394531,29.250329971313477,1.9500000476837158,9.149999618530273,110.2218246459961,,,,17.700000762939453,,,15.019639015197754,4.224335193634033,,10.949999809265137,90.01524353027344,0.2333959937095642,30.389013290405273,,13.317397117614746,7.5,109.55728149414062,61.0
2022-09-19,1100.0,,143.22923278808594,86.3353500366211,11.31440544128418,486.541748046875,195.6165771484375,65.91831970214844,102.1390609741211,29.447967529296875,1.909999966621399,9.149999618530273,108.69567108154297,,,,17.700000762939453,,,15.019639015197754,4.185039043426514,,10.800000190734863,87.18753814697266,0.23763957619667053,29.852737426757812,,13.317397117614746,7.949999809265137,113.92018127441406,62.0
2022-09-20,1100.0,,140.3481903076172,86.09685516357422,10.875863075256348,466.9390869140625,191.74298095703125,64.96985626220703,101.15695190429688,29.250329971313477,1.850000023841858,8.75,106.83038330078125,,,,17.200000762939453,,,14.493951797485352,4.106446266174316,,10.649999618530273,84.3598403930664,0.23127421736717224,29.316457748413086,,12.841777801513672,7.900000095367432,114.40494537353516,61.5
2022-09-21,1105.0,,141.5829315185547,85.85836029052734,11.05128002166748,453.72381591796875,193.67977905273438,64.49562072753906,98.21063995361328,29.250329971313477,1.8200000524520874,8.649999618530273,105.98252868652344,,,,17.299999237060547,,,14.156011581420898,4.047502040863037,,10.699999809265137,84.83112335205078,0.23127421736717224,28.780183792114258,,12.683236122131348,7.900000095367432,114.40494537353516,61.5
2022-09-22,1065.0,,136.23240661621094,83.47340393066406,10.963571548461914,438.74652099609375,187.869384765625,63.54716110229492,98.21063995361328,28.855056762695312,1.7599999904632568,8.5,104.28680419921875,,,,17.399999618530273,,,13.592774391174316,4.027853965759277,,10.600000381469727,82.00341796875,0.22278711199760437,28.06514549255371,,12.366155624389648,7.900000095367432,112.46587371826172,60.0
2022-09-23,1020.0,,135.82081604003906,82.99641418457031,11.138988494873047,453.72381591796875,190.7745819091797,65.91831970214844,98.21063995361328,29.052692413330078,1.8079999685287476,8.350000381469727,105.30422973632812,,,,17.0,,,13.742969512939453,4.047502040863037,,10.800000190734863,84.3598403930664,0.2333959937095642,28.42266273498535,,12.524696350097656,7.849999904632568,113.43541717529297,60.0
2022-09-26,1005.0,,132.9397735595703,83.47340393066406,11.05128002166748,453.72381591796875,189.80618286132812,65.91831970214844,98.21063995361328,28.65741729736328,1.7999999523162842,8.050000190734863,103.60851287841797,,,,16.600000381469727,,,13.555224418640137,4.008205890655518,,10.600000381469727,82.94599151611328,0.22915244102478027,28.243906021118164,,12.603964805603027,7.849999904632568,113.92018127441406,60.0
2022-09-27,1010.0,,132.1166229248047,82.04243469238281,10.875863075256348,449.3187255859375,186.90098571777344,65.91831970214844,94.28221130371094,28.262144088745117,1.7899999618530273,7.849999904632568,103.09980010986328,,,,16.700000762939453,,,13.517675399780273,4.008205890655518,,10.850000381469727,82.00341796875,0.2333959937095642,27.70762825012207,,12.762506484985352,7.849999904632568,111.98111724853516,60.0
2022-09-28,1030.0,,129.64715576171875,80.61145782470703,10.612737655639648,435.22247314453125,183.9958038330078,65.44408416748047,94.28221130371094,27.669231414794922,1.7879999876022339,7.75,101.57365417480469,,,,16.600000381469727,,,13.329930305480957,3.988558053970337,,10.75,81.06085205078125,0.2333959937095642,27.70762825012207,,12.683236122131348,7.849999904632568,110.52681732177734,59.0
2022-09-29,1030.0,,128.41241455078125,78.7034912109375,10.525029182434082,424.6502685546875,182.05899047851562,65.44408416748047,94.28221130371094,27.669231414794922,1.7300000190734863,7.550000190734863,100.55622100830078,,,,16.100000381469727,,,13.423803329467773,3.968909978866577,,10.75,81.06085205078125,0.23021334409713745,27.35011100769043,,12.841777801513672,7.5,109.55728149414062,59.0
2022-09-30,1050.0,,131.29347229003906,79.41898345947266,10.700446128845215,433.4604187011719,184.23788452148438,66.86678314208984,94.28221130371094,28.262144088745117,1.7680000066757202,7.75,103.26937103271484,,,,16.200000762939453,,,13.705421447753906,3.988558053970337,,11.050000190734863,82.94599151611328,0.2397613674402237,28.42266273498535,,12.841777801513672,6.800000190734863,111.98111724853516,59.5
2022-10-03,1012.5,,129.64715576171875,79.65747833251953,10.788154602050781,435.22247314453125,184.9641876220703,66.86678314208984,92.3179931640625,28.06450653076172,1.7100000381469727,7.449999809265137,102.0823745727539,,,,15.800000190734863,,,13.442577362060547,3.968909978866577,,10.899999618530273,82.47470092773438,0.23763957619667053,28.42266273498535,,12.683236122131348,8.600000381469727,112.46587371826172,58.5
2022-10-04,1010.0,,131.499267578125,78.7034912109375,11.138988494873047,440.508544921875,189.80618286132812,68.76371765136719,92.3179931640625,29.052692413330078,1.7979999780654907,7.599999904632568,105.1346664428711,,,,16.100000381469727,,,13.81806755065918,4.047502040863037,,11.0,85.77368927001953,0.24400490522384644,29.49521827697754,,12.683236122131348,7.099999904632568,111.49634552001953,59.0
2022-10-05,1005.0,,131.70504760742188,77.74951171875,11.05128002166748,444.9136657714844,188.83778381347656,67.81525421142578,91.33589172363281,29.052692413330078,1.8020000457763672,7.699999809265137,105.47381591796875,,,,16.200000762939453,,,13.630322456359863,3.968909978866577,,10.850000381469727,85.77368927001953,0.24188312888145447,29.137699127197266,,12.683236122131348,7.099999904632568,110.52681732177734,57.5
2022-10-06,990.0,,132.52821350097656,79.18048858642578,11.05128002166748,458.12890625,190.7745819091797,68.76371765136719,91.33589172363281,29.250329971313477,1.8700000047683716,7.75,105.98252868652344,,,,16.0,,,13.893167495727539,4.008205890655518,,11.024999618530273,85.77368927001953,0.24400490522384644,29.852737426757812,,12.683236122131348,8.300000190734863,111.49634552001953,60.0
2022-10-07,992.0,,129.4413604736328,77.74951171875,11.05128002166748,451.5212707519531,188.83778381347656,68.28948974609375,91.33589172363281,28.855056762695312,1.8660000562667847,7.900000095367432,104.79551696777344,,,,16.200000762939453,,,13.517675399780273,4.008205890655518,,10.949999809265137,85.30241394042969,0.2397613674402237,29.67397689819336,,12.921046257019043,8.300000190734863,111.0115737915039,59.5
2022-10-10,974.0,,128.41241455078125,78.7034912109375,10.788154602050781,438.74652099609375,187.14308166503906,67.81525421142578,91.33589172363281,28.459779739379883,1.812000036239624,7.699999809265137,102.5910873413086,,,,16.0,,,13.217283248901367,4.008205890655518,,10.899999618530273,83.88855743408203,0.2397613674402237,29.49521827697754,,12.921046257019043,8.300000190734863,111.49634552001953,60.0
2022-10-11,982.0,,126.76610565185547,77.27252197265625,10.612737655639648,431.6983947753906,186.90098571777344,66.3925552368164,91.33589172363281,28.06450653076172,1.8200000524520874,7.5,101.57365417480469,,,,16.0,,,12.916891098022461,3.988558053970337,,10.899999618530273,82.00341796875,0.24188312888145447,29.49521827697754,,12.841777801513672,8.5,110.04204559326172,60.5
2022-10-12,952.0,,123.47347259521484,76.7955322265625,10.612737655639648,424.6502685546875,183.0273895263672,65.44408416748047,91.33589172363281,27.471593856811523,1.7899999618530273,7.400000095367432,99.19963836669922,,,,16.0,,,12.729146003723145,3.9492619037628174,,10.850000381469727,81.53213500976562,0.23763957619667053,28.958942413330078,,12.841777801513672,8.5,109.55728149414062,59.5
2022-10-13,960.0,,123.47347259521484,76.31854248046875,10.612737655639648,417.60211181640625,182.05899047851562,65.91831970214844,91.33589172363281,27.471593856811523,1.850000023841858,7.400000095367432,99.8779296875,,,,15.800000190734863,,,12.916891098022461,3.9492619037628174,,10.850000381469727,82.00341796875,0.23763957619667053,29.316457748413086,,12.841777801513672,8.5,108.5877456665039,59.25
2022-10-14,986.0,,125.53136444091797,76.31854248046875,10.612737655639648,453.72381591796875,183.0273895263672,66.86678314208984,91.33589172363281,27.86686897277832,1.878000020980835,7.5,100.55622100830078,,,,16.200000762939453,,,13.02953815460205,3.9590861797332764,,10.850000381469727,83.88855743408203,0.23763957619667053,29.316457748413086,,12.841777801513672,8.5,109.55728149414062,60.0
2022-10-17,994.0,,124.296630859375,76.31854248046875,10.612737655639648,451.5212707519531,183.9958038330078,66.86678314208984,91.33589172363281,27.86686897277832,1.9199999570846558,7.599999904632568,100.8953628540039,,,,16.200000762939453,,,13.217283248901367,3.988558053970337,,10.850000381469727,83.41727447509766,0.23763957619667053,29.49521827697754,,12.683236122131348,8.5,109.072509765625,60.0
2022-10-18,1005.0,,125.94295501708984,77.74951171875,10.700446128845215,462.5339660644531,188.83778381347656,68.76371765136719,91.33589172363281,27.669231414794922,1.9700000286102295,7.599999904632568,102.0823745727539,,,,16.200000762939453,,,13.442577362060547,3.968909978866577,,10.75,83.41727447509766,0.23763957619667053,30.031492233276367,,13.475937843322754,8.199999809265137,110.04204559326172,59.5
2022-10-19,1000.0,,126.76610565185547,78.22650909423828,10.700446128845215,453.72381591796875,188.83778381347656,68.76371765136719,91.33589172363281,27.471593856811523,1.940000057220459,7.599999904632568,100.21707916259766,,,,16.5,,,13.217283248901367,3.968909978866577,,10.75,82.94599151611328,0.23763957619667053,29.49521827697754,,13.396668434143066,8.199999809265137,109.072509765625,60.0
2022-10-20,984.0,,124.296630859375,77.27252197265625,10.700446128845215,453.72381591796875,187.869384765625,67.81525421142578,92.3179931640625,27.471593856811523,1.9359999895095825,7.599999904632568,99.8779296875,,,,16.200000762939453,,,13.217283248901367,3.968909978866577,,10.800000190734863,82.00341796875,0.23551781475543976,28.958942413330078,,13.475937843322754,8.199999809265137,109.072509765625,60.0
2022-10-21,996.0,,124.296630859375,78.22650909423828,10.788154602050781,449.3187255859375,185.93258666992188,65.91831970214844,92.3179931640625,27.076318740844727,1.840000033378601,7.599999904632568,99.5387954711914,,,,16.200000762939453,,,13.179733276367188,3.9492619037628174,,10.649999618530273,80.1182861328125,0.23127421736717224,28.42266273498535,,13.396668434143066,8.199999809265137,109.55728149414062,59.5
2022-10-24,978.0,,123.47347259521484,77.74951171875,10.963571548461914,451.5212707519531,185.93258666992188,65.44408416748047,92.3179931640625,27.076318740844727,1.8200000524520874,7.199999809265137,100.21707916259766,,,,16.200000762939453,,,12.916891098022461,3.9296138286590576,,10.600000381469727,80.35391998291016,0.23233512043952942,28.42266273498535,,13.594842910766602,8.199999809265137,108.5877456665039,60.0
2022-10-25,938.0,,126.35452270507812,77.74951171875,11.05128002166748,456.36688232421875,187.869384765625,66.3925552368164,92.3179931640625,27.273956298828125,1.8580000400543213,7.150000095367432,102.93023681640625,,,,16.200000762939453,,,13.14218521118164,3.9296138286590576,,10.600000381469727,81.53213500976562,0.23551781475543976,29.137699127197266,,13.79301929473877,8.0,108.5877456665039,60.0
2022-10-26,906.0,,130.05873107910156,78.7034912109375,11.22669792175293,466.9390869140625,190.7745819091797,67.81525421142578,88.38957977294922,28.06450653076172,1.8899999856948853,7.300000190734863,105.1346664428711,,,,17.299999237060547,,,13.893167495727539,3.988558053970337,,10.699999809265137,83.41727447509766,0.23763957619667053,29.67397689819336,,14.268640518188477,8.0,111.0115737915039,60.0
2022-10-27,912.0,,130.05873107910156,78.22650909423828,11.31440544128418,462.5339660644531,181.09059143066406,67.34101867675781,89.86273193359375,28.459779739379883,1.8600000143051147,7.300000190734863,105.98252868652344,,,,17.200000762939453,,,13.799294471740723,3.968909978866577,,10.649999618530273,84.3598403930664,0.24188312888145447,29.5845947265625,,14.268640518188477,8.0,111.0115737915039,60.5
2022-10-28,918.0,,131.29347229003906,78.22650909423828,11.31440544128418,480.1543273925781,181.09059143066406,67.34101867675781,89.86273193359375,29.250329971313477,1.8600000143051147,7.300000190734863,108.35653686523438,,,,17.200000762939453,,,14.193559646606445,4.008205890655518,,10.699999809265137,86.2449722290039,0.2397613674402237,29.67397689819336,,14.268640518188477,7.699999809265137,110.04204559326172,60.0
2022-10-31,918.0,,133.762939453125,79.18048858642578,11.489824295043945,484.5594482421875,184.9641876220703,68.76371765136719,89.86273193359375,28.855056762695312,1.8899999856948853,7.300000190734863,109.03483581542969,,,,17.049999237060547,,,14.456403732299805,4.008205890655518,,10.699999809265137,87.18753814697266,0.24188312888145447,30.389013290405273,,14.110099792480469,6.300000190734863,110.04204559326172,60.0
2022-11-01,918.0,,135.82081604003906,79.18048858642578,11.577531814575195,484.5594482421875,183.9958038330078,67.81525421142578,90.84484100341797,28.855056762695312,1.8300000429153442,7.25,110.73055267333984,,,,17.399999618530273,,,14.268657684326172,4.008205890655518,,10.75,87.65882110595703,0.2397613674402237,30.031492233276367,,13.951560974121094,7.300000190734863,111.49634552001953,60.5
2022-11-02,906.0,,133.35134887695312,77.74951171875,11.22669792175293,462.5339660644531,185.93258666992188,68.28948974609375,90.84484100341797,28.459779739379883,1.7879999876022339,7.300000190734863,107.50868225097656,,,,17.5,,,13.85561752319336,4.008205890655518,,10.699999809265137,84.83112335205078,0.2397613674402237,29.49521827697754,,13.872288703918457,7.300000190734863,111.0115737915039,60.5
2022-11-03,908.0,,131.29347229003906,76.7955322265625,11.22669792175293,462.5339660644531,181.09059143066406,67.81525421142578,89.86273193359375,28.65741729736328,1.7799999713897705,7.25,107.1695327758789,,,,17.299999237060547,,,13.742969512939453,4.027853965759277,,10.699999809265137,84.3598403930664,0.24188312888145447,29.316457748413086,,13.555209159851074,7.0,111.0115737915039,60.5
2022-11-04,908.0,,133.35134887695312,77.74951171875,11.22669792175293,480.1543273925781,183.9958038330078,67.81525421142578,91.33589172363281,28.855056762695312,1.7920000553131104,7.25,105.98252868652344,,,,17.399999618530273,,,13.893167495727539,4.008205890655518,,10.75,84.3598403930664,0.2397613674402237,29.316457748413086,,13.396668434143066,7.0,110.52681732177734,60.0
2022-11-07,906.0,,130.8818817138672,78.7034912109375,11.138988494873047,471.34417724609375,181.09059143066406,66.86678314208984,91.33589172363281,28.65741729736328,1.7699999809265137,7.25,104.79551696777344,,,,17.399999618530273,,,13.667872428894043,3.988558053970337,,10.699999809265137,82.94599151611328,0.2333959937095642,28.958942413330078,,13.317397117614746,6.949999809265137,110.52681732177734,60.0
2022-11-08,908.0,,132.9397735595703,83.47340393066406,11.138988494873047,475.749267578125,183.9958038330078,68.76371765136719,90.84484100341797,29.052692413330078,1.7100000381469727,7.25,106.15209197998047,,,,17.399999618530273,,,13.667872428894043,3.988558053970337,,10.800000190734863,84.83112335205078,0.23551781475543976,28.512042999267578,,13.317397117614746,6.949999809265137,114.88970947265625,59.5
2022-11-09,908.0,,133.35134887695312,82.51942443847656,11.22669792175293,471.34417724609375,183.0273895263672,68.28948974609375,90.84484100341797,28.65741729736328,1.6859999895095825,7.25,107.6782455444336,,,,17.200000762939453,,,13.780519485473633,3.988558053970337,,10.550000190734863,85.30241394042969,0.23763957619667053,28.42266273498535,,13.317397117614746,7.5,113.92018127441406,59.5
2022-11-10,908.0,,135.82081604003906,84.90438079833984,11.31440544128418,488.9645080566406,184.9641876220703,69.71218872070312,90.84484100341797,29.447967529296875,1.6920000314712524,7.150000095367432,108.27174377441406,,,,17.100000381469727,,,13.85561752319336,3.9492619037628174,,10.399999618530273,87.18753814697266,0.2333959937095642,29.49521827697754,,13.238128662109375,7.300000190734863,116.34400939941406,59.5
2022-11-11,924.0,,138.29029846191406,84.90438079833984,11.489824295043945,506.5848388671875,185.93258666992188,70.18640899658203,90.84484100341797,30.04088020324707,1.7799999713897705,7.300000190734863,108.69567108154297,,,,17.700000762939453,,,14.418854713439941,3.9296138286590576,,10.600000381469727,87.65882110595703,0.2333959937095642,30.389013290405273,,13.000317573547363,7.400000095367432,116.82878112792969,59.5
2022-11-14,930.0,,135.82081604003906,85.38136291503906,11.577531814575195,499.9771728515625,185.93258666992188,69.23795318603516,91.82695007324219,29.447967529296875,1.7890000343322754,7.199999809265137,105.30422973632812,,,,17.799999237060547,,,14.287431716918945,3.8952295780181885,,10.399999618530273,86.71625518798828,0.23127421736717224,29.852737426757812,,13.238128662109375,8.600000381469727,116.82878112792969,59.5
2022-11-15,980.0,,137.8787078857422,88.72029876708984,11.489824295043945,502.1797180175781,184.9641876220703,69.71218872070312,93.30010223388672,29.052692413330078,1.8279999494552612,7.349999904632568,107.50868225097656,,,,17.899999618530273,,,14.79434585571289,3.8510215282440186,,10.449999809265137,85.30241394042969,0.22915244102478027,29.852737426757812,,13.317397117614746,8.600000381469727,118.2830810546875,59.0
2022-11-16,856.0,,136.64398193359375,90.62826538085938,11.31440544128418,502.1797180175781,182.05899047851562,68.76371765136719,91.33589172363281,28.953872680664062,1.8300000429153442,7.349999904632568,106.83038330078125,,,,17.899999618530273,,,14.8694429397583,3.831373691558838,,10.449999809265137,85.30241394042969,0.22915244102478027,29.852737426757812,,13.158858299255371,8.0,117.31354522705078,58.5
2022-11-17,818.0,,134.99766540527344,91.10525512695312,11.31440544128418,484.5594482421875,180.1221923828125,68.76371765136719,109.01380920410156,28.459779739379883,1.777999997138977,7.5,105.98252868652344,,,,17.299999237060547,,,14.681696891784668,3.8510215282440186,,10.350000381469727,84.12419128417969,0.22066530585289001,29.67397689819336,,12.841777801513672,8.0,117.7983169555664,58.5
2022-11-18,824.0,,133.35134887695312,91.10525512695312,11.31440544128418,493.3695983886719,180.1221923828125,68.76371765136719,104.10327911376953,28.459779739379883,1.7899999618530273,6.949999809265137,105.1346664428711,,,,17.299999237060547,,,14.79434585571289,3.8411974906921387,,10.350000381469727,84.12419128417969,0.22490888833999634,29.852737426757812,,12.841777801513672,7.5,118.7678451538086,58.5
2022-11-21,810.0,,133.762939453125,89.19729614257812,11.22669792175293,480.1543273925781,180.1221923828125,69.71218872070312,106.06748962402344,28.855056762695312,1.840000033378601,6.900000095367432,106.49124145507812,,,,17.100000381469727,,,14.719246864318848,3.831373691558838,,10.449999809265137,85.77368927001953,0.22490888833999634,29.49521827697754,,13.07958698272705,7.5,117.31354522705078,58.5
2022-11-22,786.0,,135.40924072265625,88.2433090209961,11.138988494873047,471.34417724609375,182.05899047851562,69.71218872070312,109.99591064453125,28.262144088745117,1.8300000429153442,6.550000190734863,108.18696594238281,,,,17.100000381469727,,,15.094738006591797,3.811725616455078,,10.699999809265137,86.71625518798828,0.2270306646823883,30.21025276184082,,12.683236122131348,7.5,116.34400939941406,57.5
2022-11-23,796.0,,136.64398193359375,87.76632690429688,11.22669792175293,480.1543273925781,183.0273895263672,70.18640899658203,112.94223022460938,28.459779739379883,1.8600000143051147,6.599999904632568,109.03483581542969,,,,16.899999618530273,,,15.470229148864746,3.811725616455078,,10.800000190734863,87.65882110595703,0.2333959937095642,31.282806396484375,,13.158858299255371,7.400000095367432,116.82878112792969,58.0
2022-11-24,814.0,,135.82081604003906,87.2893295288086,11.22669792175293,475.749267578125,182.05899047851562,70.66064453125,110.97801971435547,28.459779739379883,1.8600000143051147,6.650000095367432,107.84780883789062,,,,16.899999618530273,,,15.545328140258789,3.7920773029327393,,10.800000190734863,88.13011169433594,0.2333959937095642,30.925289154052734,,12.841777801513672,7.400000095367432,115.37448120117188,58.5
2022-11-25,814.0,,134.58609008789062,85.85836029052734,11.138988494873047,475.749267578125,180.1221923828125,70.18640899658203,111.96012878417969,28.262144088745117,1.850000023841858,6.75,105.98252868652344,,,,16.899999618530273,,,15.470229148864746,3.7527811527252197,,10.800000190734863,87.18753814697266,0.2333959937095642,30.925289154052734,,12.841777801513672,8.100000381469727,113.43541717529297,58.5
2022-11-28,840.0,,132.1166229248047,86.3353500366211,11.138988494873047,471.34417724609375,175.2801971435547,69.71218872070312,109.99591064453125,28.262144088745117,1.8179999589920044,6.699999809265137,105.1346664428711,,,,16.899999618530273,,,15.24493408203125,3.73313307762146,,10.75,86.71625518798828,0.23127421736717224,30.746530532836914,,13.07958698272705,7.199999809265137,113.92018127441406,58.0
2022-11-29,874.0,,132.52821350097656,85.38136291503906,11.05128002166748,475.749267578125,173.34341430664062,69.23795318603516,109.99591064453125,27.86686897277832,1.7999999523162842,6.699999809265137,104.79551696777344,,,,16.899999618530273,,,15.169836044311523,3.7134850025177,,10.75,85.30241394042969,0.22915244102478027,29.67397689819336,,13.07958698272705,7.800000190734863,113.92018127441406,60.0
2022-11-30,880.0,,132.9397735595703,85.38136291503906,11.05128002166748,471.34417724609375,177.2169952392578,70.18640899658203,109.01380920410156,27.86686897277832,1.7599999904632568,6.699999809265137,104.6259536743164,,,,16.899999618530273,,,15.019639015197754,3.8706696033477783,,10.899999618530273,86.2449722290039,0.2270306646823883,30.21025276184082,,13.158858299255371,8.100000381469727,113.92018127441406,60.0
2022-12-01,932.0,,133.35134887695312,86.3353500366211,11.182843208312988,475.749267578125,176.24859619140625,69.71218872070312,109.99591064453125,28.06450653076172,1.7480000257492065,6.650000095367432,104.6259536743164,,,,16.799999237060547,,,15.169836044311523,3.909965753555298,,10.949999809265137,86.71625518798828,0.23127421736717224,30.567771911621094,,13.07958698272705,8.899999618530273,114.40494537353516,59.75
2022-12-02,882.0,,131.70504760742188,86.3353500366211,11.182843208312988,462.5339660644531,176.24859619140625,68.28948974609375,109.01380920410156,28.06450653076172,1.7480000257492065,6.599999904632568,104.45637512207031,,,,16.799999237060547,,,15.019639015197754,3.8510215282440186,,10.899999618530273,86.71625518798828,0.23127421736717224,30.389013290405273,,13.07958698272705,8.800000190734863,113.92018127441406,59.75
2022-12-05,944.0,,132.1166229248047,86.81233978271484,11.182843208312988,466.9390869140625,181.09059143066406,68.28948974609375,109.99591064453125,28.06450653076172,1.7400000095367432,6.75,104.28680419921875,,,,16.899999618530273,,,15.094738006591797,3.890317678451538,,11.0,85.30241394042969,0.22915244102478027,30.21025276184082,,13.07958698272705,8.800000190734863,114.88970947265625,59.5
2022-12-06,956.0,,130.8818817138672,86.81233978271484,10.963571548461914,462.5339660644531,177.2169952392578,68.28948974609375,109.99591064453125,28.06450653076172,1.7239999771118164,6.75,103.94766235351562,,,,16.299999237060547,,,14.90699291229248,3.8706696033477783,,10.75,84.83112335205078,0.22915244102478027,29.49521827697754,,13.07958698272705,8.800000190734863,115.37448120117188,59.0
2022-12-07,1035.0,,129.64715576171875,85.85836029052734,10.700446128845215,462.5339660644531,177.2169952392578,67.34101867675781,109.99591064453125,27.86686897277832,1.715999960899353,6.75,103.26937103271484,,,,16.299999237060547,,,14.8694429397583,3.988558053970337,,10.850000381469727,84.3598403930664,0.22915244102478027,29.67397689819336,,12.921046257019043,7.349999904632568,115.8592529296875,58.5
2022-12-08,1245.0,,127.17768096923828,85.38136291503906,10.612737655639648,462.5339660644531,177.2169952392578,67.81525421142578,108.03170013427734,27.669231414794922,1.7519999742507935,6.75,102.42151641845703,,,,16.100000381469727,,,15.320033073425293,4.027853965759277,,10.800000190734863,84.3598403930664,0.23127421736717224,29.67397689819336,,12.921046257019043,7.699999809265137,115.8592529296875,58.5
2022-12-09,1280.0,,126.35452270507812,85.38136291503906,10.525029182434082,462.5339660644531,180.1221923828125,67.81525421142578,109.99591064453125,27.471593856811523,1.777999997138977,6.75,101.74322509765625,,,,16.100000381469727,,,15.169836044311523,4.027853965759277,,10.850000381469727,85.30241394042969,0.2333959937095642,29.67397689819336,,12.921046257019043,7.5,115.8592529296875,58.5
2022-12-12,1295.0,,128.82400512695312,85.85836029052734,10.612737655639648,462.5339660644531,180.1221923828125,70.18640899658203,109.99591064453125,27.669231414794922,1.7760000228881836,6.550000190734863,103.94766235351562,,,,16.200000762939453,,,15.320033073425293,4.185039043426514,,10.899999618530273,86.71625518798828,0.23551781475543976,30.389013290405273,,12.921046257019043,7.050000190734863,115.8592529296875,58.5
2022-12-13,1280.0,,130.8818817138672,85.38136291503906,10.612737655639648,471.34417724609375,182.05899047851562,71.13488006591797,112.94223022460938,27.669231414794922,1.7599999904632568,6.550000190734863,104.96510314941406,,,,16.200000762939453,,,15.470229148864746,4.145742416381836,,10.949999809265137,87.65882110595703,0.23551781475543976,30.925289154052734,,12.524696350097656,7.349999904632568,118.7678451538086,60.0
2022-12-14,1150.0,,130.05873107910156,85.38136291503906,10.4373197555542,471.34417724609375,180.1221923828125,70.18640899658203,113.9243392944336,27.471593856811523,1.7599999904632568,6.550000190734863,104.45637512207031,,,,16.200000762939453,,,15.24493408203125,4.086798191070557,,10.850000381469727,86.71625518798828,0.23551781475543976,30.389013290405273,,12.445425033569336,7.050000190734863,118.2830810546875,59.25
2022-12-15,1115.0,,128.00083923339844,85.61985778808594,10.34961223602295,458.12890625,177.2169952392578,69.71218872070312,110.97801971435547,27.471593856811523,1.7020000219345093,6.25,103.26937103271484,,,,15.899999618530273,,,15.019639015197754,4.086798191070557,,10.649999618530273,85.77368927001953,0.22490888833999634,30.21025276184082,,12.445425033569336,7.050000190734863,117.31354522705078,60.0
2022-12-16,1150.0,,124.70821380615234,85.61985778808594,10.261902809143066,453.72381591796875,174.31179809570312,68.76371765136719,110.97801971435547,27.273956298828125,1.7000000476837158,6.150000095367432,101.91279602050781,,,,16.200000762939453,,,14.493951797485352,4.086798191070557,,10.800000190734863,84.83112335205078,0.22278711199760437,29.49521827697754,,12.445425033569336,7.050000190734863,116.34400939941406,60.0
2022-12-19,1160.0,,124.70821380615234,85.38136291503906,10.4373197555542,458.12890625,175.764404296875,68.76371765136719,110.97801971435547,27.076318740844727,1.6799999475479126,6.150000095367432,102.0823745727539,,,,15.899999618530273,,,14.587824821472168,4.086798191070557,,10.625,84.83112335205078,0.22278711199760437,28.958942413330078,,12.366155624389648,7.449999809265137,115.8592529296875,59.5
2022-12-20,1145.0,,123.0618896484375,84.90438079833984,10.34961223602295,458.12890625,173.8275909423828,68.0523681640625,110.97801971435547,26.87868309020996,1.600000023841858,6.050000190734863,102.25193786621094,,,,16.200000762939453,,,14.193559646606445,4.126094341278076,,10.449999809265137,84.3598403930664,0.22278711199760437,28.780183792114258,,12.207613945007324,7.449999809265137,114.88970947265625,59.0
2022-12-21,1180.0,,123.88505554199219,85.38136291503906,10.4373197555542,462.5339660644531,177.2169952392578,68.76371765136719,109.01380920410156,26.87868309020996,1.6640000343322754,6.099999904632568,102.42151641845703,,,,16.200000762939453,,,14.381304740905762,4.165390491485596,,10.649999618530273,85.30241394042969,0.2270306646823883,29.316457748413086,,12.207613945007324,7.449999809265137,115.8592529296875,60.5
2022-12-22,1500.0,,125.53136444091797,85.38136291503906,10.4373197555542,462.5339660644531,174.31179809570312,69.23795318603516,109.01380920410156,27.076318740844727,1.6399999856948853,6.099999904632568,102.25193786621094,,,,16.200000762939453,,,14.418854713439941,4.224335193634033,,10.600000381469727,85.30241394042969,0.2270306646823883,30.031492233276367,,12.445425033569336,7.449999809265137,115.8592529296875,60.0
2022-12-23,1550.0,,122.65031433105469,85.38136291503906,10.34961223602295,455.9263916015625,174.31179809570312,68.28948974609375,111.96012878417969,27.076318740844727,1.6100000143051147,6.050000190734863,101.23451232910156,,,,16.200000762939453,,,14.118461608886719,4.224335193634033,,10.550000190734863,85.30241394042969,0.22278711199760437,29.852737426757812,,12.366155624389648,7.599999904632568,114.40494537353516,60.0
2022-12-27,1565.0,,123.0618896484375,86.3353500366211,10.34961223602295,458.12890625,174.31179809570312,67.81525421142578,112.94223022460938,27.076318740844727,1.6299999952316284,6.050000190734863,100.72579193115234,,,,16.200000762939453,,,14.343756675720215,4.214510917663574,,10.649999618530273,85.30241394042969,0.22278711199760437,29.852737426757812,,12.445425033569336,7.849999904632568,114.40494537353516,60.0
2022-12-28,1505.0,,122.65031433105469,85.85836029052734,10.34961223602295,460.3314514160156,176.24859619140625,67.81525421142578,112.94223022460938,27.175138473510742,1.5920000076293945,6.050000190734863,100.72579193115234,,,,16.200000762939453,,,14.118461608886719,4.185039043426514,,10.5,84.83112335205078,0.2270306646823883,29.49521827697754,,12.445425033569336,8.0,114.40494537353516,60.0
2022-12-29,1520.0,,121.41558074951172,85.38136291503906,10.34961223602295,462.5339660644531,177.2169952392578,69.23795318603516,113.9243392944336,27.175138473510742,1.559999942779541,5.949999809265137,100.21707916259766,,,,16.200000762939453,,,14.418854713439941,4.185039043426514,,10.449999809265137,83.41727447509766,0.22915244102478027,29.49521827697754,,12.445425033569336,8.0,113.92018127441406,60.0
2022-12-30,1480.0,,123.47347259521484,86.3353500366211,10.34961223602295,462.5339660644531,176.24859619140625,69.23795318603516,115.8885498046875,27.076318740844727,1.6119999885559082,6.050000190734863,101.57365417480469,,,,16.200000762939453,,,14.268657684326172,4.224335193634033,,10.449999809265137,84.3598403930664,0.2270306646823883,29.67397689819336,,12.445425033569336,8.050000190734863,117.31354522705078,60.0
2023-01-02,1470.0,,122.23873138427734,86.3353500366211,10.174195289611816,453.72381591796875,177.2169952392578,68.28948974609375,115.8885498046875,26.97749900817871,1.659999966621399,5.949999809265137,100.8953628540039,,,,16.0,,,14.381304740905762,4.224335193634033,,10.5,82.47470092773438,0.22915244102478027,29.763355255126953,,12.286885261535645,8.0,118.2830810546875,59.5
2023-01-03,1490.0,,122.65031433105469,85.85836029052734,10.174195289611816,458.12890625,178.18539428710938,67.81525421142578,115.8885498046875,26.48340606689453,1.7000000476837158,5.949999809265137,100.8953628540039,,,,16.0,,,14.418854713439941,4.243983268737793,,10.449999809265137,81.06085205078125,0.23074376583099365,29.852737426757812,,12.049073219299316,8.050000190734863,119.25261688232422,59.5
2023-01-04,1470.0,,122.23873138427734,86.3353500366211,10.086485862731934,466.9390869140625,178.18539428710938,68.28948974609375,113.9243392944336,26.48340606689453,1.6959999799728394,5.949999809265137,101.40408325195312,,,,16.0,,,14.418854713439941,4.224335193634033,,10.399999618530273,81.76776885986328,0.22915244102478027,30.21025276184082,,12.049073219299316,8.850000381469727,119.25261688232422,60.0
2023-01-05,1480.0,,121.82716369628906,86.3353500366211,10.174195289611816,466.9390869140625,177.2169952392578,67.34101867675781,116.43852996826172,26.18695068359375,1.7300000190734863,6.0,100.72579193115234,,,,15.899999618530273,,,14.418854713439941,4.224335193634033,,10.550000190734863,81.06085205078125,0.23021334409713745,30.031492233276367,,11.890534400939941,8.850000381469727,118.2830810546875,60.0
2023-01-06,1480.0,,121.82716369628906,86.3353500366211,10.174195289611816,466.9390869140625,177.2169952392578,67.34101867675781,116.43852996826172,26.18695068359375,1.7300000190734863,6.0,100.72579193115234,,,,15.899999618530273,,,14.418854713439941,4.224335193634033,,10.550000190734863,81.06085205078125,0.23021334409713745,30.031492233276367,,11.890534400939941,8.850000381469727,118.2830810546875,60.0
2023-01-09,1785.0,,124.296630859375,86.3353500366211,10.174195289611816,471.34417724609375,179.15379333496094,68.52659606933594,117.85276794433594,26.285770416259766,1.690000057220459,6.050000190734863,100.55622100830078,,,,15.899999618530273,,,14.719246864318848,4.263631343841553,,10.5,81.53213500976562,0.23127421736717224,30.031492233276367,,12.286885261535645,8.0,120.2221450805664,60.5
2023-01-10,1800.0,,125.11978149414062,86.3353500366211,10.174195289611816,468.70111083984375,180.1221923828125,68.76371765136719,122.76329803466797,26.38459014892578,1.690000057220459,6.050000190734863,100.38665008544922,,,,15.600000381469727,,,14.475176811218262,4.263631343841553,,10.399999618530273,81.53213500976562,0.22915244102478027,30.031492233276367,,12.128344535827637,8.5,119.25261688232422,60.5
2023-01-11,1760.0,,125.53136444091797,88.2433090209961,9.823360443115234,480.1543273925781,178.18539428710938,68.76371765136719,120.79907989501953,26.38459014892578,1.722000002861023,6.0,100.8953628540039,,,,15.899999618530273,,,14.569050788879395,4.243983268737793,,10.5,81.53213500976562,0.2280915528535843,30.21025276184082,,12.148162841796875,8.0,120.70691680908203,61.5
2023-01-12,1725.0,,125.53136444091797,88.2433090209961,9.911067962646484,480.1543273925781,181.09059143066406,69.23795318603516,130.62014770507812,26.088132858276367,1.7699999809265137,6.0,101.06494140625,,,,15.800000190734863,,,14.569050788879395,4.243983268737793,,10.699999809265137,80.58956909179688,0.23127421736717224,30.567771911621094,,12.207613945007324,8.0,120.2221450805664,61.5
2023-01-13,1795.0,,125.94295501708984,88.72029876708984,9.99877643585205,471.34417724609375,175.2801971435547,67.1039047241211,130.62014770507812,25.89049530029297,1.75,6.0,100.8953628540039,,,,15.699999809265137,,,14.569050788879395,4.243983268737793,,10.850000381469727,79.17571258544922,0.22915244102478027,30.567771911621094,,12.128344535827637,8.050000190734863,120.2221450805664,60.5
2023-01-16,1795.0,,125.11978149414062,86.81233978271484,9.823360443115234,466.9390869140625,174.31179809570312,66.3925552368164,131.6022491455078,26.088132858276367,1.781999945640564,6.25,100.38665008544922,,,,15.699999809265137,,,14.381304740905762,4.253807067871094,,10.800000190734863,80.58956909179688,0.22066530585289001,30.746530532836914,,11.890534400939941,8.399999618530273,119.25261688232422,59.0
2023-01-17,1765.0,,123.88505554199219,86.3353500366211,9.99877643585205,458.12890625,174.31179809570312,67.34101867675781,131.6022491455078,25.98931312561035,1.7999999523162842,6.800000190734863,100.04750061035156,,,,15.699999809265137,,,14.287431716918945,4.243983268737793,,10.800000190734863,80.1182861328125,0.22490888833999634,30.389013290405273,,11.890534400939941,8.5,117.31354522705078,59.5
2023-01-18,1800.0,,126.35452270507812,88.72029876708984,9.99877643585205,462.5339660644531,174.31179809570312,67.81525421142578,131.6022491455078,25.791677474975586,1.9299999475479126,7.099999904632568,100.8953628540039,,,,15.899999618530273,,,14.831893920898438,4.2734551429748535,,10.850000381469727,80.1182861328125,0.22490888833999634,30.746530532836914,,12.128344535827637,8.5,118.2830810546875,58.0
2023-01-19,1735.0,,123.88505554199219,88.72029876708984,9.99877643585205,488.9645080566406,176.24859619140625,65.91831970214844,132.58436584472656,25.594038009643555,1.8600000143051147,7.199999809265137,101.06494140625,,,,15.899999618530273,,,14.493951797485352,4.243983268737793,,10.699999809265137,79.6469955444336,0.2270306646823883,30.567771911621094,,11.811264038085938,8.300000190734863,119.25261688232422,58.5
2023-01-20,1725.0,,122.23873138427734,88.2433090209961,9.911067962646484,471.34417724609375,173.34341430664062,63.54716110229492,135.5306854248047,25.495220184326172,1.850000023841858,7.150000095367432,100.04750061035156,,,,15.899999618530273,,,14.268657684326172,4.224335193634033,,10.699999809265137,79.17571258544922,0.22490888833999634,30.389013290405273,,11.731993675231934,8.050000190734863,119.25261688232422,58.5
2023-01-23,1725.0,,121.0040054321289,88.2433090209961,9.911067962646484,475.749267578125,173.34341430664062,63.784271240234375,136.51278686523438,25.495220184326172,1.899999976158142,6.550000190734863,99.70835876464844,,,,15.899999618530273,,,14.268657684326172,4.224335193634033,,10.550000190734863,77.7618637084961,0.22066530585289001,30.389013290405273,,11.731993675231934,7.349999904632568,119.73737335205078,58.5
2023-01-24,1775.0,,122.65031433105469,88.72029876708984,9.911067962646484,488.9645080566406,171.4066162109375,63.54716110229492,127.67383575439453,25.69285774230957,1.9500000476837158,6.5,98.8604965209961,,,,15.899999618530273,,,14.268657684326172,4.204687118530273,,10.550000190734863,80.1182861328125,0.22490888833999634,30.567771911621094,,12.049073219299316,7.349999904632568,121.67644500732422,59.5
2023-01-25,1770.0,,121.41558074951172,88.72029876708984,9.867215156555176,493.3695983886719,172.375,63.54716110229492,124.72750854492188,25.099945068359375,2.0250000953674316,6.599999904632568,99.19963836669922,,,,15.5,,,14.193559646606445,4.185039043426514,,10.699999809265137,79.6469955444336,0.22278711199760437,30.4783878326416,,12.366155624389648,7.349999904632568,122.40359497070312,58.0
2023-01-26,1760.0,,122.65031433105469,88.72029876708984,9.823360443115234,488.9645080566406,169.46981811523438,62.12446212768555,124.72750854492188,25.099945068359375,2.0,6.599999904632568,99.19963836669922,,,,15.5,,,14.156011581420898,4.165390491485596,,10.550000190734863,79.6469955444336,0.22066530585289001,30.389013290405273,,12.445425033569336,7.5,120.70691680908203,58.0
2023-01-27,1760.0,,125.53136444091797,89.19729614257812,9.823360443115234,488.9645080566406,172.375,63.07292556762695,126.69172668457031,25.19876480102539,1.9900000095367432,6.599999904632568,99.19963836669922,,,,15.5,,,14.418854713439941,4.165390491485596,,10.600000381469727,79.6469955444336,0.2217262089252472,30.389013290405273,,12.524696350097656,7.5,120.70691680908203,58.5
2023-01-30,1715.0,,122.23873138427734,89.19729614257812,9.647943496704102,493.3695983886719,171.4066162109375,63.07292556762695,126.69172668457031,24.90230941772461,1.9900000095367432,6.599999904632568,99.70835876464844,,,,15.399999618530273,,,14.268657684326172,4.145742416381836,,10.600000381469727,79.17571258544922,0.2270306646823883,30.389013290405273,,12.683236122131348,7.5,119.73737335205078,58.5
2023-01-31,1725.0,,123.47347259521484,89.19729614257812,9.735651969909668,493.3695983886719,170.43820190429688,61.650230407714844,126.69172668457031,24.90230941772461,1.9819999933242798,6.650000095367432,99.70835876464844,,,,15.100000381469727,,,14.118461608886719,4.106446266174316,,10.75,80.58956909179688,0.22490888833999634,30.4783878326416,,13.475937843322754,7.5,120.2221450805664,59.5
2023-02-01,1730.0,,122.65031433105469,88.2433090209961,9.823360443115234,488.9645080566406,167.53302001953125,61.83992004394531,128.65594482421875,24.704669952392578,1.9559999704360962,6.599999904632568,98.8604965209961,,,,15.399999618530273,,,13.930715560913086,4.106446266174316,,10.550000190734863,80.1182861328125,0.22066530585289001,30.389013290405273,,13.07958698272705,7.400000095367432,119.73737335205078,59.0
2023-02-02,1720.0,,123.88505554199219,88.72029876708984,10.086485862731934,502.1797180175781,165.59620666503906,61.650230407714844,128.65594482421875,25.050537109375,2.069999933242798,6.599999904632568,99.19963836669922,,,,15.5,,,13.968265533447266,4.106446266174316,,10.600000381469727,81.76776885986328,0.22278711199760437,30.746530532836914,,13.317397117614746,8.899999618530273,120.70691680908203,58.5
2023-02-03,1765.0,,127.58926391601562,85.85836029052734,9.99877643585205,497.77471923828125,168.50140380859375,61.650230407714844,133.56646728515625,24.90230941772461,2.0999999046325684,6.599999904632568,101.74322509765625,,,,16.0,,,14.756795883178711,4.126094341278076,,10.600000381469727,81.53213500976562,0.22490888833999634,31.104047775268555,,13.317397117614746,8.899999618530273,118.7678451538086,58.5
2023-02-06,1800.0,,128.41241455078125,85.38136291503906,9.911067962646484,502.1797180175781,169.46981811523438,61.175994873046875,129.63804626464844,24.704669952392578,2.134999990463257,6.599999904632568,102.25193786621094,,,,16.0,,,14.719246864318848,4.086798191070557,,10.449999809265137,81.76776885986328,0.22066530585289001,31.104047775268555,,13.158858299255371,8.0,117.31354522705078,58.0
2023-02-07,1870.0,,130.05873107910156,86.3353500366211,9.911067962646484,488.9645080566406,169.46981811523438,61.175994873046875,134.54856872558594,24.803489685058594,2.0799999237060547,6.599999904632568,109.37396240234375,,,,16.600000381469727,,,15.019639015197754,4.067150115966797,,10.449999809265137,82.47470092773438,0.22384798526763916,31.19342613220215,,13.396668434143066,8.0,116.82878112792969,59.0
2023-02-08,1865.0,,130.47030639648438,85.85836029052734,9.911067962646484,482.35687255859375,166.56460571289062,60.70176315307617,132.58436584472656,24.50703239440918,2.119999885559082,6.5,108.69567108154297,,,,17.0,,,15.470229148864746,4.047502040863037,,10.350000381469727,80.58956909179688,0.22915244102478027,30.880599975585938,,13.238128662109375,8.050000190734863,116.34400939941406,58.0
2023-02-09,1935.0,,128.41241455078125,86.3353500366211,9.735651969909668,488.9645080566406,166.08041381835938,61.175994873046875,135.5306854248047,24.90230941772461,2.0999999046325684,6.449999809265137,109.03483581542969,,,,17.799999237060547,,,15.582876205444336,4.067150115966797,,10.399999618530273,82.00341796875,0.2333959937095642,31.014667510986328,,12.921046257019043,8.300000190734863,115.37448120117188,57.5
2023-02-10,1940.0,,126.76610565185547,86.81233978271484,9.779505729675293,488.9645080566406,165.59620666503906,61.175994873046875,136.51278686523438,25.495220184326172,2.069999933242798,6.5,108.86524963378906,,,,17.700000762939453,,,15.545328140258789,4.067150115966797,,10.399999618530273,82.47470092773438,0.2333959937095642,31.64032745361328,,13.238128662109375,8.300000190734863,113.43541717529297,58.0
2023-02-13,1960.0,,125.11978149414062,86.81233978271484,9.779505729675293,510.9898986816406,168.50140380859375,61.175994873046875,138.47698974609375,25.69285774230957,2.065000057220459,6.400000095367432,108.01739501953125,,,,17.75,,,15.24493408203125,4.008205890655518,,10.399999618530273,82.00341796875,0.2333959937095642,31.461565017700195,,13.317397117614746,7.800000190734863,112.95064544677734,58.0
2023-02-14,1925.0,,124.296630859375,85.85836029052734,9.823360443115234,510.9898986816406,168.50140380859375,61.175994873046875,141.42332458496094,25.495220184326172,2.0,6.300000190734863,106.99995422363281,,,,17.100000381469727,,,14.944540977478027,4.027853965759277,,10.300000190734863,82.47470092773438,0.2333959937095642,31.461565017700195,,12.921046257019043,7.800000190734863,113.43541717529297,59.5
2023-02-15,1950.0,,125.11978149414062,84.90438079833984,9.823360443115234,524.2052001953125,166.56460571289062,60.70176315307617,141.42332458496094,25.495220184326172,2.049999952316284,6.300000190734863,106.83038330078125,,,,17.200000762939453,,,15.019639015197754,3.988558053970337,,10.25,82.47470092773438,0.23551781475543976,31.64032745361328,,13.07958698272705,8.0,112.46587371826172,59.5
2023-02-16,1950.0,,124.296630859375,85.38136291503906,9.779505729675293,519.8001098632812,168.50140380859375,60.22753143310547,144.36964416503906,25.643449783325195,1.99399995803833,6.349999904632568,107.25431823730469,,,,17.200000762939453,,,14.8694429397583,4.008205890655518,,10.300000190734863,82.00341796875,0.23763957619667053,31.461565017700195,,13.07958698272705,8.0,111.49634552001953,60.5
2023-02-17,1945.0,,123.47347259521484,85.85836029052734,9.647943496704102,519.8001098632812,168.50140380859375,59.27906799316406,147.31594848632812,24.704669952392578,2.0299999713897705,6.349999904632568,106.66082000732422,,,,17.100000381469727,,,14.719246864318848,3.998382329940796,,10.399999618530273,81.06085205078125,0.23763957619667053,31.72970199584961,,13.07958698272705,8.399999618530273,112.46587371826172,60.0
2023-02-20,1920.0,,125.11978149414062,83.95040130615234,9.647943496704102,519.8001098632812,171.4066162109375,60.70176315307617,144.36964416503906,25.099945068359375,2.049999952316284,6.349999904632568,108.35653686523438,,,,17.100000381469727,,,15.019639015197754,3.988558053970337,,10.199999809265137,82.94599151611328,0.2397613674402237,31.997840881347656,,12.841777801513672,7.400000095367432,112.46587371826172,60.0
2023-02-21,1895.0,,126.76610565185547,82.99641418457031,9.29710865020752,524.2052001953125,171.4066162109375,62.12446212768555,145.35174560546875,24.50703239440918,1.9900000095367432,6.199999809265137,108.52610778808594,,,,16.600000381469727,,,15.169836044311523,3.968909978866577,,10.199999809265137,81.53213500976562,0.24400490522384644,31.997840881347656,,12.841777801513672,7.0,110.52681732177734,60.0
2023-02-22,1915.0,,125.94295501708984,85.38136291503906,9.472526550292969,519.8001098632812,169.46981811523438,61.650230407714844,144.36964416503906,24.50703239440918,1.9759999513626099,6.300000190734863,107.33910369873047,,,,16.700000762939453,,,14.982090950012207,3.9492619037628174,,10.199999809265137,80.1182861328125,0.24400490522384644,31.819082260131836,,12.841777801513672,7.199999809265137,114.40494537353516,59.5
2023-02-23,1915.0,,126.76610565185547,86.3353500366211,9.384817123413086,519.8001098632812,172.375,63.54716110229492,142.40542602539062,24.40821647644043,2.049999952316284,6.0,107.6782455444336,,,,16.700000762939453,,,14.982090950012207,3.9394381046295166,,10.149999618530273,80.1182861328125,0.24188312888145447,31.819082260131836,,12.841777801513672,7.900000095367432,113.43541717529297,59.5
2023-02-24,2000.0,,126.76610565185547,84.90438079833984,9.560234069824219,515.39501953125,179.15379333496094,64.96985626220703,138.47698974609375,24.704669952392578,2.059999942779541,6.050000190734863,107.6782455444336,,,,16.700000762939453,,,14.982090950012207,3.968909978866577,,10.149999618530273,80.58956909179688,0.2397613674402237,31.819082260131836,,12.683236122131348,7.400000095367432,113.92018127441406,59.5
2023-02-27,2050.0,,126.76610565185547,84.42738342285156,9.384817123413086,506.5848388671875,178.18539428710938,65.44408416748047,138.47698974609375,24.111759185791016,2.0,5.949999809265137,106.49124145507812,,,,15.899999618530273,,,15.169836044311523,3.8706696033477783,,10.0,77.7618637084961,0.23551781475543976,31.461565017700195,,12.603964805603027,7.400000095367432,113.92018127441406,59.0
2023-02-28,2020.0,,124.296630859375,83.47340393066406,9.077836990356445,497.77471923828125,176.24859619140625,65.44408416748047,134.54856872558594,23.914121627807617,1.9800000190734863,5.949999809265137,105.1346664428711,,,,15.399999618530273,,,14.944540977478027,3.8510215282440186,,10.0,76.81929016113281,0.22915244102478027,31.282806396484375,,12.286885261535645,7.5,113.92018127441406,59.5
2023-03-01,2010.0,,122.65031433105469,82.99641418457031,9.12169075012207,484.5594482421875,173.34341430664062,64.02139282226562,134.54856872558594,23.51884651184082,2.0,5.949999809265137,104.96510314941406,,,,15.0,,,14.719246864318848,3.8510215282440186,,10.050000190734863,77.29058074951172,0.22915244102478027,30.925289154052734,,12.128344535827637,7.5,112.95064544677734,59.0
2023-03-02,2000.0,,121.0040054321289,82.04243469238281,9.209400177001953,497.77471923828125,174.31179809570312,65.44408416748047,133.56646728515625,23.71648406982422,1.9600000381469727,5.949999809265137,103.94766235351562,,,,15.199999809265137,,,14.493951797485352,3.831373691558838,,9.9399995803833,76.34801483154297,0.23127421736717224,30.925289154052734,,12.286885261535645,7.449999809265137,111.49634552001953,59.5
2023-03-03,1990.0,,122.65031433105469,82.99641418457031,9.29710865020752,502.1797180175781,175.2801971435547,64.49562072753906,132.58436584472656,23.914121627807617,2.0299999713897705,5.949999809265137,106.83038330078125,,,,16.600000381469727,,,14.8694429397583,3.909965753555298,,10.069999694824219,77.29058074951172,0.23551781475543976,31.104047775268555,,12.286885261535645,7.800000190734863,114.88970947265625,60.0
2023-03-06,1995.0,,123.0618896484375,82.51942443847656,9.384817123413086,502.1797180175781,174.31179809570312,64.96985626220703,132.58436584472656,24.309396743774414,2.0350000858306885,6.0,105.64337921142578,,,,16.700000762939453,,,14.79434585571289,3.9296138286590576,,10.0,76.81929016113281,0.24188312888145447,31.104047775268555,,12.286885261535645,7.800000190734863,114.40494537353516,60.0
2023-03-07,1965.0,,120.59242248535156,82.99641418457031,9.384817123413086,502.1797180175781,173.34341430664062,64.49562072753906,135.5306854248047,24.309396743774414,2.009999990463257,6.0,105.47381591796875,,,,17.0,,,14.681696891784668,3.890317678451538,,10.0,77.7618637084961,0.23763957619667053,31.282806396484375,,12.366155624389648,7.699999809265137,115.37448120117188,60.0
2023-03-08,1960.0,,121.0040054321289,82.04243469238281,9.29710865020752,493.3695983886719,173.34341430664062,64.49562072753906,135.5306854248047,23.914121627807617,2.0,6.099999904632568,105.47381591796875,,,,16.600000381469727,,,14.681696891784668,3.909965753555298,,9.899999618530273,77.7618637084961,0.2397613674402237,31.104047775268555,,12.366155624389648,7.699999809265137,115.8592529296875,59.0
2023-03-09,1890.0,,121.41558074951172,81.56543731689453,9.29710865020752,497.77471923828125,171.4066162109375,64.49562072753906,136.51278686523438,23.914121627807617,1.9800000190734863,6.150000095367432,105.81295776367188,,,,16.700000762939453,,,14.606599807739258,3.890317678451538,,9.899999618530273,74.46287536621094,0.2397613674402237,30.567771911621094,,12.286885261535645,6.0,115.8592529296875,58.5
2023-03-10,1900.0,,117.2998046875,81.08845520019531,9.03398323059082,503.07989501953125,169.46981811523438,63.54716110229492,133.56646728515625,23.51884651184082,1.9600000381469727,6.150000095367432,105.47381591796875,,,,16.600000381469727,,,14.418854713439941,3.8706696033477783,,9.800000190734863,74.93415832519531,0.24016878008842468,30.389013290405273,,12.133197784423828,7.699999809265137,115.13209533691406,57.0
2023-03-13,1840.0,,116.88822937011719,80.61145782470703,8.858567237854004,493.9329833984375,165.59620666503906,61.650230407714844,129.63804626464844,23.51884651184082,1.940000057220459,6.099999904632568,102.25193786621094,,,,16.299999237060547,,,14.080912590026855,3.831373691558838,,9.699999809265137,72.5777359008789,0.235880047082901,28.958942413330078,,11.728757858276367,7.699999809265137,114.40494537353516,55.5
2023-03-14,1920.0,,118.94612121582031,81.08845520019531,8.946274757385254,489.3595275878906,169.46981811523438,64.02139282226562,132.58436584472656,24.309396743774414,2.0,6.150000095367432,105.98252868652344,,,,16.299999237060547,,,14.343756675720215,3.811725616455078,,9.84000015258789,74.93415832519531,0.23373568058013916,29.137699127197266,,11.971421241760254,7.699999809265137,114.40494537353516,56.0
2023-03-15,1855.0,,116.06507873535156,81.08845520019531,8.946274757385254,489.3595275878906,168.50140380859375,63.07292556762695,129.63804626464844,24.111759185791016,1.9320000410079956,6.050000190734863,102.93023681640625,,,,16.0,,,13.893167495727539,3.7920773029327393,,9.65999984741211,75.40544128417969,0.23373568058013916,28.780183792114258,,11.566981315612793,7.699999809265137,113.67779541015625,55.0
2023-03-16,1845.0,,117.8169937133789,81.56543731689453,8.902420043945312,493.9329833984375,167.53302001953125,62.59869384765625,129.63804626464844,24.111759185791016,1.9600000381469727,6.099999904632568,104.11723327636719,,,,16.0,,,13.81806755065918,3.7724292278289795,,10.0,74.46287536621094,0.22730259597301483,28.780183792114258,,11.566981315612793,7.699999809265137,115.37448120117188,55.0
2023-03-17,1865.0,,120.00689697265625,82.04243469238281,8.946274757385254,498.50640869140625,173.34341430664062,61.650230407714844,131.6022491455078,24.309396743774414,1.9500000476837158,6.150000095367432,107.6428451538086,,,,16.0,,,13.742969512939453,3.7724292278289795,,10.550000190734863,79.17571258544922,0.22944696247577667,29.67397689819336,,11.486093521118164,7.699999809265137,115.37448120117188,55.0
2023-03-20,1860.0,,117.8169937133789,82.04243469238281,8.858567237854004,489.3595275878906,173.34341430664062,61.175994873046875,131.6022491455078,24.309396743774414,1.9500000476837158,6.050000190734863,105.67921447753906,,,,16.0,,,13.705421447753906,3.7527811527252197,,10.199999809265137,77.7618637084961,0.22944696247577667,29.137699127197266,,11.566981315612793,7.699999809265137,114.40494537353516,55.0
2023-03-21,1920.0,,120.88285827636719,81.56543731689453,9.03398323059082,498.50640869140625,172.375,61.175994873046875,133.56646728515625,24.111759185791016,1.9600000381469727,6.0,105.67921447753906,,,,16.399999618530273,,,13.780519485473633,3.811725616455078,,10.350000381469727,78.23314666748047,0.22944696247577667,29.316457748413086,,11.809645652770996,7.5,114.40494537353516,55.5
2023-03-22,1880.0,,120.00689697265625,79.65747833251953,9.29710865020752,493.9329833984375,172.375,59.27906799316406,133.56646728515625,23.71648406982422,1.965999960899353,6.050000190734863,105.32218933105469,,,,16.0,,,13.81806755065918,3.7920773029327393,,10.25,76.34801483154297,0.22730259597301483,29.49521827697754,,11.566981315612793,7.699999809265137,112.46587371826172,55.0
2023-03-23,1905.0,,118.91194152832031,78.7034912109375,9.472526550292969,493.9329833984375,177.3000030517578,60.22753143310547,133.56646728515625,24.309396743774414,1.9639999866485596,6.099999904632568,104.60813903808594,,,,16.0,,,13.592774391174316,3.7920773029327393,,10.550000190734863,78.70443725585938,0.23159131407737732,29.763355255126953,,11.405205726623535,7.699999809265137,112.95064544677734,54.0
2023-03-24,1900.0,,116.5030517578125,75.84154510498047,9.209400177001953,484.78607177734375,172.375,60.70176315307617,131.6022491455078,24.111759185791016,1.9079999923706055,6.050000190734863,103.53706359863281,,,,16.0,,,13.367478370666504,3.7724292278289795,,10.25,76.81929016113281,0.23159131407737732,29.137699127197266,,11.566981315612793,7.699999809265137,112.46587371826172,54.0
2023-03-27,1905.0,,115.62708282470703,75.36456298828125,9.384817123413086,484.78607177734375,176.31500244140625,60.70176315307617,132.58436584472656,24.111759185791016,1.8899999856948853,6.050000190734863,103.18004608154297,,,,15.699999809265137,,,13.29238224029541,3.7724292278289795,,10.300000190734863,77.7618637084961,0.22944696247577667,29.49521827697754,,11.486093521118164,7.699999809265137,110.52681732177734,54.5
2023-03-28,1830.0,,116.94103240966797,74.88756561279297,9.209400177001953,498.50640869140625,174.34500122070312,60.22753143310547,127.67383575439453,23.914121627807617,1.899999976158142,6.199999809265137,103.89409637451172,,,,15.5,,,13.367478370666504,3.7724292278289795,,10.550000190734863,78.70443725585938,0.23909658193588257,29.852737426757812,,11.486093521118164,7.699999809265137,110.52681732177734,57.0
2023-03-29,1835.0,,119.56890869140625,74.88756561279297,9.472526550292969,498.50640869140625,177.3000030517578,61.650230407714844,125.7096176147461,24.111759185791016,1.899999976158142,6.25,105.67921447753906,,,,15.300000190734863,,,13.742969512939453,3.801901340484619,,10.5,78.70443725585938,11.025310516357422,30.031492233276367,,11.647870063781738,7.400000095367432,110.52681732177734,57.0
2023-03-30,1820.0,,122.63478088378906,80.13446807861328,9.911067962646484,498.50640869140625,175.3300018310547,61.175994873046875,125.7096176147461,24.309396743774414,1.9199999570846558,6.25,105.85772705078125,,,,15.199999809265137,,,14.005814552307129,3.9492619037628174,,10.600000381469727,78.23314666748047,10.928597450256348,31.461565017700195,,11.890533447265625,7.400000095367432,113.92018127441406,57.0
2023-03-31,1800.0,,122.63478088378906,82.51942443847656,10.734678268432617,516.80029296875,178.28500366210938,62.59869384765625,125.7096176147461,25.099945068359375,1.9600000381469727,6.300000190734863,106.57177734375,,,,15.600000381469727,,,14.351163864135742,4.126094341278076,,10.800000190734863,80.1182861328125,11.025310516357422,32.17660140991211,,12.0523099899292,7.400000095367432,115.37448120117188,57.0
2023-04-03,1825.0,,123.51075744628906,81.66083526611328,10.549596786499023,517.7149658203125,179.27000427246094,61.88734436035156,127.67383575439453,25.89049530029297,1.9149999618530273,6.25,105.76847076416016,,,,15.699999809265137,,,14.101744651794434,4.204687118530273,,10.600000381469727,80.58956909179688,11.315449714660645,32.35536193847656,,12.0523099899292,6.0,114.40494537353516,57.0
2023-04-04,1820.0,,123.07276916503906,81.47003936767578,10.734678268432617,515.885498046875,179.27000427246094,61.88734436035156,129.63804626464844,26.088132858276367,1.9500000476837158,6.349999904632568,104.87590789794922,,,,16.0,,,13.929069519042969,4.2734551429748535,,10.649999618530273,82.47470092773438,11.315449714660645,32.53411865234375,,12.133197784423828,7.5,115.37448120117188,58.0
2023-04-05,1820.0,,122.63478088378906,81.27923583984375,10.734678268432617,514.05615234375,178.28500366210938,62.12446212768555,129.63804626464844,25.89049530029297,1.9299999475479126,6.650000095367432,104.42962646484375,,,,16.0,,,14.044185638427734,4.381519317626953,,10.600000381469727,81.06085205078125,11.218737602233887,32.2659797668457,,11.809645652770996,7.400000095367432,114.40494537353516,58.5
2023-04-06,1820.0,,122.63478088378906,81.27923583984375,10.734678268432617,514.05615234375,178.28500366210938,62.12446212768555,129.63804626464844,25.89049530029297,1.9299999475479126,6.650000095367432,104.42962646484375,,,,16.0,,,14.044185638427734,4.381519317626953,,10.600000381469727,81.06085205078125,11.218737602233887,32.2659797668457,,11.809645652770996,7.400000095367432,114.40494537353516,58.5
2023-04-11,1835.0,,124.38671875,82.23322296142578,10.919758796691895,508.5680236816406,178.28500366210938,61.650230407714844,129.63804626464844,25.297582626342773,1.9574999809265137,6.699999809265137,105.32218933105469,,,,15.699999809265137,,,14.044185638427734,4.371695041656494,,10.600000381469727,80.1182861328125,11.170380592346191,32.35536193847656,,12.133197784423828,7.400000095367432,114.88970947265625,59.0
2023-04-12,1930.0,,128.3285369873047,83.37800598144531,11.197379112243652,514.05615234375,183.70249938964844,63.07292556762695,133.56646728515625,25.69285774230957,2.009999990463257,6.849999904632568,108.44615936279297,,,,15.800000190734863,,,14.389534950256348,4.5190558433532715,,10.850000381469727,80.58956909179688,11.315449714660645,32.62350082397461,,12.294973373413086,7.400000095367432,115.37448120117188,59.0
2023-04-13,1915.0,,128.3285369873047,82.23322296142578,11.289918899536133,525.9471435546875,188.135009765625,63.07292556762695,137.49488830566406,25.69285774230957,1.9900000095367432,7.099999904632568,107.55359649658203,,,,16.200000762939453,,,14.504651069641113,4.558351993560791,,10.899999618530273,81.29649353027344,11.218737602233887,33.23128128051758,,12.133197784423828,7.0,113.92018127441406,59.0
2023-04-14,1535.0,,127.45258331298828,81.08845520019531,11.104838371276855,517.7149658203125,188.62750244140625,61.650230407714844,133.56646728515625,25.495220184326172,1.940000057220459,7.050000190734863,106.6610336303711,,,,15.699999809265137,,,13.967442512512207,4.5976481437683105,,10.800000190734863,79.6469955444336,10.976954460144043,32.2659797668457,,11.971421241760254,6.900000095367432,111.98111724853516,58.0
2023-04-17,1300.0,,123.51075744628906,79.18048858642578,10.827218055725098,512.226806640625,188.135009765625,61.650230407714844,132.58436584472656,25.297582626342773,1.909999966621399,7.050000190734863,103.98334503173828,,,,15.199999809265137,,,13.6604642868042,4.58782434463501,,10.899999618530273,77.7618637084961,10.928597450256348,31.819082260131836,,11.324317932128906,7.0,111.49634552001953,57.0
2023-04-18,1465.0,,123.07276916503906,80.13446807861328,10.64213752746582,510.3973693847656,189.6125030517578,61.650230407714844,132.58436584472656,24.90230941772461,1.909999966621399,6.949999809265137,103.98334503173828,,,,15.0,,,13.775582313537598,4.58782434463501,,11.0,77.29058074951172,10.928597450256348,31.72970199584961,,11.647870063781738,7.0,111.98111724853516,57.5
2023-04-19,1330.0,,122.19680786132812,80.70685577392578,10.457056045532227,515.885498046875,193.05999755859375,62.59869384765625,132.58436584472656,24.704669952392578,1.899999976158142,6.900000095367432,105.32218933105469,,,,15.399999618530273,,,13.775582313537598,4.58782434463501,,11.899999618530273,77.99750518798828,11.122023582458496,32.087223052978516,,11.647870063781738,7.0,113.3212661743164,57.5
2023-04-21,1290.0,,121.32084655761719,80.51605987548828,10.549596786499023,515.885498046875,193.05999755859375,62.59869384765625,132.58436584472656,24.50703239440918,1.8899999856948853,6.949999809265137,105.32218933105469,,,,15.5,,,13.775582313537598,4.61729621887207,,11.800000190734863,77.99750518798828,11.122023582458496,31.819082260131836,,11.243430137634277,7.0,112.82855987548828,57.5
2023-04-24,1200.0,,122.19680786132812,80.51605987548828,10.549596786499023,508.5680236816406,192.0749969482422,61.650230407714844,132.58436584472656,24.50703239440918,1.9149999618530273,6.849999904632568,104.87590789794922,,,,15.100000381469727,,,13.698837280273438,4.63694429397583,,12.0,77.7618637084961,11.218737602233887,31.64032745361328,,11.00076675415039,6.800000190734863,113.3212661743164,57.5
2023-04-25,1230.0,,123.51075744628906,80.32525634765625,10.734678268432617,526.86181640625,194.53750610351562,62.59869384765625,139.4591064453125,24.90230941772461,1.9900000095367432,7.150000095367432,108.89244079589844,,,,15.300000190734863,,,13.967442512512207,4.646768569946289,,12.649999618530273,79.6469955444336,11.508875846862793,31.72970199584961,,11.405205726623535,6.199999809265137,112.82855987548828,58.5
2023-04-26,1280.0,,126.13863372802734,81.08845520019531,10.919758796691895,523.2030639648438,194.53750610351562,64.49562072753906,137.49488830566406,25.297582626342773,2.0299999713897705,7.150000095367432,111.57012176513672,,,,15.399999618530273,,,14.197674751281738,4.68606424331665,,12.699999809265137,80.1182861328125,11.26709270477295,32.17660140991211,,11.566981315612793,6.199999809265137,113.3212661743164,58.5
2023-04-27,1415.0,,126.13863372802734,81.66083526611328,10.734678268432617,523.2030639648438,194.0449981689453,64.02139282226562,137.49488830566406,24.90230941772461,2.059999942779541,7.25,111.12384033203125,,,,15.300000190734863,,,14.120929718017578,4.715536594390869,,12.800000190734863,79.17571258544922,11.122023582458496,32.35536193847656,,11.566981315612793,6.199999809265137,113.3212661743164,57.5
2023-04-28,1450.0,,124.82469177246094,81.27923583984375,11.012297630310059,523.2030639648438,193.55250549316406,63.54716110229492,141.42332458496094,24.90230941772461,1.9700000286102295,7.349999904632568,110.67755889892578,,,,15.300000190734863,,,13.967442512512207,4.70571231842041,,12.899999618530273,79.4113540649414,11.218737602233887,31.72970199584961,,11.566981315612793,6.199999809265137,113.3212661743164,57.5
2023-05-02,1330.0,,122.63478088378906,81.08845520019531,10.919758796691895,505.823974609375,192.0749969482422,63.07292556762695,141.42332458496094,25.099945068359375,1.909999966621399,7.300000190734863,108.44615936279297,,,,15.199999809265137,,,13.430233001708984,4.68606424331665,,12.800000190734863,78.70443725585938,10.976954460144043,31.685012817382812,,11.243430137634277,7.0,112.33586120605469,57.5
2023-05-03,1360.0,,124.38671875,82.04243469238281,11.012297630310059,504.90924072265625,188.135009765625,63.07292556762695,141.42332458496094,24.90230941772461,1.909999966621399,7.349999904632568,110.23127746582031,,,,15.100000381469727,,,13.775582313537598,4.70571231842041,,12.725000381469727,78.46878814697266,11.025310516357422,31.64032745361328,,11.486093521118164,7.349999904632568,112.33586120605469,57.5
2023-05-04,1295.0,,120.88285827636719,82.04243469238281,10.64213752746582,493.9329833984375,175.3300018310547,61.650230407714844,135.5306854248047,24.704669952392578,1.840000033378601,7.099999904632568,108.89244079589844,,,,14.699999809265137,,,13.161627769470215,4.6074724197387695,,12.449999809265137,76.34801483154297,10.638458251953125,31.104047775268555,,11.162541389465332,7.349999904632568,111.8431625366211,56.0
2023-05-05,1290.0,,122.19680786132812,81.27923583984375,10.734678268432617,493.9329833984375,178.28500366210938,61.650230407714844,135.5306854248047,24.704669952392578,1.850000023841858,7.099999904632568,108.44615936279297,,,,14.899999618530273,,,13.27674388885498,4.58782434463501,,12.399999618530273,77.29058074951172,10.7351713180542,30.835908889770508,,11.162541389465332,7.349999904632568,111.8431625366211,56.0
2023-05-08,1315.0,,121.10185241699219,81.18384552001953,10.549596786499023,493.9329833984375,173.36000061035156,59.753299713134766,135.5306854248047,24.704669952392578,1.850000023841858,7.0,107.10731506347656,,,,14.199999809265137,,,13.238371849060059,4.61729621887207,,12.550000190734863,75.8767318725586,10.7351713180542,30.389013290405273,,11.162541389465332,7.449999809265137,112.82855987548828,53.0
2023-05-09,1290.0,,119.56890869140625,81.08845520019531,10.457056045532227,490.2742004394531,171.88250732421875,59.753299713134766,136.51278686523438,24.111759185791016,1.850000023841858,6.75,104.87590789794922,,,,14.300000190734863,,,13.084883689880371,4.578000068664551,,12.300000190734863,76.11236572265625,10.638458251953125,30.299633026123047,,10.677213668823242,7.699999809265137,111.8431625366211,51.5
2023-05-10,1290.0,,120.00689697265625,81.37464141845703,10.549596786499023,495.7623596191406,174.34500122070312,61.650230407714844,140.4412078857422,24.704669952392578,1.8600000143051147,6.699999809265137,104.87590789794922,,,,14.800000190734863,,,13.315116882324219,4.5976481437683105,,12.649999618530273,77.7618637084961,10.638458251953125,30.389013290405273,,10.919878005981445,7.699999809265137,111.8431625366211,53.0
2023-05-11,1280.0,,120.44488525390625,82.04243469238281,10.64213752746582,488.4448547363281,172.12875366210938,61.650230407714844,140.4412078857422,24.704669952392578,1.8700000047683716,6.650000095367432,106.21475219726562,,,,14.899999618530273,,,13.391860961914062,4.58782434463501,,13.149999618530273,77.29058074951172,10.7351713180542,30.4783878326416,,10.515438079833984,7.800000190734863,112.82855987548828,51.0
2023-05-12,1300.0,,120.00689697265625,82.04243469238281,10.64213752746582,492.1036071777344,172.12875366210938,62.36157989501953,140.4412078857422,24.309396743774414,1.8700000047683716,6.650000095367432,105.76847076416016,,,,14.800000190734863,,,13.12325668334961,4.558351993560791,,13.0,76.34801483154297,10.44503116607666,30.567771911621094,,10.758101463317871,7.800000190734863,112.82855987548828,49.0
2023-05-15,1290.0,,119.13093566894531,81.85163879394531,10.64213752746582,492.1036071777344,170.40499877929688,61.650230407714844,139.4591064453125,23.914121627807617,1.840000033378601,6.650000095367432,104.87590789794922,,,,14.600000381469727,,,12.816279411315918,4.558351993560791,,13.100000381469727,76.34801483154297,10.251605033874512,30.389013290405273,,10.758101463317871,7.800000190734863,112.33586120605469,48.400001525878906
2023-05-16,1240.0,,117.8169937133789,82.42402648925781,10.549596786499023,488.4448547363281,173.85250854492188,62.12446212768555,137.49488830566406,23.71648406982422,1.809999942779541,6.550000190734863,105.76847076416016,,,,14.600000381469727,,,12.893022537231445,4.578000068664551,,12.949999809265137,77.29058074951172,10.058177947998047,30.4783878326416,,10.191885948181152,7.849999904632568,113.81396484375,47.79999923706055
2023-05-17,1235.0,,118.25497436523438,82.32862854003906,10.734678268432617,501.2505187988281,172.8675079345703,63.07292556762695,135.5306854248047,23.914121627807617,1.8650000095367432,6.550000190734863,104.42962646484375,,,,14.5,,,13.353487968444824,4.58782434463501,,13.149999618530273,77.29058074951172,10.34831714630127,30.746530532836914,,10.515438079833984,7.849999904632568,113.81396484375,49.79999923706055
2023-05-19,1170.0,,120.00689697265625,80.89765930175781,10.734678268432617,501.2505187988281,172.8675079345703,62.59869384765625,137.49488830566406,23.914121627807617,1.8700000047683716,6.099999904632568,104.42962646484375,,,,14.600000381469727,,,13.54534912109375,4.578000068664551,,13.100000381469727,77.29058074951172,10.154891014099121,30.657150268554688,,10.515438079833984,7.849999904632568,112.33586120605469,49.79999923706055
2023-05-22,1135.0,,119.56890869140625,80.70685577392578,10.64213752746582,501.2505187988281,172.375,62.59869384765625,137.49488830566406,23.71648406982422,1.8550000190734863,6.0,106.21475219726562,,,,14.899999618530273,,,13.852325439453125,4.5976481437683105,,13.050000190734863,77.29058074951172,10.251605033874512,30.835908889770508,,10.677213668823242,7.449999809265137,112.33586120605469,50.5
2023-05-23,1055.0,,117.37901306152344,80.51605987548828,10.549596786499023,499.4211120605469,171.38999938964844,61.650230407714844,135.5306854248047,23.51884651184082,1.840000033378601,5.949999809265137,104.87590789794922,,,,14.800000190734863,,,13.890698432922363,4.56817626953125,,13.100000381469727,76.81929016113281,10.058177947998047,30.835908889770508,,10.515438079833984,7.449999809265137,112.33586120605469,49.400001525878906
2023-05-24,1080.0,,113.87516021728516,79.8482666015625,10.457056045532227,486.6154479980469,168.43499755859375,60.70176315307617,131.6022491455078,22.925935745239258,1.809999942779541,5.900000095367432,102.6445083618164,,,,14.399999618530273,,,13.73720932006836,4.509232044219971,,12.800000190734863,75.40544128417969,10.058177947998047,30.746530532836914,,10.515438079833984,7.449999809265137,111.8431625366211,49.20000076293945
2023-05-25,1065.0,,113.87516021728516,80.13446807861328,10.27197551727295,484.78607177734375,169.4199981689453,61.650230407714844,121.78118896484375,22.925935745239258,1.7999999523162842,6.0,103.09078979492188,,,,14.699999809265137,,,13.54534912109375,4.509232044219971,,12.899999618530273,73.52030944824219,10.058177947998047,30.657150268554688,,10.434549331665039,7.5,111.35045623779297,48.400001525878906
2023-05-26,1120.0,,113.87516021728516,80.32525634765625,10.179435729980469,488.4448547363281,167.4499969482422,62.59869384765625,125.7096176147461,23.321208953857422,1.7999999523162842,6.050000190734863,103.53706359863281,,,,14.699999809265137,,,13.54534912109375,4.479759693145752,,12.699999809265137,73.99159240722656,10.154891014099121,30.835908889770508,,10.515438079833984,7.0,111.8431625366211,48.400001525878906
2023-05-30,1180.0,,113.87516021728516,80.13446807861328,10.179435729980469,484.78607177734375,169.4199981689453,62.59869384765625,126.69172668457031,23.321208953857422,1.8849999904632568,6.0,104.87590789794922,,,,14.699999809265137,,,13.54534912109375,4.460111618041992,,12.75,74.46287536621094,10.058177947998047,30.835908889770508,,10.353662490844727,7.5,111.35045623779297,48.79999923706055
2023-05-31,1170.0,,111.68524932861328,79.18048858642578,10.179435729980469,482.9566650390625,168.43499755859375,62.59869384765625,125.7096176147461,23.123571395874023,1.8600000143051147,6.0,104.42962646484375,,,,14.699999809265137,,,13.430233001708984,4.460111618041992,,12.800000190734863,72.5777359008789,9.864751815795898,30.835908889770508,,10.515438079833984,7.5,110.85775756835938,48.599998474121094
2023-06-01,1175.0,,113.43717193603516,79.56208038330078,9.994355201721191,484.78607177734375,170.8975067138672,62.12446212768555,127.67383575439453,22.925935745239258,1.840000033378601,6.0,105.32218933105469,,,,14.699999809265137,,,13.238371849060059,4.450287818908691,,12.649999618530273,72.5777359008789,9.961464881896973,30.4783878326416,,10.515438079833984,7.199999809265137,110.36505889892578,48.599998474121094
2023-06-02,1165.0,,112.56121063232422,78.03571319580078,9.901814460754395,477.4685363769531,170.8975067138672,59.753299713134766,129.63804626464844,22.925935745239258,1.8600000143051147,6.099999904632568,104.42962646484375,,,,14.699999809265137,,,13.238371849060059,4.440463542938232,,12.800000190734863,73.28466033935547,9.961464881896973,30.4783878326416,,10.515438079833984,7.199999809265137,109.87235260009766,48.20000076293945
2023-06-05,1165.0,,112.56121063232422,76.89093017578125,9.763004302978516,477.4685363769531,167.9425048828125,59.753299713134766,132.58436584472656,22.530658721923828,1.850000023841858,6.0,103.09078979492188,,,,14.5,,,13.200000762939453,4.371695041656494,,12.600000381469727,72.10645294189453,9.864751815795898,30.389013290405273,,10.191885948181152,6.699999809265137,109.37965393066406,48.0
2023-06-06,1165.0,,112.56121063232422,76.89093017578125,9.763004302978516,477.4685363769531,167.9425048828125,59.753299713134766,132.58436584472656,22.530658721923828,1.850000023841858,6.0,103.09078979492188,,,,14.5,,,13.200000762939453,4.371695041656494,,12.600000381469727,72.10645294189453,9.864751815795898,30.389013290405273,,10.191885948181152,6.699999809265137,109.37965393066406,48.0
2023-06-07,1140.0,,110.80929565429688,76.31854248046875,9.62419319152832,481.1273193359375,167.69625854492188,60.22753143310547,127.67383575439453,22.72829818725586,1.8600000143051147,6.050000190734863,103.09078979492188,,,,14.5,,,13.104070663452148,4.371695041656494,,12.600000381469727,72.10645294189453,9.961464881896973,30.567771911621094,,10.191885948181152,7.199999809265137,109.87235260009766,48.0
2023-06-08,1155.0,,111.68524932861328,76.50933837890625,9.994355201721191,484.78607177734375,169.4199981689453,60.70176315307617,127.67383575439453,24.309396743774414,1.909999966621399,6.050000190734863,103.98334503173828,,,,14.699999809265137,,,13.27674388885498,4.420815467834473,,12.600000381469727,74.46287536621094,10.009821891784668,30.567771911621094,,10.272773742675781,7.199999809265137,109.87235260009766,47.599998474121094
2023-06-09,1150.0,,113.87516021728516,77.08172607421875,9.994355201721191,492.1036071777344,170.40499877929688,60.22753143310547,127.67383575439453,24.704669952392578,1.940000057220459,6.099999904632568,104.87590789794922,,,,14.75,,,13.46860408782959,4.430639743804932,,12.850000381469727,74.93415832519531,10.154891014099121,30.925289154052734,,10.272773742675781,7.199999809265137,111.35045623779297,47.400001525878906
2023-06-12,1145.0,,113.43717193603516,76.986328125,10.086894989013672,490.2742004394531,170.15875244140625,60.70176315307617,125.7096176147461,24.40821647644043,1.9299999475479126,6.099999904632568,103.53706359863281,,,,14.899999618530273,,,13.411046981811523,4.410991191864014,,12.649999618530273,74.93415832519531,10.251605033874512,30.835908889770508,,10.434549331665039,7.900000095367432,110.85775756835938,47.400001525878906
2023-06-13,1135.0,,112.12322998046875,76.31854248046875,9.809274673461914,482.9566650390625,170.15875244140625,60.70176315307617,125.7096176147461,23.914121627807617,1.909999966621399,6.099999904632568,102.6445083618164,,,,14.399999618530273,,,13.219186782836914,4.420815467834473,,12.600000381469727,73.52030944824219,10.203248023986816,30.4783878326416,,10.191885948181152,7.900000095367432,110.85775756835938,45.79999923706055
2023-06-14,1130.0,,112.56121063232422,75.93694305419922,9.809274673461914,488.4448547363281,166.7112579345703,60.70176315307617,125.21855926513672,23.815303802490234,2.0,6.050000190734863,102.19822692871094,,,,14.0,,,13.200000762939453,4.401167392730713,,12.699999809265137,73.28466033935547,9.961464881896973,30.4783878326416,,10.272773742675781,7.900000095367432,111.8431625366211,44.400001525878906
2023-06-15,1090.0,,112.99919128417969,76.70013427734375,10.086894989013672,482.9566650390625,167.9425048828125,60.938880920410156,126.69172668457031,24.111759185791016,2.0,6.050000190734863,103.98334503173828,,,,14.0,,,13.353487968444824,4.401167392730713,,12.699999809265137,73.04902648925781,9.864751815795898,30.657150268554688,,10.110998153686523,7.900000095367432,111.35045623779297,44.599998474121094
2023-06-16,1090.0,,112.99919128417969,76.70013427734375,9.994355201721191,501.2505187988281,168.92750549316406,62.59869384765625,127.18277740478516,24.309396743774414,2.0199999809265137,6.099999904632568,102.6445083618164,,,,14.199999809265137,,,13.04651165008545,4.391343116760254,,12.699999809265137,72.5777359008789,9.864751815795898,30.657150268554688,,10.191885948181152,7.900000095367432,110.85775756835938,44.79999923706055
2023-06-19,1090.0,,112.12322998046875,76.50933837890625,9.901814460754395,493.9329833984375,168.43499755859375,62.12446212768555,126.69172668457031,24.309396743774414,2.0299999713897705,6.0,102.19822692871094,,,,14.100000381469727,,,13.04651165008545,4.381519317626953,,12.5,71.63516998291016,9.67132568359375,30.567771911621094,,10.191885948181152,7.199999809265137,110.36505889892578,44.79999923706055
2023-06-20,1090.0,,113.43717193603516,76.50933837890625,9.901814460754395,488.4448547363281,168.43499755859375,62.12446212768555,125.7096176147461,24.50703239440918,2.0299999713897705,6.0,102.6445083618164,,,,14.0,,,13.238371849060059,4.381519317626953,,12.550000190734863,71.63516998291016,9.768038749694824,30.567771911621094,,10.191885948181152,7.199999809265137,110.36505889892578,44.79999923706055
2023-06-21,1080.0,,112.78020477294922,76.12774658203125,9.901814460754395,492.1036071777344,169.91250610351562,62.12446212768555,126.69172668457031,24.704669952392578,2.069999933242798,6.0,102.6445083618164,,,,14.0,,,13.430233001708984,4.381519317626953,,12.100000381469727,72.34209442138672,9.816394805908203,30.657150268554688,,9.94922161102295,7.199999809265137,110.36505889892578,45.0
2023-06-22,1080.0,,112.56121063232422,75.93694305419922,10.086894989013672,484.78607177734375,169.91250610351562,62.12446212768555,128.16488647460938,24.111759185791016,2.059999942779541,6.099999904632568,102.6445083618164,,,,14.0,,,13.353487968444824,4.381519317626953,,12.100000381469727,71.63516998291016,9.768038749694824,30.746530532836914,,9.86833381652832,7.199999809265137,110.36505889892578,44.79999923706055
2023-06-23,1080.0,,112.56121063232422,75.93694305419922,10.086894989013672,484.78607177734375,169.91250610351562,62.12446212768555,128.16488647460938,24.111759185791016,2.059999942779541,6.099999904632568,102.6445083618164,,,,14.0,,,13.353487968444824,4.381519317626953,,12.100000381469727,71.63516998291016,9.768038749694824,30.746530532836914,,9.86833381652832,7.199999809265137,110.36505889892578,44.79999923706055
2023-06-26,1060.0,,112.99919128417969,76.70013427734375,9.994355201721191,484.78607177734375,169.4199981689453,62.12446212768555,126.69172668457031,23.321208953857422,2.0,6.099999904632568,101.75194549560547,,,,13.899999618530273,,,13.315116882324219,4.302927017211914,,12.0,71.16388702392578,9.550433158874512,30.389013290405273,,9.787446022033691,7.199999809265137,112.33586120605469,44.20000076293945
2023-06-27,1050.0,,111.68524932861328,76.12774658203125,9.901814460754395,475.63916015625,169.91250610351562,62.12446212768555,125.7096176147461,23.123571395874023,1.9500000476837158,6.099999904632568,98.18170166015625,,,,13.899999618530273,,,12.931395530700684,4.2734551429748535,,12.0,70.6926040649414,9.550433158874512,29.942113876342773,,9.706559181213379,6.699999809265137,112.18804931640625,43.0
2023-06-28,1020.0,,112.99919128417969,76.70013427734375,10.086894989013672,475.63916015625,168.43499755859375,62.12446212768555,123.74539947509766,23.123571395874023,1.9500000476837158,6.0,99.07426452636719,,,,13.899999618530273,,,12.85465145111084,4.224335193634033,,12.0,70.6926040649414,9.52625560760498,29.942113876342773,,9.706559181213379,6.699999809265137,111.8431625366211,42.599998474121094
2023-06-29,958.0,,113.65616607666016,76.31854248046875,9.901814460754395,475.63916015625,166.46499633789062,61.650230407714844,124.72750854492188,22.925935745239258,1.934999942779541,5.849999904632568,99.96682739257812,,,,14.0,,,12.969767570495605,4.1948628425598145,,11.850000381469727,69.98567199707031,9.52625560760498,29.49521827697754,,9.302118301391602,6.699999809265137,111.8431625366211,42.0
2023-06-30,1115.0,,120.00689697265625,77.27252197265625,10.36451530456543,484.78607177734375,168.43499755859375,62.59869384765625,127.67383575439453,23.51884651184082,2.0299999713897705,6.0,101.75194549560547,,,,14.399999618530273,,,13.12325668334961,4.234158992767334,,12.149999618530273,72.10645294189453,9.768038749694824,29.852737426757812,,9.86833381652832,7.25,116.27747344970703,45.20000076293945
2023-07-03,1190.0,,121.75881958007812,77.27252197265625,10.734678268432617,486.6154479980469,170.15875244140625,63.07292556762695,126.69172668457031,23.51884651184082,2.059999942779541,5.949999809265137,101.3056640625,,,,14.5,,,13.200000762939453,4.253807067871094,,12.300000190734863,75.40544128417969,9.67132568359375,29.852737426757812,,10.110998153686523,7.25,114.3066635131836,45.79999923706055
2023-07-04,1205.0,,126.57662200927734,76.50933837890625,11.47499942779541,488.4448547363281,171.88250732421875,63.54716110229492,127.67383575439453,23.71648406982422,2.130000114440918,6.199999809265137,102.19822692871094,,,,14.5,,,13.27674388885498,4.243983268737793,,12.199999809265137,75.8767318725586,9.768038749694824,29.942113876342773,,10.434549331665039,7.25,113.3212661743164,46.79999923706055
2023-07-05,1170.0,,124.82469177246094,76.50933837890625,11.012297630310059,488.4448547363281,169.4199981689453,62.12446212768555,126.93724822998047,23.71648406982422,2.0999999046325684,6.199999809265137,100.85938262939453,,,,14.5,,,13.238371849060059,4.243983268737793,,12.25,75.40544128417969,9.67132568359375,29.942113876342773,,10.434549331665039,7.25,113.81396484375,47.0
2023-07-06,1170.0,,127.01459503173828,76.50933837890625,10.919758796691895,482.9566650390625,170.8975067138672,61.650230407714844,127.18277740478516,23.914121627807617,2.2100000381469727,6.050000190734863,99.52054595947266,,,,14.600000381469727,,,13.622093200683594,4.253807067871094,,12.350000381469727,75.8767318725586,9.768038749694824,31.282806396484375,,10.515438079833984,7.25,112.82855987548828,46.599998474121094
2023-07-07,1235.0,,130.51844787597656,76.986328125,11.104838371276855,497.59173583984375,172.375,62.835811614990234,128.65594482421875,24.704669952392578,2.200000047683716,6.25,99.96682739257812,,,,14.300000190734863,,,13.794768333435059,4.293103218078613,,12.449999809265137,77.7618637084961,9.768038749694824,31.819082260131836,,10.919878005981445,6.949999809265137,112.82855987548828,46.79999923706055
2023-07-10,1225.0,,129.64248657226562,77.08172607421875,11.104838371276855,497.59173583984375,172.375,63.54716110229492,127.67383575439453,24.605852127075195,2.200000047683716,6.199999809265137,100.4131088256836,,,,14.300000190734863,,,13.54534912109375,4.293103218078613,,12.600000381469727,77.29058074951172,9.768038749694824,31.819082260131836,,10.919878005981445,6.949999809265137,112.82855987548828,46.79999923706055
2023-07-11,1195.0,,128.7665252685547,76.89093017578125,11.012297630310059,493.9329833984375,172.375,62.12446212768555,129.63804626464844,24.704669952392578,2.2100000381469727,6.25,100.4131088256836,,,,14.300000190734863,,,13.54534912109375,4.302927017211914,,12.600000381469727,77.29058074951172,9.768038749694824,31.819082260131836,,10.758101463317871,6.949999809265137,113.3212661743164,47.0
2023-07-12,1175.0,,127.89055633544922,77.08172607421875,11.012297630310059,493.9329833984375,175.3300018310547,62.12446212768555,129.63804626464844,24.704669952392578,2.184999942779541,6.199999809265137,100.4131088256836,,,,14.300000190734863,,,13.27674388885498,4.2832794189453125,,12.600000381469727,78.70443725585938,9.961464881896973,31.997840881347656,,10.758101463317871,6.949999809265137,112.82855987548828,47.0
2023-07-13,1190.0,,127.01459503173828,76.70013427734375,11.012297630310059,497.59173583984375,176.8074951171875,63.07292556762695,132.58436584472656,24.704669952392578,2.200000047683716,6.199999809265137,99.07426452636719,,,,14.300000190734863,,,13.161627769470215,4.2832794189453125,,12.649999618530273,78.23314666748047,9.768038749694824,31.72970199584961,,10.59632682800293,7.199999809265137,112.82855987548828,46.0
2023-07-14,1210.0,,127.45258331298828,76.50933837890625,11.197379112243652,499.4211120605469,182.22500610351562,63.54716110229492,132.58436584472656,24.803489685058594,2.2100000381469727,6.199999809265137,98.18170166015625,,,,14.0,,,13.315116882324219,4.248894691467285,,12.699999809265137,78.94007110595703,9.622968673706055,31.72970199584961,,10.515438079833984,7.199999809265137,112.33586120605469,45.599998474121094
2023-07-17,1250.0,,126.57662200927734,76.31854248046875,11.104838371276855,499.4211120605469,185.67250061035156,63.07292556762695,133.56646728515625,24.704669952392578,2.25,6.400000095367432,97.28914642333984,,,,14.0,,,13.238371849060059,4.234158992767334,,12.550000190734863,79.4113540649414,9.622968673706055,31.64032745361328,,10.515438079833984,7.199999809265137,112.33586120605469,45.599998474121094
2023-07-18,1260.0,,129.64248657226562,76.31854248046875,11.197379112243652,490.2742004394531,184.19500732421875,63.54716110229492,136.51278686523438,24.90230941772461,2.2899999618530273,6.599999904632568,99.96682739257812,,,,14.0,,,13.315116882324219,4.243983268737793,,12.75,79.6469955444336,9.52625560760498,31.72970199584961,,10.434549331665039,7.25,111.8431625366211,45.0
2023-07-19,1330.0,,128.7665252685547,76.70013427734375,11.104838371276855,486.6154479980469,185.67250061035156,63.07292556762695,142.40542602539062,24.90230941772461,2.2799999713897705,6.800000190734863,103.09078979492188,,,,14.100000381469727,,,13.622093200683594,4.234158992767334,,12.699999809265137,79.17571258544922,9.67132568359375,31.819082260131836,,10.677213668823242,7.25,112.33586120605469,45.400001525878906
2023-07-20,1350.0,,131.3944091796875,76.12774658203125,11.197379112243652,491.18890380859375,186.16500854492188,62.59869384765625,142.40542602539062,24.90230941772461,2.2699999809265137,6.699999809265137,108.89244079589844,,,,13.899999618530273,,,13.506977081298828,4.224335193634033,,12.850000381469727,79.88263702392578,9.768038749694824,31.997840881347656,,10.919878005981445,7.25,112.33586120605469,45.79999923706055
2023-07-21,1345.0,,132.70835876464844,76.70013427734375,11.47499942779541,493.9329833984375,189.1199951171875,63.07292556762695,144.36964416503906,25.00112533569336,2.200000047683716,6.699999809265137,109.33871459960938,,,,14.100000381469727,,,13.46860408782959,4.317663192749023,,12.949999809265137,82.94599151611328,9.864751815795898,31.819082260131836,,11.081652641296387,7.25,112.33586120605469,45.79999923706055
2023-07-24,1385.0,,131.8323974609375,76.70013427734375,11.47499942779541,482.9566650390625,189.1199951171875,63.07292556762695,143.3875274658203,24.90230941772461,2.119999885559082,6.75,106.6610336303711,,,,14.300000190734863,,,13.353487968444824,4.293103218078613,,13.050000190734863,82.71034240722656,9.864751815795898,31.819082260131836,,11.081652641296387,7.0,112.82855987548828,46.0
2023-07-25,1380.0,,131.3944091796875,76.89093017578125,11.47499942779541,488.4448547363281,189.6125030517578,63.07292556762695,145.35174560546875,24.90230941772461,2.130000114440918,6.800000190734863,107.10731506347656,,,,14.300000190734863,,,13.430233001708984,4.293103218078613,,12.949999809265137,82.47470092773438,9.768038749694824,31.37218475341797,,11.081652641296387,6.5,113.81396484375,46.0
2023-07-26,1320.0,,130.51844787597656,76.50933837890625,11.289918899536133,488.4448547363281,189.1199951171875,62.835811614990234,143.3875274658203,24.111759185791016,2.0999999046325684,6.800000190734863,105.32218933105469,,,,14.300000190734863,,,13.315116882324219,4.2832794189453125,,13.024999618530273,80.58956909179688,9.768038749694824,31.461565017700195,,11.081652641296387,6.5,113.3212661743164,46.0
2023-07-27,1290.0,,131.3944091796875,77.27252197265625,11.289918899536133,481.1273193359375,188.135009765625,63.54716110229492,144.36964416503906,24.309396743774414,2.0999999046325684,6.800000190734863,108.44615936279297,,,,14.300000190734863,,,13.161627769470215,4.2734551429748535,,13.0,80.58956909179688,9.67132568359375,31.461565017700195,,10.919878005981445,6.0,113.3212661743164,45.599998474121094
2023-07-28,1300.0,,129.20449829101562,77.08172607421875,11.38245964050293,482.9566650390625,189.1199951171875,64.02139282226562,145.35174560546875,24.803489685058594,2.0799999237060547,6.699999809265137,105.32218933105469,,,,14.300000190734863,,,13.04651165008545,4.263631343841553,,12.949999809265137,81.29649353027344,9.67132568359375,31.461565017700195,,11.324317932128906,6.0,113.3212661743164,45.400001525878906
2023-07-31,1325.0,,130.08045959472656,78.03571319580078,11.38245964050293,486.6154479980469,188.135009765625,64.02139282226562,144.36964416503906,24.704669952392578,2.0399999618530273,6.699999809265137,104.87590789794922,,,,14.300000190734863,,,12.969767570495605,4.263631343841553,,13.0,80.82521057128906,9.768038749694824,31.461565017700195,,11.405205726623535,6.0,112.33586120605469,45.599998474121094
2023-08-01,1300.0,,126.57662200927734,78.22650909423828,11.289918899536133,481.1273193359375,187.6425018310547,63.07292556762695,142.40542602539062,24.90230941772461,2.0,6.400000095367432,105.76847076416016,,,,14.300000190734863,,,13.04651165008545,4.293103218078613,,12.899999618530273,80.58956909179688,9.864751815795898,31.59563446044922,,10.919878005981445,6.0,112.33586120605469,46.0
2023-08-02,1280.0,,126.13863372802734,77.84490966796875,11.197379112243652,479.29791259765625,186.65750122070312,62.59869384765625,141.91436767578125,24.309396743774414,2.069999933242798,6.400000095367432,106.21475219726562,,,,14.0,,,13.200000762939453,4.1948628425598145,,12.899999618530273,79.17571258544922,9.57461166381836,31.37218475341797,,10.838990211486816,6.300000190734863,111.35045623779297,45.79999923706055
2023-08-03,1245.0,,126.13863372802734,77.84490966796875,11.104838371276855,477.4685363769531,187.15000915527344,62.59869384765625,141.42332458496094,24.309396743774414,2.0399999618530273,6.400000095367432,103.98334503173828,,,,14.0,,,13.084883689880371,4.204687118530273,,12.899999618530273,78.23314666748047,9.57461166381836,31.19342613220215,,11.081652641296387,6.300000190734863,113.3212661743164,46.20000076293945
2023-08-04,1215.0,,125.91963958740234,78.98969268798828,11.197379112243652,484.78607177734375,187.15000915527344,62.59869384765625,141.42332458496094,24.309396743774414,2.0399999618530273,6.599999904632568,106.21475219726562,,,,14.0,,,13.180813789367676,4.224335193634033,,12.949999809265137,78.94007110595703,9.57461166381836,31.19342613220215,,11.12209701538086,7.25,114.3066635131836,46.20000076293945
2023-08-08,1235.0,,123.51075744628906,79.18048858642578,11.197379112243652,477.4685363769531,189.1199951171875,63.54716110229492,141.42332458496094,24.111759185791016,2.0,6.599999904632568,105.76847076416016,,,,14.0,,,13.12325668334961,4.204687118530273,,13.0,78.94007110595703,9.768038749694824,31.19342613220215,,11.12209701538086,6.199999809265137,115.7847671508789,46.20000076293945
2023-08-09,1240.0,,125.2626724243164,79.80057525634766,11.289918899536133,477.4685363769531,189.6125030517578,64.02139282226562,141.42332458496094,24.309396743774414,2.0,6.599999904632568,106.21475219726562,,,,14.0,,,13.238371849060059,4.243983268737793,,13.0,79.6469955444336,9.864751815795898,31.37218475341797,,11.12209701538086,6.900000095367432,115.29206848144531,46.79999923706055
2023-08-10,1215.0,,124.82469177246094,80.89765930175781,11.289918899536133,477.4685363769531,189.6125030517578,64.02139282226562,141.42332458496094,24.309396743774414,1.9900000095367432,6.650000095367432,106.21475219726562,,,,14.0,,,13.238371849060059,4.263631343841553,,13.0,79.6469955444336,9.961464881896973,31.37218475341797,,11.243430137634277,6.900000095367432,116.27747344970703,47.400001525878906
2023-08-11,1195.0,,126.13863372802734,80.89765930175781,11.104838371276855,468.3216247558594,190.10499572753906,64.02139282226562,142.40542602539062,24.111759185791016,1.975000023841858,6.599999904632568,104.42962646484375,,,,14.0,,,13.238371849060059,4.214510917663574,,13.0,79.6469955444336,10.058177947998047,31.282806396484375,,11.162541389465332,6.800000190734863,116.27747344970703,47.79999923706055
2023-08-14,1180.0,,125.70064544677734,80.51605987548828,11.104838371276855,473.8097839355469,192.0749969482422,64.02139282226562,141.42332458496094,24.111759185791016,1.975000023841858,6.550000190734863,105.32218933105469,,,,14.0,,,13.27674388885498,4.204687118530273,,13.0,79.6469955444336,10.058177947998047,31.37218475341797,,11.081652641296387,6.800000190734863,115.29206848144531,47.599998474121094
2023-08-15,1170.0,,127.01459503173828,81.08845520019531,11.104838371276855,477.4685363769531,193.55250549316406,65.44408416748047,141.42332458496094,24.111759185791016,1.9900000095367432,6.550000190734863,106.6610336303711,,,,14.0,,,13.54534912109375,4.1948628425598145,,13.0,79.6469955444336,10.058177947998047,31.19342613220215,,11.243430137634277,6.800000190734863,114.79936981201172,47.599998474121094
2023-08-16,1195.0,,127.89055633544922,81.08845520019531,11.289918899536133,492.1036071777344,192.0749969482422,67.81525421142578,140.4412078857422,24.309396743774414,1.9800000190734863,6.449999809265137,107.10731506347656,,,,14.100000381469727,,,13.54534912109375,4.185039043426514,,12.899999618530273,80.58956909179688,10.058177947998047,31.19342613220215,,11.00076675415039,6.300000190734863,115.7847671508789,47.400001525878906
2023-08-17,1190.0,,127.01459503173828,81.27923583984375,11.336189270019531,490.2742004394531,193.05999755859375,67.81525421142578,141.42332458496094,24.2105770111084,1.9600000381469727,6.349999904632568,106.21475219726562,,,,14.100000381469727,,,13.46860408782959,4.175214767456055,,13.0,80.1182861328125,10.058177947998047,31.104047775268555,,11.162541389465332,6.0,115.29206848144531,47.20000076293945
2023-08-18,1230.0,,126.13863372802734,81.08845520019531,11.336189270019531,490.2742004394531,193.55250549316406,66.86678314208984,140.4412078857422,24.2105770111084,1.9500000476837158,6.349999904632568,106.21475219726562,,,,13.899999618530273,,,13.238371849060059,4.155566692352295,,13.0,80.1182861328125,10.058177947998047,31.014667510986328,,11.081652641296387,7.25,115.7847671508789,47.0
2023-08-21,1305.0,,124.38671875,79.75287628173828,11.289918899536133,490.2742004394531,193.55250549316406,66.86678314208984,139.4591064453125,24.2105770111084,1.975000023841858,6.199999809265137,103.98334503173828,,,,14.100000381469727,,,13.200000762939453,4.155566692352295,,12.850000381469727,79.17571258544922,10.058177947998047,30.746530532836914,,11.00076675415039,7.25,116.27747344970703,47.400001525878906
2023-08-22,1335.0,,126.13863372802734,79.56208038330078,11.289918899536133,488.4448547363281,191.58250427246094,67.81525421142578,139.9501495361328,24.309396743774414,1.9800000190734863,6.099999904632568,105.32218933105469,,,,14.300000190734863,,,13.238371849060059,4.145742416381836,,12.949999809265137,79.17571258544922,10.058177947998047,30.657150268554688,,11.162541389465332,6.599999904632568,115.29206848144531,47.400001525878906
2023-08-23,1290.0,,125.70064544677734,79.37127685546875,11.289918899536133,488.4448547363281,191.08999633789062,67.81525421142578,140.4412078857422,24.111759185791016,1.9500000476837158,6.0,106.6610336303711,,,,14.199999809265137,,,13.12325668334961,4.126094341278076,,12.949999809265137,79.17571258544922,10.058177947998047,30.567771911621094,,11.162541389465332,6.0,114.79936981201172,47.0
2023-08-24,1280.0,,123.729736328125,79.37127685546875,10.919758796691895,486.6154479980469,189.1199951171875,66.3925552368164,139.9501495361328,24.111759185791016,1.909999966621399,6.050000190734863,105.32218933105469,,,,14.300000190734863,,,13.12325668334961,4.126094341278076,,13.0,78.70443725585938,9.864751815795898,30.4783878326416,,11.243430137634277,7.0,114.3066635131836,46.79999923706055
2023-08-25,1265.0,,123.729736328125,76.12774658203125,11.012297630310059,490.2742004394531,188.135009765625,66.3925552368164,140.4412078857422,23.914121627807617,1.8949999809265137,6.0,104.42962646484375,,,,14.899999618530273,,,13.04651165008545,4.155566692352295,,12.949999809265137,78.70443725585938,9.768038749694824,30.4783878326416,,10.879433631896973,7.0,110.85775756835938,46.0
2023-08-28,1300.0,,123.51075744628906,75.17376708984375,11.012297630310059,492.1036071777344,188.135009765625,66.3925552368164,140.4412078857422,23.71648406982422,1.8550000190734863,6.0,104.87590789794922,,,,15.300000190734863,,,13.04651165008545,4.145742416381836,,12.949999809265137,77.7618637084961,9.864751815795898,30.567771911621094,,10.758101463317871,7.0,111.35045623779297,45.0
2023-08-29,1285.0,,124.82469177246094,76.31854248046875,11.012297630310059,492.1036071777344,188.135009765625,66.86678314208984,140.4412078857422,23.51884651184082,1.850000023841858,6.050000190734863,106.6610336303711,,,,15.600000381469727,,,13.04651165008545,4.135918617248535,,12.949999809265137,77.7618637084961,9.864751815795898,30.835908889770508,,10.758101463317871,7.0,111.35045623779297,44.79999923706055
2023-08-30,1295.0,,124.38671875,76.12774658203125,11.38245964050293,492.1036071777344,186.16500854492188,64.96985626220703,140.4412078857422,23.51884651184082,1.8949999809265137,6.099999904632568,106.21475219726562,,,,15.600000381469727,,,13.008140563964844,4.126094341278076,,12.949999809265137,78.70443725585938,9.67132568359375,30.835908889770508,,10.758101463317871,7.0,111.35045623779297,45.79999923706055
2023-08-31,1315.0,,123.51075744628906,75.55535888671875,11.289918899536133,486.6154479980469,186.16500854492188,64.96985626220703,140.4412078857422,24.111759185791016,1.8700000047683716,5.650000095367432,104.87590789794922,,,,16.100000381469727,,,12.931395530700684,4.126094341278076,,12.949999809265137,77.7618637084961,9.768038749694824,30.835908889770508,,10.758101463317871,7.0,110.85775756835938,45.0
2023-09-01,1315.0,,124.82469177246094,73.83818817138672,11.197379112243652,486.6154479980469,185.1800079345703,65.91831970214844,138.96804809570312,24.309396743774414,1.8600000143051147,5.599999904632568,103.09078979492188,,,,17.100000381469727,,,13.04651165008545,4.116270542144775,,12.75,77.29058074951172,9.67132568359375,30.925289154052734,,10.919878005981445,6.900000095367432,110.36505889892578,45.29999923706055
2023-09-04,1325.0,,123.51075744628906,73.83818817138672,11.289918899536133,477.4685363769531,184.6875,66.86678314208984,139.9501495361328,24.50703239440918,1.8550000190734863,5.599999904632568,103.98334503173828,,,,16.799999237060547,,,12.969767570495605,4.116270542144775,,12.899999618530273,77.29058074951172,9.622968673706055,30.746530532836914,,10.919878005981445,6.699999809265137,110.36505889892578,45.400001525878906
2023-09-05,1325.0,,121.75881958007812,73.83818817138672,11.197379112243652,470.1510314941406,181.24000549316406,64.96985626220703,139.4591064453125,24.309396743774414,1.8200000524520874,5.599999904632568,102.6445083618164,,,,16.299999237060547,,,12.66279125213623,4.096622467041016,,12.550000190734863,78.23314666748047,9.57461166381836,30.746530532836914,,10.515438079833984,6.75,109.87235260009766,44.400001525878906
2023-09-06,1295.0,,122.19680786132812,73.83818817138672,11.197379112243652,462.83349609375,180.2550048828125,63.54716110229492,137.49488830566406,24.309396743774414,1.7999999523162842,5.400000095367432,101.75194549560547,,,,15.600000381469727,,,12.66279125213623,4.091710567474365,,12.5,78.23314666748047,9.57461166381836,30.567771911621094,,10.677213668823242,6.650000095367432,107.90155029296875,44.599998474121094
2023-09-07,1280.0,,121.75881958007812,73.07499694824219,10.919758796691895,457.3453369140625,178.28500366210938,62.59869384765625,137.49488830566406,24.111759185791016,1.7649999856948853,5.400000095367432,101.75194549560547,,,,15.600000381469727,,,12.58604621887207,4.027853965759277,,12.399999618530273,76.81929016113281,9.477899551391602,30.4783878326416,,10.353662490844727,6.650000095367432,107.40885162353516,43.0
2023-09-08,1270.0,,121.75881958007812,72.88420104980469,11.104838371276855,455.5159606933594,177.3000030517578,63.54716110229492,137.49488830566406,24.111759185791016,1.75,5.5,101.75194549560547,,,,15.600000381469727,,,12.624419212341309,4.067150115966797,,12.550000190734863,77.054931640625,9.477899551391602,30.299633026123047,,10.434549331665039,6.0,108.39424896240234,43.599998474121094
2023-09-11,1275.0,,121.32084655761719,72.69341278076172,10.919758796691895,454.6012878417969,176.31500244140625,63.54716110229492,137.49488830566406,23.914121627807617,1.7100000381469727,5.400000095367432,100.4131088256836,,,,16.0,,,12.701162338256836,4.047502040863037,,12.399999618530273,76.34801483154297,9.550433158874512,29.763355255126953,,10.191885948181152,6.0,108.39424896240234,43.79999923706055
2023-09-12,1255.0,,121.75881958007812,71.93022155761719,10.919758796691895,448.19842529296875,178.28500366210938,63.54716110229492,137.49488830566406,23.914121627807617,1.684999942779541,5.400000095367432,101.75194549560547,,,,15.600000381469727,,,12.739535331726074,4.057326316833496,,12.600000381469727,75.40544128417969,9.453720092773438,29.763355255126953,,10.191885948181152,6.0,107.90155029296875,44.20000076293945
2023-09-13,1220.0,,120.88285827636719,71.16703796386719,10.64213752746582,449.1131286621094,178.28500366210938,63.54716110229492,138.47698974609375,23.71648406982422,1.6649999618530273,5.349999904632568,99.96682739257812,,,,15.699999809265137,,,12.58604621887207,4.047502040863037,,12.350000381469727,73.99159240722656,9.284472465515137,29.04831886291504,,10.110998153686523,6.0,107.40885162353516,43.599998474121094
2023-09-14,1210.0,,121.75881958007812,70.97624206542969,11.104838371276855,445.454345703125,175.3300018310547,62.12446212768555,137.49488830566406,23.815303802490234,1.559999942779541,5.300000190734863,100.85938262939453,,,,15.600000381469727,,,12.509302139282227,4.027853965759277,,12.350000381469727,73.99159240722656,9.236115455627441,28.86956024169922,,9.625670433044434,5.800000190734863,106.42344665527344,42.79999923706055
2023-09-15,1230.0,,121.32084655761719,71.54862976074219,11.104838371276855,452.7718811035156,175.3300018310547,61.650230407714844,139.4591064453125,23.815303802490234,1.5499999523162842,5.349999904632568,100.85938262939453,,,,15.600000381469727,,,12.240697860717773,4.032766342163086,,12.399999618530273,73.99159240722656,9.187758445739746,28.780183792114258,,9.46389389038086,5.800000190734863,105.93074798583984,42.599998474121094
2023-09-18,1220.0,,121.75881958007812,71.54862976074219,11.197379112243652,450.9425354003906,176.56124877929688,62.12446212768555,138.47698974609375,23.71648406982422,1.5499999523162842,5.349999904632568,100.4131088256836,,,,15.800000190734863,,,12.355813980102539,4.047502040863037,,12.25,74.46287536621094,9.187758445739746,28.690799713134766,,10.030110359191895,5.0,106.91614532470703,42.79999923706055
2023-09-19,1220.0,,121.75881958007812,71.73942565917969,11.197379112243652,451.8572082519531,176.8074951171875,61.650230407714844,135.5306854248047,23.71648406982422,1.565000057220459,5.349999904632568,99.07426452636719,,,,16.399999618530273,,,12.202325820922852,4.027853965759277,,12.324999809265137,75.40544128417969,9.284472465515137,28.780183792114258,,10.677213668823242,3.0,106.42344665527344,44.0
2023-09-20,1235.0,,121.32084655761719,70.97624206542969,11.197379112243652,445.454345703125,176.8074951171875,61.175994873046875,135.5306854248047,23.914121627807617,1.5499999523162842,5.349999904632568,96.84286499023438,,,,16.0,,,12.16395378112793,4.008205890655518,,12.300000190734863,73.99159240722656,9.187758445739746,28.86956024169922,,10.434549331665039,3.0,105.43804168701172,44.400001525878906
2023-09-21,1220.0,,121.75881958007812,70.78544616699219,11.012297630310059,448.19842529296875,174.83750915527344,60.22753143310547,134.54856872558594,23.51884651184082,1.5099999904632568,5.300000190734863,97.28914642333984,,,,15.600000381469727,,,11.89534854888916,4.008205890655518,,12.100000381469727,73.99159240722656,9.187758445739746,28.601423263549805,,10.515438079833984,3.0,104.94534301757812,44.79999923706055
2023-09-22,1235.0,,122.63478088378906,70.97624206542969,11.012297630310059,448.19842529296875,179.27000427246094,63.54716110229492,134.54856872558594,23.51884651184082,1.5,5.300000190734863,97.28914642333984,,,,15.399999618530273,,,11.97209358215332,3.998382329940796,,12.149999618530273,73.52030944824219,8.994332313537598,28.86956024169922,,10.59632682800293,3.5,104.94534301757812,44.79999923706055
2023-09-25,1250.0,,121.32084655761719,70.97624206542969,11.012297630310059,451.8572082519531,178.28500366210938,64.96985626220703,134.54856872558594,23.321208953857422,1.4500000476837158,5.5,97.28914642333984,,,,15.5,,,11.665116310119629,3.998382329940796,,12.199999809265137,73.52030944824219,9.091045379638672,28.86956024169922,,10.758101463317871,5.0,104.94534301757812,44.79999923706055
2023-09-26,1245.0,,119.56890869140625,70.78544616699219,10.827218055725098,440.88092041015625,177.3000030517578,63.54716110229492,134.54856872558594,22.72829818725586,1.440000057220459,5.599999904632568,97.28914642333984,,,,15.5,,,11.47325611114502,3.978734254837036,,12.050000190734863,73.52030944824219,9.06686782836914,28.512042999267578,,10.59632682800293,5.0,104.94534301757812,44.79999923706055
2023-09-27,1255.0,,119.56890869140625,70.59465026855469,10.827218055725098,440.88092041015625,178.28500366210938,63.54716110229492,135.5306854248047,22.72829818725586,1.4500000476837158,5.599999904632568,98.18170166015625,,,,15.600000381469727,,,11.47325611114502,3.9590861797332764,,12.100000381469727,73.28466033935547,9.018510818481445,28.42266273498535,,10.515438079833984,5.0,104.94534301757812,44.79999923706055
2023-09-28,1240.0,,120.00689697265625,70.40385437011719,10.827218055725098,442.71026611328125,177.3000030517578,63.07292556762695,135.5306854248047,22.72829818725586,1.4450000524520874,5.550000190734863,97.28914642333984,,,,16.100000381469727,,,11.243022918701172,3.9296138286590576,,11.899999618530273,73.28466033935547,8.849262237548828,28.601423263549805,,10.434549331665039,5.0,105.43804168701172,44.20000076293945
2023-09-29,1285.0,,120.88285827636719,70.21305084228516,10.966028213500977,448.19842529296875,178.28500366210938,63.54716110229492,136.75831604003906,23.024751663208008,1.4500000476837158,5.75,99.52054595947266,,2300.0,,16.399999618530273,,,11.434883117675781,3.9492619037628174,,12.300000190734863,74.22722625732422,8.994332313537598,28.958942413330078,,10.515438079833984,5.0,105.93074798583984,45.29999923706055
2023-10-02,1287.5,,121.75881958007812,70.21305084228516,11.012297630310059,446.3690490722656,178.53125,64.02139282226562,136.51278686523438,23.123571395874023,1.4375,5.75,100.4131088256836,,2280.0,,15.800000190734863,,,11.434883117675781,3.9492619037628174,,12.25,75.64108276367188,8.994332313537598,28.958942413330078,,10.353662490844727,5.0,105.93074798583984,45.29999923706055
2023-10-03,1275.0,,119.56890869140625,70.21305084228516,11.012297630310059,442.71026611328125,178.28500366210938,64.02139282226562,135.5306854248047,23.22239112854004,1.409999966621399,5.699999809265137,99.96682739257812,,2240.0,,16.100000381469727,,,11.319767951965332,3.9492619037628174,,12.050000190734863,74.93415832519531,8.994332313537598,28.958942413330078,,10.272773742675781,5.0,105.43804168701172,45.400001525878906
2023-10-04,1275.0,,119.13093566894531,70.78544616699219,11.012297630310059,440.88092041015625,177.3000030517578,64.02139282226562,137.49488830566406,23.51884651184082,1.3899999856948853,5.849999904632568,99.07426452636719,,2160.0,,16.100000381469727,,,11.511628150939941,3.9590861797332764,,12.149999618530273,75.8767318725586,8.849262237548828,28.780183792114258,,10.272773742675781,5.0,106.42344665527344,45.400001525878906
2023-10-05,1265.0,,116.5030517578125,70.21305084228516,11.012297630310059,440.88092041015625,176.8074951171875,63.07292556762695,136.51278686523438,23.321208953857422,1.3949999809265137,5.800000190734863,99.07426452636719,,2160.0,,16.100000381469727,,,11.434883117675781,3.9394381046295166,,12.300000190734863,74.93415832519531,8.752549171447754,28.780183792114258,,10.272773742675781,5.0,103.46723937988281,43.0
2023-10-06,1280.0,,118.69294738769531,70.21305084228516,11.104838371276855,444.5396728515625,177.79249572753906,63.07292556762695,136.51278686523438,23.321208953857422,1.4700000286102295,6.150000095367432,97.73542022705078,,2100.0,,15.949999809265137,,,11.511628150939941,3.9296138286590576,,12.100000381469727,76.11236572265625,8.80090618133545,28.690799713134766,,10.434549331665039,5.0,103.9599380493164,43.400001525878906
2023-10-09,1260.0,,115.18910217285156,70.21305084228516,10.919758796691895,432.6487121582031,177.54624938964844,63.07292556762695,136.51278686523438,23.321208953857422,1.4299999475479126,6.150000095367432,97.28914642333984,,2100.0,,15.949999809265137,,,11.319767951965332,3.9296138286590576,,12.100000381469727,75.8767318725586,8.752549171447754,28.73549461364746,,9.989666938781738,5.0,103.9599380493164,43.0
2023-10-10,1260.0,,114.7511215209961,68.87747955322266,10.919758796691895,426.245849609375,177.3000030517578,62.59869384765625,136.51278686523438,23.321208953857422,1.4149999618530273,6.25,96.84286499023438,,2160.0,,16.0,,,11.051162719726562,3.9197897911071777,,12.300000190734863,75.40544128417969,8.559123039245605,28.780183792114258,,10.110998153686523,5.0,101.00373077392578,43.599998474121094
2023-10-11,1275.0,,117.37901306152344,69.06827545166016,11.012297630310059,436.3074645996094,177.3000030517578,64.49562072753906,136.51278686523438,23.71648406982422,1.4199999570846558,6.400000095367432,96.84286499023438,,2160.0,,16.0,,,11.281394958496094,3.909965753555298,,12.75,75.40544128417969,8.80090618133545,28.958942413330078,,10.232329368591309,5.0,101.4964370727539,44.20000076293945
2023-10-12,1245.0,,115.62708282470703,68.87747955322266,11.012297630310059,436.3074645996094,178.28500366210938,64.49562072753906,136.51278686523438,23.71648406982422,1.4299999475479126,6.400000095367432,96.3965835571289,,2100.0,,16.100000381469727,,,11.089534759521484,3.900141716003418,,12.725000381469727,74.93415832519531,8.752549171447754,28.958942413330078,,10.07055377960205,5.0,101.00373077392578,44.20000076293945
2023-10-13,1275.0,,116.5030517578125,68.87747955322266,11.012297630310059,440.88092041015625,178.28500366210938,64.49562072753906,137.00384521484375,23.71648406982422,1.4199999570846558,6.400000095367432,96.84286499023438,,2100.0,,16.0,,,11.243022918701172,3.880493640899658,,12.899999618530273,74.93415832519531,8.752549171447754,29.003631591796875,,10.110998153686523,5.0,100.51103210449219,44.400001525878906
2023-10-16,1260.0,,116.5030517578125,68.11429595947266,10.919758796691895,437.2221374511719,177.3000030517578,64.96985626220703,136.51278686523438,23.51884651184082,1.4049999713897705,6.400000095367432,95.50402069091797,,2060.0,,16.0,,,11.166279792785645,3.8608455657958984,,12.899999618530273,74.46287536621094,8.752549171447754,28.86956024169922,,10.030110359191895,4.900000095367432,99.03292846679688,43.79999923706055
2023-10-17,1260.0,,114.7511215209961,66.58792877197266,10.827218055725098,434.4780578613281,177.3000030517578,64.49562072753906,135.5306854248047,22.925935745239258,1.399999976158142,6.400000095367432,93.71890258789062,,2040.0,,16.0,,,11.01279067993164,3.880493640899658,,12.649999618530273,73.99159240722656,8.704193115234375,28.86956024169922,,9.86833381652832,4.5,97.94898986816406,43.79999923706055
2023-10-18,1230.0,,114.31314086914062,66.39712524414062,10.827218055725098,434.0207214355469,178.28500366210938,64.25850677490234,134.54856872558594,22.925935745239258,1.350000023841858,6.349999904632568,91.93377685546875,,2080.0,,16.100000381469727,,,10.897674560546875,3.8411974906921387,,12.600000381469727,73.75595092773438,8.680014610290527,28.86956024169922,,9.787446022033691,4.5,96.96358489990234,44.0
2023-10-19,1240.0,,115.62708282470703,66.77872467041016,10.549596786499023,430.8193054199219,181.24000549316406,64.49562072753906,135.5306854248047,22.72829818725586,1.399999976158142,6.349999904632568,92.38005828857422,,2080.0,,15.800000190734863,,,10.820930480957031,3.8411974906921387,,12.649999618530273,72.5777359008789,8.704193115234375,28.958942413330078,,9.625670433044434,4.5,96.96358489990234,44.0
2023-10-20,1255.0,,116.0650634765625,66.20632934570312,10.457056045532227,431.7340087890625,181.24000549316406,64.02139282226562,134.54856872558594,22.629478454589844,1.399999976158142,6.349999904632568,91.04122161865234,,2080.0,,15.800000190734863,,,10.78255844116211,3.8706696033477783,,12.699999809265137,72.34209442138672,8.752549171447754,28.958942413330078,,9.544781684875488,4.5,96.37234497070312,44.0
2023-10-23,1250.0,,115.18910217285156,65.82474517822266,10.64213752746582,434.4780578613281,181.24000549316406,64.02139282226562,125.7096176147461,22.333023071289062,1.3849999904632568,6.349999904632568,90.59494018554688,,2100.0,,16.0,,,10.667441368103027,3.8411974906921387,,12.550000190734863,73.04902648925781,8.752549171447754,29.137699127197266,,9.544781684875488,3.0,94.79570007324219,44.0
2023-10-24,1230.0,,114.7511215209961,66.77872467041016,10.64213752746582,432.19134521484375,179.7624969482422,64.02139282226562,127.67383575439453,22.530658721923828,1.3899999856948853,6.300000190734863,89.25608825683594,,2100.0,,15.800000190734863,,,10.667441368103027,3.821549654006958,,12.649999618530273,72.8133773803711,8.752549171447754,29.04831886291504,,9.46389389038086,3.240000009536743,94.69715881347656,44.0
2023-10-25,1220.0,,114.7511215209961,66.58792877197266,10.179435729980469,432.19134521484375,179.7624969482422,63.54716110229492,126.69172668457031,22.135385513305664,1.375,6.300000190734863,89.25608825683594,,2100.0,,15.899999618530273,,,10.744186401367188,3.8706696033477783,,12.600000381469727,71.63516998291016,8.752549171447754,28.958942413330078,,9.423449516296387,3.240000009536743,94.79570007324219,44.0
2023-10-26,1215.0,,117.37901306152344,66.20632934570312,10.549596786499023,431.7340087890625,181.7324981689453,64.49562072753906,126.69172668457031,22.234203338623047,1.4199999570846558,6.300000190734863,94.1651840209961,,2100.0,,16.0,,,10.974418640136719,3.8510215282440186,,12.699999809265137,73.99159240722656,8.704193115234375,29.450529098510742,,9.544781684875488,3.5,94.79570007324219,44.0
2023-10-27,1210.0,,113.87516021728516,65.44314575195312,10.549596786499023,436.3074645996094,180.74749755859375,64.49562072753906,125.7096176147461,22.333023071289062,1.399999976158142,6.300000190734863,95.0577392578125,,2100.0,,16.0,,,10.744186401367188,3.8510215282440186,,12.625,73.52030944824219,8.559123039245605,29.852737426757812,,9.625670433044434,3.0999999046325684,94.59861755371094,44.0
2023-10-30,1225.0,,112.99919128417969,65.63394927978516,10.457056045532227,429.9046325683594,180.2550048828125,64.49562072753906,124.72750854492188,22.234203338623047,1.3899999856948853,6.25,94.61145782470703,,2100.0,,15.899999618530273,,,10.744186401367188,3.8510215282440186,,12.600000381469727,73.52030944824219,8.559123039245605,29.897424697875977,,9.585227012634277,3.200000047683716,94.59861755371094,44.0
2023-10-31,1225.0,,112.12322998046875,65.25234985351562,10.457056045532227,429.9046325683594,181.24000549316406,64.73274230957031,124.72750854492188,22.135385513305664,1.3700000047683716,6.25,91.93377685546875,,2100.0,,15.899999618530273,,,10.667441368103027,3.8510215282440186,,12.600000381469727,72.5777359008789,8.510766983032227,30.031492233276367,,9.38300609588623,3.0999999046325684,94.59861755371094,44.20000076293945
2023-11-01,1200.0,,111.68524932861328,64.48916625976562,10.36451530456543,427.1605529785156,180.2550048828125,63.54716110229492,121.78118896484375,21.937747955322266,1.3200000524520874,6.300000190734863,91.48750305175781,,2100.0,,15.899999618530273,,,10.475581169128418,3.8608455657958984,,12.425000190734863,72.34209442138672,8.317340850830078,29.897424697875977,,9.38300609588623,3.0,94.20446014404297,44.0
2023-11-02,1215.0,,113.87516021728516,64.48916625976562,10.457056045532227,423.50177001953125,180.74749755859375,64.49562072753906,123.74539947509766,22.135385513305664,1.3600000143051147,6.199999809265137,92.82633972167969,,2020.0,,16.0,,,10.629070281982422,3.8510215282440186,,12.5,72.5777359008789,8.36569595336914,29.897424697875977,,9.706559181213379,3.0,94.79570007324219,43.599998474121094
2023-11-03,1225.0,,114.31314086914062,64.48916625976562,10.549596786499023,414.3548889160156,181.24000549316406,64.96985626220703,122.76329803466797,22.135385513305664,1.3949999809265137,6.150000095367432,95.95030212402344,,2040.0,,16.100000381469727,,,10.686628341674805,3.8510215282440186,,12.600000381469727,72.5777359008789,8.123912811279297,30.120874404907227,,9.94922161102295,3.0,94.99278259277344,43.599998474121094
2023-11-06,1225.0,,114.31314086914062,64.48916625976562,10.549596786499023,408.8667297363281,180.2550048828125,64.02139282226562,123.74539947509766,21.937747955322266,1.3600000143051147,6.125,92.82633972167969,,2040.0,,15.800000190734863,,,10.51395320892334,3.8411974906921387,,12.5,72.10645294189453,8.268982887268066,30.031492233276367,,9.94922161102295,3.0,94.40154266357422,43.599998474121094
2023-11-07,1215.0,,112.99919128417969,64.48916625976562,10.549596786499023,411.6108093261719,179.7624969482422,64.49562072753906,122.76329803466797,22.135385513305664,1.3600000143051147,6.050000190734863,92.82633972167969,,2040.0,,15.861000061035156,,,10.859302520751953,3.900141716003418,,12.649999618530273,72.10645294189453,8.36569595336914,30.120874404907227,,10.110998153686523,3.0,94.40154266357422,43.79999923706055
2023-11-08,1220.0,,113.43717193603516,64.10757446289062,10.36451530456543,407.9520263671875,180.2550048828125,64.49562072753906,120.79907989501953,22.135385513305664,1.3250000476837158,6.050000190734863,91.93377685546875,,1990.0,,15.979999542236328,,,10.897674560546875,3.900141716003418,,12.399999618530273,72.10645294189453,8.414052963256836,30.120874404907227,,10.030110359191895,3.0,94.20446014404297,44.0
2023-11-09,1230.0,,111.24727630615234,64.10757446289062,10.36451530456543,412.0681457519531,180.74749755859375,63.54716110229492,120.79907989501953,21.937747955322266,1.3200000524520874,6.050000190734863,91.93377685546875,,1940.0,,16.100000381469727,,,10.552325248718262,3.900141716003418,,12.5,72.10645294189453,8.389874458312988,30.120874404907227,,10.030110359191895,3.0,94.40154266357422,43.79999923706055
2023-11-10,1310.0,,112.99919128417969,64.10757446289062,10.27197551727295,412.5254821777344,181.24000549316406,63.54716110229492,121.78118896484375,22.135385513305664,1.2949999570846558,6.050000190734863,93.27262115478516,,1950.0,,16.18000030517578,,,10.667441368103027,3.9296138286590576,,12.5,71.63516998291016,8.268982887268066,30.031492233276367,,10.191885948181152,3.0,94.20446014404297,43.20000076293945
2023-11-13,1295.0,,111.24727630615234,63.153587341308594,10.086894989013672,408.4093933105469,179.27000427246094,63.07292556762695,119.81697845458984,21.937747955322266,1.2400000095367432,6.050000190734863,91.93377685546875,,1950.0,,15.920000076293945,,,10.398837089538574,3.9197897911071777,,12.399999618530273,70.22132110595703,8.172268867492676,29.137699127197266,,9.787446022033691,3.0,90.65701293945312,43.400001525878906
2023-11-14,1315.0,,112.12322998046875,62.962799072265625,10.086894989013672,408.8667297363281,177.54624938964844,62.59869384765625,119.81697845458984,22.135385513305664,1.2300000190734863,5.949999809265137,90.59494018554688,,1950.0,,16.239999771118164,,,10.360465049743652,3.900141716003418,,12.5,70.22132110595703,8.172268867492676,29.04831886291504,,9.86833381652832,2.5,90.45993041992188,43.20000076293945
2023-11-15,1290.0,,111.24727630615234,62.962799072265625,9.994355201721191,406.1226806640625,175.822509765625,62.59869384765625,119.81697845458984,21.740110397338867,1.2400000095367432,5.800000190734863,89.25608825683594,,1950.0,,16.1200008392334,,,10.168604850769043,3.880493640899658,,12.5,69.75003051757812,8.075556755065918,28.690799713134766,,10.030110359191895,3.5,90.26284790039062,42.400001525878906
2023-11-16,1300.0,,113.43717193603516,63.153587341308594,10.27197551727295,413.440185546875,178.03875732421875,64.02139282226562,121.78118896484375,22.135385513305664,1.3200000524520874,5.949999809265137,94.61145782470703,,1950.0,,17.1200008392334,,,10.552325248718262,3.900141716003418,,12.600000381469727,72.34209442138672,8.268982887268066,28.86956024169922,,10.272773742675781,2.5,91.0511703491211,42.599998474121094
2023-11-17,1310.0,,115.62708282470703,66.20632934570312,10.64213752746582,411.1534729003906,177.79249572753906,63.07292556762695,122.76329803466797,22.333023071289062,1.3300000429153442,6.0,94.1651840209961,,1950.0,,16.959999084472656,,,10.475581169128418,3.909965753555298,,12.5,74.46287536621094,8.268982887268066,29.182390213012695,,10.272773742675781,3.299999952316284,92.62781524658203,42.599998474121094
2023-11-20,1265.0,,113.87516021728516,67.16031646728516,10.36451530456543,410.69610595703125,177.3000030517578,62.59869384765625,122.76329803466797,21.937747955322266,1.3200000524520874,5.75,92.82633972167969,,1950.0,,16.8799991607666,,,10.283720970153809,3.900141716003418,,12.550000190734863,72.5777359008789,8.220625877380371,29.137699127197266,,9.94922161102295,3.299999952316284,92.43074035644531,42.20000076293945
2023-11-21,1280.0,,114.7511215209961,67.92350006103516,10.457056045532227,411.6108093261719,178.77749633789062,62.59869384765625,119.81697845458984,22.135385513305664,1.2999999523162842,5.699999809265137,93.71890258789062,,1950.0,,16.760000228881836,,,10.360465049743652,3.9197897911071777,,12.800000190734863,72.76624298095703,8.220625877380371,29.316457748413086,,10.110998153686523,3.299999952316284,92.23365020751953,42.20000076293945
2023-11-22,1280.0,,113.87516021728516,69.25907135009766,10.457056045532227,416.18426513671875,178.28500366210938,63.54716110229492,122.76329803466797,21.937747955322266,1.25,5.699999809265137,92.82633972167969,,1950.0,,16.68000030517578,,,10.360465049743652,3.900141716003418,,12.75,71.39952850341797,8.123912811279297,29.49521827697754,,10.110998153686523,3.0999999046325684,91.83949279785156,42.400001525878906
2023-11-23,1300.0,,114.31314086914062,70.78544616699219,10.36451530456543,412.98284912109375,178.28500366210938,62.59869384765625,124.72750854492188,21.937747955322266,1.2549999952316284,5.699999809265137,93.04948425292969,,1950.0,,16.8799991607666,,,10.206976890563965,3.900141716003418,,12.550000190734863,72.34209442138672,8.268982887268066,29.5845947265625,,9.787446022033691,3.0,94.99278259277344,42.400001525878906
2023-11-24,1390.0,,116.5030517578125,74.60137176513672,10.734678268432617,418.4709777832031,176.31500244140625,64.49562072753906,121.78118896484375,22.333023071289062,1.2949999570846558,5.800000190734863,95.72716522216797,,1950.0,,16.8799991607666,,,10.437210083007812,3.909965753555298,,12.899999618530273,75.40544128417969,8.462409973144531,30.746530532836914,,10.272773742675781,2.200000047683716,97.55482482910156,42.70000076293945
2023-11-27,1385.0,,116.5030517578125,74.41057586669922,10.734678268432617,407.037353515625,177.3000030517578,63.784271240234375,121.78118896484375,22.234203338623047,1.2949999570846558,5.650000095367432,93.27262115478516,,1950.0,,16.799999237060547,,,10.629070281982422,3.909965753555298,,12.850000381469727,75.8767318725586,8.462409973144531,30.4783878326416,,9.94922161102295,2.240000009536743,97.65336608886719,42.599998474121094
2023-11-28,1360.0,,116.5030517578125,73.26580047607422,10.734678268432617,406.1226806640625,176.8074951171875,63.31004333496094,121.2901382446289,22.234203338623047,1.3049999475479126,5.699999809265137,94.61145782470703,,1890.0,,16.760000228881836,,,10.667441368103027,3.890317678451538,,12.925000190734863,75.8767318725586,8.317340850830078,30.389013290405273,,9.94922161102295,2.200000047683716,96.7665023803711,42.79999923706055
2023-11-29,1317.5,,116.94103240966797,74.02898406982422,10.734678268432617,406.1226806640625,174.34500122070312,62.59869384765625,121.78118896484375,22.530658721923828,1.2599999904632568,5.699999809265137,93.27262115478516,,1890.0,,16.5,,,10.974418640136719,3.8854055404663086,,12.850000381469727,74.93415832519531,8.317340850830078,30.61246109008789,,9.94922161102295,2.200000047683716,97.35774993896484,42.79999923706055
2023-11-30,1350.0,,118.25497436523438,74.21978759765625,10.64213752746582,413.440185546875,175.3300018310547,63.07292556762695,122.76329803466797,22.530658721923828,1.2699999809265137,5.599999904632568,95.0577392578125,,1875.0,,16.360000610351562,,,11.127906799316406,3.831373691558838,,13.050000190734863,75.8767318725586,8.607479095458984,30.835908889770508,,9.787446022033691,2.200000047683716,97.35774993896484,42.599998474121094
2023-12-01,1385.0,,119.13093566894531,74.79216766357422,10.827218055725098,413.440185546875,179.27000427246094,64.96985626220703,124.72750854492188,22.333023071289062,1.2699999809265137,5.650000095367432,95.50402069091797,,1850.0,,16.299999237060547,,,11.127906799316406,3.821549654006958,,12.899999618530273,75.8767318725586,8.704193115234375,31.014667510986328,,9.94922161102295,2.200000047683716,97.75190734863281,42.400001525878906
2023-12-04,1370.0,,120.44488525390625,76.31854248046875,11.012297630310059,412.5254821777344,179.7624969482422,65.44408416748047,121.78118896484375,22.530658721923828,1.2699999809265137,5.599999904632568,95.0577392578125,,1850.0,,16.360000610351562,,,11.281394958496094,3.880493640899658,,13.300000190734863,77.29058074951172,9.187758445739746,31.64032745361328,,10.030110359191895,2.200000047683716,98.54022979736328,42.599998474121094
2023-12-05,1350.0,,120.88285827636719,76.31854248046875,10.919758796691895,411.6108093261719,177.3000030517578,64.49562072753906,125.7096176147461,22.72829818725586,1.284999966621399,5.550000190734863,96.3965835571289,,1850.0,,16.440000534057617,,,11.358139991760254,3.909965753555298,,13.25,77.7618637084961,9.187758445739746,32.17660140991211,,10.677213668823242,2.200000047683716,100.0183334350586,42.79999923706055
2023-12-06,1325.0,,120.00689697265625,76.70013427734375,10.827218055725098,407.037353515625,175.822509765625,64.49562072753906,125.7096176147461,22.72829818725586,1.284999966621399,5.599999904632568,95.0577392578125,,1850.0,,16.43000030517578,,,11.665116310119629,3.890317678451538,,13.399999618530273,76.81929016113281,8.994332313537598,32.71287536621094,,10.758101463317871,2.200000047683716,99.03292846679688,44.400001525878906
2023-12-07,1320.0,,120.88285827636719,77.46331024169922,10.919758796691895,409.78143310546875,174.34500122070312,64.96985626220703,125.7096176147461,22.530658721923828,1.284999966621399,5.650000095367432,96.84286499023438,,1850.0,,16.440000534057617,,,11.741860389709473,3.890317678451538,,13.699999809265137,75.40544128417969,9.018510818481445,33.33853530883789,,11.243430137634277,3.0,100.51103210449219,44.400001525878906
2023-12-08,1320.0,,121.75881958007812,78.60809326171875,10.734678268432617,407.037353515625,173.85250854492188,64.02139282226562,126.69172668457031,22.333023071289062,1.2799999713897705,5.550000190734863,95.95030212402344,,1850.0,,16.440000534057617,,,11.89534854888916,3.880493640899658,,13.850000381469727,74.46287536621094,8.873441696166992,33.60667037963867,,11.243430137634277,2.5,101.9891357421875,44.599998474121094
2023-12-11,1300.0,,120.88285827636719,78.22650909423828,10.734678268432617,408.8667297363281,173.36000061035156,64.02139282226562,128.16488647460938,22.530658721923828,1.2599999904632568,5.650000095367432,94.61145782470703,,1850.0,,16.399999618530273,,,11.741860389709473,3.8411974906921387,,13.850000381469727,74.46287536621094,8.80090618133545,33.15977478027344,,10.919878005981445,2.5,100.0183334350586,44.400001525878906
2023-12-12,1300.0,,121.75881958007812,77.65411376953125,10.64213752746582,407.037353515625,172.8675079345703,64.02139282226562,125.7096176147461,22.72829818725586,1.2699999809265137,5.650000095367432,94.61145782470703,158.1378631591797,1870.0,,16.3799991607666,,,11.741860389709473,3.8411974906921387,,13.800000190734863,73.99159240722656,8.752549171447754,32.757568359375,,10.919878005981445,2.5,100.51103210449219,44.20000076293945
2023-12-13,1320.0,,121.32084655761719,75.93694305419922,10.688407897949219,404.7506103515625,173.85250854492188,64.49562072753906,126.69172668457031,22.530658721923828,1.3049999475479126,5.650000095367432,96.3965835571289,157.17361450195312,1870.0,,16.360000610351562,,,11.818604469299316,3.821549654006958,,13.949999809265137,73.99159240722656,8.849262237548828,33.15977478027344,,10.919878005981445,3.0,102.4818344116211,44.70000076293945
2023-12-14,1430.0,,124.38671875,75.93694305419922,10.734678268432617,414.3548889160156,177.3000030517578,64.02139282226562,127.67383575439453,22.925935745239258,1.315000057220459,5.699999809265137,98.62798309326172,157.94500732421875,1870.0,,16.520000457763672,,,12.394186019897461,3.880493640899658,,14.050000190734863,74.46287536621094,8.97015380859375,34.14295196533203,,11.202985763549805,3.0,103.46723937988281,45.20000076293945
2023-12-15,1490.0,,121.32084655761719,76.70013427734375,10.549596786499023,411.6108093261719,175.3300018310547,63.07292556762695,127.67383575439453,22.925935745239258,1.3049999475479126,5.599999904632568,98.18170166015625,156.40220642089844,1870.0,,16.540000915527344,,,11.89534854888916,3.831373691558838,,14.149999618530273,73.52030944824219,8.510766983032227,34.14295196533203,,11.00076675415039,2.5,103.46723937988281,46.0
2023-12-18,1515.0,,123.29176330566406,76.31854248046875,10.549596786499023,418.0136413574219,181.7324981689453,64.49562072753906,126.69172668457031,22.925935745239258,1.3300000429153442,5.699999809265137,98.18170166015625,156.59506225585938,1870.0,,16.399999618530273,,,12.125581741333008,3.801901340484619,,14.100000381469727,73.28466033935547,8.559123039245605,34.41108703613281,,11.162541389465332,2.5,101.9891357421875,46.20000076293945
2023-12-19,1525.0,,125.2626724243164,75.93694305419922,10.64213752746582,425.3311767578125,185.9187469482422,64.96985626220703,127.67383575439453,22.925935745239258,1.350000023841858,5.699999809265137,97.73542022705078,156.40220642089844,1870.0,,16.600000381469727,,,12.202325820922852,3.7527811527252197,,14.149999618530273,73.99159240722656,8.559123039245605,34.23232650756836,,11.081652641296387,2.5999999046325684,100.51103210449219,46.0
2023-12-20,1545.0,,128.3285369873047,76.89093017578125,10.64213752746582,431.7340087890625,189.6125030517578,68.28948974609375,127.67383575439453,23.123571395874023,1.340000033378601,5.699999809265137,99.96682739257812,157.17361450195312,1870.0,,16.920000076293945,,,12.240697860717773,3.74295711517334,,14.199999809265137,74.93415832519531,8.80090618133545,35.30488204956055,,11.324317932128906,2.5999999046325684,101.9891357421875,45.79999923706055
2023-12-21,1565.0,,128.7665252685547,77.46331024169922,10.64213752746582,443.625,192.0749969482422,71.6091079711914,133.56646728515625,23.51884651184082,1.340000033378601,5.699999809265137,99.07426452636719,156.59506225585938,1870.0,,17.239999771118164,,,12.624419212341309,3.9394381046295166,,14.350000381469727,77.7618637084961,9.187758445739746,35.573020935058594,,11.809645652770996,2.700000047683716,104.45264434814453,46.400001525878906
2023-12-22,1550.0,,127.45258331298828,76.89093017578125,10.64213752746582,440.88092041015625,196.01499938964844,71.6091079711914,131.6022491455078,23.51884651184082,1.3650000095367432,5.650000095367432,99.52054595947266,156.40220642089844,1870.0,,17.239999771118164,,,12.701162338256836,3.9296138286590576,,14.300000190734863,79.6469955444336,9.284472465515137,34.94736099243164,,12.0523099899292,2.700000047683716,103.71359252929688,46.79999923706055
2023-12-27,1550.0,,127.89055633544922,78.03571319580078,10.64213752746582,445.454345703125,199.9550018310547,73.98027801513672,135.5306854248047,23.617664337158203,1.340000033378601,5.699999809265137,100.4131088256836,155.8236541748047,1850.0,,17.3799991607666,,,12.969767570495605,3.9296138286590576,,14.75,80.1182861328125,9.284472465515137,35.483642578125,,12.0523099899292,2.700000047683716,104.45264434814453,47.0
2023-12-28,1555.0,,131.6134033203125,79.18048858642578,10.64213752746582,442.71026611328125,201.9250030517578,75.87720489501953,138.47698974609375,23.51884651184082,1.3424999713897705,5.699999809265137,98.62798309326172,155.63079833984375,1850.0,,17.420000076293945,,,13.242208480834961,3.9492619037628174,,14.75,80.1182861328125,9.381184577941895,35.75177764892578,,12.375862121582031,2.700000047683716,103.9599380493164,47.400001525878906
2023-12-29,1585.0,,133.14633178710938,79.75287628173828,10.827218055725098,442.71026611328125,201.9250030517578,75.87720489501953,137.49488830566406,23.71648406982422,1.3350000381469727,5.699999809265137,99.07426452636719,154.2808380126953,1850.0,,17.540000915527344,,,13.315116882324219,3.9394381046295166,,15.25,79.6469955444336,9.622968673706055,35.75177764892578,,12.618525505065918,2.700000047683716,102.4818344116211,47.5
2024-01-02,1565.0,,133.80331420898438,78.41728973388672,10.827218055725098,439.0515441894531,197.4925079345703,73.50604248046875,137.49488830566406,23.815303802490234,1.3300000429153442,5.599999904632568,101.75194549560547,154.2808380126953,1850.0,,17.579999923706055,,,13.12325668334961,3.890317678451538,,15.649999618530273,79.17571258544922,9.52625560760498,35.30488204956055,,12.699413299560547,2.700000047683716,100.51103210449219,47.400001525878906
2024-01-03,1610.0,,135.77423095703125,77.27252197265625,10.64213752746582,442.71026611328125,198.97000122070312,74.92874145507812,137.00384521484375,23.914121627807617,1.3350000381469727,5.650000095367432,103.53706359863281,155.24510192871094,1850.0,,17.579999923706055,,,13.008140563964844,3.890317678451538,,15.550000190734863,79.6469955444336,9.52625560760498,35.17081069946289,,12.456748962402344,3.0,99.77198028564453,47.599998474121094
2024-01-04,1650.0,,136.2122039794922,78.03571319580078,10.919758796691895,448.19842529296875,199.9550018310547,75.87720489501953,146.33384704589844,25.099945068359375,1.3799999952316284,5.599999904632568,108.44615936279297,157.366455078125,1900.0,,17.799999237060547,,,13.238371849060059,3.9590861797332764,,15.850000381469727,82.47470092773438,9.57461166381836,35.394256591796875,,12.94207763671875,3.0,100.0183334350586,47.79999923706055
2024-01-05,1715.0,,136.6501922607422,78.03571319580078,11.289918899536133,446.826416015625,202.91000366210938,77.53702545166016,147.31594848632812,26.088132858276367,1.4049999713897705,5.650000095367432,108.89244079589844,158.1378631591797,1910.0,,18.25,,,13.315116882324219,4.155566692352295,,16.350000381469727,84.83112335205078,9.57461166381836,35.66239929199219,,13.427406311035156,3.0,102.4818344116211,48.79999923706055
2024-01-08,1770.0,,137.52615356445312,78.03571319580078,11.845161437988281,446.826416015625,201.9250030517578,77.77413177490234,146.33384704589844,27.076318740844727,1.4199999570846558,5.550000190734863,109.78499603271484,157.366455078125,1910.0,,18.739999771118164,,,13.506977081298828,4.234158992767334,,16.5,88.13011169433594,9.67132568359375,35.930538177490234,,13.62962532043457,3.0,101.9891357421875,48.79999923706055
2024-01-09,1715.0,,137.96414184570312,78.41728973388672,11.567540168762207,446.3690490722656,200.94000244140625,77.2999038696289,145.35174560546875,26.87868309020996,1.440000057220459,5.550000190734863,110.23127746582031,157.17361450195312,1860.0,,18.600000381469727,,,13.583722114562988,4.1948628425598145,,16.5,84.3598403930664,9.477899551391602,36.19867706298828,,13.670069694519043,3.0,102.23548889160156,48.599998474121094
2024-01-10,1685.0,,135.77423095703125,78.98969268798828,11.567540168762207,440.88092041015625,197.98500061035156,76.35143280029297,142.40542602539062,26.87868309020996,1.434999942779541,5.550000190734863,107.10731506347656,157.17361450195312,1810.0,,18.440000534057617,,,13.430233001708984,4.204687118530273,,16.350000381469727,84.3598403930664,9.52625560760498,36.01991653442383,,13.427406311035156,2.0,101.9891357421875,47.79999923706055
2024-01-11,1695.0,,137.96414184570312,78.79888916015625,11.567540168762207,439.0515441894531,197.98500061035156,75.4029769897461,140.4412078857422,26.681045532226562,1.3899999856948853,5.599999904632568,106.6610336303711,156.2093505859375,1810.0,,18.440000534057617,,,13.430233001708984,4.135918617248535,,16.299999237060547,84.3598403930664,9.477899551391602,36.37743377685547,,13.427406311035156,2.0,102.4818344116211,47.79999923706055
2024-01-12,1695.0,,136.4311981201172,80.70685577392578,11.47499942779541,434.4780578613281,197.0,74.45451354980469,139.9501495361328,26.48340606689453,1.3899999856948853,5.550000190734863,106.21475219726562,158.1378631591797,1810.0,,18.440000534057617,,,13.430233001708984,4.106446266174316,,16.25,84.3598403930664,9.429542541503906,36.46681213378906,,13.427406311035156,2.700000047683716,104.45264434814453,47.79999923706055
2024-01-15,1700.0,,135.77423095703125,80.70685577392578,11.38245964050293,430.8193054199219,196.01499938964844,75.16585540771484,142.40542602539062,26.285770416259766,1.340000033378601,5.599999904632568,106.21475219726562,158.5235595703125,1810.0,,18.399999618530273,,,13.372673988342285,4.076974391937256,,16.649999618530273,83.88855743408203,9.381184577941895,36.10929870605469,,13.103853225708008,2.700000047683716,103.9599380493164,47.599998474121094
2024-01-16,1700.0,,136.6501922607422,82.42402648925781,11.38245964050293,431.7340087890625,196.50750732421875,75.4029769897461,145.35174560546875,26.87868309020996,1.3899999856948853,5.599999904632568,106.6610336303711,157.94500732421875,1770.0,,18.420000076293945,,,13.391860961914062,4.076974391937256,,16.450000762939453,85.30241394042969,9.3328275680542,37.00309371948242,,13.103853225708008,2.700000047683716,106.42344665527344,47.599998474121094
2024-01-17,1690.0,,135.33624267578125,82.42402648925781,11.104838371276855,421.67242431640625,194.0449981689453,74.92874145507812,142.40542602539062,26.48340606689453,1.3450000286102295,5.599999904632568,103.98334503173828,158.33070373535156,1810.0,,18.415000915527344,,,13.238371849060059,4.037678241729736,,16.299999237060547,83.65291595458984,9.284472465515137,36.91371154785156,,13.144296646118164,2.700000047683716,105.93074798583984,47.20000076293945
2024-01-18,1695.0,,136.6501922607422,82.42402648925781,11.197379112243652,418.9283447265625,191.08999633789062,74.92874145507812,142.40542602539062,26.48340606689453,1.3250000476837158,5.550000190734863,105.76847076416016,158.1378631591797,1810.0,,18.3799991607666,,,13.12325668334961,4.008205890655518,,16.649999618530273,84.83112335205078,9.236115455627441,36.91371154785156,,13.103853225708008,2.700000047683716,106.91614532470703,46.900001525878906
2024-01-19,1710.0,,137.0881805419922,82.61481475830078,11.567540168762207,421.67242431640625,195.5225067138672,76.82566833496094,143.3875274658203,26.87868309020996,1.340000033378601,5.650000095367432,104.87590789794922,158.1378631591797,1770.0,,18.579999923706055,,,13.33430290222168,3.988558053970337,,16.700000762939453,86.2449722290039,9.429542541503906,37.27123260498047,,13.346517562866211,2.700000047683716,107.40885162353516,47.0
2024-01-22,2000.0,,139.716064453125,81.85163879394531,11.752620697021484,416.6416320800781,197.4925079345703,77.2999038696289,145.35174560546875,27.076318740844727,1.3949999809265137,5.650000095367432,105.32218933105469,157.65573120117188,1740.0,,18.780000686645508,,,13.775582313537598,4.018030166625977,,17.024999618530273,87.18753814697266,9.67132568359375,38.61191940307617,,14.39806079864502,2.700000047683716,107.40885162353516,47.400001525878906
2024-01-23,1970.0,,138.84010314941406,80.13446807861328,11.567540168762207,411.6108093261719,197.98500061035156,76.82566833496094,147.31594848632812,26.87868309020996,1.3700000047683716,5.650000095367432,105.76847076416016,157.17361450195312,1740.0,,18.799999237060547,,,13.775582313537598,4.018030166625977,,16.950000762939453,87.65882110595703,9.961464881896973,38.433162689208984,,14.88338851928711,2.0999999046325684,106.42344665527344,47.0
2024-01-24,1995.0,,139.278076171875,78.98969268798828,11.660080909729004,417.0989685058594,196.01499938964844,77.77413177490234,147.31594848632812,26.681045532226562,1.4299999475479126,5.699999809265137,105.32218933105469,155.24510192871094,1710.0,,18.8799991607666,,,14.044185638427734,4.047502040863037,,17.0,87.65882110595703,10.251605033874512,38.34378433227539,,15.126053810119629,2.200000047683716,103.9599380493164,47.79999923706055
2024-01-25,1975.0,,138.40211486816406,79.75287628173828,11.567540168762207,416.18426513671875,194.0449981689453,75.87720489501953,148.29806518554688,26.681045532226562,1.4600000381469727,5.699999809265137,104.42962646484375,153.31658935546875,1700.0,,18.81999969482422,,,13.813953399658203,4.155566692352295,,17.049999237060547,88.13011169433594,10.44503116607666,38.433162689208984,,14.964277267456055,3.0,101.74278259277344,47.599998474121094
2024-01-26,1970.0,,138.84010314941406,80.32525634765625,11.567540168762207,416.18426513671875,194.0449981689453,77.77413177490234,148.29806518554688,26.87868309020996,1.4950000047683716,5.699999809265137,105.76847076416016,152.3523406982422,1700.0,,18.739999771118164,,,13.583722114562988,4.224335193634033,,16.850000381469727,87.42318725585938,10.44503116607666,38.47785186767578,,15.045166015625,3.0,101.00373077392578,48.0
2024-01-29,2080.0,,137.52615356445312,80.32525634765625,11.567540168762207,419.38568115234375,196.26124572753906,77.2999038696289,148.29806518554688,26.87868309020996,1.5199999809265137,5.599999904632568,104.42962646484375,151.38807678222656,1760.0,,18.649999618530273,,,13.622093200683594,4.2832794189453125,,17.0,87.18753814697266,10.44503116607666,38.88005828857422,,15.126053810119629,3.0,102.4818344116211,48.0
2024-01-30,2100.0,,134.8982696533203,79.56208038330078,11.752620697021484,422.58709716796875,197.98500061035156,78.24836730957031,148.29806518554688,27.076318740844727,1.4800000190734863,5.599999904632568,103.09078979492188,150.423828125,1630.0,,18.5,,,13.238371849060059,4.263631343841553,,17.200000762939453,86.71625518798828,10.251605033874512,38.79068374633789,,14.802499771118164,3.0,101.9891357421875,47.79999923706055
2024-01-31,2180.0,,135.33624267578125,79.75287628173828,11.752620697021484,422.58709716796875,199.9550018310547,78.72260284423828,148.29806518554688,26.681045532226562,1.4800000190734863,5.5,103.98334503173828,151.38807678222656,1590.0,,18.469999313354492,,,13.391860961914062,4.263631343841553,,17.350000381469727,85.77368927001953,10.34831714630127,39.86323165893555,,14.802499771118164,3.700000047683716,101.9891357421875,48.0
2024-02-01,2180.0,,136.6501922607422,79.75287628173828,11.752620697021484,414.3548889160156,197.98500061035156,77.2999038696289,148.29806518554688,26.681045532226562,1.4500000476837158,5.550000190734863,105.32218933105469,154.2808380126953,1590.0,,18.280000686645508,,,13.353487968444824,4.1948628425598145,,17.25,85.77368927001953,10.251605033874512,39.86323165893555,,15.126053810119629,3.700000047683716,101.4964370727539,48.20000076293945
2024-02-02,2160.0,,134.02230834960938,79.94367218017578,11.567540168762207,410.69610595703125,199.9550018310547,77.77413177490234,149.28016662597656,26.582225799560547,1.3300000429153442,5.599999904632568,103.98334503173828,153.31658935546875,1590.0,,18.18000030517578,,,13.200000762939453,4.155566692352295,,17.149999618530273,84.83112335205078,10.251605033874512,39.41633605957031,,15.206940650939941,2.5,101.4964370727539,48.400001525878906
2024-02-05,2140.0,,134.02230834960938,80.13446807861328,11.567540168762207,404.29327392578125,199.46250915527344,76.82566833496094,146.33384704589844,26.681045532226562,1.284999966621399,5.550000190734863,102.6445083618164,154.2808380126953,1590.0,,18.100000381469727,,,13.04651165008545,4.175214767456055,,17.5,84.83112335205078,10.154891014099121,39.68447494506836,,14.88338851928711,2.5,101.4964370727539,48.400001525878906
2024-02-06,2150.0,,135.77423095703125,80.89765930175781,11.567540168762207,406.1226806640625,197.98500061035156,76.82566833496094,148.29806518554688,26.681045532226562,1.274999976158142,5.599999904632568,102.6445083618164,154.2808380126953,1590.0,,18.100000381469727,,,13.12325668334961,4.126094341278076,,17.399999618530273,84.83112335205078,10.154891014099121,39.41633605957031,,15.045166015625,2.5,102.97454071044922,47.79999923706055
2024-02-07,2170.0,,135.33624267578125,81.08845520019531,11.567540168762207,411.6108093261719,199.9550018310547,76.82566833496094,147.31594848632812,26.681045532226562,1.274999976158142,5.599999904632568,102.19822692871094,154.2808380126953,1590.0,,18.15999984741211,,,13.161627769470215,4.126094341278076,,17.600000381469727,83.88855743408203,10.154891014099121,39.6397819519043,,14.842945098876953,2.299999952316284,101.9891357421875,48.0
2024-02-08,2140.0,,134.4602813720703,80.13446807861328,11.197379112243652,392.4023132324219,201.9250030517578,75.4029769897461,146.33384704589844,26.088132858276367,1.2450000047683716,5.599999904632568,99.52054595947266,152.3523406982422,1600.0,,17.780000686645508,,,12.893022537231445,4.126094341278076,,17.200000762939453,82.00341796875,10.154891014099121,38.96943664550781,,14.802499771118164,2.5999999046325684,101.00373077392578,47.20000076293945
2024-02-09,2180.0,,135.77423095703125,81.27923583984375,11.47499942779541,388.7435302734375,201.9250030517578,76.35143280029297,147.31594848632812,26.285770416259766,1.274999976158142,5.5,101.75194549560547,155.24510192871094,1600.0,,17.760000228881836,,,13.161627769470215,4.086798191070557,,17.649999618530273,83.88855743408203,10.251605033874512,40.22075271606445,,14.721612930297852,2.5999999046325684,101.00373077392578,47.400001525878906
2024-02-12,2190.0,,137.0881805419922,79.75287628173828,11.47499942779541,388.7435302734375,201.9250030517578,76.35143280029297,147.31594848632812,26.088132858276367,1.315000057220459,5.5,100.4131088256836,152.3523406982422,1600.0,,17.760000228881836,,,13.04651165008545,4.086798191070557,,18.049999237060547,83.88855743408203,10.251605033874512,39.5950927734375,,14.964277267456055,2.5999999046325684,100.0183334350586,47.099998474121094
2024-02-13,2190.0,,136.2122039794922,78.60809326171875,11.104838371276855,388.7435302734375,197.98500061035156,74.92874145507812,145.35174560546875,25.495220184326172,1.2899999618530273,5.400000095367432,98.18170166015625,151.1470184326172,1600.0,,17.600000381469727,,,12.816279411315918,4.086798191070557,,17.700000762939453,81.53213500976562,10.154891014099121,38.61191940307617,,14.640725135803223,3.200000047683716,97.94898986816406,47.0
2024-02-14,2190.0,,134.8982696533203,79.27588653564453,10.919758796691895,365.87628173828125,197.0,74.92874145507812,145.35174560546875,25.69285774230957,1.2599999904632568,5.300000190734863,97.28914642333984,153.70228576660156,1600.0,,17.6200008392334,,,12.58604621887207,4.076974391937256,,17.75,81.06085205078125,9.961464881896973,38.79068374633789,,14.155397415161133,1.899999976158142,99.03292846679688,45.599998474121094
2024-02-15,2230.0,,134.4602813720703,79.94367218017578,10.919758796691895,368.620361328125,198.97000122070312,75.87720489501953,148.29806518554688,25.594038009643555,1.2649999856948853,5.300000190734863,98.40484619140625,155.63079833984375,1600.0,,17.6200008392334,,,12.605232238769531,4.096622467041016,,17.825000762939453,81.53213500976562,10.058177947998047,39.148197174072266,,14.236285209655762,1.7999999523162842,101.9891357421875,45.400001525878906
2024-02-16,2180.0,,133.14633178710938,79.56208038330078,10.919758796691895,364.0469055175781,197.98500061035156,74.92874145507812,147.31594848632812,25.297582626342773,1.2300000190734863,5.400000095367432,99.07426452636719,153.31658935546875,1650.0,,17.6200008392334,,,12.240697860717773,4.126094341278076,,17.950000762939453,80.58956909179688,10.251605033874512,39.148197174072266,,14.357616424560547,1.7999999523162842,98.54022979736328,45.20000076293945
2024-02-19,2240.0,,133.80331420898438,79.56208038330078,10.827218055725098,362.2174987792969,197.98500061035156,74.92874145507812,154.19068908691406,25.297582626342773,1.2100000381469727,5.349999904632568,97.73542022705078,153.50942993164062,1660.0,,17.5,,,12.279069900512695,4.116270542144775,,18.0,80.1182861328125,10.058177947998047,39.10350799560547,,14.478949546813965,2.0,98.78658294677734,45.20000076293945
2024-02-20,2220.0,,133.58432006835938,79.18048858642578,10.64213752746582,350.3265380859375,197.98500061035156,74.92874145507812,155.1728057861328,25.099945068359375,1.2000000476837158,5.349999904632568,97.73542022705078,152.93089294433594,1660.0,,17.34000015258789,,,12.202325820922852,4.086798191070557,,17.774999618530273,79.17571258544922,10.251605033874512,39.237579345703125,,14.55983829498291,2.5,99.52562713623047,44.599998474121094
2024-02-21,2200.0,,134.02230834960938,78.79888916015625,10.36451530456543,340.2649230957031,197.98500061035156,74.92874145507812,152.2264862060547,24.704669952392578,1.2100000381469727,5.300000190734863,98.18170166015625,152.93089294433594,1660.0,,17.260000228881836,,,12.279069900512695,4.086798191070557,,17.850000381469727,77.7618637084961,10.44503116607666,38.88005828857422,,14.55983829498291,2.5,97.94898986816406,45.0
2024-02-22,2190.0,,133.14633178710938,78.60809326171875,10.36451530456543,353.07061767578125,197.98500061035156,74.45451354980469,148.29806518554688,24.704669952392578,1.2000000476837158,5.300000190734863,97.28914642333984,152.738037109375,1660.0,,17.260000228881836,,,12.279069900512695,4.116270542144775,,17.850000381469727,77.52621459960938,10.44503116607666,39.37164306640625,,14.317173957824707,2.259999990463257,97.75190734863281,44.79999923706055
2024-02-23,2200.0,,135.77423095703125,78.98969268798828,10.36451530456543,350.3265380859375,198.97000122070312,73.98027801513672,149.28016662597656,25.00112533569336,1.2100000381469727,5.25,99.96682739257812,152.93089294433594,1660.0,,17.299999237060547,,,12.3174409866333,4.116270542144775,,17.700000762939453,78.70443725585938,10.34831714630127,39.41633605957031,,14.55983829498291,2.200000047683716,97.75190734863281,44.79999923706055
2024-02-26,2450.0,,133.14633178710938,77.84490966796875,10.457056045532227,349.411865234375,199.9550018310547,73.98027801513672,151.244384765625,25.297582626342773,1.2100000381469727,5.349999904632568,99.96682739257812,152.3523406982422,1660.0,,17.280000686645508,,,12.16395378112793,4.106446266174316,,17.799999237060547,79.6469955444336,10.44503116607666,39.68447494506836,,14.55983829498291,2.5,97.1606674194336,44.79999923706055
2024-02-27,2260.0,,131.3944091796875,76.89093017578125,10.086894989013672,332.03271484375,195.5225067138672,70.66064453125,143.3875274658203,24.90230941772461,1.159999966621399,5.400000095367432,95.50402069091797,150.8095245361328,1660.0,,17.200000762939453,,,11.933721542358398,4.096622467041016,,17.299999237060547,77.29058074951172,10.203248023986816,38.96943664550781,,13.912734031677246,2.4800000190734863,95.18985748291016,44.400001525878906
2024-02-28,2190.0,,132.27037048339844,76.986328125,10.086894989013672,341.17962646484375,195.7687530517578,69.71218872070312,141.42332458496094,24.90230941772461,1.1799999475479126,5.300000190734863,95.50402069091797,150.8095245361328,1660.0,,17.139999389648438,,,11.818604469299316,4.067150115966797,,17.600000381469727,77.29058074951172,10.154891014099121,38.88005828857422,,13.589179992675781,2.4800000190734863,94.59861755371094,44.400001525878906
2024-02-29,2170.0,,134.4602813720703,75.93694305419922,10.179435729980469,352.1559143066406,195.02999877929688,72.08334350585938,142.40542602539062,24.90230941772461,1.1699999570846558,5.75,95.0577392578125,148.88101196289062,1660.0,,17.260000228881836,,,11.89534854888916,4.086798191070557,,17.649999618530273,77.29058074951172,10.154891014099121,39.237579345703125,,14.074509620666504,2.4800000190734863,93.21905517578125,44.0
2024-03-01,2180.0,,137.0881805419922,75.93694305419922,10.36451530456543,357.6440734863281,197.0,72.55757904052734,143.3875274658203,24.90230941772461,1.184999942779541,6.300000190734863,97.28914642333984,154.2808380126953,1660.0,,17.408000946044922,,,11.933721542358398,4.086798191070557,,17.350000381469727,77.7618637084961,10.154891014099121,39.05881881713867,,13.589179992675781,2.4800000190734863,94.20446014404297,44.0
2024-03-04,2200.0,,136.6501922607422,75.55535888671875,10.36451530456543,353.98529052734375,197.4925079345703,72.08334350585938,144.36964416503906,24.90230941772461,1.1749999523162842,6.050000190734863,95.0577392578125,153.1237335205078,1660.0,,17.3799991607666,,,12.087209701538086,4.086798191070557,,17.75,78.23314666748047,10.154891014099121,39.148197174072266,,13.589179992675781,2.4800000190734863,93.81029510498047,43.79999923706055
2024-03-05,2250.0,,136.2122039794922,75.74614715576172,10.318244934082031,358.5587463378906,197.0,70.66064453125,143.3875274658203,24.90230941772461,1.1699999570846558,5.900000095367432,96.84286499023438,153.70228576660156,1660.0,,17.440000534057617,,,11.97209358215332,4.076974391937256,,17.450000762939453,78.23314666748047,10.251605033874512,38.96943664550781,,13.912734031677246,2.0,94.20446014404297,43.400001525878906
2024-03-06,2190.0,,134.8982696533203,75.74614715576172,10.27197551727295,358.5587463378906,194.0,70.18640899658203,143.3875274658203,24.90230941772461,1.1299999952316284,6.050000190734863,96.84286499023438,153.1237335205078,1660.0,,17.440000534057617,,,11.97209358215332,4.096622467041016,,17.350000381469727,78.23314666748047,10.251605033874512,38.88005828857422,,13.912734031677246,2.0,95.38694763183594,43.0
2024-03-07,2200.0,,134.8982696533203,76.12774658203125,10.27197551727295,365.87628173828125,188.5,69.23795318603516,143.3875274658203,24.90230941772461,1.159999966621399,6.050000190734863,95.50402069091797,153.7987060546875,1660.0,,17.700000762939453,,,11.818604469299316,4.067150115966797,,17.700000762939453,78.76468658447266,10.251605033874512,39.148197174072266,,13.912734031677246,1.899999976158142,95.09132385253906,42.599998474121094
2024-03-08,2200.0,,136.6501922607422,76.12774658203125,10.22570514678955,372.2057189941406,192.5,70.66064453125,143.3875274658203,24.90230941772461,1.1799999475479126,6.050000190734863,95.95030212402344,154.2808380126953,1660.0,,17.90999984741211,,,11.665116310119629,4.057326316833496,,17.799999237060547,78.2814712524414,10.058177947998047,39.073055267333984,,13.656163215637207,1.899999976158142,95.38694763183594,42.400001525878906
2024-03-11,2120.0,,137.52615356445312,75.93694305419922,10.179435729980469,366.3900146484375,192.0,70.66064453125,143.3875274658203,24.55644416809082,1.149999976158142,6.0,95.50402069091797,151.58091735839844,1660.0,,17.766000747680664,,,11.588372230529785,3.998382329940796,,17.549999237060547,77.31503295898438,9.961464881896973,38.697357177734375,,13.90445613861084,2.200000047683716,95.38694763183594,42.20000076293945
2024-03-12,2120.0,,137.96414184570312,75.93694305419922,10.086894989013672,364.4514465332031,191.5,69.23795318603516,144.36964416503906,24.50703239440918,1.1549999713897705,6.050000190734863,99.96682739257812,151.38807678222656,1660.0,,17.549999237060547,,,11.626744270324707,3.9934701919555664,,17.700000762939453,77.31503295898438,9.961464881896973,38.697357177734375,,13.614781379699707,2.200000047683716,94.99278259277344,41.400001525878906
2024-03-13,2100.0,,137.52615356445312,75.93694305419922,9.809274673461914,360.57427978515625,190.0,67.81525421142578,145.35174560546875,24.309396743774414,1.149999976158142,6.0,95.95030212402344,152.3523406982422,1660.0,,17.549999237060547,,,11.434883117675781,3.978734254837036,,17.299999237060547,74.41571807861328,9.961464881896973,38.227725982666016,,13.57339859008789,2.200000047683716,94.00737762451172,41.20000076293945
2024-03-14,2090.0,,136.596923828125,75.74614715576172,10.086894989013672,367.3592834472656,192.0,70.18640899658203,146.33384704589844,24.309396743774414,1.159999966621399,5.949999809265137,97.28914642333984,151.9666290283203,1660.0,,17.5,,,11.550000190734863,3.998382329940796,,17.399999618530273,76.8318099975586,10.058177947998047,38.50950241088867,,13.57339859008789,2.200000047683716,94.40154266357422,40.400001525878906
2024-03-15,2100.0,,134.73846435546875,76.31854248046875,10.27197551727295,371.2364196777344,191.5,69.23795318603516,147.31594848632812,23.914121627807617,1.149999976158142,6.0,94.61145782470703,151.77377319335938,1690.0,,17.5,,,11.434883117675781,3.968909978866577,,17.75,78.2814712524414,9.959568977355957,38.50950241088867,,13.53201675415039,1.7999999523162842,93.61322021484375,40.400001525878906
2024-03-18,2100.0,,136.13230895996094,76.31854248046875,10.13316535949707,371.2364196777344,191.5,69.23795318603516,140.4412078857422,23.765892028808594,1.1549999713897705,5.949999809265137,94.61145782470703,153.31658935546875,1690.0,,17.5,,,11.933721542358398,3.968909978866577,,17.649999618530273,77.31503295898438,9.959568977355957,38.50950241088867,17.57123565673828,13.57339859008789,1.7999999523162842,94.10591888427734,40.400001525878906
2024-03-19,2100.0,,134.2738494873047,75.55535888671875,10.086894989013672,362.5128479003906,191.0,69.71218872070312,139.4591064453125,23.765892028808594,1.1399999856948853,5.900000095367432,94.1651840209961,151.19522094726562,1690.0,,17.549999237060547,,,11.856976509094238,3.968909978866577,,17.549999237060547,77.31503295898438,10.058177947998047,38.227725982666016,17.522695541381836,13.325105667114258,2.0,94.59861755371094,39.79999923706055
2024-03-20,2090.0,,133.34461975097656,75.74614715576172,9.716733932495117,355.7278747558594,187.5,69.23795318603516,135.5306854248047,23.321208953857422,1.100000023841858,5.800000190734863,94.61145782470703,150.8095245361328,1690.0,,17.3799991607666,,,11.511628150939941,3.9296138286590576,,17.299999237060547,76.34859466552734,9.959568977355957,38.1338005065918,17.134382247924805,13.076810836791992,2.140000104904175,93.4161376953125,40.20000076293945
2024-03-21,2070.0,,132.41537475585938,75.74614715576172,9.855544090270996,352.82000732421875,188.0,69.23795318603516,138.47698974609375,23.123571395874023,1.100000023841858,5.849999904632568,96.3965835571289,151.00238037109375,1690.0,,17.327999114990234,,,11.511628150939941,3.9296138286590576,,17.600000381469727,76.34859466552734,10.058177947998047,38.321651458740234,17.279998779296875,12.74575138092041,2.140000104904175,94.00737762451172,39.0
2024-03-22,2060.0,,134.73846435546875,75.74615478515625,9.901814460754395,355.7278747558594,190.0,69.23795318603516,140.4412078857422,23.123571395874023,1.100000023841858,5.849999904632568,97.59040832519531,153.1237335205078,1690.0,,17.200000762939453,,,11.626744270324707,3.9492619037628174,,17.700000762939453,77.31503295898438,10.008872985839844,38.1338005065918,17.399999618530273,13.242340087890625,2.180000066757202,92.23365020751953,39.0
2024-03-25,1900.0,,133.80923461914062,75.35469818115234,9.901814460754395,349.9121398925781,190.0,68.28948974609375,140.54019165039062,22.72829818725586,1.065000057220459,5.800000190734863,97.59040832519531,150.423828125,1690.0,,16.700000762939453,,,11.319767951965332,3.9197897911071777,,17.399999618530273,77.31503295898438,9.910264015197754,37.945953369140625,17.5,13.076810836791992,2.180000066757202,91.83949279785156,39.20000076293945
2024-03-26,1767.5,,131.48614501953125,75.35469818115234,9.901814460754395,341.1885681152344,187.0,68.28948974609375,138.5607452392578,22.530658721923828,1.0499999523162842,5.800000190734863,97.11666870117188,149.26670837402344,1690.0,,16.604999542236328,,,11.089534759521484,3.8860933780670166,,17.399999618530273,75.86537170410156,9.86095905303955,36.771881103515625,17.399999618530273,13.076810836791992,2.180000066757202,91.4453353881836,39.20000076293945
2024-03-27,1750.0,,131.0215301513672,75.35469818115234,9.994355201721191,349.9121398925781,188.5,69.47506713867188,140.54019165039062,22.72829818725586,1.065000057220459,5.849999904632568,96.64292907714844,150.423828125,1690.0,,16.700000762939453,,,11.166279792785645,3.9296138286590576,,17.700000762939453,77.79825592041016,9.959568977355957,37.00669479370117,,13.407869338989258,2.0,91.74095153808594,41.599998474121094
2024-03-28,1750.0,,131.0215301513672,75.35469818115234,9.994355201721191,349.9121398925781,188.5,69.47506713867188,140.54019165039062,22.72829818725586,1.065000057220459,5.849999904632568,96.64292907714844,150.423828125,1690.0,,16.700000762939453,,,11.166279792785645,3.9296138286590576,,17.700000762939453,77.79825592041016,9.959568977355957,37.00669479370117,,13.407869338989258,2.0,91.74095153808594,41.599998474121094
2024-04-02,1620.0,,129.16307067871094,75.06110382080078,9.716733932495117,343.12713623046875,187.5,69.0008316040039,139.05560302734375,22.530658721923828,1.0549999475479126,5.75,95.69544982910156,149.45956420898438,1580.0,,16.100000381469727,,,10.955232620239258,3.890317678451538,,17.399999618530273,76.34859466552734,9.959568977355957,35.691734313964844,17.25,13.076810836791992,2.0,91.64241027832031,41.599998474121094
2024-04-03,1625.0,,129.16307067871094,74.76751708984375,9.901814460754395,345.0657043457031,187.0,69.0008316040039,140.54019165039062,22.333023071289062,1.0499999523162842,5.75,95.2217025756836,149.45956420898438,1580.0,,16.18000030517578,,,10.974418640136719,3.890317678451538,,17.399999618530273,76.34859466552734,9.811654090881348,35.691734313964844,17.200000762939453,13.242340087890625,2.0,91.64241027832031,43.20000076293945
2024-04-04,1650.0,,132.41537475585938,74.66966247558594,9.901814460754395,349.9121398925781,187.5,72.08334350585938,140.54019165039062,22.333023071289062,1.0499999523162842,5.75,95.2217025756836,149.45956420898438,1580.0,,16.399999618530273,,,11.127906799316406,3.909965753555298,,17.600000381469727,76.10698699951172,9.86095905303955,35.691734313964844,17.399999618530273,13.57339859008789,1.2999999523162842,91.88876342773438,43.79999923706055
2024-04-05,1685.0,,134.73846435546875,75.35469818115234,10.086894989013672,354.7585754394531,192.0,73.03180694580078,140.54019165039062,22.925935745239258,1.0850000381469727,5.800000190734863,95.69544982910156,149.45956420898438,1620.0,,16.694000244140625,,,11.434883117675781,3.909965753555298,,17.899999618530273,77.31503295898438,10.156787872314453,36.067440032958984,17.799999237060547,13.73892879486084,1.2999999523162842,92.13511657714844,45.599998474121094
2024-04-08,1700.0,,135.2030792236328,75.35469818115234,10.179435729980469,331.4957275390625,190.0,72.08334350585938,140.54019165039062,22.925935745239258,1.0549999475479126,5.800000190734863,96.64292907714844,149.45956420898438,1620.0,,16.600000381469727,,,11.550000190734863,3.890317678451538,,18.399999618530273,77.79825592041016,10.156787872314453,36.255287170410156,17.799999237060547,13.407869338989258,1.2999999523162842,92.13511657714844,45.79999923706055
2024-04-09,1670.0,,135.66769409179688,76.33332824707031,10.086894989013672,331.4957275390625,189.5,71.13488006591797,140.54019165039062,22.925935745239258,1.065000057220459,5.800000190734863,96.169189453125,152.3523406982422,1620.0,,16.540000915527344,,,11.281394958496094,3.909965753555298,,18.200000762939453,75.86537170410156,10.058177947998047,36.255287170410156,17.799999237060547,13.407869338989258,2.0,93.36686706542969,45.79999923706055
2024-04-10,1675.0,,135.66769409179688,76.33332824707031,10.36451530456543,329.5571594238281,190.0,70.18640899658203,140.0453338623047,22.72829818725586,1.0750000476837158,5.800000190734863,96.169189453125,151.38807678222656,1690.0,,16.5,,,11.358139991760254,3.9296138286590576,,18.799999237060547,75.86537170410156,10.058177947998047,36.067440032958984,17.899999618530273,13.407869338989258,2.0,93.61322021484375,46.20000076293945
2024-04-11,1670.0,,134.73846435546875,75.94187927246094,10.179435729980469,327.6185607910156,192.0,69.71218872070312,138.5607452392578,22.72829818725586,1.0800000429153442,5.800000190734863,95.69544982910156,151.58091735839844,1740.0,,16.3799991607666,,,11.47325611114502,3.9296138286590576,,18.5,74.89893341064453,10.10748291015625,35.87958908081055,,13.407869338989258,2.0,93.12051391601562,47.0
2024-04-12,1660.0,,133.80923461914062,76.529052734375,9.439112663269043,329.5571594238281,192.0,70.66064453125,137.57102966308594,22.925935745239258,1.0399999618530273,5.599999904632568,97.11666870117188,151.19522094726562,1800.0,,16.469999313354492,,,11.319767951965332,3.9296138286590576,,18.899999618530273,73.44927978515625,10.058177947998047,36.067440032958984,17.700000762939453,13.57339859008789,2.0,93.61322021484375,47.599998474121094
2024-04-15,1750.0,,134.73846435546875,76.529052734375,9.62419319152832,327.6185607910156,192.0,69.94929504394531,139.5504608154297,22.72829818725586,1.0499999523162842,5.650000095367432,95.2217025756836,151.19522094726562,1800.0,,16.399999618530273,,,11.319767951965332,3.909965753555298,,18.700000762939453,76.34859466552734,10.156787872314453,35.87958908081055,17.5,13.656163215637207,2.0,92.62781524658203,47.400001525878906
2024-04-16,1785.0,,132.87998962402344,75.94187927246094,9.254032135009766,321.8028564453125,191.0,70.18640899658203,136.08645629882812,22.530658721923828,1.0399999618530273,5.650000095367432,95.2217025756836,151.19522094726562,1800.0,,16.299999237060547,,,11.127906799316406,3.8706696033477783,,18.600000381469727,74.41571807861328,10.156787872314453,35.59781265258789,17.5,13.325105667114258,2.0,92.13511657714844,47.400001525878906
2024-04-17,1817.5,,133.80923461914062,75.55042266845703,9.346572875976562,326.6492919921875,192.0,71.13488006591797,139.05560302734375,22.72829818725586,1.0449999570846558,5.650000095367432,95.2217025756836,151.19522094726562,1800.0,,16.25,,,11.319767951965332,3.8706696033477783,,18.799999237060547,74.89893341064453,10.206092834472656,35.78565979003906,17.75,13.656163215637207,2.180000066757202,91.88876342773438,47.400001525878906
2024-04-18,1810.0,,133.34461975097656,75.8440170288086,9.439112663269043,325.67999267578125,192.0,71.13488006591797,139.5504608154297,22.72829818725586,1.0850000381469727,5.699999809265137,95.2217025756836,151.75401306152344,1780.0,,16.0,,,11.204651832580566,3.8706696033477783,,18.799999237060547,74.41571807861328,10.206092834472656,36.067440032958984,,13.614781379699707,2.0,92.13511657714844,47.099998474121094
2024-04-19,1905.0,,134.04153442382812,76.33332824707031,9.254032135009766,319.8642883300781,191.0,71.13488006591797,139.05560302734375,22.333023071289062,1.0499999523162842,5.699999809265137,96.169189453125,151.55795288085938,1820.0,,15.800000190734863,,,11.166279792785645,3.8706696033477783,,19.0,74.41571807861328,10.058177947998047,36.067440032958984,17.75,13.614781379699707,2.0,91.14971160888672,47.599998474121094
2024-04-22,1865.0,,133.1123046875,76.33332824707031,9.254032135009766,314.048583984375,192.0,71.6091079711914,139.5504608154297,22.333023071289062,1.0499999523162842,5.650000095367432,95.2217025756836,151.55795288085938,1720.0,,15.699999809265137,,,11.166279792785645,3.8510215282440186,,18.200000762939453,72.96605682373047,9.959568977355957,36.067440032958984,17.399999618530273,13.656163215637207,2.0,91.14971160888672,46.599998474121094
2024-04-23,1890.0,,132.41537475585938,76.33332824707031,9.254032135009766,314.048583984375,191.0,71.6091079711914,137.57102966308594,22.530658721923828,1.0399999618530273,5.5,95.2217025756836,151.55795288085938,1720.0,,15.699999809265137,,,11.01279067993164,3.831373691558838,1690.0,18.399999618530273,73.44927978515625,9.86095905303955,36.067440032958984,,13.407869338989258,1.559999942779541,91.64241027832031,46.400001525878906
2024-04-24,1920.0,,132.87998962402344,76.13761138916016,9.439112663269043,319.8642883300781,190.0,71.6091079711914,137.57102966308594,22.530658721923828,1.0399999618530273,5.599999904632568,95.2217025756836,151.55795288085938,1720.0,,15.699999809265137,,,10.974418640136719,3.9590861797332764,1710.0,18.5,74.41571807861328,10.058177947998047,35.87958908081055,17.350000381469727,13.821693420410156,1.559999942779541,91.14971160888672,47.599998474121094
2024-04-26,1995.0,,132.87998962402344,76.13761138916016,9.439112663269043,319.8642883300781,190.0,71.13488006591797,139.05560302734375,22.530658721923828,1.0299999713897705,5.599999904632568,94.74796295166016,151.55795288085938,1720.0,,15.699999809265137,,,10.936046600341797,3.9492619037628174,1710.0,18.549999237060547,73.9324951171875,9.959568977355957,35.691734313964844,17.5,13.57339859008789,1.649999976158142,90.65701293945312,45.79999923706055
2024-04-29,2020.0,,130.55691528320312,75.94187927246094,9.115221977233887,319.8642883300781,190.0,70.66064453125,139.05560302734375,22.333023071289062,1.0099999904632568,5.599999904632568,95.2217025756836,150.96975708007812,1720.0,,15.399999618530273,,,10.705814361572266,3.988558053970337,1730.0,18.299999237060547,73.44927978515625,9.86095905303955,35.691734313964844,17.100000381469727,13.490633010864258,2.0,90.164306640625,45.20000076293945
2024-04-30,2080.0,,132.87998962402344,75.94187927246094,8.976410865783691,319.8642883300781,191.0,70.66064453125,139.5504608154297,22.135385513305664,1.0099999904632568,5.599999904632568,98.06414794921875,150.57763671875,1720.0,,15.100000381469727,,,10.744186401367188,3.9296138286590576,1840.0,18.399999618530273,72.48284149169922,9.811654090881348,35.503883361816406,16.700000762939453,13.90445613861084,2.0,90.164306640625,45.599998474121094
2024-05-02,2040.0,,131.48614501953125,75.6482925415039,8.883871078491211,315.9871520996094,189.0,69.71218872070312,138.5607452392578,22.135385513305664,1.0049999952316284,5.599999904632568,94.74796295166016,149.79336547851562,1680.0,,15.0,,,10.552325248718262,3.9492619037628174,1810.0,18.399999618530273,71.99961853027344,9.811654090881348,35.22210693359375,16.200000762939453,13.490633010864258,1.5,89.91796112060547,45.599998474121094
2024-05-03,2010.0,,128.69845581054688,75.35469818115234,8.837600708007812,314.048583984375,187.0,69.71218872070312,136.08645629882812,22.135385513305664,1.0399999618530273,5.599999904632568,94.74796295166016,150.57763671875,1680.0,,14.899999618530273,,,10.859302520751953,3.909965753555298,1795.0,18.299999237060547,71.51640319824219,9.663740158081055,35.503883361816406,16.200000762939453,13.490633010864258,2.0,90.65701293945312,45.0
2024-05-06,2000.0,,126.37538146972656,75.55042266845703,8.745060920715332,312.1100158691406,187.0,69.71218872070312,133.61215209960938,22.03656578063965,1.0449999570846558,5.599999904632568,94.5584716796875,149.59730529785156,1680.0,,14.949999809265137,,,10.667441368103027,3.9296138286590576,1800.0,18.200000762939453,70.54996490478516,9.515825271606445,35.503883361816406,16.399999618530273,13.407869338989258,2.0,90.164306640625,45.0
2024-05-07,1945.0,,127.76922607421875,75.55042266845703,8.883871078491211,308.23284912109375,186.0,69.71218872070312,133.11729431152344,22.03656578063965,1.0199999809265137,5.599999904632568,95.69544982910156,149.59730529785156,1680.0,,14.800000190734863,,,10.744186401367188,3.811725616455078,1760.0,18.5,71.51640319824219,9.515825271606445,35.31603240966797,,13.407869338989258,2.0,90.26284790039062,44.400001525878906
2024-05-08,1870.0,,126.37538146972656,75.35469818115234,8.79133129119873,302.4171447753906,185.0,68.76371765136719,131.63270568847656,21.937747955322266,1.0149999856948853,5.599999904632568,92.09502410888672,151.9500732421875,1680.0,,14.699999809265137,,,10.5906982421875,3.8510215282440186,1750.0,18.100000381469727,71.0331802368164,9.466521263122559,35.12818145751953,16.5,13.407869338989258,2.0,90.65701293945312,42.599998474121094
2024-05-10,1870.0,,125.44615173339844,76.13761138916016,8.79133129119873,302.4171447753906,186.0,69.71218872070312,132.6224365234375,21.937747955322266,1.0,5.599999904632568,95.69544982910156,151.9500732421875,1680.0,,14.800000190734863,,,10.744186401367188,3.811725616455078,1670.0,18.299999237060547,72.48284149169922,9.417216300964355,34.940330505371094,16.5,13.242340087890625,2.0,90.65701293945312,43.400001525878906
2024-05-13,1840.0,,124.05230712890625,75.35469818115234,9.02268123626709,308.23284912109375,186.0,71.6091079711914,132.1275634765625,21.838930130004883,1.0049999952316284,5.599999904632568,94.74796295166016,151.9500732421875,1680.0,,14.850000381469727,,,10.552325248718262,3.7822532653808594,1700.0,18.299999237060547,73.44927978515625,9.417216300964355,34.940330505371094,,13.490633010864258,2.0,90.90335845947266,43.400001525878906
2024-05-14,1850.0,,128.2338409423828,75.35469818115234,9.115221977233887,308.23284912109375,189.0,70.18640899658203,130.6429901123047,21.838930130004883,1.0149999856948853,5.300000190734863,94.17948150634766,151.55795288085938,1680.0,,14.800000190734863,,,10.5906982421875,3.7822532653808594,1710.0,18.100000381469727,73.44927978515625,9.417216300964355,34.940330505371094,16.200000762939453,13.407869338989258,2.1600000858306885,91.14971160888672,42.79999923706055
2024-05-15,1850.0,,128.69845581054688,74.57179260253906,8.976410865783691,312.1100158691406,190.0,71.13488006591797,130.6429901123047,21.937747955322266,1.0149999856948853,5.25,94.74796295166016,152.93040466308594,1680.0,,14.600000381469727,,,11.051162719726562,3.7822532653808594,1700.0,17.899999618530273,74.89893341064453,9.31860637664795,34.65855407714844,16.200000762939453,13.407869338989258,2.1600000858306885,90.90335845947266,42.0
2024-05-16,1870.0,,128.0015411376953,73.78888702392578,9.207761764526367,312.1100158691406,193.0,73.03180694580078,133.11729431152344,22.03656578063965,1.024999976158142,5.25,94.5584716796875,152.93040466308594,1550.0,,14.899999618530273,,,10.897674560546875,3.811725616455078,1680.0,18.100000381469727,77.79825592041016,9.565130233764648,34.65855407714844,16.5,13.490633010864258,2.1600000858306885,90.90335845947266,42.400001525878906
2024-05-17,1865.0,,129.16307067871094,73.59315490722656,9.439112663269043,314.048583984375,195.0,73.98027801513672,132.6224365234375,22.333023071289062,1.0299999713897705,5.25,94.74796295166016,150.96975708007812,1550.0,,15.0,,,11.01279067993164,3.8510215282440186,1670.0,18.299999237060547,79.2479019165039,9.565130233764648,34.940330505371094,16.600000381469727,13.407869338989258,2.440000057220459,90.90335845947266,41.0
2024-05-21,1905.0,,127.30461120605469,73.39743041992188,9.577923774719238,311.1407165527344,194.0,73.98027801513672,131.13784790039062,22.530658721923828,1.0299999713897705,5.25,94.17948150634766,150.96975708007812,1560.0,,15.0,,,10.974418640136719,3.8510215282440186,1660.0,18.100000381469727,79.2479019165039,9.58978271484375,34.940330505371094,16.399999618530273,13.325105667114258,2.440000057220459,90.65701293945312,39.79999923706055
2024-05-22,1945.0,,127.76922607421875,73.39743041992188,9.531652450561523,310.17144775390625,193.0,72.79469299316406,131.13784790039062,22.925935745239258,1.0299999713897705,5.25,94.36897277832031,150.96975708007812,1560.0,,15.649999618530273,,,10.974418640136719,3.8510215282440186,1660.0,18.399999618530273,77.79825592041016,9.58978271484375,35.03425598144531,16.399999618530273,13.118193626403809,2.4000000953674316,90.65701293945312,37.400001525878906
2024-05-23,1875.0,,125.44615173339844,73.39743041992188,9.809274673461914,308.23284912109375,195.0,74.92874145507812,132.1275634765625,23.321208953857422,1.0499999523162842,5.25,93.42149353027344,150.96975708007812,1560.0,,16.100000381469727,,,11.396512031555176,3.8510215282440186,1655.0,18.399999618530273,78.2814712524414,9.565130233764648,35.12818145751953,16.700000762939453,13.490633010864258,2.9000000953674316,90.164306640625,38.0
2024-05-24,1880.0,,125.44615173339844,70.85298919677734,9.346572875976562,310.17144775390625,195.0,74.92874145507812,128.66355895996094,23.321208953857422,1.0399999618530273,5.25,93.61099243164062,150.96975708007812,1560.0,,16.25,,,11.396512031555176,3.831373691558838,,17.899999618530273,77.31503295898438,9.565130233764648,34.940330505371094,,13.407869338989258,2.880000114440918,87.20809936523438,38.20000076293945
2024-05-27,1925.0,,124.51692199707031,70.46153259277344,9.068951606750488,315.9871520996094,195.0,75.4029769897461,127.67383575439453,23.22239112854004,1.0299999713897705,5.25,92.66351318359375,148.81304931640625,1570.0,,16.25,,,11.550000190734863,3.831373691558838,1650.0,17.700000762939453,77.79825592041016,9.565130233764648,34.940330505371094,16.649999618530273,13.159574508666992,2.880000114440918,86.71540069580078,38.0
2024-05-28,1905.0,,123.12307739257812,69.48290252685547,9.02268123626709,314.048583984375,194.0,74.92874145507812,127.17897033691406,23.123571395874023,1.0399999618530273,5.275000095367432,91.90552520751953,148.6169891357422,1550.0,,16.100000381469727,,,11.588372230529785,3.811725616455078,1640.0,17.700000762939453,77.31503295898438,9.417216300964355,34.846405029296875,16.299999237060547,13.325105667114258,2.880000114440918,85.72999572753906,36.599998474121094
2024-05-29,1880.0,,120.79999542236328,69.09144592285156,8.837600708007812,314.048583984375,193.0,74.45451354980469,121.24065399169922,22.925935745239258,1.0049999952316284,5.275000095367432,89.44208526611328,147.0484619140625,1550.0,,16.049999237060547,,338.0,11.511628150939941,3.7920773029327393,1630.0,17.299999237060547,76.8318099975586,9.515825271606445,34.56462860107422,15.699999809265137,12.994046211242676,2.880000114440918,84.74459838867188,36.70000076293945
2024-05-30,1890.0,,120.79999542236328,67.9170913696289,8.698790550231934,311.1407165527344,191.0,73.50604248046875,121.73551177978516,22.72829818725586,0.9459999799728394,5.25,90.57905578613281,146.85240173339844,1550.0,,16.100000381469727,,336.0,11.319767951965332,3.7920773029327393,1630.0,17.325000762939453,76.8318099975586,9.31860637664795,34.048038482666016,15.5,12.580223083496094,2.7799999713897705,83.26649475097656,35.900001525878906
2024-05-31,1885.0,,123.58769226074219,67.9170913696289,8.930140495300293,315.9871520996094,193.0,75.78446960449219,121.73551177978516,22.925935745239258,0.9459999799728394,5.25,91.90552520751953,148.42091369628906,1550.0,,16.100000381469727,,336.0,11.741860389709473,3.7920773029327393,1610.0,18.0,76.34859466552734,9.31860637664795,34.376773834228516,15.699999809265137,12.91128158569336,1.600000023841858,83.26649475097656,35.599998474121094
2024-06-03,1925.0,,123.58769226074219,67.52564239501953,9.068951606750488,327.6185607910156,192.0,75.2955322265625,120.25093841552734,22.925935745239258,0.9599999785423279,5.25,90.95804595947266,146.06814575195312,1550.0,,16.149999618530273,,350.0,11.550000190734863,3.7920773029327393,1625.0,17.799999237060547,75.86537170410156,9.269301414489746,34.56462860107422,15.699999809265137,12.91128158569336,1.600000023841858,83.26649475097656,36.0
2024-06-04,1915.0,,121.7292251586914,67.52564239501953,9.02268123626709,341.1885681152344,192.0,77.00679779052734,120.74579620361328,22.925935745239258,0.9900000095367432,5.25,90.20005798339844,146.2642059326172,1550.0,,16.125,,350.0,11.588372230529785,3.7920773029327393,1620.0,18.100000381469727,75.86537170410156,9.367911338806152,34.376773834228516,15.699999809265137,12.91128158569336,1.600000023841858,83.5128402709961,36.0
2024-06-05,1907.5,,121.86860656738281,67.9170913696289,9.068951606750488,331.4957275390625,190.0,77.25126647949219,122.23037719726562,22.925935745239258,0.9900000095367432,5.25,90.7685546875,148.02877807617188,1550.0,,16.200000762939453,,348.0,11.588372230529785,3.7920773029327393,1650.0,17.799999237060547,76.34859466552734,9.269301414489746,34.376773834228516,15.5,12.74575138092041,2.9000000953674316,83.75919342041016,36.0
2024-06-06,,,,,,,,,,22.925935745239258,,,,,1550.0,,,,348.0,,,1640.0,,,,34.376773834228516,15.199999809265137,,,,
2024-06-07,1940.0,,121.7292251586914,67.9170913696289,9.439112663269043,335.37286376953125,193.0,78.2291259765625,120.25093841552734,22.925935745239258,0.9700000286102295,5.25,91.05279541015625,147.8327178955078,1550.0,,16.850000381469727,,348.0,11.47325611114502,3.7724292278289795,1660.0,18.0,80.69756317138672,9.269301414489746,34.752479553222656,15.149999618530273,13.076810836791992,1.909999966621399,84.25189208984375,35.400001525878906
2024-06-10,1955.0,,119.87076568603516,67.9170913696289,9.439112663269043,331.4957275390625,193.5,78.2291259765625,122.23037719726562,22.925935745239258,0.9700000286102295,5.300000190734863,90.95804595947266,148.02877807617188,1550.0,,16.774999618530273,,348.0,11.626744270324707,3.7527811527252197,1640.0,18.100000381469727,79.97273254394531,9.21999740600586,34.65855407714844,15.25,13.076810836791992,1.909999966621399,84.25189208984375,35.20000076293945
2024-06-11,2000.0,,121.7292251586914,68.30854797363281,9.62419319152832,329.5571594238281,198.0,81.65164947509766,122.23037719726562,22.925935745239258,0.9700000286102295,5.300000190734863,90.57905578613281,149.9894256591797,1550.0,,16.75,,360.0,11.550000190734863,3.7527811527252197,1630.0,17.600000381469727,80.69756317138672,9.21999740600586,34.752479553222656,15.399999618530273,12.74575138092041,1.909999966621399,86.22270202636719,34.599998474121094
2024-06-12,1990.0,,122.65846252441406,68.8957290649414,9.485383033752441,329.5571594238281,200.0,80.18485260009766,124.2098159790039,22.925935745239258,0.9700000286102295,5.199999809265137,91.71603393554688,150.96975708007812,1500.0,,17.100000381469727,,370.0,11.818604469299316,3.73313307762146,1650.0,18.049999237060547,81.66400146484375,9.21999740600586,35.12818145751953,15.699999809265137,13.076810836791992,1.909999966621399,87.20809936523438,35.0
2024-06-13,1970.0,,122.19384002685547,69.67862701416016,9.62419319152832,335.37286376953125,200.0,78.71805572509766,123.71495056152344,22.925935745239258,0.9760000109672546,5.199999809265137,91.71603393554688,151.9500732421875,1500.0,,16.950000762939453,,370.0,11.70348834991455,3.7134850025177,1650.0,18.100000381469727,81.66400146484375,9.21999740600586,35.31603240966797,,13.076810836791992,1.25,87.7008056640625,34.20000076293945
2024-06-14,1945.0,,121.7292251586914,69.87435913085938,9.439112663269043,335.37286376953125,206.0,77.74019622802734,121.73551177978516,22.925935745239258,0.9700000286102295,5.199999809265137,89.63157653808594,151.9500732421875,1460.0,,16.899999618530273,,360.0,11.626744270324707,3.7134850025177,1630.0,18.0,81.18077850341797,9.21999740600586,35.31603240966797,15.699999809265137,12.91128158569336,1.25,88.1935043334961,33.20000076293945
2024-06-18,1900.0,,120.79999542236328,69.48290252685547,9.439112663269043,333.4342956542969,207.5,77.74019622802734,121.73551177978516,24.2105770111084,0.9679999947547913,5.199999809265137,91.14753723144531,153.12646484375,1460.0,,16.950000762939453,,360.0,11.588372230529785,3.7134850025177,1630.0,17.799999237060547,79.73112487792969,9.21999740600586,34.376773834228516,15.300000190734863,12.91128158569336,1.25,88.1935043334961,33.0
2024-06-19,1865.0,,120.79999542236328,69.77649688720703,9.439112663269043,334.403564453125,208.0,78.71805572509766,121.73551177978516,24.50703239440918,0.9760000109672546,5.300000190734863,91.71603393554688,153.9107208251953,1460.0,,16.850000381469727,,370.0,11.550000190734863,3.7134850025177,1630.0,18.100000381469727,80.21434020996094,9.21999740600586,34.188926696777344,15.300000190734863,12.580223083496094,1.350000023841858,89.17890930175781,33.400001525878906
2024-06-20,1870.0,,120.56768798828125,69.87435913085938,9.531652450561523,331.4957275390625,210.0,79.20699310302734,121.73551177978516,24.90230941772461,0.9700000286102295,5.300000190734863,91.71603393554688,154.49891662597656,1460.0,,16.975000381469727,,370.0,11.415698051452637,3.6938369274139404,1640.0,18.100000381469727,81.18077850341797,9.21999740600586,34.752479553222656,,12.580223083496094,2.440000057220459,89.17890930175781,33.599998474121094
2024-06-21,,,,,,,,,,,,,,,1460.0,,,,370.0,,,1640.0,,,9.21999740600586,,15.399999618530273,12.580223083496094,,89.17890930175781,
2024-06-24,1855.0,,118.94153594970703,70.65725708007812,9.62419319152832,329.5571594238281,209.0,77.74019622802734,120.74579620361328,25.00112533569336,0.9599999785423279,5.300000190734863,91.90552520751953,153.32252502441406,1460.0,,16.600000381469727,,370.0,11.319767951965332,3.6938369274139404,1667.5,18.5,81.66400146484375,9.022777557373047,34.752479553222656,15.399999618530273,12.994046211242676,2.440000057220459,92.13511657714844,34.0
2024-06-25,1785.0,,119.4061508178711,70.26581573486328,9.531652450561523,327.6185607910156,206.0,79.20699310302734,120.74579620361328,24.803489685058594,0.9589999914169312,5.300000190734863,91.90552520751953,153.32252502441406,1460.0,,16.5,,370.0,11.243022918701172,3.6152448654174805,1660.0,18.299999237060547,82.147216796875,9.31860637664795,34.752479553222656,15.199999809265137,12.994046211242676,2.440000057220459,91.14971160888672,33.79999923706055
2024-06-26,1660.0,,118.94153594970703,70.07008361816406,9.254032135009766,327.6185607910156,208.0,79.6959228515625,118.766357421875,24.50703239440918,0.9319999814033508,5.300000190734863,92.09502410888672,152.93040466308594,1460.0,,16.5,,350.0,10.974418640136719,3.6152448654174805,1660.0,18.5,79.2479019165039,9.195343971252441,34.752479553222656,,12.994046211242676,2.440000057220459,91.14971160888672,32.79999923706055
2024-06-27,1665.0,,118.94153594970703,70.26581573486328,9.254032135009766,327.6185607910156,206.0,79.20699310302734,118.27149200439453,24.50703239440918,0.9399999976158142,5.300000190734863,92.47401428222656,153.12646484375,1460.0,,16.5,,350.0,10.936046600341797,3.6152448654174805,1665.0,18.600000381469727,79.73112487792969,9.195343971252441,34.752479553222656,,12.828516960144043,2.440000057220459,91.64241027832031,33.0
2024-06-28,1630.0,,117.54769134521484,69.09144592285156,9.439112663269043,321.8028564453125,204.0,79.6959228515625,118.766357421875,24.40821647644043,0.9340000152587891,5.300000190734863,90.95804595947266,153.12646484375,1460.0,,16.600000381469727,,354.0,10.936046600341797,3.6152448654174805,1670.0,17.700000762939453,80.69756317138672,9.195343971252441,34.752479553222656,14.899999618530273,12.828516960144043,1.25,91.14971160888672,32.599998474121094
2024-07-01,1675.0,,118.94153594970703,69.48290252685547,9.439112663269043,321.8028564453125,206.0,79.6959228515625,118.766357421875,23.914121627807617,0.9440000057220459,5.300000190734863,90.01056671142578,152.53826904296875,1460.0,,16.549999237060547,,354.0,11.01279067993164,3.5955967903137207,1660.0,17.75,79.2479019165039,9.195343971252441,34.56462860107422,,12.828516960144043,1.25,90.65701293945312,32.400001525878906
2024-07-02,1715.0,,120.79999542236328,69.67862701416016,9.439112663269043,317.92572021484375,206.0,80.67378997802734,118.766357421875,24.111759185791016,0.9399999976158142,5.300000190734863,90.7685546875,152.24417114257812,1460.0,,16.549999237060547,,354.0,11.051162719726562,3.5955967903137207,1655.0,17.899999618530273,79.73112487792969,9.121387481689453,34.56462860107422,15.100000381469727,12.704370498657227,1.25,90.164306640625,32.599998474121094
2024-07-03,1700.0,,122.19384002685547,69.48290252685547,9.254032135009766,323.7414245605469,206.0,83.60737609863281,117.28177642822266,24.111759185791016,0.9399999976158142,5.349999904632568,91.71603393554688,151.9500732421875,1460.0,,16.75,,354.0,11.070348739624023,3.5955967903137207,1650.0,17.899999618530273,78.76468658447266,9.146039009094238,34.56462860107422,14.649999618530273,12.828516960144043,1.25,90.65701293945312,33.0
2024-07-04,1695.0,,124.05230712890625,69.87435913085938,9.346572875976562,324.7107238769531,209.0,83.11844635009766,118.766357421875,23.914121627807617,0.9259999990463257,5.349999904632568,94.5584716796875,150.96975708007812,1460.0,,16.700000762939453,,354.0,11.338953018188477,3.6054208278656006,1640.0,18.0,79.2479019165039,9.022777557373047,34.752479553222656,15.300000190734863,12.828516960144043,2.0,90.65701293945312,32.79999923706055
2024-07-05,1700.0,,126.37538146972656,69.87435913085938,9.346572875976562,325.67999267578125,208.0,83.11844635009766,118.766357421875,23.914121627807617,0.9179999828338623,5.400000095367432,94.74796295166016,150.96975708007812,1460.0,,16.700000762939453,,354.0,11.665116310119629,3.5955967903137207,1640.0,18.100000381469727,79.2479019165039,9.022777557373047,34.752479553222656,15.600000381469727,12.828516960144043,2.0,90.164306640625,32.79999923706055
2024-07-08,1685.0,,126.83999633789062,69.67862701416016,9.346572875976562,329.5571594238281,208.0,82.14058685302734,118.766357421875,23.815303802490234,0.8859999775886536,5.400000095367432,93.98998260498047,150.38156127929688,1460.0,,16.700000762939453,,354.0,11.588372230529785,3.6152448654174805,1590.0,17.899999618530273,79.2479019165039,9.022777557373047,34.56462860107422,15.5,12.828516960144043,2.0,89.6716079711914,32.20000076293945
2024-07-09,1660.0,,124.74922943115234,70.46153259277344,9.346572875976562,329.5571594238281,208.0,82.6295166015625,117.7766342163086,23.815303802490234,0.8700000047683716,5.400000095367432,94.74796295166016,151.9500732421875,1460.0,,16.799999237060547,,354.0,11.319767951965332,3.664364814758301,1565.0,17.799999237060547,79.73112487792969,9.121387481689453,34.56462860107422,15.199999809265137,12.662988662719727,2.0,89.91796112060547,33.400001525878906
2024-07-10,1650.0,,124.98153686523438,70.26581573486328,9.254032135009766,331.4957275390625,204.0,82.14058685302734,118.27149200439453,23.71648406982422,0.8659999966621399,5.400000095367432,93.42149353027344,150.96975708007812,1510.0,,16.799999237060547,,354.0,11.358139991760254,3.6938369274139404,1530.0,17.700000762939453,78.2814712524414,9.121387481689453,34.65855407714844,15.050000190734863,12.662988662719727,1.9900000095367432,90.41065979003906,33.599998474121094
2024-07-11,1655.0,,122.8907699584961,69.67862701416016,9.184627532958984,337.3114318847656,205.0,81.1627197265625,118.766357421875,23.51884651184082,0.8640000224113464,5.400000095367432,94.74796295166016,150.96975708007812,1510.0,,16.75,,354.0,11.26220989227295,3.7036609649658203,1540.0,17.5,77.79825592041016,9.121387481689453,34.65855407714844,15.199999809265137,12.497458457946777,1.3200000524520874,90.164306640625,33.79999923706055
2024-07-12,1660.0,,123.58769226074219,70.26581573486328,9.115221977233887,334.403564453125,206.0,82.6295166015625,118.766357421875,23.51884651184082,0.843999981880188,5.400000095367432,94.74796295166016,151.9500732421875,1510.0,,16.75,,354.0,11.319767951965332,3.7036609649658203,1540.0,17.5,79.73112487792969,9.07208251953125,34.56462860107422,15.199999809265137,12.662988662719727,1.3200000524520874,90.164306640625,34.400001525878906
2024-07-15,1660.0,,121.96153259277344,70.46153259277344,9.115221977233887,334.403564453125,206.0,81.65164947509766,118.766357421875,23.51884651184082,0.8600000143051147,5.400000095367432,94.74796295166016,150.96975708007812,1510.0,,16.75,,354.0,11.281394958496094,3.7036609649658203,1580.0,17.799999237060547,80.45594787597656,9.170692443847656,34.56462860107422,15.199999809265137,12.662988662719727,1.350000023841858,90.164306640625,34.400001525878906
2024-07-16,1655.0,,122.65846252441406,70.07008361816406,9.254032135009766,333.4342956542969,208.75,81.65164947509766,118.766357421875,23.71648406982422,0.8799999952316284,5.400000095367432,94.74796295166016,150.96975708007812,1470.0,,16.799999237060547,,354.0,11.396512031555176,3.7036609649658203,1620.0,17.700000762939453,81.66400146484375,9.170692443847656,34.752479553222656,15.0,12.662988662719727,1.350000023841858,90.164306640625,34.70000076293945
2024-07-17,1645.0,,124.05230712890625,70.46153259277344,9.346572875976562,336.3421325683594,211.0,82.38504791259766,119.26121520996094,24.309396743774414,0.8759999871253967,5.400000095367432,96.169189453125,150.77369689941406,1470.0,,16.899999618530273,,348.0,11.588372230529785,3.73313307762146,1610.0,17.799999237060547,82.147216796875,9.417216300964355,35.03425598144531,15.300000190734863,12.662988662719727,1.350000023841858,90.41065979003906,35.400001525878906
2024-07-18,1635.0,,124.98153686523438,70.26581573486328,9.439112663269043,343.12713623046875,212.0,81.65164947509766,119.26121520996094,24.309396743774414,0.8939999938011169,5.400000095367432,96.64292907714844,151.9500732421875,1470.0,,16.899999618530273,,348.0,11.741860389709473,3.7527811527252197,1620.0,17.600000381469727,82.147216796875,9.466521263122559,35.503883361816406,,12.91128158569336,1.350000023841858,90.164306640625,35.0
2024-07-19,1637.5,,123.58769226074219,70.26581573486328,9.439112663269043,343.12713623046875,212.0,81.8961181640625,119.26121520996094,24.111759185791016,0.8840000033378601,5.400000095367432,96.64292907714844,151.9500732421875,1470.0,,16.899999618530273,,348.0,11.741860389709473,3.7626051902770996,,17.600000381469727,83.11365509033203,9.466521263122559,35.691734313964844,,12.91128158569336,1.350000023841858,90.65701293945312,35.400001525878906
2024-07-22,1650.0,,125.44615173339844,70.26581573486328,9.254032135009766,341.1885681152344,210.0,82.6295166015625,119.26121520996094,24.309396743774414,0.8799999952316284,5.400000095367432,96.64292907714844,151.9500732421875,1470.0,,16.850000381469727,,348.0,11.70348834991455,3.7527811527252197,1610.0,17.5,81.66400146484375,9.44186782836914,35.503883361816406,15.350000381469727,12.91128158569336,1.350000023841858,91.14971160888672,34.79999923706055
2024-07-23,1637.5,,123.58769226074219,70.36367797851562,9.254032135009766,341.1885681152344,210.0,82.6295166015625,119.26121520996094,24.2105770111084,0.8700000047683716,5.349999904632568,96.64292907714844,151.9500732421875,1470.0,,16.850000381469727,,348.0,11.70348834991455,3.7527811527252197,1620.0,17.399999618530273,81.18077850341797,9.417216300964355,35.31603240966797,15.300000190734863,12.994046211242676,1.350000023841858,91.14971160888672,34.79999923706055
2024-07-24,1615.0,,121.7292251586914,70.07008361816406,9.161491394042969,340.21929931640625,209.0,81.8961181640625,117.7766342163086,24.111759185791016,0.859000027179718,5.199999809265137,95.69544982910156,150.77369689941406,1470.0,,16.75,,348.0,11.511628150939941,3.7134850025177,1600.0,17.100000381469727,81.18077850341797,9.367911338806152,35.31603240966797,15.199999809265137,12.249164581298828,1.350000023841858,90.90335845947266,34.0
2024-07-25,1575.0,,122.19384002685547,70.46153259277344,9.161491394042969,337.3114318847656,208.0,81.8961181640625,117.7766342163086,24.111759185791016,0.8600000143051147,5.199999809265137,95.69544982910156,149.79336547851562,1470.0,,16.774999618530273,,348.0,11.550000190734863,3.6938369274139404,1580.0,16.799999237060547,80.21434020996094,9.367911338806152,35.12818145751953,,12.249164581298828,1.350000023841858,90.65701293945312,34.0
2024-07-26,1620.0,,123.58769226074219,70.07008361816406,9.161491394042969,337.3114318847656,208.0,82.14058685302734,117.7766342163086,24.309396743774414,0.8640000224113464,5.199999809265137,96.169189453125,149.79336547851562,1470.0,,16.700000762939453,,348.0,11.665116310119629,3.7134850025177,1600.0,17.5,81.18077850341797,9.466521263122559,35.12818145751953,15.0,12.580223083496094,1.350000023841858,90.65701293945312,34.0
2024-07-29,1665.0,,124.05230712890625,70.07008361816406,9.254032135009766,345.0657043457031,206.0,83.11844635009766,116.29205322265625,24.50703239440918,0.8600000143051147,5.150000095367432,98.53788757324219,149.9894256591797,1470.0,,16.799999237060547,,348.0,11.741860389709473,3.73313307762146,1600.0,18.0,82.147216796875,9.417216300964355,34.752479553222656,15.100000381469727,12.414693832397461,1.350000023841858,90.65701293945312,33.599998474121094
2024-07-30,1665.0,,124.98153686523438,70.07008361816406,9.254032135009766,339.25,204.0,83.11844635009766,117.7766342163086,24.704669952392578,0.8659999966621399,5.150000095367432,98.53788757324219,149.9894256591797,1470.0,,16.649999618530273,,348.0,11.665116310119629,3.7134850025177,,17.799999237060547,82.147216796875,9.31860637664795,34.752479553222656,15.100000381469727,12.580223083496094,1.350000023841858,90.65701293945312,33.599998474121094
2024-07-31,1665.0,,123.58769226074219,70.07008361816406,9.161491394042969,339.25,204.0,82.6295166015625,117.7766342163086,24.90230941772461,0.8640000224113464,5.150000095367432,97.59040832519531,148.6169891357422,1470.0,,16.75,,350.0,11.780233383178711,3.7134850025177,1610.0,17.600000381469727,83.11365509033203,9.269301414489746,34.752479553222656,,12.580223083496094,1.8799999952316284,90.65701293945312,33.79999923706055
2024-08-01,1645.0,,123.12307739257812,70.07008361816406,9.346572875976562,350.8814392089844,209.0,82.6295166015625,117.7766342163086,24.704669952392578,0.8659999966621399,5.150000095367432,97.11666870117188,148.6169891357422,1470.0,,16.700000762939453,,350.0,11.741860389709473,3.6938369274139404,,17.799999237060547,83.11365509033203,9.269301414489746,34.752479553222656,,12.74575138092041,1.8799999952316284,90.65701293945312,33.599998474121094
2024-08-02,1605.0,,124.05230712890625,70.07008361816406,9.346572875976562,351.8507080078125,206.0,83.11844635009766,117.7766342163086,24.704669952392578,0.8460000157356262,5.150000095367432,97.59040832519531,148.6169891357422,1470.0,,16.700000762939453,,350.0,11.856976509094238,3.6938369274139404,,17.700000762939453,82.63043975830078,9.269301414489746,34.376773834228516,15.0,12.74575138092041,1.0800000429153442,90.90335845947266,33.599998474121094
2024-08-06,1555.0,,122.65846252441406,69.87435913085938,9.161491394042969,348.94287109375,207.0,83.11844635009766,116.78691864013672,24.309396743774414,0.8500000238418579,5.150000095367432,98.06414794921875,150.57763671875,1600.0,,16.649999618530273,,350.0,11.626744270324707,3.7134850025177,1595.0,17.399999618530273,80.21434020996094,9.022777557373047,34.56462860107422,15.0,12.74575138092041,1.0800000429153442,90.65701293945312,33.20000076293945
2024-08-07,1565.0,,123.58769226074219,70.46153259277344,9.161491394042969,348.94287109375,207.0,83.11844635009766,117.28177642822266,24.309396743774414,0.8500000238418579,5.150000095367432,98.53788757324219,152.93040466308594,1600.0,,16.700000762939453,,350.0,11.741860389709473,3.7134850025177,1610.0,17.600000381469727,80.69756317138672,8.97347354888916,34.470703125,,12.74575138092041,1.0800000429153442,90.65701293945312,33.400001525878906
2024-08-08,1500.0,,121.7292251586914,70.07008361816406,9.161491394042969,360.57427978515625,206.0,82.38504791259766,116.29205322265625,24.309396743774414,0.8679999709129333,5.099999904632568,97.59040832519531,154.89105224609375,1600.0,,16.700000762939453,,350.0,11.665116310119629,3.72330904006958,1620.0,17.600000381469727,79.2479019165039,8.97347354888916,34.188926696777344,15.0,12.74575138092041,1.7999999523162842,91.64241027832031,33.400001525878906
2024-08-09,1510.0,,124.98153686523438,71.83162689208984,9.092086791992188,360.57427978515625,208.0,82.38504791259766,116.29205322265625,24.50703239440918,0.8600000143051147,5.050000190734863,98.53788757324219,156.26348876953125,1600.0,,16.649999618530273,,350.0,11.665116310119629,3.72330904006958,,17.399999618530273,80.21434020996094,9.022777557373047,34.376773834228516,15.149999618530273,12.74575138092041,1.7999999523162842,92.62781524658203,33.29999923706055
2024-08-12,1485.0,,123.12307739257812,72.4188003540039,9.161491394042969,358.6357116699219,208.0,82.6295166015625,117.28177642822266,24.50703239440918,0.8640000224113464,4.900000095367432,96.64292907714844,155.87136840820312,1600.0,,16.649999618530273,,350.0,11.722674369812012,3.7134850025177,,17.399999618530273,80.69756317138672,9.21999740600586,34.376773834228516,,12.74575138092041,1.7999999523162842,94.10591888427734,33.20000076293945
2024-08-13,1485.0,,123.58769226074219,72.6145248413086,9.161491394042969,358.6357116699219,206.0,82.6295166015625,119.26121520996094,24.50703239440918,0.8619999885559082,4.900000095367432,96.64292907714844,155.87136840820312,1600.0,,16.649999618530273,,350.0,11.550000190734863,3.6938369274139404,1610.0,17.399999618530273,80.69756317138672,9.07208251953125,34.376773834228516,,12.74575138092041,1.7999999523162842,94.10591888427734,33.20000076293945
2024-08-14,1510.0,,125.44615173339844,73.0059814453125,9.254032135009766,364.4514465332031,204.0,82.6295166015625,121.24065399169922,25.00112533569336,0.8640000224113464,4.980000019073486,96.169189453125,154.30284118652344,1600.0,,16.950000762939453,,330.0,11.70348834991455,3.7134850025177,1640.0,17.399999618530273,82.147216796875,9.170692443847656,34.376773834228516,,12.497458457946777,1.7999999523162842,95.09132385253906,33.400001525878906
2024-08-15,1605.0,,126.37538146972656,74.96324157714844,9.346572875976562,364.4514465332031,208.0,82.6295166015625,125.19953155517578,25.495220184326172,0.8880000114440918,4.980000019073486,96.64292907714844,154.30284118652344,1600.0,,17.299999237060547,,330.0,11.818604469299316,3.6938369274139404,1640.0,17.399999618530273,84.08009338378906,9.195343971252441,34.56462860107422,15.0,13.076810836791992,1.7999999523162842,100.51103210449219,33.20000076293945
2024-08-16,1780.0,,129.16307067871094,75.74615478515625,9.716733932495117,366.3900146484375,206.0,83.60737609863281,127.17897033691406,25.69285774230957,0.9120000004768372,4.980000019073486,98.53788757324219,154.30284118652344,1480.0,,17.649999618530273,,337.5,12.16395378112793,3.831373691558838,1680.0,17.700000762939453,86.01297760009766,9.31860637664795,35.31603240966797,15.100000381469727,13.490633010864258,1.7999999523162842,99.52562713623047,33.79999923706055
2024-08-19,1780.0,,129.627685546875,76.33332824707031,9.994355201721191,370.26715087890625,208.0,83.11844635009766,128.66355895996094,26.285770416259766,0.9380000233650208,5.050000190734863,98.06414794921875,154.89105224609375,1540.0,,18.049999237060547,,337.5,12.202325820922852,3.909965753555298,1650.0,17.799999237060547,87.4626235961914,9.466521263122559,36.255287170410156,15.5,13.656163215637207,1.7999999523162842,98.78658294677734,34.20000076293945
2024-08-20,1780.0,,130.55691528320312,76.72478485107422,10.179435729980469,370.26715087890625,204.0,80.67378997802734,128.16868591308594,27.273956298828125,0.9399999976158142,5.099999904632568,98.53788757324219,153.9107208251953,1400.0,,18.399999618530273,,337.5,12.3174409866333,3.890317678451538,1660.0,17.799999237060547,88.42906188964844,9.417216300964355,35.9735107421875,15.300000190734863,13.656163215637207,1.7999999523162842,98.54022979736328,34.20000076293945
2024-08-21,1720.0,,129.3953857421875,76.9205093383789,10.27197551727295,361.5435791015625,202.0,79.45145416259766,126.18925476074219,27.669231414794922,0.9359999895095825,5.050000190734863,97.59040832519531,153.71466064453125,1400.0,,18.25,,364.0,12.240697860717773,3.8411974906921387,1640.0,17.799999237060547,86.97940826416016,9.392562866210938,35.9735107421875,15.0,13.656163215637207,1.0,97.55482482910156,34.20000076293945
2024-08-22,1640.0,,129.16307067871094,76.13761138916016,10.179435729980469,356.6971435546875,204.0,81.1627197265625,124.2098159790039,27.273956298828125,0.9259999990463257,5.050000190734863,98.53788757324219,152.73434448242188,1450.0,,18.399999618530273,,364.0,11.97209358215332,3.831373691558838,,17.75,85.04653930664062,9.31860637664795,35.691734313964844,15.0,13.73892879486084,1.0,97.06212615966797,34.0
2024-08-23,1645.0,,130.09230041503906,75.55042266845703,10.27197551727295,356.6971435546875,205.0,81.1627197265625,124.2098159790039,28.360963821411133,0.9200000166893005,5.050000190734863,98.06414794921875,152.73434448242188,1410.0,,18.350000381469727,,364.0,12.240697860717773,3.821549654006958,,17.700000762939453,86.97940826416016,9.31860637664795,35.87958908081055,15.0,13.90445613861084,1.0,96.56942749023438,34.0
2024-08-26,1630.0,,127.76922607421875,75.55042266845703,10.27197551727295,356.6971435546875,206.0,80.18485260009766,124.70467376708984,28.06450653076172,0.8960000276565552,5.050000190734863,98.7747573852539,152.73434448242188,1410.0,,18.350000381469727,,364.0,12.279069900512695,3.7920773029327393,1620.0,17.700000762939453,86.01297760009766,9.31860637664795,35.691734313964844,15.100000381469727,13.987221717834473,1.1200000047683716,97.06212615966797,34.0
2024-08-27,1625.0,,128.2338409423828,76.33332824707031,10.27197551727295,356.6971435546875,205.0,81.1627197265625,124.95210266113281,28.06450653076172,0.8980000019073486,5.0,97.59040832519531,154.69497680664062,1410.0,,18.600000381469727,,364.0,12.3174409866333,3.7724292278289795,1650.0,17.600000381469727,86.4961929321289,9.466521263122559,35.691734313964844,14.800000190734863,13.821693420410156,1.1200000047683716,97.06212615966797,34.0
2024-08-28,1625.0,,127.30461120605469,76.03974151611328,10.27197551727295,341.1885681152344,204.0,79.94039154052734,124.95210266113281,28.06450653076172,0.8880000114440918,5.050000190734863,97.59040832519531,154.69497680664062,1410.0,,18.450000762939453,,364.0,12.394186019897461,3.73313307762146,1680.0,17.700000762939453,86.01297760009766,9.713045120239258,35.31603240966797,14.5,13.73892879486084,1.399999976158142,96.56942749023438,33.400001525878906
2024-08-29,1625.0,,129.16307067871094,75.74615478515625,10.36451530456543,339.25,204.0,79.6959228515625,126.68411254882812,28.65741729736328,0.8799999952316284,5.0,99.9591064453125,153.9107208251953,1410.0,,18.75,,364.0,12.66279125213623,3.7134850025177,,17.799999237060547,87.94584655761719,9.86095905303955,35.503883361816406,14.899999618530273,13.656163215637207,1.149999976158142,95.09132385253906,31.0
2024-08-30,1625.0,,129.627685546875,73.78888702392578,10.179435729980469,339.25,202.0,78.2291259765625,120.74579620361328,28.65741729736328,0.8740000128746033,4.960000038146973,96.64292907714844,151.9500732421875,1450.0,,18.899999618530273,,358.0,12.58604621887207,3.6938369274139404,1670.0,17.600000381469727,87.4626235961914,9.86095905303955,35.31603240966797,14.699999809265137,13.407869338989258,2.0999999046325684,94.10591888427734,30.600000381469727
2024-09-02,1620.0,,131.0215301513672,73.78888702392578,10.179435729980469,339.25,202.0,77.74019622802734,116.78691864013672,28.262144088745117,0.8640000224113464,5.0,96.169189453125,150.77369689941406,1450.0,,18.75,,338.0,12.58604621887207,3.6938369274139404,1680.0,17.600000381469727,86.4961929321289,9.762349128723145,35.31603240966797,14.699999809265137,13.242340087890625,2.0999999046325684,94.10591888427734,29.600000381469727
2024-09-03,1591.0,,131.9507598876953,74.37606811523438,10.179435729980469,341.1885681152344,201.0,79.6959228515625,116.78691864013672,27.37277603149414,0.8700000047683716,5.0,95.69544982910156,150.77369689941406,1450.0,,18.450000762939453,,338.0,12.66279125213623,3.6741888523101807,1670.0,17.799999237060547,86.97940826416016,9.959568977355957,35.691734313964844,14.75,13.490633010864258,2.0999999046325684,94.10591888427734,30.600000381469727
2024-09-04,1575.0,,129.16307067871094,74.08247375488281,10.179435729980469,341.1885681152344,204.0,79.20699310302734,115.30233764648438,27.669231414794922,0.8700000047683716,5.0,94.17948150634766,150.38156127929688,1450.0,,18.799999237060547,,338.0,12.56686019897461,3.6348929405212402,,17.700000762939453,86.97940826416016,9.86095905303955,35.31603240966797,,13.490633010864258,2.0999999046325684,94.10591888427734,30.799999237060547
2024-09-05,1585.0,,130.09230041503906,74.57179260253906,10.22570514678955,339.25,202.0,80.67378997802734,112.82804107666016,28.06450653076172,0.9100000262260437,5.0,94.36897277832031,150.96975708007812,1450.0,,18.950000762939453,,314.0,12.58604621887207,3.6152448654174805,,17.5,86.97940826416016,9.811654090881348,35.503883361816406,14.600000381469727,13.366487503051758,2.059999942779541,94.10591888427734,30.799999237060547
2024-09-06,1565.0,,132.41537475585938,74.57179260253906,10.22570514678955,339.25,200.0,80.18485260009766,111.09603118896484,28.805644989013672,0.9399999976158142,5.0,96.169189453125,150.77369689941406,1380.0,,18.75,,314.0,12.77790641784668,3.6152448654174805,1680.0,17.450000762939453,87.4626235961914,9.762349128723145,35.503883361816406,14.75,13.366487503051758,2.0999999046325684,94.59861755371094,31.0
2024-09-09,1545.0,,131.9507598876953,74.57179260253906,10.179435729980469,341.1885681152344,198.0,78.2291259765625,110.3537368774414,29.052692413330078,0.9300000071525574,4.900000095367432,94.74796295166016,150.38156127929688,1380.0,,18.75,,314.0,12.739535331726074,3.6152448654174805,,17.200000762939453,87.4626235961914,9.762349128723145,35.503883361816406,14.699999809265137,14.069986343383789,2.0999999046325684,94.10591888427734,31.0
2024-09-10,1520.0,,129.627685546875,73.78888702392578,10.27197551727295,335.37286376953125,196.0,78.2291259765625,111.34346008300781,29.052692413330078,0.9279999732971191,4.900000095367432,92.8530044555664,149.9894256591797,1380.0,,18.549999237060547,,314.0,12.77790641784668,3.6152448654174805,1670.0,17.200000762939453,87.4626235961914,9.68839168548584,35.31603240966797,14.725000381469727,14.069986343383789,2.0999999046325684,94.10591888427734,31.0
2024-09-11,1490.0,,128.2338409423828,73.78888702392578,10.086894989013672,332.4649963378906,195.0,78.2291259765625,113.3228988647461,28.459779739379883,0.9139999747276306,4.900000095367432,92.66351318359375,150.18548583984375,1380.0,,18.700000762939453,,314.0,12.58604621887207,3.585772752761841,1680.0,17.0,86.01297760009766,9.68839168548584,34.940330505371094,14.550000190734863,13.987221717834473,1.9800000190734863,94.10591888427734,31.600000381469727
2024-09-12,1500.0,,127.30461120605469,74.18034362792969,10.086894989013672,330.52642822265625,198.0,78.9625244140625,112.82804107666016,28.70682716369629,0.9160000085830688,4.900000095367432,93.42149353027344,149.9894256591797,1380.0,,18.549999237060547,,314.0,12.701162338256836,3.585772752761841,1660.0,16.799999237060547,86.97940826416016,9.68839168548584,34.940330505371094,14.800000190734863,14.069986343383789,1.9800000190734863,94.59861755371094,31.600000381469727
2024-09-13,1485.0,,126.6076889038086,74.37606811523438,10.086894989013672,332.4649963378906,200.0,78.9625244140625,111.83831787109375,28.855056762695312,0.9139999747276306,4.820000171661377,94.5584716796875,149.9894256591797,1380.0,,18.700000762939453,,314.0,12.66279125213623,3.6054208278656006,1660.0,16.649999618530273,86.97940826416016,9.762349128723145,34.940330505371094,14.75,14.069986343383789,1.2000000476837158,94.10591888427734,31.600000381469727
2024-09-16,1485.0,,126.37538146972656,74.37606811523438,10.179435729980469,332.4649963378906,200.0,79.6959228515625,111.83831787109375,29.645605087280273,0.9100000262260437,4.840000152587891,94.5584716796875,149.9894256591797,1380.0,,18.875,,314.0,12.58604621887207,3.6054208278656006,1650.0,16.649999618530273,86.73779296875,9.811654090881348,35.12818145751953,15.300000190734863,14.152750968933105,1.2000000476837158,94.10591888427734,31.799999237060547
2024-09-17,1520.0,,125.44615173339844,74.18034362792969,10.179435729980469,332.4649963378906,200.0,79.6959228515625,110.3537368774414,30.04088020324707,0.9240000247955322,4.840000152587891,93.23200225830078,149.9894256591797,1380.0,,18.799999237060547,,314.0,12.739535331726074,3.556300401687622,,17.0,86.4961929321289,9.959568977355957,35.31603240966797,15.800000190734863,14.069986343383789,1.2000000476837158,94.10591888427734,31.600000381469727
2024-09-18,1495.0,,125.9107666015625,74.57179260253906,10.36451530456543,339.25,198.0,79.6959228515625,111.34346008300781,29.645605087280273,0.8960000276565552,4.840000152587891,93.23200225830078,150.18548583984375,1380.0,,18.950000762939453,,314.0,12.66279125213623,3.575948715209961,1640.0,16.850000381469727,86.97940826416016,10.058177947998047,35.31603240966797,15.949999809265137,14.401044845581055,2.259999990463257,94.10591888427734,31.600000381469727
2024-09-19,1510.0,,129.16307067871094,74.96324157714844,10.36451530456543,337.3114318847656,197.0,79.6959228515625,113.3228988647461,29.645605087280273,0.9100000262260437,4.840000152587891,93.42149353027344,152.14613342285156,1380.0,,19.100000381469727,,326.0,12.77790641784668,3.556300401687622,1630.0,17.299999237060547,86.4961929321289,10.156787872314453,35.691734313964844,16.700000762939453,14.318279266357422,1.5,94.59861755371094,31.600000381469727
2024-09-20,1500.0,,129.16307067871094,74.96324157714844,10.36451530456543,343.12713623046875,200.0,78.2291259765625,113.3228988647461,29.843242645263672,0.9300000071525574,4.840000152587891,94.74796295166016,150.18548583984375,1380.0,,19.25,,326.0,13.008140563964844,3.556300401687622,,17.0,86.97940826416016,10.156787872314453,35.691734313964844,16.600000381469727,14.318279266357422,1.2999999523162842,95.09132385253906,31.399999618530273
2024-09-23,1505.0,,131.48614501953125,75.35469818115234,10.36451530456543,331.4957275390625,202.0,78.2291259765625,113.3228988647461,29.89265251159668,0.9900000095367432,4.900000095367432,93.42149353027344,150.18548583984375,1380.0,,19.399999618530273,,332.0,13.04651165008545,3.556300401687622,1630.0,17.100000381469727,86.97940826416016,10.206092834472656,35.691734313964844,16.25,14.235516548156738,1.2999999523162842,95.09132385253906,31.600000381469727
2024-09-24,1505.0,,133.80923461914062,77.11624145507812,10.36451530456543,341.1885681152344,208.0,79.20699310302734,115.79719543457031,30.04088020324707,0.9980000257492065,5.050000190734863,95.69544982910156,150.96975708007812,1380.0,,19.549999237060547,,332.0,13.161627769470215,3.566124677658081,1635.0,16.700000762939453,86.4961929321289,10.255396842956543,36.443138122558594,16.799999237060547,14.401044845581055,2.119999885559082,97.06212615966797,31.600000381469727
2024-09-25,1530.0,,134.2738494873047,77.31196594238281,10.27197551727295,342.1578674316406,206.0,79.20699310302734,115.79719543457031,30.23851776123047,1.0299999713897705,5.050000190734863,98.06414794921875,151.36187744140625,1380.0,,19.899999618530273,,332.0,13.238371849060059,3.556300401687622,1630.0,16.899999618530273,86.01297760009766,10.156787872314453,37.194541931152344,17.200000762939453,14.566574096679688,1.3200000524520874,97.55482482910156,31.600000381469727
2024-09-26,1530.0,,134.2738494873047,77.5076904296875,10.179435729980469,341.1885681152344,208.0,80.67378997802734,115.79719543457031,30.436153411865234,1.1200000047683716,5.050000190734863,99.48536682128906,150.96975708007812,1380.0,,20.0,,332.0,13.353487968444824,3.575948715209961,,16.899999618530273,86.97940826416016,10.156787872314453,37.194541931152344,16.899999618530273,14.483809471130371,2.200000047683716,97.06212615966797,31.600000381469727
2024-09-27,1605.0,,135.2030792236328,77.31196594238281,10.549596786499023,339.25,212.0,83.60737609863281,116.78691864013672,30.633792877197266,1.149999976158142,5.050000190734863,100.90658569335938,150.96975708007812,1380.0,,20.899999618530273,,332.0,13.564534187316895,3.5955967903137207,1670.0,17.600000381469727,89.39550018310547,10.255396842956543,38.1338005065918,17.100000381469727,14.814867973327637,1.2999999523162842,97.06212615966797,31.799999237060547
2024-09-30,1610.0,,135.2030792236328,76.529052734375,11.197379112243652,343.12713623046875,218.0,84.0963134765625,116.78691864013672,30.436153411865234,1.184999942779541,5.099999904632568,105.17024230957031,149.20516967773438,1380.0,,21.299999237060547,,332.0,13.583722114562988,3.6152448654174805,1655.0,17.5,90.84516143798828,10.255396842956543,38.50950241088867,17.5,14.89763355255127,2.0,96.56942749023438,31.799999237060547
2024-10-01,1625.0,,137.52615356445312,76.72478485107422,11.567540168762207,335.37286376953125,222.0,83.60737609863281,115.54976654052734,30.23851776123047,1.215000033378601,5.099999904632568,106.11772155761719,151.60696411132812,1380.0,,21.0,,326.0,13.775582313537598,3.664364814758301,1640.0,17.700000762939453,90.84516143798828,10.156787872314453,38.321651458740234,17.5,15.476985931396484,2.0199999809265137,96.8157730102539,31.600000381469727
2024-10-02,1670.0,,143.10153198242188,78.0948715209961,11.47499942779541,331.4957275390625,230.0,84.34077453613281,115.30233764648438,30.633792877197266,1.2100000381469727,5.349999904632568,107.06520080566406,159.2044677734375,1430.0,,21.100000381469727,,326.0,14.197674751281738,3.7527811527252197,1670.0,18.0,93.74447631835938,10.255396842956543,39.448760986328125,17.850000381469727,15.808043479919434,2.0199999809265137,96.56942749023438,32.400001525878906
2024-10-03,1640.0,,144.03076171875,77.89913940429688,11.197379112243652,333.4342956542969,228.0,83.11844635009766,115.30233764648438,30.23851776123047,1.149999976158142,5.300000190734863,106.11772155761719,156.45956420898438,1430.0,,20.799999237060547,,326.0,14.236045837402344,3.7527811527252197,1650.0,17.600000381469727,94.22769927978516,10.255396842956543,39.073055267333984,17.100000381469727,15.642515182495117,2.0,96.56942749023438,32.0
2024-10-04,1645.0,,144.03076171875,77.89913940429688,11.197379112243652,330.52642822265625,228.0,82.87397766113281,115.30233764648438,30.23851776123047,1.1200000047683716,5.300000190734863,108.01268005371094,157.83201599121094,1430.0,,20.799999237060547,,326.0,14.255233764648438,3.7527811527252197,1720.0,17.600000381469727,93.74447631835938,10.35400676727295,38.88520812988281,17.299999237060547,15.642515182495117,2.0999999046325684,97.06212615966797,31.799999237060547
2024-10-07,1705.0,,147.74769592285156,78.29059600830078,11.38245964050293,333.4342956542969,236.0,85.07417297363281,115.79719543457031,30.337337493896484,1.1699999570846558,5.300000190734863,110.85511779785156,157.83201599121094,1430.0,,21.100000381469727,,326.0,14.504651069641113,3.7724292278289795,1870.0,17.5,93.74447631835938,10.452616691589355,39.073055267333984,17.399999618530273,15.642515182495117,2.0999999046325684,97.06212615966797,31.799999237060547
2024-10-08,1735.0,,146.3538360595703,78.29059600830078,11.752620697021484,333.4342956542969,234.0,85.07417297363281,115.79719543457031,30.04088020324707,1.2000000476837158,5.300000190734863,109.90763854980469,159.2044677734375,1430.0,,21.0,,326.0,14.351163864135742,3.7724292278289795,2000.0,17.200000762939453,93.74447631835938,10.452616691589355,39.073055267333984,17.200000762939453,15.394221305847168,2.700000047683716,97.55482482910156,31.200000762939453
2024-10-09,1760.0,,147.74769592285156,78.29059600830078,11.660080909729004,333.4342956542969,234.0,84.0963134765625,114.80747985839844,30.23851776123047,1.2100000381469727,5.199999809265137,109.43389892578125,158.8123321533203,1390.0,,20.899999618530273,,328.0,14.504651069641113,3.7527811527252197,2060.0,16.799999237060547,92.29481506347656,10.452616691589355,39.073055267333984,17.200000762939453,15.311455726623535,2.5999999046325684,97.06212615966797,31.399999618530273
2024-10-10,1740.0,,147.2830810546875,77.89913940429688,11.660080909729004,333.4342956542969,232.0,85.07417297363281,115.30233764648438,30.23851776123047,1.1950000524520874,5.150000095367432,107.06520080566406,156.8516845703125,1430.0,,20.899999618530273,,332.0,14.466279983520508,3.7527811527252197,2000.0,16.799999237060547,91.32837677001953,10.304701805114746,39.26090621948242,17.100000381469727,15.145925521850586,3.299999952316284,98.04753112792969,31.0
2024-10-11,1720.0,,145.88922119140625,75.55042266845703,11.660080909729004,327.6185607910156,228.0,84.0963134765625,113.81775665283203,30.04088020324707,1.1950000524520874,5.099999904632568,107.06520080566406,154.49891662597656,1430.0,,20.799999237060547,,340.0,14.351163864135742,3.73313307762146,1990.0,16.200000762939453,90.3619384765625,10.304701805114746,38.88520812988281,17.0,15.145925521850586,2.4000000953674316,94.59861755371094,30.200000762939453
2024-10-14,1700.0,,146.3538360595703,73.78888702392578,11.567540168762207,327.6185607910156,230.0,84.0963134765625,113.81775665283203,29.843242645263672,1.1699999570846558,5.099999904632568,109.90763854980469,147.8327178955078,1430.0,,20.899999618530273,,340.0,14.42790699005127,3.73313307762146,1980.0,16.299999237060547,90.3619384765625,10.206092834472656,38.50950241088867,16.899999618530273,14.73210334777832,2.4000000953674316,91.14971160888672,29.799999237060547
2024-10-15,1695.0,,144.03076171875,72.6145248413086,11.567540168762207,327.6185607910156,232.0,84.0963134765625,111.59088897705078,30.04088020324707,1.2000000476837158,5.050000190734863,108.96015930175781,149.9894256591797,1430.0,,21.100000381469727,,340.0,14.312790870666504,3.73313307762146,1960.0,16.100000381469727,91.81159973144531,10.156787872314453,38.697357177734375,17.0,14.401044845581055,2.700000047683716,92.13511657714844,30.200000762939453
2024-10-16,1705.0,,144.49537658691406,72.81025695800781,11.38245964050293,319.8642883300781,232.0,84.0963134765625,111.59088897705078,30.04088020324707,1.2350000143051147,5.050000190734863,106.59146118164062,148.224853515625,1430.0,,21.100000381469727,,340.0,14.312790870666504,3.7134850025177,1950.0,16.600000381469727,90.84516143798828,10.156787872314453,38.697357177734375,,14.64933967590332,2.700000047683716,91.64241027832031,30.600000381469727
2024-10-17,1710.0,,144.03076171875,72.22307586669922,11.47499942779541,312.1100158691406,227.5,85.5631103515625,110.84860229492188,30.04088020324707,1.2100000381469727,5.050000190734863,107.06520080566406,150.38156127929688,1430.0,,20.899999618530273,,340.0,14.159302711486816,3.73313307762146,1950.0,16.600000381469727,91.81159973144531,10.255396842956543,38.697357177734375,,14.566574096679688,2.5999999046325684,91.64241027832031,30.399999618530273
2024-10-18,1690.0,,144.03076171875,72.51666259765625,11.47499942779541,304.355712890625,226.0,82.14058685302734,109.85887908935547,30.139698028564453,1.1950000524520874,5.050000190734863,107.06520080566406,148.42091369628906,1430.0,,20.899999618530273,,336.0,14.044185638427734,3.7134850025177,1930.0,16.299999237060547,91.32837677001953,10.156787872314453,38.50950241088867,16.799999237060547,14.566574096679688,2.5999999046325684,91.64241027832031,29.799999237060547
2024-10-21,1690.0,,143.10153198242188,72.22307586669922,11.845161437988281,308.23284912109375,228.0,83.60737609863281,109.85887908935547,30.831430435180664,1.1799999475479126,5.0,108.01268005371094,148.224853515625,1430.0,,21.0,,336.0,14.120929718017578,3.7036609649658203,2120.0,16.399999618530273,90.84516143798828,10.452616691589355,39.54268264770508,17.5,14.73210334777832,2.5999999046325684,91.14971160888672,29.600000381469727
2024-10-22,1710.0,,144.95999145507812,72.81025695800781,12.030241966247559,321.8028564453125,232.0,86.54096984863281,110.3537368774414,30.633792877197266,1.1399999856948853,5.0,110.38137817382812,149.9894256591797,1430.0,,21.299999237060547,,336.0,14.351163864135742,3.6741888523101807,2200.0,16.649999618530273,92.77803802490234,10.501920700073242,40.76372146606445,17.700000762939453,14.73210334777832,3.5,91.64241027832031,29.399999618530273
2024-10-23,1770.0,,144.95999145507812,72.6145248413086,12.492942810058594,334.403564453125,236.0,90.94136047363281,110.84860229492188,31.226703643798828,1.100000023841858,5.0,114.6450424194336,151.55795288085938,1540.0,,21.700000762939453,,356.0,14.581395149230957,3.6741888523101807,2220.0,17.5,93.50286865234375,10.723793029785156,42.64223098754883,18.600000381469727,15.063161849975586,3.5,91.64241027832031,30.0
2024-10-24,1795.0,,144.03076171875,73.0059814453125,12.770565032958984,335.37286376953125,232.0,91.91922760009766,109.85887908935547,31.325523376464844,1.065000057220459,4.960000038146973,114.6450424194336,149.59730529785156,1570.0,,22.100000381469727,,356.0,14.504651069641113,3.6938369274139404,2200.0,17.299999237060547,92.77803802490234,10.847055435180664,42.26652908325195,18.299999237060547,15.063161849975586,3.5,90.164306640625,30.0
2024-10-25,1800.0,,144.03076171875,72.81025695800781,12.770565032958984,335.37286376953125,232.0,91.43029022216797,110.84860229492188,31.424341201782227,1.034999966621399,4.900000095367432,117.96121978759766,149.40122985839844,1570.0,,22.100000381469727,,356.0,14.42790699005127,3.6938369274139404,2200.0,17.299999237060547,92.77803802490234,10.748444557189941,42.64223098754883,18.399999618530273,14.89763355255127,3.359999895095825,90.164306640625,30.0
2024-10-28,1790.0,,143.56614685058594,72.4188003540039,12.863104820251465,336.3421325683594,231.0,91.18582916259766,115.79719543457031,32.21488952636719,1.0750000476837158,4.900000095367432,120.32991790771484,149.0091094970703,1540.0,,22.399999618530273,,356.0,14.42790699005127,3.6938369274139404,2360.0,17.299999237060547,92.77803802490234,10.649835586547852,42.36045455932617,18.299999237060547,14.73210334777832,3.5,90.41065979003906,30.200000762939453
2024-10-29,1800.0,,142.6369171142578,72.51666259765625,12.863104820251465,335.37286376953125,233.0,91.18582916259766,116.78691864013672,32.610164642333984,1.065000057220459,4.760000228881836,121.27739715576172,148.81304931640625,1540.0,,22.600000381469727,,356.0,14.312790870666504,3.6938369274139404,2350.0,17.200000762939453,92.29481506347656,10.847055435180664,41.70297622680664,18.399999618530273,14.98039722442627,3.5,90.164306640625,30.200000762939453
2024-10-30,1730.0,,141.7076873779297,72.51666259765625,12.585484504699707,337.3114318847656,230.0,89.96349334716797,116.78691864013672,32.610164642333984,1.0700000524520874,4.760000228881836,120.32991790771484,149.0091094970703,1500.0,,22.799999237060547,,354.0,14.389534950256348,3.73313307762146,2340.0,17.200000762939453,93.26126098632812,11.340103149414062,41.9847526550293,18.600000381469727,14.89763355255127,3.1600000858306885,90.65701293945312,30.200000762939453
2024-10-31,1800.0,,146.3538360595703,72.81025695800781,12.678024291992188,348.94287109375,248.0,92.89708709716797,117.7766342163086,33.00544357299805,1.100000023841858,4.800000190734863,119.38243865966797,149.0091094970703,1500.0,,22.899999618530273,,354.0,14.543024063110352,3.7527811527252197,2360.0,17.200000762939453,94.22769927978516,11.537322044372559,42.830081939697266,19.100000381469727,14.401044845581055,3.0,90.65701293945312,30.200000762939453
2024-11-01,1820.0,,146.81845092773438,72.4188003540039,12.678024291992188,348.94287109375,260.0,94.85281372070312,117.7766342163086,33.00544357299805,1.0950000286102295,4.71999979019165,122.2248764038086,151.1658172607422,1500.0,,22.799999237060547,,354.0,14.581395149230957,3.831373691558838,2460.0,17.5,94.22769927978516,11.537322044372559,43.0179328918457,19.299999237060547,14.483809471130371,2.4000000953674316,90.164306640625,30.200000762939453
2024-11-04,1790.0,,144.95999145507812,72.81025695800781,12.585484504699707,350.8814392089844,266.0,94.85281372070312,117.03434753417969,32.807804107666016,1.0850000381469727,4.71999979019165,120.80365753173828,149.0091094970703,1500.0,,22.700000762939453,,354.0,14.600581169128418,3.968909978866577,2470.0,17.600000381469727,94.46930694580078,11.340103149414062,42.830081939697266,19.399999618530273,14.069986343383789,3.0,90.41065979003906,30.200000762939453
2024-11-05,1775.0,,144.95999145507812,72.4188003540039,12.585484504699707,362.5128479003906,262.0,94.36388397216797,116.78691864013672,32.807804107666016,1.0850000381469727,4.71999979019165,121.27739715576172,151.1658172607422,1520.0,,22.799999237060547,,358.0,14.850000381469727,4.126094341278076,2460.0,17.5,94.46930694580078,11.537322044372559,42.54830551147461,19.399999618530273,13.987221717834473,3.0,90.164306640625,30.799999237060547
2024-11-06,1795.0,,144.26307678222656,73.49529266357422,12.307863235473633,380.9292907714844,264.0,94.11941528320312,118.27149200439453,33.40071487426758,1.149999976158142,4.739999771118164,121.75113677978516,151.36187744140625,1520.0,,22.700000762939453,,358.0,14.888372421264648,4.165390491485596,2440.0,17.75,94.7109146118164,11.537322044372559,42.45438003540039,19.0,14.483809471130371,2.119999885559082,92.13511657714844,30.799999237060547
2024-11-07,1765.0,,143.10153198242188,73.69102478027344,12.307863235473633,379.9599914550781,266.0,93.87495422363281,113.81775665283203,33.598350524902344,1.149999976158142,4.800000190734863,120.80365753173828,151.1658172607422,1520.0,,22.700000762939453,,358.0,14.888372421264648,4.165390491485596,2330.0,17.799999237060547,95.19412994384766,11.833150863647461,41.89082336425781,18.899999618530273,14.483809471130371,2.119999885559082,91.88876342773438,30.600000381469727
2024-11-08,1737.5,,143.10153198242188,73.98461151123047,12.307863235473633,381.8985900878906,270.0,93.14155578613281,114.80747985839844,33.598350524902344,1.1549999713897705,4.800000190734863,120.32991790771484,151.36187744140625,1520.0,,22.700000762939453,,360.0,14.92674446105957,4.145742416381836,2260.0,17.5,95.43573760986328,11.734540939331055,42.172603607177734,18.799999237060547,14.483809471130371,2.119999885559082,92.13511657714844,30.399999618530273
2024-11-11,1705.0,,143.10153198242188,73.59315490722656,12.307863235473633,379.9599914550781,272.0,93.14155578613281,114.31261444091797,33.598350524902344,1.159999966621399,4.800000190734863,119.38243865966797,151.36187744140625,1520.0,,22.700000762939453,,360.0,14.734884262084961,4.145742416381836,2260.0,17.299999237060547,96.64378356933594,11.734540939331055,41.89082336425781,18.799999237060547,14.483809471130371,2.119999885559082,92.13511657714844,30.0
2024-11-12,1680.0,,140.3138427734375,73.78888702392578,12.307863235473633,379.9599914550781,274.0,93.87495422363281,114.31261444091797,33.795989990234375,1.159999966621399,4.71999979019165,119.8561782836914,152.93040466308594,1520.0,,22.700000762939453,,360.0,14.581395149230957,4.106446266174316,2160.0,17.700000762939453,100.50953674316406,11.931760787963867,41.89082336425781,18.799999237060547,14.235516548156738,2.119999885559082,93.61322021484375,30.600000381469727
2024-11-13,1690.0,,143.56614685058594,73.59315490722656,12.400402069091797,379.9599914550781,278.0,93.87495422363281,114.80747985839844,34.38890075683594,1.215000033378601,4.639999866485596,119.38243865966797,151.1658172607422,1520.0,,22.75,,360.0,14.504651069641113,3.968909978866577,2100.0,17.450000762939453,102.44242095947266,12.030369758605957,41.89082336425781,18.799999237060547,14.069986343383789,2.119999885559082,93.12051391601562,31.399999618530273
2024-11-14,1670.0,,143.56614685058594,73.59315490722656,12.307863235473633,379.9599914550781,282.0,93.87495422363281,115.30233764648438,34.191261291503906,1.2350000143051147,4.639999866485596,118.4349594116211,151.36187744140625,1520.0,,23.0,,360.0,14.504651069641113,4.008205890655518,2100.0,17.399999618530273,102.44242095947266,12.030369758605957,41.89082336425781,18.700000762939453,14.318279266357422,2.5,93.12051391601562,29.600000381469727
2024-11-15,1665.0,,143.56614685058594,73.59315490722656,12.215322494506836,374.144287109375,280.0,94.36388397216797,113.81775665283203,33.795989990234375,1.2699999809265137,4.659999847412109,119.38243865966797,151.1658172607422,1520.0,,23.100000381469727,,360.0,14.504651069641113,3.968909978866577,2020.0,17.399999618530273,102.44242095947266,11.833150863647461,41.5151252746582,18.5,14.318279266357422,2.700000047683716,93.12051391601562,30.799999237060547
2024-11-18,1610.0,,143.10153198242188,74.18034362792969,12.215322494506836,372.2057189941406,286.0,93.87495422363281,113.3228988647461,33.795989990234375,1.2799999713897705,4.659999847412109,119.38243865966797,151.1658172607422,1560.0,,23.200000762939453,,358.0,14.236045837402344,3.9296138286590576,2040.0,17.700000762939453,101.95919799804688,11.833150863647461,41.70297622680664,18.549999237060547,14.235516548156738,2.700000047683716,94.59861755371094,31.200000762939453
2024-11-19,1655.0,,144.03076171875,73.39743041992188,12.307863235473633,374.144287109375,288.0,94.85281372070312,114.31261444091797,33.993629455566406,1.25,4.599999904632568,119.38243865966797,151.1658172607422,1560.0,,23.700000762939453,,358.0,14.504651069641113,3.9492619037628174,2080.0,18.0,103.8920669555664,11.931760787963867,42.172603607177734,18.799999237060547,13.987221717834473,2.9000000953674316,94.10591888427734,31.399999618530273
2024-11-20,1675.0,,144.03076171875,73.98461151123047,12.215322494506836,370.26715087890625,282.0,93.48380279541016,113.81775665283203,33.894805908203125,1.2300000190734863,4.739999771118164,118.90869903564453,150.96975708007812,1560.0,,23.899999618530273,,358.0,14.351163864135742,3.9296138286590576,2100.0,17.899999618530273,103.40885162353516,12.128979682922363,42.64223098754883,18.799999237060547,13.821693420410156,3.0,93.85956573486328,31.600000381469727
2024-11-21,1680.0,,145.65692138671875,73.98461151123047,12.122782707214355,370.26715087890625,284.0,94.36388397216797,112.33317565917969,34.191261291503906,1.2000000476837158,4.78000020980835,119.38243865966797,150.96975708007812,1520.0,,23.899999618530273,,358.0,14.274418830871582,3.9296138286590576,2080.0,17.700000762939453,103.40885162353516,11.931760787963867,42.830081939697266,18.899999618530273,13.656163215637207,2.5,93.85956573486328,31.399999618530273
2024-11-22,1680.0,,145.4246063232422,71.63589477539062,12.030241966247559,366.3900146484375,280.0,93.38601684570312,107.87944030761719,33.993629455566406,1.2050000429153442,4.78000020980835,119.14556884765625,150.96975708007812,1520.0,,24.0,,366.0,14.274418830871582,3.9296138286590576,2080.0,17.600000381469727,101.47598266601562,11.931760787963867,42.078678131103516,18.549999237060547,13.656163215637207,3.0,93.85956573486328,32.400001525878906
2024-11-25,1660.0,,143.10153198242188,71.63589477539062,11.845161437988281,372.2057189941406,278.0,93.38601684570312,107.87944030761719,33.795989990234375,1.149999976158142,4.71999979019165,118.4349594116211,149.79336547851562,1560.0,,23.899999618530273,,366.0,14.044185638427734,3.909965753555298,2080.0,17.600000381469727,102.44242095947266,11.931760787963867,42.078678131103516,19.0,13.407869338989258,3.799999952316284,93.61322021484375,32.599998474121094
2024-11-26,1645.0,,145.4246063232422,71.83162689208984,12.030241966247559,369.2978515625,278.0,92.16368865966797,108.86915588378906,34.24067687988281,1.1799999475479126,4.71999979019165,118.4349594116211,149.79336547851562,1560.0,,24.100000381469727,,366.0,14.351163864135742,3.909965753555298,2120.0,17.899999618530273,104.85850524902344,12.128979682922363,42.26652908325195,19.399999618530273,13.366487503051758,3.799999952316284,93.12051391601562,32.599998474121094
2024-11-27,1620.0,,145.88922119140625,71.63589477539062,12.307863235473633,369.2978515625,280.0,94.60835266113281,110.84860229492188,34.58654022216797,1.2400000095367432,4.639999866485596,119.38243865966797,149.79336547851562,1500.0,,24.399999618530273,,366.0,14.658140182495117,3.9296138286590576,2220.0,18.0,109.20748138427734,12.424808502197266,42.64223098754883,19.700000762939453,13.656163215637207,3.799999952316284,93.61322021484375,32.79999923706055
2024-11-28,1620.0,,146.3538360595703,72.22307586669922,12.307863235473633,378.02142333984375,278.0,96.80854797363281,109.85887908935547,34.784175872802734,1.2300000190734863,4.619999885559082,117.96121978759766,151.1658172607422,1500.0,,24.299999237060547,,346.0,14.619767189025879,3.968909978866577,2240.0,18.0,109.20748138427734,12.622027397155762,42.64223098754883,19.399999618530273,13.490633010864258,3.0,92.13511657714844,32.79999923706055
2024-11-29,1620.0,,145.4246063232422,72.22307586669922,12.955645561218262,378.02142333984375,282.0,97.78640747070312,110.84860229492188,34.784175872802734,1.2300000190734863,4.599999904632568,117.96121978759766,151.1658172607422,1500.0,,24.399999618530273,,346.0,14.581395149230957,3.988558053970337,2220.0,17.799999237060547,109.20748138427734,12.91785717010498,42.31349182128906,19.399999618530273,13.490633010864258,2.5,92.13511657714844,33.0
2024-12-02,1600.0,,144.95999145507812,72.22307586669922,12.863104820251465,378.02142333984375,288.0,100.72000122070312,110.60116577148438,34.58654022216797,1.2450000047683716,4.599999904632568,117.96121978759766,151.55795288085938,1500.0,,24.600000381469727,,346.0,14.581395149230957,3.978734254837036,2100.0,17.700000762939453,110.65714263916016,13.115076065063477,42.26652908325195,19.600000381469727,13.57339859008789,3.0,92.62781524658203,32.900001525878906
2024-12-03,1605.0,,146.81845092773438,72.22307586669922,12.955645561218262,376.0828552246094,286.0,101.69786834716797,110.60116577148438,34.981815338134766,1.2899999618530273,4.619999885559082,118.4349594116211,150.96975708007812,1510.0,,24.700000762939453,,360.0,14.504651069641113,4.067150115966797,2130.0,17.700000762939453,111.1403579711914,13.509513854980469,42.830081939697266,19.649999618530273,14.152750968933105,3.0,92.38146209716797,33.0
2024-12-04,1580.0,,145.4246063232422,71.92948150634766,12.955645561218262,374.144287109375,284.0,101.20893096923828,110.10630798339844,34.981815338134766,1.2825000286102295,4.619999885559082,118.4349594116211,148.81304931640625,1510.0,,25.100000381469727,,350.0,14.543024063110352,4.067150115966797,2130.0,17.700000762939453,110.65714263916016,13.410904884338379,42.45438003540039,19.799999237060547,14.235516548156738,2.0999999046325684,92.38146209716797,33.20000076293945
2024-12-05,1547.5,,144.49537658691406,71.04871368408203,12.585484504699707,372.2057189941406,286.0,100.72000122070312,108.6217269897461,34.38890075683594,1.2799999713897705,4.619999885559082,115.59252166748047,148.6169891357422,1510.0,,25.200000762939453,,360.0,14.485465049743652,4.047502040863037,2140.0,17.299999237060547,108.24104309082031,13.312294960021973,42.45438003540039,19.600000381469727,13.656163215637207,2.6600000858306885,91.14971160888672,33.0
2024-12-06,1547.5,,145.88922119140625,70.65725708007812,12.492942810058594,372.2057189941406,286.0,99.74213409423828,107.87944030761719,34.29008483886719,1.3049999475479126,4.619999885559082,114.17130279541016,148.02877807617188,1510.0,,24.899999618530273,,360.0,14.466279983520508,4.047502040863037,2140.0,17.200000762939453,108.7242660522461,13.213685035705566,42.26652908325195,19.549999237060547,14.318279266357422,2.6600000858306885,91.14971160888672,33.0
2024-12-09,1555.0,,145.1923065185547,70.65725708007812,12.492942810058594,372.2057189941406,286.0,100.72000122070312,107.87944030761719,34.38890075683594,1.274999976158142,4.539999961853027,114.6450424194336,147.63665771484375,1510.0,,24.700000762939453,,360.0,14.466279983520508,4.047502040863037,2250.0,17.299999237060547,108.24104309082031,13.312294960021973,42.45438003540039,19.5,14.483809471130371,2.640000104904175,91.14971160888672,33.20000076293945
2024-12-10,1570.0,,146.81845092773438,70.85298919677734,12.678024291992188,373.1750183105469,288.0,100.72000122070312,108.86915588378906,34.784175872802734,1.2999999523162842,4.519999980926514,115.59252166748047,147.8327178955078,1510.0,,25.0,,378.0,14.581395149230957,4.086798191070557,2280.0,17.600000381469727,110.17391967773438,13.213685035705566,42.64223098754883,19.649999618530273,14.483809471130371,2.5999999046325684,90.65701293945312,33.20000076293945
2024-12-11,1590.0,,146.81845092773438,70.85298919677734,12.678024291992188,368.3285827636719,282.0,98.76427459716797,108.86915588378906,34.784175872802734,1.2949999570846558,4.519999980926514,115.82939147949219,149.0091094970703,1510.0,,25.100000381469727,,380.0,14.504651069641113,4.106446266174316,2300.0,17.899999618530273,111.1403579711914,13.558818817138672,42.45438003540039,19.799999237060547,14.566574096679688,2.299999952316284,90.65701293945312,33.0
2024-12-12,1592.5,,146.81845092773438,71.24444580078125,12.770565032958984,368.3285827636719,280.0,101.20893096923828,108.86915588378906,35.17945098876953,1.3250000476837158,4.900000095367432,116.54000091552734,147.8327178955078,1480.0,,25.399999618530273,,392.0,14.811627388000488,4.126094341278076,2300.0,17.899999618530273,110.17391967773438,13.509513854980469,42.54830551147461,19.799999237060547,15.063161849975586,2.200000047683716,91.14971160888672,32.79999923706055
2024-12-13,1690.0,,149.8384552001953,70.85298919677734,13.048185348510742,378.02142333984375,282.0,102.18679809570312,108.86915588378906,36.76055145263672,1.375,5.099999904632568,116.54000091552734,148.02877807617188,1480.0,,26.600000381469727,,386.0,15.041860580444336,4.224335193634033,2460.0,18.299999237060547,111.62357330322266,13.805342674255371,44.145042419433594,20.100000381469727,15.559749603271484,2.200000047683716,91.64241027832031,32.599998474121094
2024-12-16,1660.0,,150.07077026367188,70.65725708007812,12.955645561218262,378.02142333984375,282.0,102.67572784423828,108.37429809570312,37.35346221923828,1.3849999904632568,5.050000190734863,116.54000091552734,147.8327178955078,1480.0,,26.5,,372.0,15.041860580444336,4.243983268737793,2380.0,18.5,110.65714263916016,13.805342674255371,44.145042419433594,20.399999618530273,15.476985931396484,2.200000047683716,92.13511657714844,32.599998474121094
2024-12-17,1665.0,,150.53538513183594,73.0059814453125,13.140725135803223,381.8985900878906,284.0,102.67572784423828,110.84860229492188,37.55110168457031,1.4299999475479126,5.050000190734863,116.0662612915039,151.9500732421875,1510.0,,26.799999237060547,,370.0,15.195348739624023,4.322575092315674,2380.0,18.5,111.1403579711914,13.903952598571777,44.52074432373047,20.600000381469727,15.642515182495117,2.200000047683716,93.61322021484375,32.20000076293945
2024-12-18,1675.0,,151.46461486816406,73.0059814453125,13.140725135803223,381.8985900878906,282.0,101.20893096923828,107.87944030761719,37.35346221923828,1.434999942779541,5.099999904632568,115.11878204345703,150.77369689941406,1510.0,,26.649999618530273,,362.0,15.310465812683105,4.322575092315674,2410.0,18.299999237060547,110.17391967773438,13.706732749938965,44.52074432373047,20.799999237060547,15.559749603271484,2.200000047683716,93.61322021484375,32.400001525878906
2024-12-19,1655.0,,150.53538513183594,72.6145248413086,12.678024291992188,376.0828552246094,278.0,101.69786834716797,105.40514373779297,37.15582275390625,1.409999966621399,5.025000095367432,115.11878204345703,150.77369689941406,1510.0,,26.649999618530273,,362.0,15.272092819213867,4.293103218078613,2360.0,18.299999237060547,107.27460479736328,13.509513854980469,44.33289337158203,20.350000381469727,15.642515182495117,2.0,93.61322021484375,32.0
2024-12-20,1645.0,,152.3938446044922,71.63589477539062,12.585484504699707,378.02142333984375,278.0,101.69786834716797,105.9000015258789,36.76055145263672,1.4299999475479126,5.0,114.6450424194336,150.18548583984375,1510.0,,26.700000762939453,,370.0,15.425581932067871,4.243983268737793,2350.0,18.5,108.24104309082031,13.509513854980469,44.145042419433594,20.399999618530273,15.7252779006958,2.200000047683716,93.12051391601562,32.0
2024-12-23,1740.0,,154.7169189453125,71.24444580078125,12.585484504699707,374.144287109375,284.0,102.67572784423828,103.67313385009766,37.15582275390625,1.434999942779541,5.025000095367432,117.96121978759766,149.9894256591797,1510.0,,26.600000381469727,,370.0,15.732558250427246,4.2832794189453125,2380.0,18.399999618530273,109.20748138427734,13.706732749938965,44.70859146118164,20.799999237060547,15.932190895080566,1.100000023841858,93.12051391601562,32.0
2024-12-27,1762.5,,154.25230407714844,71.24444580078125,13.048185348510742,374.144287109375,284.0,103.65359497070312,102.43598175048828,37.94637680053711,1.4299999475479126,5.050000190734863,117.48748016357422,149.59730529785156,1510.0,,26.899999618530273,,362.0,15.80930233001709,4.2832794189453125,2360.0,18.5,112.1067886352539,13.410904884338379,45.08429718017578,21.399999618530273,15.932190895080566,1.5,92.13511657714844,32.20000076293945
2024-12-30,1775.0,,155.18153381347656,72.4188003540039,13.048185348510742,372.2057189941406,284.0,103.65359497070312,101.44625854492188,38.53928756713867,1.4600000381469727,5.050000190734863,117.48748016357422,146.65634155273438,1510.0,,27.0,,362.0,15.732558250427246,4.263631343841553,2380.0,18.700000762939453,113.07322692871094,13.312294960021973,45.08429718017578,21.600000381469727,16.056337356567383,1.399999976158142,92.13511657714844,32.20000076293945
2025-01-02,1850.0,,157.50460815429688,71.83162689208984,13.23326587677002,374.144287109375,283.0,103.65359497070312,102.93083953857422,38.34164810180664,1.4299999475479126,5.050000190734863,119.8561782836914,147.24452209472656,1450.0,,27.0,,358.0,15.732558250427246,4.243983268737793,2420.0,18.600000381469727,112.1067886352539,13.410904884338379,45.08429718017578,21.399999618530273,15.97357177734375,1.399999976158142,91.39606475830078,31.600000381469727
2025-01-03,1840.0,,157.96922302246094,72.02734375,13.23326587677002,374.144287109375,284.0,103.65359497070312,102.93083953857422,38.04519271850586,1.4299999475479126,4.980000019073486,118.90869903564453,146.85240173339844,1450.0,17961.794921875,27.100000381469727,,360.0,15.962790489196777,4.224335193634033,2470.0,18.700000762939453,112.1067886352539,13.312294960021973,45.929630279541016,21.399999618530273,16.221866607666016,2.4600000381469727,90.90335845947266,31.200000762939453
2025-01-06,,,,,,,,,,,,,,,1450.0,17961.794921875,,,,,,2480.0,,,,,21.200000762939453,,,,
2025-01-07,1860.0,,157.50460815429688,72.4188003540039,12.955645561218262,368.3285827636719,284.0,102.67572784423828,107.87944030761719,37.15582275390625,1.4550000429153442,4.960000038146973,119.38243865966797,149.0091094970703,1450.0,17562.64453125,27.200000762939453,,352.0,15.80930233001709,4.243983268737793,2540.0,18.899999618530273,110.17391967773438,13.115076065063477,46.21140670776367,21.200000762939453,16.221866607666016,2.4600000381469727,92.13511657714844,30.799999237060547
2025-01-08,1855.0,,157.50460815429688,72.4188003540039,12.770565032958984,368.3285827636719,280.0,99.74213409423828,111.83831787109375,36.36527633666992,1.440000057220459,4.960000038146973,117.96121978759766,151.36187744140625,1450.0,16864.12890625,26.600000381469727,,334.0,15.732558250427246,4.224335193634033,2620.0,18.899999618530273,107.27460479736328,13.115076065063477,46.02355194091797,21.0,15.89080810546875,2.4600000381469727,92.8741683959961,30.799999237060547
2025-01-09,1920.0,,160.7569122314453,73.20171356201172,12.863104820251465,381.8985900878906,282.0,103.65359497070312,111.34346008300781,35.77236557006836,1.4249999523162842,5.150000095367432,119.38243865966797,151.75401306152344,1450.0,16564.767578125,26.299999237060547,,336.0,16.11627960205078,4.243983268737793,2820.0,19.0,108.24104309082031,13.312294960021973,46.58710479736328,21.0,16.38739585876465,1.0,94.59861755371094,30.399999618530273
2025-01-10,1915.0,,157.96922302246094,73.39743041992188,12.863104820251465,405.16143798828125,280.0,103.65359497070312,114.31261444091797,35.77236557006836,1.3799999952316284,5.300000190734863,119.38243865966797,150.18548583984375,1450.0,17063.705078125,26.200000762939453,,336.0,16.039535522460938,4.2832794189453125,2900.0,19.0,107.27460479736328,13.115076065063477,47.90206527709961,21.0,16.55292510986328,1.7999999523162842,93.61322021484375,30.799999237060547
2025-01-13,1925.0,,157.50460815429688,73.39743041992188,12.585484504699707,412.91571044921875,280.0,103.65359497070312,113.3228988647461,35.17945098876953,1.3350000381469727,5.400000095367432,119.38243865966797,150.18548583984375,1450.0,17163.4921875,26.0,,350.0,16.11627960205078,4.2832794189453125,3300.0,18.799999237060547,106.30816650390625,13.213685035705566,47.432437896728516,20.600000381469727,16.056337356567383,1.7999999523162842,93.61322021484375,30.600000381469727
2025-01-14,1885.0,,156.1107635498047,73.0059814453125,12.631753921508789,424.5471496582031,279.0,101.69786834716797,113.81775665283203,34.784175872802734,1.3550000190734863,5.199999809265137,118.4349594116211,149.9894256591797,1450.0,17762.220703125,26.0,,350.0,15.924418449401855,4.243983268737793,3220.0,18.899999618530273,104.37528991699219,13.01646614074707,47.432437896728516,20.399999618530273,16.056337356567383,1.7999999523162842,93.12051391601562,30.600000381469727
2025-01-15,1860.0,,156.1107635498047,73.0059814453125,12.585484504699707,424.5471496582031,278.0,99.74213409423828,113.81775665283203,34.981815338134766,1.350000023841858,5.199999809265137,114.6450424194336,150.18548583984375,1450.0,17462.85546875,25.799999237060547,,330.0,15.80930233001709,4.243983268737793,3120.0,18.799999237060547,106.30816650390625,13.115076065063477,46.96281051635742,20.200000762939453,15.89080810546875,1.7999999523162842,92.62781524658203,30.799999237060547
2025-01-16,1880.0,,156.1107635498047,73.39743041992188,12.678024291992188,424.5471496582031,286.0,103.65359497070312,116.78691864013672,35.3770866394043,1.350000023841858,5.199999809265137,115.11878204345703,151.9500732421875,1450.0,17961.794921875,25.899999618530273,,330.0,15.655814170837402,4.243983268737793,3140.0,19.0,108.24104309082031,13.115076065063477,46.77495574951172,19.799999237060547,15.808043479919434,1.7999999523162842,94.10591888427734,30.799999237060547
2025-01-17,1875.0,,155.64614868164062,73.0059814453125,12.585484504699707,422.60858154296875,284.0,103.65359497070312,116.78691864013672,35.77236557006836,1.350000023841858,5.199999809265137,112.75008392333984,151.55795288085938,1450.0,,26.0,,330.0,15.962790489196777,4.243983268737793,3140.0,18.200000762939453,107.27460479736328,13.213685035705566,46.58710479736328,20.0,15.808043479919434,1.7999999523162842,93.12051391601562,30.799999237060547
2025-01-20,1885.0,,158.89845275878906,73.59315490722656,12.492942810058594,422.60858154296875,284.0,102.67572784423828,116.78691864013672,35.77236557006836,1.3600000143051147,5.199999809265137,113.69756317138672,149.59730529785156,1450.0,17462.85546875,25.899999618530273,,330.0,15.962790489196777,4.243983268737793,3240.0,18.399999618530273,106.7913818359375,13.213685035705566,47.66725158691406,20.0,15.808043479919434,1.7999999523162842,94.10591888427734,30.600000381469727
2025-01-21,1862.5,,161.22154235839844,74.76751708984375,12.492942810058594,438.1171569824219,289.0,101.69786834716797,114.80747985839844,35.87118148803711,1.3574999570846558,5.150000095367432,114.6450424194336,149.9894256591797,1450.0,17462.85546875,25.850000381469727,,330.0,15.962790489196777,4.243983268737793,3200.0,18.100000381469727,107.27460479736328,13.410904884338379,47.66725158691406,20.0,15.808043479919434,1.0,94.59861755371094,30.600000381469727
2025-01-22,1865.0,,160.7569122314453,76.13761138916016,12.631753921508789,455.5643005371094,290.0,101.69786834716797,115.30233764648438,36.16763687133789,1.3899999856948853,5.199999809265137,117.96121978759766,152.53826904296875,1450.0,17562.64453125,26.0,,340.0,16.039535522460938,4.322575092315674,3240.0,18.700000762939453,110.17391967773438,13.410904884338379,48.136878967285156,20.5,15.97357177734375,1.7899999618530273,97.06212615966797,30.799999237060547
2025-01-23,1855.0,,159.8276824951172,76.13761138916016,12.955645561218262,467.1957092285156,294.0,102.67572784423828,116.78691864013672,37.35346221923828,1.4299999475479126,5.300000190734863,116.54000091552734,154.89105224609375,1460.0,17562.64453125,26.100000381469727,,340.0,16.11627960205078,4.342223167419434,3200.0,18.799999237060547,111.62357330322266,13.805342674255371,49.5457649230957,20.600000381469727,16.221866607666016,1.5,97.55482482910156,30.799999237060547
2025-01-24,1800.0,,159.5953826904297,76.529052734375,12.585484504699707,445.8714294433594,294.0,101.69786834716797,116.53948974609375,36.95819091796875,1.4500000476837158,5.300000190734863,116.0662612915039,154.89105224609375,1460.0,17562.64453125,25.899999618530273,,340.0,15.924418449401855,4.322575092315674,3160.0,18.700000762939453,110.17391967773438,13.706732749938965,49.310951232910156,20.399999618530273,16.718454360961914,1.7000000476837158,98.04753112792969,30.600000381469727
2025-01-27,1795.0,,158.89845275878906,74.66966247558594,12.400402069091797,436.1785888671875,292.0,101.20893096923828,111.83831787109375,36.56291198730469,1.4199999570846558,5.300000190734863,115.59252166748047,148.42091369628906,1460.0,18460.732421875,25.799999237060547,,340.0,15.847674369812012,4.2832794189453125,3060.0,18.899999618530273,109.20748138427734,13.706732749938965,48.60650634765625,20.200000762939453,16.55292510986328,1.7000000476837158,93.36686706542969,30.0
2025-01-28,1790.0,,159.36306762695312,74.37606811523438,12.400402069091797,436.1785888671875,295.0,100.72000122070312,110.3537368774414,36.76055145263672,1.434999942779541,5.199999809265137,114.6450424194336,148.02877807617188,1460.0,18360.947265625,25.799999237060547,,340.0,15.80930233001709,4.2832794189453125,3100.0,18.700000762939453,109.20748138427734,13.608123779296875,48.3716926574707,20.0,16.47015953063965,1.7000000476837158,94.10591888427734,29.799999237060547
2025-01-29,1765.0,,159.36306762695312,74.37606811523438,12.492942810058594,432.3014221191406,296.0,101.20893096923828,111.83831787109375,36.56291198730469,1.4199999570846558,5.199999809265137,115.59252166748047,148.02877807617188,1460.0,18061.58203125,25.75,,340.0,15.962790489196777,4.2832794189453125,3110.0,18.899999618530273,107.75782012939453,13.410904884338379,48.136878967285156,20.200000762939453,16.38739585876465,1.7000000476837158,93.61322021484375,30.0
2025-01-30,1760.0,,160.29229736328125,74.18034362792969,12.492942810058594,434.239990234375,296.0,101.69786834716797,110.3537368774414,37.15582275390625,1.440000057220459,5.099999904632568,116.54000091552734,147.24452209472656,1460.0,17961.794921875,25.799999237060547,,340.0,16.039535522460938,4.224335193634033,3140.0,18.899999618530273,109.20748138427734,13.410904884338379,48.3716926574707,20.0,16.38739585876465,1.7000000476837158,93.61322021484375,30.0
2025-01-31,1800.0,,162.61538696289062,74.18034362792969,12.492942810058594,432.3014221191406,296.0,101.69786834716797,109.36402130126953,37.55110168457031,1.3899999856948853,5.099999904632568,116.54000091552734,147.24452209472656,1460.0,18660.30859375,25.899999618530273,,344.0,16.193023681640625,4.263631343841553,3260.0,18.600000381469727,109.20748138427734,13.410904884338379,48.84132385253906,20.399999618530273,16.718454360961914,1.7000000476837158,93.12051391601562,30.200000762939453
2025-02-03,1767.5,,161.6861572265625,73.0059814453125,12.678024291992188,426.4857177734375,296.0,101.69786834716797,106.88971710205078,37.94637680053711,1.3700000047683716,5.0,115.11878204345703,146.06814575195312,1410.0,18261.15625,25.700000762939453,,344.0,15.88604736328125,4.204687118530273,3260.0,18.299999237060547,109.69070434570312,13.608123779296875,48.136878967285156,20.200000762939453,16.55292510986328,1.7000000476837158,91.14971160888672,29.399999618530273
2025-02-04,1760.0,,162.61538696289062,73.59315490722656,12.955645561218262,424.5471496582031,298.0,101.69786834716797,107.87944030761719,38.34164810180664,1.3949999809265137,5.0,116.0662612915039,147.8327178955078,1480.0,18261.15625,25.799999237060547,,344.0,15.962790489196777,4.185039043426514,3200.0,18.700000762939453,112.1067886352539,13.608123779296875,48.84132385253906,20.600000381469727,16.718454360961914,1.7000000476837158,92.13511657714844,29.200000762939453
2025-02-05,1755.0,,162.61538696289062,73.39743041992188,12.863104820251465,438.1171569824219,298.0,101.69786834716797,106.88971710205078,38.53928756713867,1.3700000047683716,5.0,115.11878204345703,146.2642059326172,1480.0,17762.220703125,26.0,,344.0,15.962790489196777,4.185039043426514,3240.0,18.5,110.17391967773438,13.805342674255371,49.5457649230957,20.799999237060547,16.635690689086914,1.7000000476837158,92.13511657714844,29.200000762939453
2025-02-06,1805.0,,162.15077209472656,73.39743041992188,12.678024291992188,439.08642578125,310.0,104.63145446777344,106.88971710205078,38.53928756713867,1.3600000143051147,5.050000190734863,120.80365753173828,145.8720703125,1480.0,17961.794921875,26.0,,344.0,16.039535522460938,4.175214767456055,3160.0,18.700000762939453,111.1403579711914,13.805342674255371,51.18946075439453,21.0,16.718454360961914,1.7000000476837158,92.62781524658203,29.200000762939453
2025-02-07,1830.0,,162.61538696289062,73.39743041992188,12.770565032958984,453.625732421875,310.0,104.63145446777344,111.83831787109375,38.93456268310547,1.350000023841858,5.099999904632568,120.80365753173828,145.67601013183594,1480.0,18161.369140625,26.5,,344.0,16.07790756225586,4.145742416381836,3180.0,18.899999618530273,114.03966522216797,13.805342674255371,49.5457649230957,20.600000381469727,17.380571365356445,1.7000000476837158,92.62781524658203,29.399999618530273
2025-02-10,1800.0,,161.6861572265625,73.98461151123047,12.863104820251465,463.3185729980469,310.0,105.60932159423828,110.3537368774414,39.03337860107422,1.3600000143051147,5.050000190734863,121.75113677978516,145.4799346923828,1480.0,18261.15625,26.450000762939453,,344.0,16.26976776123047,4.126094341278076,3140.0,18.700000762939453,115.006103515625,13.805342674255371,49.310951232910156,21.200000762939453,17.049514770507812,1.7000000476837158,92.38146209716797,24.200000762939453
2025-02-11,1800.0,,163.54461669921875,73.98461151123047,12.770565032958984,465.25714111328125,309.0,105.60932159423828,111.83831787109375,39.03337860107422,1.3350000381469727,5.0,122.2248764038086,145.4799346923828,1480.0,18261.15625,26.399999618530273,,344.0,16.423255920410156,4.086798191070557,3080.0,19.0,114.52288818359375,13.657428741455078,50.250205993652344,21.799999237060547,17.049514770507812,1.6399999856948853,92.38146209716797,24.200000762939453
2025-02-12,1780.0,,163.0800018310547,73.20171356201172,12.863104820251465,463.3185729980469,308.0,104.63145446777344,110.84860229492188,38.93456268310547,1.3600000143051147,5.099999904632568,122.2248764038086,144.1074981689453,1480.0,18161.369140625,26.600000381469727,,344.0,16.423255920410156,4.106446266174316,3060.0,19.0,113.55644989013672,13.657428741455078,50.250205993652344,21.600000381469727,17.049514770507812,1.6399999856948853,91.64241027832031,24.399999618530273
2025-02-13,1790.0,,162.61538696289062,72.81025695800781,13.00191593170166,461.3800048828125,315.0,106.58718872070312,111.34346008300781,39.329833984375,1.340000033378601,5.150000095367432,122.69861602783203,144.1074981689453,1480.0,17762.220703125,26.5,,340.0,16.26976776123047,4.086798191070557,3060.0,19.0,116.45576477050781,13.805342674255371,49.5457649230957,21.600000381469727,16.38739585876465,1.6399999856948853,90.65701293945312,23.399999618530273
2025-02-14,1797.5,,159.36306762695312,72.4188003540039,12.770565032958984,461.3800048828125,314.0,105.60932159423828,110.84860229492188,39.132198333740234,1.350000023841858,5.150000095367432,119.38243865966797,144.1074981689453,1480.0,17462.85546875,26.0,,340.0,15.88604736328125,4.086798191070557,3020.0,19.0,114.03966522216797,13.756037712097168,49.78057861328125,,16.38739585876465,1.6399999856948853,90.164306640625,22.200000762939453
2025-02-17,1795.0,,162.61538696289062,73.0059814453125,12.492942810058594,465.25714111328125,312.0,104.63145446777344,109.36402130126953,38.53928756713867,1.3300000429153442,5.199999809265137,124.11983489990234,144.1074981689453,1480.0,17363.068359375,26.0,,336.0,16.11627960205078,4.086798191070557,3040.0,18.799999237060547,114.03966522216797,13.756037712097168,49.310951232910156,21.799999237060547,16.55292510986328,1.600000023841858,90.65701293945312,21.600000381469727
2025-02-18,1785.0,,161.22154235839844,72.6145248413086,12.770565032958984,453.625732421875,312.0,103.65359497070312,108.86915588378906,38.53928756713867,1.3300000429153442,5.199999809265137,122.69861602783203,143.71536254882812,1480.0,17462.85546875,25.600000381469727,,336.0,15.88604736328125,4.126094341278076,2980.0,18.700000762939453,113.3148422241211,13.706732749938965,49.07613754272461,,16.30463218688965,1.0399999618530273,90.65701293945312,22.799999237060547
2025-02-19,1710.0,,160.7569122314453,72.4188003540039,12.492942810058594,455.5643005371094,312.0,102.67572784423828,108.37429809570312,38.24283218383789,1.3200000524520874,5.25,123.17235565185547,143.71536254882812,1480.0,17163.4921875,25.600000381469727,,336.0,15.962790489196777,4.126094341278076,2940.0,18.600000381469727,110.17391967773438,14.05186653137207,49.07613754272461,21.600000381469727,16.30463218688965,1.0399999618530273,90.164306640625,23.200000762939453
2025-02-20,1655.0,,160.29229736328125,72.4188003540039,12.446672439575195,449.7485656738281,306.0,101.69786834716797,108.86915588378906,38.14400863647461,1.309999942779541,5.25,122.2248764038086,144.1074981689453,1480.0,16963.91796875,25.600000381469727,,344.0,15.655814170837402,4.126094341278076,3020.0,18.600000381469727,110.17391967773438,14.101171493530273,48.3716926574707,,16.221866607666016,1.0399999618530273,90.65701293945312,23.200000762939453
2025-02-21,1715.0,,159.36306762695312,71.63589477539062,12.446672439575195,455.5643005371094,310.0,102.67572784423828,108.86915588378906,38.34164810180664,1.340000033378601,5.25,121.75113677978516,143.71536254882812,1480.0,16714.447265625,25.700000762939453,,344.0,15.732558250427246,4.204687118530273,3000.0,18.600000381469727,111.1403579711914,14.150476455688477,48.84132385253906,21.5,16.139102935791016,1.2999999523162842,90.65701293945312,21.399999618530273
2025-02-24,1675.0,,157.73692321777344,71.63589477539062,12.215322494506836,453.625732421875,304.0,101.69786834716797,109.36402130126953,38.14400863647461,1.3450000286102295,5.25,119.8561782836914,143.32322692871094,1480.0,16165.615234375,25.799999237060547,,344.0,15.502326011657715,4.165390491485596,2960.0,18.5,109.20748138427734,14.002561569213867,48.3716926574707,21.0,16.139102935791016,1.559999942779541,90.65701293945312,21.600000381469727
2025-02-25,1635.0,,159.8276824951172,71.63589477539062,12.122782707214355,449.7485656738281,308.0,101.69786834716797,108.86915588378906,37.94637680053711,1.3200000524520874,5.400000095367432,118.90869903564453,143.32322692871094,1430.0,18161.369140625,25.600000381469727,,344.0,15.655814170837402,4.243983268737793,2880.0,18.5,108.24104309082031,13.829995155334473,48.3716926574707,,16.30463218688965,1.5,90.65701293945312,21.200000762939453
2025-02-26,1640.0,,161.6861572265625,71.7337646484375,12.215322494506836,443.932861328125,306.0,101.69786834716797,108.86915588378906,38.14400863647461,1.3200000524520874,5.5,118.90869903564453,141.5586395263672,1420.0,18859.8828125,26.100000381469727,,310.0,15.732558250427246,4.2832794189453125,2850.0,18.549999237060547,109.20748138427734,14.002561569213867,48.84132385253906,21.0,16.221866607666016,1.5,90.65701293945312,21.200000762939453
2025-02-27,1635.0,,158.433837890625,72.4188003540039,12.030241966247559,443.932861328125,302.0,101.69786834716797,108.86915588378906,38.14400863647461,1.309999942779541,5.5,117.48748016357422,140.5783233642578,1420.0,18660.30859375,26.0,,310.0,15.655814170837402,4.2734551429748535,2840.0,18.200000762939453,109.20748138427734,13.903952598571777,48.3716926574707,20.399999618530273,16.056337356567383,1.5,90.65701293945312,21.600000381469727
2025-02-28,1585.0,,154.25230407714844,71.63589477539062,11.845161437988281,441.9942932128906,300.0,99.74213409423828,108.86915588378906,37.35346221923828,1.274999976158142,5.275000095367432,113.69756317138672,141.16651916503906,1420.0,18161.369140625,25.899999618530273,,306.0,15.425581932067871,4.312750816345215,2760.0,18.450000762939453,106.7913818359375,13.903952598571777,48.136878967285156,20.0,15.97357177734375,1.350000023841858,89.6716079711914,21.799999237060547
2025-03-03,1585.0,,155.18153381347656,70.85298919677734,11.845161437988281,441.9942932128906,300.0,100.72000122070312,107.87944030761719,37.55110168457031,1.2699999809265137,5.349999904632568,113.22382354736328,140.5783233642578,1420.0,18360.947265625,25.799999237060547,,306.0,15.502326011657715,4.263631343841553,2740.0,18.299999237060547,107.27460479736328,13.608123779296875,47.432437896728516,20.0,15.97357177734375,1.2999999523162842,89.6716079711914,21.600000381469727
2025-03-04,1485.0,,149.6061553955078,69.87435913085938,11.47499942779541,426.4857177734375,292.0,97.78640747070312,105.9000015258789,36.16763687133789,1.190000057220459,5.150000095367432,110.85511779785156,138.42161560058594,1330.0,17462.85546875,25.700000762939453,,306.0,15.041860580444336,4.204687118530273,2540.0,18.100000381469727,104.37528991699219,13.312294960021973,45.08429718017578,19.299999237060547,15.559749603271484,1.2999999523162842,88.68620300292969,21.399999618530273
2025-03-05,1535.0,,151.46461486816406,70.26581573486328,11.752620697021484,424.5471496582031,292.0,99.74213409423828,107.87944030761719,36.56291198730469,1.2200000286102295,5.349999904632568,113.93443298339844,138.61767578125,1330.0,17862.005859375,26.0,,306.0,15.348836898803711,4.243983268737793,2620.0,18.549999237060547,107.27460479736328,13.410904884338379,45.74177551269531,19.299999237060547,15.7252779006958,1.2999999523162842,89.17890930175781,21.600000381469727
2025-03-06,1505.0,,150.07077026367188,69.87435913085938,11.567540168762207,422.60858154296875,292.0,99.74213409423828,107.87944030761719,36.36527633666992,1.184999942779541,5.349999904632568,114.6450424194336,138.22555541992188,1330.0,17862.005859375,25.899999618530273,,306.0,15.156976699829102,4.243983268737793,2560.0,18.5,105.34172821044922,13.410904884338379,45.647850036621094,19.299999237060547,15.642515182495117,1.2999999523162842,87.7008056640625,21.600000381469727
2025-03-07,1520.0,,153.3230743408203,69.87435913085938,11.752620697021484,419.7007141113281,292.0,100.23107147216797,112.33317565917969,36.56291198730469,1.2100000381469727,5.300000190734863,117.96121978759766,138.61767578125,1330.0,18075.322265625,25.899999618530273,,306.0,15.425581932067871,4.2832794189453125,2580.0,18.600000381469727,106.30816650390625,14.150476455688477,46.21140670776367,19.700000762939453,15.913772583007812,1.2999999523162842,88.1935043334961,22.399999618530273
2025-03-10,1490.0,,150.53538513183594,69.87435913085938,11.567540168762207,426.4857177734375,292.0,100.72000122070312,111.83831787109375,36.76055145263672,1.1950000524520874,5.25,117.2506103515625,137.04916381835938,1320.0,17875.59375,26.100000381469727,,322.0,15.425581932067871,4.2832794189453125,2500.0,18.5,106.30816650390625,14.29839038848877,45.647850036621094,19.75,15.823352813720703,1.5,87.7008056640625,22.200000762939453
2025-03-11,1440.0,,150.07077026367188,69.67862701416016,11.289918899536133,410.00787353515625,288.0,98.76427459716797,108.37429809570312,35.970001220703125,1.149999976158142,5.150000095367432,115.59252166748047,136.6570281982422,1320.0,16876.95703125,25.899999618530273,,308.0,15.118605613708496,4.243983268737793,2440.0,18.100000381469727,106.30816650390625,14.002561569213867,44.896446228027344,19.600000381469727,15.73293399810791,1.5,85.72999572753906,23.600000381469727
2025-03-12,1510.0,,151.0,69.48290252685547,11.289918899536133,418.7314453125,289.0,99.74213409423828,108.37429809570312,36.20000076293945,1.159999966621399,5.150000095367432,117.48748016357422,136.6570281982422,1320.0,17076.685546875,26.0,,308.0,15.348836898803711,4.263631343841553,2500.0,18.200000762939453,106.30816650390625,14.29839038848877,45.647850036621094,19.700000762939453,16.004192352294922,1.899999976158142,85.72999572753906,27.399999618530273
2025-03-13,1510.0,,150.5,69.48290252685547,11.289918899536133,418.7314453125,289.0,99.74213409423828,106.88971710205078,35.599998474121094,1.1299999952316284,5.150000095367432,115.59252166748047,135.08851623535156,1320.0,16477.50390625,26.0,,308.0,15.310465812683105,4.234158992767334,2510.0,18.5,104.37528991699219,14.397000312805176,45.46000289916992,19.799999237060547,16.185029983520508,1.899999976158142,85.97634887695312,27.799999237060547
2025-03-14,1525.0,,151.0,69.67862701416016,11.104838371276855,410.9771423339844,290.0,100.72000122070312,107.38458251953125,36.20000076293945,1.1449999809265137,5.099999904632568,117.48748016357422,136.8531036376953,1320.0,16377.640625,26.0,,298.0,15.348836898803711,4.224335193634033,2500.0,18.5,104.37528991699219,14.5,45.599998474121094,19.799999237060547,16.0946102142334,1.899999976158142,86.22270202636719,28.399999618530273
2025-03-17,1510.0,,148.5,68.8957290649414,11.012297630310059,407.1000061035156,290.0,98.76427459716797,107.38458251953125,36.20000076293945,1.1050000190734863,5.099999904632568,116.77687072753906,134.69638061523438,1320.0,16777.09375,26.0,,278.0,15.118605613708496,4.2832794189453125,2540.0,18.5,102.44242095947266,14.399999618530273,45.599998474121094,19.5,16.0946102142334,1.899999976158142,86.22270202636719,28.799999237060547
2025-03-18,1515.0,,149.0,68.8957290649414,11.197379112243652,403.2228698730469,289.0,99.74213409423828,107.87944030761719,36.0,1.1200000047683716,5.199999809265137,117.48748016357422,134.69638061523438,1320.0,16976.822265625,26.200000762939453,,278.0,15.272092819213867,4.450287818908691,2500.0,18.200000762939453,102.9256362915039,14.600000381469727,45.400001525878906,,15.913772583007812,1.899999976158142,86.46904754638672,29.399999618530273
2025-03-19,1495.0,,150.5,68.5042724609375,11.289918899536133,401.2843017578125,286.0,97.78640747070312,107.38458251953125,35.20000076293945,1.100000023841858,5.199999809265137,115.59252166748047,134.1082000732422,1340.0,,26.100000381469727,,278.0,15.195348739624023,4.420815467834473,2500.0,18.200000762939453,100.50953674316406,14.600000381469727,45.400001525878906,19.299999237060547,15.823352813720703,1.600000023841858,86.22270202636719,30.200000762939453
2025-03-20,1540.0,,154.0,68.69999694824219,11.567540168762207,412.91571044921875,296.0,100.72000122070312,106.39485931396484,36.0,1.1649999618530273,5.099999904632568,117.96121978759766,133.91213989257812,1340.0,16976.822265625,26.299999237060547,,278.0,15.579069137573242,4.5190558433532715,2580.0,18.299999237060547,103.40885162353516,14.5,46.20000076293945,19.5,15.6425142288208,1.600000023841858,85.72999572753906,30.600000381469727
2025-03-21,1560.0,,151.0,69.0,11.567540168762207,405.16143798828125,284.0,95.83068084716797,105.9000015258789,37.20000076293945,1.159999966621399,5.050000190734863,114.6450424194336,133.91213989257812,1340.0,16577.3671875,25.200000762939453,,278.0,15.425581932067871,4.5190558433532715,2640.0,18.600000381469727,101.47598266601562,14.300000190734863,46.400001525878906,19.600000381469727,15.371257781982422,1.600000023841858,85.5,30.399999618530273
2025-03-24,1555.0,,152.5,69.0,11.660080909729004,409.03857421875,292.0,98.76427459716797,109.0,36.79999923706055,1.1399999856948853,5.050000190734863,117.01374053955078,133.716064453125,1340.0,16976.822265625,25.799999237060547,,278.0,15.655814170837402,4.499407768249512,2600.0,18.450000762939453,101.95919799804688,14.199999809265137,46.20000076293945,,15.280838012695312,1.600000023841858,85.5,30.399999618530273
2025-03-25,1547.5,,154.5,66.0,11.47499942779541,418.7314453125,296.0,99.74213409423828,112.5,36.599998474121094,1.149999976158142,5.0,118.90869903564453,130.5790252685547,1340.0,17276.412109375,25.799999237060547,,282.0,15.770930290222168,4.5976481437683105,2610.0,18.600000381469727,102.44242095947266,14.5,46.20000076293945,19.600000381469727,15.190418243408203,0.9300000071525574,82.0,30.399999618530273
2025-03-26,1550.0,,158.5,66.4000015258789,11.567540168762207,422.60858154296875,296.0,100.72000122070312,112.0,36.79999923706055,1.1699999570846558,5.0,122.69861602783203,134.69638061523438,1300.0,16876.95703125,25.799999237060547,,282.0,16.5,4.67624044418335,2640.0,18.799999237060547,104.37528991699219,14.800000190734863,47.0,19.899999618530273,15.461676597595215,0.9300000071525574,84.0,30.600000381469727
2025-03-27,1450.0,,157.5,67.19999694824219,11.47499942779541,420.6700134277344,296.0,99.74213409423828,110.5,36.79999923706055,1.1449999809265137,5.0,120.32991790771484,134.1082000732422,1300.0,16677.232421875,25.299999237060547,,282.0,16.149999618530273,4.578000068664551,2560.0,18.600000381469727,102.44242095947266,14.800000190734863,47.0,,15.461676597595215,0.9300000071525574,84.0,30.399999618530273
2025-03-28,1285.0,,155.5,67.0,11.243648529052734,422.0,296.0,97.78640747070312,110.0,36.20000076293945,1.1200000047683716,4.940000057220459,118.90869903564453,133.91213989257812,1300.0,,25.0,,282.0,15.800000190734863,4.599999904632568,2500.0,18.5,101.95919799804688,14.300000190734863,46.400001525878906,,15.552096366882324,0.9300000071525574,83.5,30.600000381469727
2025-03-31,1265.0,,152.5,66.80000305175781,11.289918899536133,422.0,295.75,97.78640747070312,107.0,35.79999923706055,1.0750000476837158,4.940000057220459,116.54000091552734,133.1278839111328,1300.0,15978.185546875,24.700000762939453,,282.0,15.550000190734863,4.53000020980835,2480.0,18.200000762939453,100.50953674316406,14.300000190734863,45.79999923706055,,15.461676597595215,0.9300000071525574,83.5,30.799999237060547
2025-04-01,1285.0,,153.0,67.19999694824219,11.567540168762207,416.0,294.0,97.78640747070312,108.5,35.79999923706055,1.0800000429153442,5.050000190734863,117.0,134.30426025390625,1300.0,16477.50390625,25.0,,282.0,15.5,4.559999942779541,2480.0,18.399999618530273,101.47598266601562,14.0,46.0,19.299999237060547,15.461676597595215,0.9300000071525574,85.5,30.799999237060547
2025-04-02,1255.0,,153.5,67.19999694824219,11.567540168762207,414.0,294.0,98.76427459716797,108.0,35.599998474121094,1.059999942779541,5.0,118.0,132.73573303222656,1300.0,16577.3671875,25.0,,278.0,15.449999809265137,4.480000019073486,2440.0,18.200000762939453,103.40885162353516,14.0,45.0,19.100000381469727,15.461676597595215,0.9300000071525574,85.5,30.399999618530273
2025-04-03,1215.0,,149.0,66.0,11.38245964050293,394.0,292.0,95.83068084716797,108.0,34.79999923706055,1.0299999713897705,4.940000057220459,114.5,131.7554168701172,1300.0,15279.1396484375,24.299999237060547,,278.0,14.949999809265137,4.420000076293945,2280.0,18.100000381469727,101.63274383544922,14.0,43.79999923706055,19.100000381469727,14.828742027282715,0.9300000071525574,85.0,29.799999237060547
2025-04-04,1140.0,,147.5,65.0,11.104838371276855,380.0,284.0,94.36388397216797,106.0,33.20000076293945,0.9940000176429749,4.760000228881836,112.5,129.79476928710938,1300.0,14080.7763671875,23.700000762939453,,260.0,14.300000190734863,4.380000114440918,2020.0,17.600000381469727,98.67256927490234,13.600000381469727,42.20000076293945,18.299999237060547,14.105389595031738,0.9300000071525574,84.0,28.200000762939453
2025-04-07,1095.0,,142.5,63.5,11.197379112243652,374.0,276.0,92.89708709716797,103.0,32.400001525878906,1.0099999904632568,4.739999771118164,111.0,127.44200134277344,1300.0,13182.0029296875,23.399999618530273,,224.0,13.800000190734863,4.400000095367432,1960.0,17.100000381469727,95.71239471435547,13.600000381469727,41.0,18.200000762939453,13.743712425231934,1.0,82.0,26.200000762939453
2025-04-08,1130.0,,145.5,63.5,11.47499942779541,376.0,280.0,95.34175109863281,107.0,33.400001525878906,1.059999942779541,4.78000020980835,113.0,128.4223175048828,1300.0,13681.3212890625,23.899999618530273,,234.0,13.699999809265137,4.400000095367432,2010.0,17.299999237060547,96.6991195678711,13.5,42.0,18.399999618530273,13.834132194519043,1.0,83.5,26.200000762939453
2025-04-09,1000.0,,142.0,62.5,11.289918899536133,364.0,280.0,94.85281372070312,106.0,33.400001525878906,1.0099999904632568,4.519999980926514,113.0,128.4223175048828,1300.0,12283.23046875,23.399999618530273,,234.0,13.0,4.320000171661377,1860.0,17.299999237060547,96.6991195678711,13.199999809265137,40.79999923706055,18.049999237060547,13.201197624206543,1.0,83.0,25.0
2025-04-10,1075.0,,142.0,63.0,11.47499942779541,364.0,286.0,95.83068084716797,108.0,33.400001525878906,1.0499999523162842,4.599999904632568,115.5,128.4223175048828,1300.0,12682.6845703125,23.600000381469727,,234.0,13.199999809265137,4.420000076293945,2040.0,17.200000762939453,97.1924819946289,13.300000190734863,42.20000076293945,18.399999618530273,13.472455024719238,1.0,83.5,25.200000762939453
2025-04-11,1055.0,,146.5,62.75,11.764286041259766,374.0,288.0,97.78640747070312,108.0,34.400001525878906,1.059999942779541,4.519999980926514,116.0,126.46167755126953,1300.0,11983.638671875,24.0,,234.0,13.5,4.480000019073486,2070.0,17.200000762939453,101.63274383544922,13.300000190734863,42.400001525878906,18.700000762939453,13.562873840332031,1.0,83.25,24.799999237060547
2025-04-14,1110.0,,151.0,62.0,11.86071491241455,374.0,290.0,101.69786834716797,109.0,34.400001525878906,1.0549999475479126,4.539999961853027,116.0,126.46167755126953,1300.0,12283.23046875,24.200000762939453,,234.0,13.5,4.440000057220459,2160.0,17.100000381469727,100.6460189819336,13.399999618530273,43.20000076293945,18.899999618530273,14.014969825744629,1.0,83.0,25.200000762939453
2025-04-15,1105.0,,154.0,62.0,12.15000057220459,380.0,300.0,103.65359497070312,111.0,35.400001525878906,1.059999942779541,4.539999961853027,115.0,128.4223175048828,1300.0,12682.6845703125,24.0,,234.0,13.600000381469727,4.440000057220459,2280.0,17.399999618530273,102.61946868896484,13.600000381469727,44.0,19.200000762939453,14.376646041870117,1.0,83.0,25.0
2025-04-16,1090.0,,154.5,61.5,12.053571701049805,376.0,300.0,107.56504821777344,109.0,35.20000076293945,1.059999942779541,4.539999961853027,114.0,128.4223175048828,1300.0,12383.09375,24.200000762939453,,234.0,13.5,4.440000057220459,2300.0,17.200000762939453,101.63274383544922,13.600000381469727,44.0,19.200000762939453,14.467065811157227,1.0,83.0,25.0
2025-04-17,1090.0,,154.5,61.5,12.053571701049805,376.0,300.0,107.56504821777344,109.0,35.20000076293945,1.059999942779541,4.539999961853027,114.0,128.4223175048828,1300.0,,24.200000762939453,,234.0,13.5,4.440000057220459,,17.200000762939453,101.63274383544922,13.600000381469727,44.0,,14.467065811157227,1.0,83.0,25.0
2025-04-22,1050.0,,154.0,61.5,11.86071491241455,376.0,300.0,104.63145446777344,108.0,35.0,1.0099999904632568,4.539999961853027,115.0,127.44200134277344,1300.0,11783.9111328125,24.600000381469727,,234.0,13.350000381469727,4.400000095367432,2250.0,17.299999237060547,101.63274383544922,13.399999618530273,43.599998474121094,19.100000381469727,14.286227226257324,1.0,82.5,25.0
2025-04-23,1090.0,,158.5,61.5,12.15000057220459,382.0,298.0,105.60932159423828,108.0,35.599998474121094,1.034999966621399,4.559999942779541,115.5,130.0,1300.0,12682.6845703125,25.0,,234.0,13.75,4.5,2280.0,17.600000381469727,104.59292602539062,13.550000190734863,44.400001525878906,19.299999237060547,14.286227226257324,1.0,82.5,25.0
2025-04-25,1040.0,,159.0,61.0,12.246428489685059,374.0,306.0,108.54291534423828,107.0,36.400001525878906,1.0399999618530273,4.559999942779541,116.0,128.0,1300.0,13082.1396484375,25.200000762939453,,234.0,14.0,4.539999961853027,2290.0,18.0,105.57965087890625,13.699999809265137,44.79999923706055,19.600000381469727,14.647904396057129,1.0,81.5,25.399999618530273
2025-04-28,1005.0,,158.0,59.75,12.246428489685059,374.0,302.0,106.58718872070312,105.0,36.20000076293945,1.0299999713897705,4.559999942779541,113.0,126.5,1300.0,13182.0029296875,25.200000762939453,,234.0,13.75,4.519999980926514,2200.0,18.0,105.08628845214844,13.699999809265137,44.79999923706055,19.700000762939453,14.738322257995605,1.0,80.5,25.399999618530273
2025-04-29,1005.0,,156.0,60.0,11.95714282989502,366.0,301.0,107.56504821777344,105.0,36.0,1.0449999570846558,4.559999942779541,111.0,126.0,1300.0,13381.73046875,25.200000762939453,,234.0,13.5,4.460000038146973,2230.0,18.200000762939453,105.08628845214844,13.699999809265137,44.400001525878906,19.200000762939453,14.738322257995605,1.0,80.5,25.399999618530273
2025-04-30,990.0,,154.0,60.0,12.053571701049805,362.0,300.0,104.63145446777344,105.0,35.79999923706055,1.0149999856948853,4.559999942779541,107.5,126.0,1300.0,13082.1396484375,24.799999237060547,,234.0,13.350000381469727,4.5,2200.0,18.200000762939453,105.08628845214844,13.800000190734863,43.400001525878906,18.5,14.738322257995605,1.0,80.0,25.5
2025-05-02,1035.0,,155.5,59.5,12.15000057220459,354.0,302.0,105.60932159423828,105.0,36.0,1.0499999523162842,4.559999942779541,109.5,124.0,1300.0,13481.59375,24.799999237060547,,220.0,13.649999618530273,4.5,2300.0,18.299999237060547,103.60619354248047,13.800000190734863,43.79999923706055,18.600000381469727,14.919161796569824,1.0,79.5,25.600000381469727
2025-05-05,1070.0,,153.0,60.0,12.342857360839844,354.0,294.0,104.63145446777344,104.0,36.0,1.0700000524520874,4.599999904632568,108.0,124.0,1300.0,13581.4580078125,24.899999618530273,,220.0,13.550000190734863,4.480000019073486,2390.0,18.399999618530273,103.60619354248047,13.800000190734863,43.79999923706055,18.5,14.828742027282715,1.0,79.75,25.600000381469727
2025-05-06,1045.0,,153.5,59.5,12.15000057220459,352.0,290.0,102.67572784423828,104.0,35.79999923706055,1.0399999618530273,4.519999980926514,107.5,123.0,1300.0,13281.8671875,24.600000381469727,,220.0,13.5,4.480000019073486,2380.0,18.399999618530273,102.61946868896484,13.600000381469727,43.400001525878906,18.200000762939453,15.009581565856934,1.0,79.5,25.600000381469727
2025-05-07,1040.0,,155.5,59.5,12.15000057220459,348.0,294.0,104.63145446777344,106.0,36.20000076293945,1.0499999523162842,4.599999904632568,110.0,123.0,1300.0,13881.048828125,24.600000381469727,,220.0,13.600000381469727,4.5,2320.0,18.5,103.60619354248047,13.5,43.400001525878906,18.299999237060547,15.009581565856934,1.399999976158142,79.5,25.600000381469727
2025-05-08,1190.0,,155.5,60.0,12.15000057220459,348.0,292.0,103.65359497070312,105.0,36.0,1.0499999523162842,4.659999847412109,112.0,124.0,1300.0,,24.799999237060547,,220.0,13.449999809265137,4.699999809265137,2410.0,18.299999237060547,102.61946868896484,13.600000381469727,44.599998474121094,18.399999618530273,15.100000381469727,1.399999976158142,79.5,24.799999237060547
2025-05-09,1305.0,,158.0,60.0,12.342857360839844,350.0,288.0,102.67572784423828,105.0,36.400001525878906,1.0499999523162842,4.659999847412109,114.0,123.0,1300.0,14480.2314453125,25.0,,220.0,13.600000381469727,4.739999771118164,2470.0,18.5,104.59292602539062,13.600000381469727,45.400001525878906,18.600000381469727,15.461676597595215,1.399999976158142,79.5,24.799999237060547
2025-05-12,1380.0,,158.0,60.0,12.439285278320312,364.0,293.0,103.65359497070312,105.0,36.70000076293945,1.0700000524520874,4.659999847412109,114.5,124.0,1300.0,15379.0029296875,25.200000762939453,,212.0,13.850000381469727,4.840000152587891,2420.0,18.5,105.57965087890625,13.600000381469727,46.20000076293945,19.200000762939453,15.823352813720703,1.399999976158142,79.5,24.799999237060547
2025-05-13,1345.0,,157.0,60.0,12.439285278320312,363.0,290.0,101.69786834716797,105.0,36.400001525878906,1.0549999475479126,4.659999847412109,110.5,124.0,1300.0,15279.1396484375,24.799999237060547,,212.0,13.550000190734863,4.840000152587891,2320.0,18.399999618530273,104.59292602539062,13.600000381469727,46.20000076293945,19.0,15.73293399810791,1.399999976158142,79.5,24.799999237060547
2025-05-14,1360.0,,164.0,60.0,12.342857360839844,362.0,291.0,103.65359497070312,105.0,36.5,1.0399999618530273,4.579999923706055,112.5,123.0,1265.0,15379.0029296875,24.899999618530273,,212.0,14.5,4.800000190734863,2280.0,18.799999237060547,105.57965087890625,13.600000381469727,46.79999923706055,19.600000381469727,15.6425142288208,1.399999976158142,79.0,24.799999237060547
2025-05-15,1315.0,,166.5,60.0,12.246428489685059,360.0,290.0,102.67572784423828,106.0,36.400001525878906,1.0149999856948853,4.619999885559082,115.5,123.0,1265.0,15079.412109375,24.850000381469727,,212.0,14.550000190734863,4.820000171661377,2240.0,18.700000762939453,105.57965087890625,13.5,46.79999923706055,19.399999618530273,15.100000381469727,1.399999976158142,78.5,25.0
2025-05-16,1350.0,,173.5,60.5,12.825000762939453,376.0,298.0,103.65359497070312,106.0,38.20000076293945,1.065000057220459,4.579999923706055,118.5,124.0,1265.0,15179.275390625,25.5,,212.0,15.199999809265137,4.900000095367432,2320.0,18.799999237060547,111.5,13.899999618530273,48.599998474121094,19.299999237060547,15.552096366882324,1.399999976158142,77.5,24.399999618530273
2025-05-19,1330.0,,171.5,60.5,12.728571891784668,376.0,296.0,103.65359497070312,106.5,38.0,1.059999942779541,4.579999923706055,116.0,124.0,1265.0,15279.1396484375,25.600000381469727,,212.0,15.0,4.860000133514404,2290.0,18.899999618530273,112.48672485351562,13.899999618530273,48.599998474121094,19.149999618530273,15.552096366882324,1.399999976158142,77.5,24.200000762939453
2025-05-20,1260.0,,168.0,60.5,12.921428680419922,390.0,290.0,102.67572784423828,107.0,38.0,1.0449999570846558,4.619999885559082,114.0,124.0,1265.0,,25.799999237060547,,212.0,14.399999618530273,4.820000171661377,2270.0,19.0,111.5,13.899999618530273,48.599998474121094,19.200000762939453,15.371257781982422,1.399999976158142,78.0,24.0
2025-05-21,1270.0,,172.0,61.75,12.921428680419922,396.0,288.0,102.67572784423828,109.0,38.20000076293945,1.0499999523162842,4.860000133514404,119.0,125.0,1265.0,14879.6845703125,25.600000381469727,,212.0,14.824999809265137,4.800000190734863,2280.0,19.200000762939453,111.5,14.199999809265137,48.599998474121094,19.200000762939453,15.371257781982422,1.399999976158142,79.0,24.200000762939453
2025-05-22,1290.0,,172.5,62.0,12.921428680419922,396.0,292.0,101.69786834716797,109.0,38.29999923706055,1.034999966621399,4.960000038146973,117.5,125.0,1265.0,14480.2314453125,25.600000381469727,,206.0,15.350000381469727,4.800000190734863,2290.0,19.200000762939453,111.5,14.0,48.20000076293945,19.299999237060547,15.41646671295166,1.399999976158142,79.0,24.0
2025-05-23,1275.0,,171.5,64.0,12.825000762939453,392.0,288.0,101.69786834716797,107.5,38.0,1.0399999618530273,4.980000019073486,116.0,125.0,1265.0,14380.3671875,25.700000762939453,,206.0,15.399999618530273,4.78000020980835,2300.0,19.200000762939453,111.00663757324219,13.949999809265137,48.79999923706055,19.399999618530273,15.506885528564453,1.399999976158142,79.5,24.200000762939453
2025-05-26,1365.0,,172.5,64.5,13.017857551574707,396.0,286.0,100.72000122070312,107.0,38.400001525878906,1.0399999618530273,5.0,117.0,125.0,1265.0,14679.9580078125,25.600000381469727,,212.0,15.949999809265137,4.659999847412109,2425.0,19.100000381469727,111.00663757324219,13.699999809265137,49.0,19.299999237060547,15.6425142288208,1.399999976158142,79.5,24.200000762939453
2025-05-27,1395.0,,173.0,65.0,13.451786041259766,392.0,280.0,101.69786834716797,107.0,38.400001525878906,1.0499999523162842,5.150000095367432,118.5,128.0,1265.0,14779.8212890625,25.399999618530273,,212.0,15.899999618530273,4.679999828338623,2440.0,19.100000381469727,115.44690704345703,13.800000190734863,48.900001525878906,19.299999237060547,15.6425142288208,1.399999976158142,81.0,24.200000762939453
2025-05-28,1445.0,,175.5,66.0,13.692856788635254,392.0,282.0,101.0,107.0,38.79999923706055,1.0449999570846558,5.199999809265137,117.5,129.0,1265.0,15179.275390625,25.200000762939453,,216.0,17.549999237060547,4.639999866485596,2510.0,19.200000762939453,115.44690704345703,13.699999809265137,50.0,19.600000381469727,15.73293399810791,1.399999976158142,80.5,24.200000762939453
2025-05-30,1450.0,,176.5,65.5,13.789286613464355,386.0,285.0,102.0,115.0,38.20000076293945,1.0475000143051147,5.199999809265137,118.0,127.0,1260.0,14480.2314453125,25.299999237060547,,216.0,17.575000762939453,4.699999809265137,2500.0,19.299999237060547,116.43363189697266,13.399999618530273,50.0,19.5,15.913772583007812,1.399999976158142,80.25,24.200000762939453
2025-06-02,1445.0,,172.5,65.5,13.789286613464355,388.0,284.0,102.0,115.0,38.400001525878906,1.0499999523162842,5.199999809265137,117.0,127.0,1190.0,14280.50390625,25.299999237060547,,216.0,17.649999618530273,4.690000057220459,2450.0,19.200000762939453,116.43363189697266,13.5,50.25,19.5,15.73293399810791,1.399999976158142,80.0,24.200000762939453
2025-06-03,1440.0,,171.0,66.0,13.885714530944824,384.0,290.0,102.0,113.0,38.0,1.1050000190734863,5.25,117.0,129.0,1190.0,13980.912109375,25.399999618530273,,216.0,17.950000762939453,4.940000057220459,2420.0,19.200000762939453,116.43363189697266,13.5,49.599998474121094,19.200000762939453,15.552096366882324,1.399999976158142,81.5,24.200000762939453
2025-06-04,1440.0,,172.75,66.5,13.741071701049805,387.0,288.0,104.0,114.0,38.0,1.1299999952316284,5.099999904632568,118.0,132.0,1220.0,15079.412109375,25.299999237060547,,216.0,17.899999618530273,4.840000152587891,2400.0,19.200000762939453,116.43363189697266,13.300000190734863,49.400001525878906,19.0,15.73293399810791,1.399999976158142,84.0,24.399999618530273
2025-06-05,1350.0,,170.5,67.0,13.692856788635254,390.0,290.0,104.5,117.5,37.900001525878906,1.1200000047683716,5.0,119.0,131.0,1210.0,14879.6845703125,25.200000762939453,,216.0,17.950000762939453,4.880000114440918,2450.0,19.200000762939453,116.43363189697266,13.600000381469727,49.400001525878906,19.100000381469727,15.823352813720703,1.399999976158142,83.5,24.399999618530273
2025-06-06,,,,,,,,,,,,,,,,15379.0029296875,,,216.0,,,2540.0,,,,,,,1.399999976158142,,24.399999618530273
2025-06-10,1310.0,,167.5,64.5,13.5,386.0,290.0,104.0,116.0,38.0,1.0700000524520874,5.199999809265137,119.5,129.0,1240.0,15678.59375,24.600000381469727,,180.0,17.649999618530273,4.860000133514404,2510.0,19.200000762939453,115.44690704345703,13.699999809265137,49.400001525878906,19.0,15.913772583007812,1.5,80.0,24.399999618530273
2025-06-11,1240.0,,168.5,64.0,13.692856788635254,392.0,288.0,106.0,118.0,37.79999923706055,1.100000023841858,5.224999904632568,119.5,129.0,1240.0,15279.1396484375,24.799999237060547,,175.0,17.549999237060547,4.860000133514404,2460.0,19.200000762939453,116.43363189697266,14.0,49.20000076293945,19.0,15.913772583007812,1.5,80.0,25.0
2025-06-12,1235.0,,168.0,63.5,13.596428871154785,384.0,284.0,104.0,116.0,37.20000076293945,1.0700000524520874,5.199999809265137,119.0,129.0,1240.0,14979.548828125,24.600000381469727,,177.0,17.450000762939453,4.849999904632568,2455.0,19.200000762939453,113.47345733642578,13.899999618530273,48.79999923706055,18.799999237060547,15.823352813720703,1.5,80.5,25.0
2025-06-13,1205.0,,166.5,61.5,13.5,380.0,284.0,104.0,115.0,36.79999923706055,1.0449999570846558,5.050000190734863,119.0,129.0,1240.0,14480.2314453125,24.200000762939453,,166.0,17.549999237060547,4.820000171661377,2440.0,19.100000381469727,113.47345733642578,13.800000190734863,48.79999923706055,18.700000762939453,15.73293399810791,1.5,79.5,24.799999237060547
2025-06-16,1160.0,,166.0,61.5,13.5,376.0,282.0,103.0,115.0,36.599998474121094,1.0499999523162842,5.099999904632568,117.0,127.0,1240.0,14879.6845703125,24.200000762939453,,170.0,17.174999237060547,4.840000152587891,2375.0,19.100000381469727,112.48672485351562,13.699999809265137,48.400001525878906,18.649999618530273,15.73293399810791,1.5,79.5,24.600000381469727
2025-06-18,1125.0,,167.5,60.5,13.5,376.0,282.0,103.0,115.5,36.20000076293945,1.0499999523162842,5.0,117.0,126.0,1240.0,14979.548828125,24.200000762939453,,169.0,17.100000381469727,4.820000171661377,2420.0,19.0,109.52655029296875,13.699999809265137,48.400001525878906,18.649999618530273,15.823352813720703,1.5,78.0,24.200000762939453
2025-06-19,1070.0,,165.5,60.0,13.114286422729492,372.0,278.0,99.5,114.0,35.599998474121094,1.0199999809265137,5.005000114440918,117.0,125.0,1240.0,14380.3671875,23.399999618530273,,169.0,17.149999618530273,4.78000020980835,2400.0,18.799999237060547,108.53982543945312,13.399999618530273,47.20000076293945,18.399999618530273,15.6425142288208,1.5,77.0,24.200000762939453
2025-06-20,,,,,,,,,,,,,,,1240.0,14679.9580078125,,,,,,2340.0,,,,,17.899999618530273,,1.5,,24.200000762939453
2025-06-23,1135.0,,164.5,60.0,13.114286422729492,358.0,275.0,99.0,115.0,35.29999923706055,1.0099999904632568,4.980000019073486,116.5,123.0,1240.0,14480.2314453125,22.700000762939453,,169.0,17.0,4.800000190734863,2380.0,18.5,107.05973815917969,13.0,45.599998474121094,18.100000381469727,15.371257781982422,1.5,75.25,24.299999237060547
2025-06-24,1125.0,,165.0,60.0,13.114286422729492,370.0,278.0,99.5,115.0,35.599998474121094,1.0499999523162842,4.980000019073486,117.0,122.0,1240.0,14630.0263671875,22.799999237060547,,167.0,17.299999237060547,4.800000190734863,2380.0,18.399999618530273,107.5531005859375,13.100000381469727,46.400001525878906,18.399999618530273,15.371257781982422,1.5,75.0,24.299999237060547
2025-06-25,1125.0,,166.0,59.5,13.16249942779541,372.0,278.0,99.25,116.0,35.599998474121094,1.0850000381469727,4.980000019073486,116.0,122.0,1240.0,14380.3671875,22.399999618530273,,167.0,17.149999618530273,4.760000228881836,2370.0,18.399999618530273,108.04646301269531,13.100000381469727,46.0,18.299999237060547,15.371257781982422,1.5,74.5,24.399999618530273
2025-06-26,1135.0,,165.0,58.5,13.114286422729492,376.0,278.0,102.0,115.0,35.400001525878906,1.0750000476837158,4.860000133514404,116.0,120.0,1205.0,14280.50390625,22.399999618530273,,167.0,17.200000762939453,4.760000228881836,2360.0,18.5,108.53982543945312,13.0,46.0,18.299999237060547,15.461676597595215,1.5,73.5,24.600000381469727
2025-06-27,1135.0,,164.5,58.0,13.017857551574707,374.0,277.0,103.0,115.0,35.599998474121094,1.1100000143051147,4.889999866485596,116.0,117.0,1205.0,14530.162109375,22.0,,167.0,17.350000381469727,4.739999771118164,2310.0,18.399999618530273,110.51327514648438,12.949999809265137,46.0,18.399999618530273,15.371257781982422,1.5,73.0,24.799999237060547
2025-06-30,1110.0,,166.0,58.0,13.210714340209961,374.0,285.0,105.0,115.0,36.0,1.1200000047683716,4.920000076293945,116.0,119.0,1205.0,14480.2314453125,21.799999237060547,,167.0,17.450000762939453,4.760000228881836,2330.0,18.5,110.51327514648438,12.899999618530273,46.0,18.350000381469727,15.280838012695312,1.5,70.5,24.799999237060547
2025-07-01,1115.0,,168.0,58.5,13.403571128845215,372.0,284.0,104.75,117.5,36.79999923706055,1.1200000047683716,4.940000057220459,118.0,118.0,1205.0,14480.2314453125,22.799999237060547,,167.0,17.799999237060547,4.829999923706055,2330.0,18.5,110.51327514648438,12.975000381469727,46.0,18.350000381469727,15.371257781982422,1.5,72.0,25.100000381469727
2025-07-02,1105.0,,169.5,59.0,13.403571128845215,370.0,286.0,106.0,117.0,37.0,1.100000023841858,4.940000057220459,118.0,118.0,1205.0,15079.412109375,23.0,,167.0,18.100000381469727,4.849999904632568,2320.0,18.200000762939453,111.5,12.899999618530273,46.0,18.399999618530273,15.461676597595215,1.5,72.0,25.399999618530273
2025-07-03,1105.0,,172.0,58.0,13.16249942779541,370.0,286.0,105.0,117.0,37.099998474121094,1.100000023841858,4.940000057220459,118.0,117.0,1205.0,15279.1396484375,23.200000762939453,,167.0,18.25,4.880000114440918,2320.0,18.200000762939453,113.47345733642578,12.75,46.400001525878906,18.399999618530273,15.552096366882324,1.5,71.5,25.799999237060547
2025-07-04,1100.0,,174.5,57.5,13.307143211364746,372.0,290.0,109.0,117.0,37.20000076293945,1.100000023841858,4.940000057220459,118.5,119.0,1205.0,15079.412109375,23.399999618530273,,167.0,19.0,4.880000114440918,2320.0,18.200000762939453,113.47345733642578,12.800000190734863,46.599998474121094,18.600000381469727,15.371257781982422,1.5,71.75,25.799999237060547
2025-07-07,1105.0,,175.0,58.0,13.403571128845215,370.0,294.0,111.0,118.0,37.20000076293945,1.125,4.940000057220459,117.0,117.0,1205.0,15179.275390625,23.799999237060547,,167.0,18.700000762939453,4.880000114440918,2300.0,18.200000762939453,114.4601821899414,12.899999618530273,46.599998474121094,18.899999618530273,15.371257781982422,1.5,71.5,26.399999618530273
2025-07-08,1090.0,,174.5,57.5,13.5,374.0,292.0,111.0,118.0,37.79999923706055,1.1950000524520874,5.050000190734863,119.0,116.0,1205.0,15279.1396484375,24.200000762939453,,167.0,18.399999618530273,4.840000152587891,2300.0,18.200000762939453,114.4601821899414,12.949999809265137,46.400001525878906,19.0,15.461676597595215,1.5,70.5,27.0
2025-07-09,1085.0,,174.0,57.25,13.5,374.0,294.0,110.0,119.0,37.400001525878906,1.1799999475479126,5.0,119.0,115.0,1205.0,15478.8671875,24.0,,167.0,18.049999237060547,4.869999885559082,2270.0,18.200000762939453,113.9668197631836,13.0,46.0,18.899999618530273,15.41646671295166,1.5,70.75,29.0
2025-07-10,1065.0,,172.5,57.5,13.210714340209961,374.0,292.0,109.0,117.0,37.400001525878906,1.2699999809265137,5.0,119.5,115.0,1205.0,16177.9130859375,24.200000762939453,,167.0,18.0,4.860000133514404,2250.0,18.200000762939453,113.9668197631836,12.75,46.0,,15.371257781982422,1.5,71.5,30.799999237060547
2025-07-11,1070.0,,171.0,57.0,13.210714340209961,374.0,296.0,109.0,117.0,37.25,1.2799999713897705,5.099999904632568,119.5,115.0,1180.0,15903.2880859375,24.799999237060547,,167.0,18.149999618530273,4.880000114440918,2245.0,18.200000762939453,113.47345733642578,12.75,46.400001525878906,19.200000762939453,15.371257781982422,1.5,70.5,30.399999618530273
2025-07-14,1045.0,,171.0,57.0,13.403571128845215,374.0,296.0,108.0,117.0,37.20000076293945,1.2599999904632568,5.0,119.5,109.0,1180.0,15978.185546875,25.200000762939453,,176.0,17.75,4.860000133514404,2230.0,17.899999618530273,112.48672485351562,12.699999809265137,45.79999923706055,19.100000381469727,15.371257781982422,1.5,70.5,29.600000381469727
2025-07-15,1090.0,,170.5,56.0,13.403571128845215,368.0,298.0,109.0,116.0,37.099998474121094,1.2725000381469727,5.0,121.0,109.0,1180.0,15778.4580078125,25.0,,172.0,17.899999618530273,4.860000133514404,2235.0,18.200000762939453,111.5,12.5,46.29999923706055,18.950000762939453,15.371257781982422,1.5,70.5,29.600000381469727
2025-07-16,1055.0,,173.0,56.0,13.114286422729492,369.0,300.0,108.0,116.0,37.0,1.2799999713897705,5.050000190734863,122.0,108.0,1180.0,15578.73046875,24.799999237060547,,172.0,17.799999237060547,4.880000114440918,2200.0,17.899999618530273,112.48672485351562,12.600000381469727,46.79999923706055,19.100000381469727,15.461676597595215,1.5,70.0,30.600000381469727
2025-07-17,1050.0,,174.5,56.5,13.114286422729492,369.0,305.0,108.0,116.0,37.20000076293945,1.2799999713897705,5.050000190734863,122.5,108.0,1180.0,16177.9130859375,25.0,,172.0,17.799999237060547,4.900000095367432,2210.0,18.0,112.48672485351562,13.199999809265137,46.79999923706055,19.149999618530273,15.371257781982422,1.5,69.5,30.700000762939453
2025-07-18,1060.0,,175.0,56.5,13.114286422729492,370.0,310.0,108.0,116.0,37.20000076293945,1.1050000190734863,5.050000190734863,124.5,107.0,1180.0,16277.7763671875,25.0,,172.0,17.75,4.880000114440918,2200.0,18.200000762939453,111.5,13.75,46.20000076293945,19.200000762939453,15.371257781982422,1.5,70.0,30.600000381469727
2025-07-21,1075.0,,174.0,56.5,13.403571128845215,366.0,312.0,108.0,116.0,37.5,1.0700000524520874,5.0,126.0,106.0,1180.0,16078.048828125,25.200000762939453,,172.0,17.950000762939453,4.860000133514404,2170.0,18.0,112.48672485351562,13.75,46.400001525878906,19.149999618530273,15.371257781982422,1.5,69.5,31.600000381469727
2025-07-22,1050.0,,175.0,56.5,13.403571128845215,366.0,308.0,108.0,115.0,37.20000076293945,1.059999942779541,5.0,127.0,106.0,1180.0,,25.299999237060547,,172.0,18.049999237060547,4.860000133514404,2170.0,17.899999618530273,111.5,13.75,46.400001525878906,19.149999618530273,15.280838012695312,1.2000000476837158,69.5,32.0
2025-07-23,1070.0,,174.5,56.5,13.403571128845215,358.0,306.0,107.0,115.0,37.400001525878906,1.0549999475479126,5.0,126.0,106.0,1180.0,16078.048828125,25.399999618530273,,172.0,17.850000381469727,4.840000152587891,2150.0,18.100000381469727,111.5,13.600000381469727,46.0,19.5,15.371257781982422,1.2000000476837158,69.5,33.0
2025-07-24,1105.0,,174.0,57.0,13.403571128845215,358.0,304.0,107.5,117.0,37.400001525878906,1.0549999475479126,5.099999904632568,127.0,106.0,1180.0,16177.9130859375,25.299999237060547,,172.0,17.850000381469727,4.900000095367432,2180.0,17.799999237060547,111.5,13.600000381469727,46.0,19.700000762939453,15.371257781982422,1.2000000476837158,69.5,32.79999923706055
2025-07-25,1130.0,,175.5,57.5,13.403571128845215,358.0,302.0,106.0,115.0,37.599998474121094,1.0399999618530273,5.099999904632568,126.5,105.0,1180.0,16377.640625,25.399999618530273,,172.0,18.149999618530273,4.860000133514404,2160.0,17.799999237060547,112.48672485351562,13.600000381469727,46.0,19.649999618530273,15.371257781982422,1.2000000476837158,70.0,32.79999923706055
2025-07-28,1200.0,,177.0,57.5,13.307143211364746,368.0,306.0,108.0,115.0,37.400001525878906,1.024999976158142,5.050000190734863,126.5,105.0,1180.0,16777.09375,25.600000381469727,,179.0,18.0,4.900000095367432,2200.0,17.899999618530273,112.48672485351562,13.600000381469727,46.400001525878906,19.799999237060547,15.371257781982422,1.2000000476837158,70.0,31.799999237060547
2025-07-29,1210.0,,169.0,57.5,13.5,364.0,306.0,107.0,115.0,37.599998474121094,1.0149999856948853,5.050000190734863,127.0,105.0,1170.0,16876.95703125,25.600000381469727,,174.0,17.899999618530273,4.900000095367432,2200.0,17.600000381469727,112.48672485351562,13.600000381469727,46.400001525878906,19.799999237060547,15.461676597595215,1.2000000476837158,70.0,32.0
2025-07-30,1190.0,,176.5,58.0,13.596428871154785,364.0,306.0,106.0,113.0,37.79999923706055,1.0299999713897705,5.099999904632568,126.0,106.0,1170.0,16777.09375,25.200000762939453,,174.0,18.149999618530273,4.880000114440918,2200.0,17.5,112.48672485351562,13.5,46.0,19.700000762939453,15.280838012695312,1.2000000476837158,70.0,31.600000381469727
2025-07-31,1150.0,,178.0,57.75,13.596428871154785,370.0,302.0,107.0,113.0,38.400001525878906,1.0549999475479126,5.150000095367432,127.0,107.0,1170.0,16827.02734375,25.200000762939453,,174.0,18.100000381469727,4.880000114440918,2170.0,17.399999618530273,113.47345733642578,13.699999809265137,45.79999923706055,19.799999237060547,15.371257781982422,1.2999999523162842,70.0,32.0
2025-08-01,1130.0,,175.0,57.5,13.596428871154785,370.0,304.0,107.0,112.0,38.20000076293945,1.0399999618530273,5.099999904632568,126.0,106.0,1170.0,16277.7763671875,25.049999237060547,,174.0,18.100000381469727,4.860000133514404,2180.0,17.600000381469727,111.5,13.5,45.400001525878906,19.700000762939453,15.371257781982422,1.2999999523162842,69.5,31.0
2025-08-05,1090.0,,174.5,58.5,13.596428871154785,365.0,302.0,105.0,113.0,38.0,1.0449999570846558,5.050000190734863,126.0,107.0,1170.0,17276.412109375,25.0,,174.0,17.875,4.820000171661377,2190.0,17.700000762939453,110.51327514648438,13.5,45.20000076293945,19.700000762939453,15.371257781982422,1.2999999523162842,69.5,30.0
2025-08-06,1060.0,,174.5,59.0,13.596428871154785,362.0,298.0,105.0,114.0,37.599998474121094,1.0549999475479126,5.150000095367432,125.0,114.0,1170.0,16677.232421875,25.0,,174.0,17.700000762939453,4.820000171661377,2180.0,17.399999618530273,109.52655029296875,13.399999618530273,45.20000076293945,19.600000381469727,15.280838012695312,1.2999999523162842,72.0,28.399999618530273
2025-08-07,1050.0,,175.0,59.0,13.596428871154785,358.0,300.0,105.0,114.0,37.0,1.0700000524520874,5.050000190734863,125.5,116.0,1170.0,16677.232421875,25.0,,174.0,17.950000762939453,4.820000171661377,2200.0,17.799999237060547,109.03318786621094,13.5,44.400001525878906,19.5,15.280838012695312,1.2999999523162842,72.5,27.799999237060547
2025-08-08,1045.0,,176.5,59.5,13.403571128845215,359.0,302.0,105.0,117.0,36.79999923706055,1.0700000524520874,5.099999904632568,126.5,120.0,1170.0,16577.3671875,24.799999237060547,,172.0,18.149999618530273,4.860000133514404,2210.0,17.5,108.53982543945312,13.399999618530273,44.599998474121094,19.350000381469727,15.190418243408203,1.2999999523162842,74.0,27.200000762939453
2025-08-11,1070.0,,179.0,60.0,13.210714340209961,364.0,302.0,106.0,120.0,37.0,1.0499999523162842,5.099999904632568,127.0,121.0,1170.0,16777.09375,25.0,,172.0,18.399999618530273,4.840000152587891,2250.0,18.200000762939453,110.51327514648438,13.399999618530273,44.400001525878906,19.5,15.280838012695312,1.2999999523162842,75.0,26.600000381469727
2025-08-12,1070.0,,178.5,60.0,13.403571128845215,358.0,300.0,105.0,123.0,36.79999923706055,1.065000057220459,5.099999904632568,127.0,122.0,1170.0,16827.02734375,25.0,,172.0,18.25,4.860000133514404,2240.0,18.399999618530273,109.52655029296875,13.5,44.599998474121094,19.600000381469727,15.280838012695312,1.2999999523162842,75.5,26.0
2025-08-13,1090.0,,179.5,59.5,13.307143211364746,364.0,303.0,107.0,122.0,36.79999923706055,1.0549999475479126,5.099999904632568,127.0,121.0,1170.0,17376.27734375,24.799999237060547,,174.0,18.5,4.869999885559082,2230.0,18.350000381469727,109.52655029296875,13.399999618530273,44.599998474121094,19.700000762939453,15.280838012695312,1.2999999523162842,75.5,26.0
2025-08-14,1005.0,,178.5,59.5,13.403571128845215,362.0,296.0,105.0,121.0,36.79999923706055,1.0549999475479126,5.150000095367432,126.5,120.0,1170.0,17176.548828125,24.600000381469727,,174.0,18.100000381469727,4.840000152587891,2170.0,18.5,109.52655029296875,13.5,44.0,19.5,15.190418243408203,1.2000000476837158,75.5,26.0
2025-08-15,1025.0,,178.0,60.0,13.307143211364746,362.0,300.0,106.0,127.0,36.79999923706055,1.0449999570846558,5.099999904632568,126.25,122.0,1170.0,16988.9453125,24.600000381469727,,174.0,17.899999618530273,4.940000057220459,2180.0,18.5,107.5531005859375,13.199999809265137,43.79999923706055,,15.009581565856934,1.2000000476837158,75.0,26.200000762939453
2025-08-18,1080.0,,178.0,59.5,13.307143211364746,362.0,296.0,108.0,125.0,36.79999923706055,1.0499999523162842,5.199999809265137,125.5,121.0,1030.0,16988.9453125,24.200000762939453,,174.0,18.100000381469727,4.920000076293945,2180.0,18.600000381469727,107.5531005859375,13.199999809265137,43.79999923706055,19.299999237060547,15.009581565856934,1.2000000476837158,75.0,26.200000762939453
2025-08-19,1070.0,,175.5,59.5,13.114286422729492,356.0,298.0,106.0,127.0,36.400001525878906,1.0475000143051147,5.099999904632568,125.5,120.0,1080.0,17288.75,24.0,,174.0,17.899999618530273,4.929999828338623,2185.0,18.399999618530273,107.5531005859375,13.0,43.900001525878906,19.200000762939453,14.828742027282715,1.2000000476837158,75.0,25.799999237060547
2025-08-20,1025.0,,177.5,59.5,13.114286422729492,353.0,298.0,105.0,126.0,36.20000076293945,1.034999966621399,5.099999904632568,125.0,120.0,1050.0,16889.009765625,24.0,,174.0,17.799999237060547,4.920000076293945,2160.0,18.200000762939453,107.5531005859375,13.0,43.79999923706055,19.200000762939453,14.873952865600586,1.2000000476837158,74.0,25.600000381469727
2025-08-21,1020.0,,176.0,59.5,13.017857551574707,355.0,299.0,106.0,125.0,36.400001525878906,1.0299999713897705,5.099999904632568,124.0,119.0,1030.0,17088.880859375,24.399999618530273,,165.0,17.899999618530273,4.880000114440918,2170.0,18.200000762939453,108.53982543945312,13.0,43.79999923706055,19.100000381469727,14.919161796569824,1.2000000476837158,74.5,25.600000381469727
2025-08-22,1035.0,,178.0,59.5,13.017857551574707,352.0,300.0,106.0,125.0,37.0,1.0399999618530273,5.050000190734863,125.5,118.0,1030.0,17888.359375,25.200000762939453,,165.0,18.25,5.0,2175.0,18.200000762939453,110.51327514648438,13.399999618530273,44.0,19.299999237060547,15.009581565856934,1.2000000476837158,74.5,27.0
2025-08-25,1030.0,,176.5,59.5,13.403571128845215,352.0,300.0,106.5,125.0,37.0,1.0199999809265137,5.050000190734863,125.5,118.0,1105.0,17888.359375,25.399999618530273,,165.0,18.0,5.0,2170.0,18.350000381469727,111.5,13.399999618530273,44.0,,15.190418243408203,1.2000000476837158,74.5,26.600000381469727
2025-08-26,1005.0,,174.0,59.5,13.403571128845215,346.0,298.0,105.0,123.0,36.400001525878906,1.0199999809265137,5.050000190734863,124.5,118.0,1105.0,17988.294921875,25.0,,165.0,17.799999237060547,5.0,2150.0,18.600000381469727,107.5531005859375,13.399999618530273,43.400001525878906,19.200000762939453,15.190418243408203,0.75,74.5,25.200000762939453
2025-08-27,1000.0,,174.5,59.0,13.114286422729492,334.0,298.0,106.0,123.0,36.599998474121094,1.0049999952316284,5.050000190734863,124.0,117.0,1105.0,17688.490234375,24.399999618530273,,165.0,17.700000762939453,4.960000038146973,2130.0,18.299999237060547,108.53982543945312,13.5,42.79999923706055,18.700000762939453,14.919161796569824,1.2999999523162842,74.0,25.200000762939453
2025-08-28,1000.0,,173.0,59.0,13.307143211364746,330.0,294.0,103.0,123.0,36.400001525878906,1.0,5.0,122.5,118.0,1105.0,17488.619140625,24.0,,156.0,17.649999618530273,4.960000038146973,2080.0,18.100000381469727,107.5531005859375,13.350000381469727,42.400001525878906,18.600000381469727,15.100000381469727,1.2999999523162842,74.0,25.399999618530273
2025-08-29,988.0,,174.0,60.0,13.307143211364746,334.0,294.0,104.0,123.0,36.400001525878906,0.9919999837875366,5.0,122.5,119.0,1105.0,17438.65234375,23.600000381469727,,151.0,17.5,4.960000038146973,1990.0,18.100000381469727,108.53982543945312,13.399999618530273,42.400001525878906,18.700000762939453,15.100000381469727,1.2999999523162842,75.0,26.600000381469727
2025-09-01,992.0,,176.0,60.5,13.403571128845215,338.0,300.0,105.0,124.0,36.599998474121094,1.0099999904632568,5.0,122.5,119.0,1105.0,17388.685546875,23.799999237060547,,152.0,17.450000762939453,4.940000057220459,1990.0,18.200000762939453,107.5531005859375,13.300000190734863,42.79999923706055,18.399999618530273,15.100000381469727,1.2999999523162842,75.5,27.0
2025-09-02,1000.0,,176.0,60.0,13.403571128845215,334.0,300.0,103.5,123.0,36.599998474121094,1.0,5.0,124.0,119.0,1105.0,17288.75,24.0,,152.0,17.799999237060547,4.940000057220459,1995.0,18.100000381469727,109.03318786621094,13.300000190734863,42.400001525878906,18.600000381469727,15.190418243408203,1.2999999523162842,75.5,27.0
2025-09-03,998.0,,178.0,60.25,13.789286613464355,332.0,300.0,104.0,123.0,36.599998474121094,1.0099999904632568,5.050000190734863,124.5,117.0,1065.0,17188.814453125,24.0,,152.0,17.700000762939453,4.940000057220459,2000.0,17.899999618530273,109.52655029296875,13.300000190734863,42.400001525878906,18.450000762939453,15.280838012695312,1.2999999523162842,78.0,27.799999237060547
2025-09-04,992.0,,177.5,60.0,13.789286613464355,334.0,302.0,105.0,124.0,36.400001525878906,1.0149999856948853,5.050000190734863,125.0,117.0,1065.0,17488.619140625,24.0,,152.0,18.049999237060547,4.940000057220459,2040.0,17.899999618530273,108.53982543945312,13.199999809265137,42.0,18.5,15.280838012695312,1.2999999523162842,79.5,27.799999237060547
2025-09-05,1020.0,,179.5,60.5,13.885714530944824,336.0,305.0,106.0,123.0,36.400001525878906,1.0199999809265137,5.099999904632568,125.5,117.0,1065.0,17088.880859375,24.200000762939453,,152.0,18.25,4.960000038146973,2080.0,18.100000381469727,109.52655029296875,13.100000381469727,42.20000076293945,18.799999237060547,15.280838012695312,1.2999999523162842,82.5,27.0
2025-09-08,1005.0,,178.5,60.5,13.5,334.0,304.0,106.0,124.0,36.79999923706055,1.0149999856948853,5.050000190734863,125.0,117.0,1035.0,17288.75,24.200000762939453,,152.0,18.0,4.960000038146973,2070.0,17.899999618530273,110.51327514648438,13.0,42.599998474121094,18.700000762939453,15.280838012695312,1.2999999523162842,82.75,27.799999237060547
2025-09-09,980.0,,178.5,61.5,13.307143211364746,334.0,304.0,104.0,124.0,36.20000076293945,1.0199999809265137,5.099999904632568,125.0,122.0,1035.0,,24.299999237060547,,145.0,18.049999237060547,4.940000057220459,2060.0,17.899999618530273,108.53982543945312,13.0,42.599998474121094,18.600000381469727,15.280838012695312,1.2999999523162842,84.5,28.0
2025-09-10,988.0,,182.5,64.0,13.5,334.0,306.0,106.0,125.0,36.25,1.0149999856948853,5.0,127.0,130.0,1035.0,16988.9453125,24.399999618530273,,145.0,18.5,4.940000057220459,2090.0,17.899999618530273,111.5,13.199999809265137,43.20000076293945,19.0,15.552096366882324,1.2999999523162842,87.5,27.799999237060547
2025-09-11,988.0,,183.0,64.0,13.451786041259766,348.0,310.0,106.0,129.0,36.20000076293945,1.0049999952316284,5.0,127.5,129.0,1035.0,16689.140625,24.399999618530273,,145.0,18.549999237060547,4.920000076293945,2080.0,18.200000762939453,110.51327514648438,13.300000190734863,43.400001525878906,18.799999237060547,15.552096366882324,1.2999999523162842,88.0,28.200000762939453
2025-09-12,982.0,,186.0,64.0,13.403571128845215,346.0,306.0,106.0,131.0,36.0,1.0149999856948853,5.099999904632568,128.5,129.0,1035.0,,24.200000762939453,,145.0,18.549999237060547,4.929999828338623,2090.0,18.0,109.52655029296875,13.300000190734863,43.20000076293945,18.700000762939453,15.552096366882324,1.2999999523162842,88.0,28.200000762939453
2025-09-15,984.0,,185.5,63.5,13.307143211364746,346.0,306.0,105.0,133.0,36.0,1.0149999856948853,5.0,129.0,129.0,1035.0,16789.07421875,24.399999618530273,,145.0,18.725000381469727,4.920000076293945,2090.0,18.0,110.51327514648438,13.199999809265137,43.400001525878906,18.799999237060547,15.552096366882324,1.2999999523162842,88.5,28.200000762939453
2025-09-16,978.0,,184.5,64.0,13.5,347.0,304.0,104.0,130.0,36.599998474121094,1.0149999856948853,5.0,129.0,128.0,1035.0,,24.200000762939453,,145.0,18.549999237060547,4.920000076293945,2110.0,18.200000762939453,113.47345733642578,13.25,43.0,18.5,15.280838012695312,1.2999999523162842,88.5,28.200000762939453
2025-09-17,970.0,,183.5,62.5,13.596428871154785,346.0,302.0,104.0,129.0,36.20000076293945,0.9959999918937683,5.099999904632568,126.5,126.0,1035.0,16339.3681640625,24.200000762939453,,145.0,18.399999618530273,4.920000076293945,2080.0,17.950000762939453,113.47345733642578,13.199999809265137,42.599998474121094,18.5,15.190418243408203,1.2999999523162842,87.0,28.0
2025-09-18,970.0,,184.5,63.0,13.5,346.0,304.0,105.0,129.0,36.20000076293945,0.9980000257492065,5.0,125.5,126.0,1035.0,16289.400390625,24.0,,145.0,18.5,4.920000076293945,2080.0,17.899999618530273,112.48672485351562,13.199999809265137,42.599998474121094,18.399999618530273,15.280838012695312,1.2999999523162842,87.0,28.0
2025-09-19,964.0,,182.5,63.0,13.307143211364746,338.0,302.0,103.0,128.0,36.400001525878906,0.9860000014305115,5.0,125.5,126.5,1035.0,16289.400390625,24.200000762939453,,159.0,18.450000762939453,4.920000076293945,2080.0,18.100000381469727,111.5,13.0,42.599998474121094,18.5,15.100000381469727,1.2999999523162842,88.5,28.0
2025-09-22,968.0,,182.0,63.0,13.596428871154785,338.0,302.0,103.0,127.0,36.400001525878906,0.9860000014305115,5.0,125.0,125.0,1035.0,,24.0,,157.0,18.399999618530273,4.900000095367432,2050.0,17.899999618530273,114.0,13.050000190734863,42.79999923706055,18.399999618530273,15.054789543151855,0.7599999904632568,88.0,28.0
2025-09-23,1085.0,,180.5,63.0,13.596428871154785,330.0,308.0,106.0,127.0,36.400001525878906,0.9739999771118164,5.0,124.0,125.0,1035.0,16189.4658203125,24.0,,157.0,18.299999237060547,4.900000095367432,2120.0,18.0,114.0,13.100000381469727,42.79999923706055,18.299999237060547,15.100000381469727,0.7599999904632568,88.0,28.0
2025-09-24,1050.0,,181.5,63.0,13.692856788635254,328.0,305.0,106.0,126.0,35.79999923706055,0.9559999704360962,5.0,123.0,125.0,1035.0,,24.0,,157.0,18.299999237060547,4.909999847412109,2110.0,18.100000381469727,113.0,13.050000190734863,42.79999923706055,18.299999237060547,15.100000381469727,0.7599999904632568,88.0,28.0
2025-09-25,1015.0,,180.5,62.75,13.5,328.0,306.0,104.0,124.0,35.0,0.949999988079071,5.0,123.5,125.0,1035.0,16189.4658203125,24.0,,157.0,18.100000381469727,4.900000095367432,2100.0,17.899999618530273,112.0,13.050000190734863,42.79999923706055,18.100000381469727,15.009581565856934,0.7599999904632568,88.0,28.0
2025-09-26,1004.0,,180.5,62.5,13.800000190734863,334.0,306.0,107.0,123.0,35.099998474121094,0.9399999976158142,5.0,123.5,126.0,1035.0,16489.26953125,24.0,,157.0,18.100000381469727,4.900000095367432,2120.0,17.899999618530273,116.0,13.100000381469727,41.79999923706055,18.100000381469727,15.009581565856934,0.7599999904632568,88.0,28.0
2025-09-29,1015.0,,179.5,63.0,13.800000190734863,334.0,304.0,106.0,123.0,35.0,1.1299999952316284,5.0,123.0,125.0,1035.0,16489.26953125,24.0,,157.0,17.950000762939453,4.880000114440918,2110.0,17.799999237060547,117.0,13.0,42.0,,15.100000381469727,0.8999999761581421,88.0,28.0
2025-09-30,988.0,,177.0,62.5,13.800000190734863,348.0,302.0,107.0,122.0,34.79999923706055,1.1200000047683716,5.0,122.0,125.0,1035.0,16889.009765625,24.0,,157.0,17.950000762939453,4.820000171661377,2110.0,17.799999237060547,116.0,13.0,41.599998474121094,18.0,15.100000381469727,0.8999999761581421,86.5,27.600000381469727
2025-10-01,994.0,,177.5,62.5,13.699999809265137,342.0,302.0,105.0,122.0,34.79999923706055,1.100000023841858,5.199999809265137,122.0,124.0,1035.0,16889.009765625,24.0,,152.0,17.979999542236328,4.820000171661377,2100.0,17.799999237060547,116.0,13.0,41.400001525878906,17.899999618530273,15.009581565856934,0.8999999761581421,86.5,27.600000381469727
2025-10-02,978.0,,178.5,62.5,13.699999809265137,354.0,306.0,105.0,122.0,34.400001525878906,1.0850000381469727,5.300000190734863,122.5,124.0,1040.0,17088.880859375,24.0,,152.0,17.950000762939453,4.820000171661377,2090.0,17.899999618530273,116.0,13.0,41.400001525878906,18.100000381469727,14.919161796569824,0.8999999761581421,85.0,27.600000381469727
2025-10-03,1010.0,,178.5,62.0,14.199999809265137,359.0,304.0,106.0,125.0,34.79999923706055,1.1299999952316284,5.199999809265137,124.0,124.0,1040.0,17388.685546875,24.200000762939453,,152.0,18.149999618530273,4.820000171661377,2110.0,18.0,117.0,13.0,41.79999923706055,18.100000381469727,15.009581565856934,0.8999999761581421,85.0,27.799999237060547
2025-10-06,1020.0,,179.0,62.0,14.699999809265137,368.0,306.0,107.0,124.0,35.400001525878906,1.149999976158142,5.199999809265137,123.5,122.0,1055.0,17588.5546875,24.399999618530273,,155.0,18.0,4.820000171661377,2190.0,17.899999618530273,121.0,12.899999618530273,41.79999923706055,19.700000762939453,15.190418243408203,0.8999999761581421,85.0,27.600000381469727
2025-10-07,1055.0,,178.0,62.5,15.0,380.0,306.0,108.0,125.0,35.20000076293945,1.149999976158142,5.199999809265137,123.0,122.0,1055.0,17688.490234375,24.600000381469727,,155.0,18.0,4.880000114440918,2320.0,18.0,122.0,12.899999618530273,41.79999923706055,19.600000381469727,15.100000381469727,0.8500000238418579,85.0,27.600000381469727
2025-10-08,1075.0,,179.0,62.0,14.800000190734863,384.0,312.0,109.0,127.0,35.79999923706055,1.1399999856948853,5.150000095367432,123.5,122.0,1055.0,17588.5546875,25.200000762939453,,155.0,18.049999237060547,4.940000057220459,2400.0,18.0,122.0,12.850000381469727,42.0,19.299999237060547,15.009581565856934,0.8500000238418579,84.0,27.600000381469727
2025-10-09,1030.0,,179.0,62.0,14.699999809265137,376.0,314.0,108.0,125.0,36.400001525878906,1.1050000190734863,5.199999809265137,123.5,120.0,1055.0,17688.490234375,25.600000381469727,,155.0,18.049999237060547,4.960000038146973,2530.0,17.850000381469727,124.0,13.100000381469727,42.099998474121094,19.200000762939453,15.100000381469727,0.800000011920929,83.5,27.600000381469727
2025-10-10,1005.0,,179.0,61.5,14.5,370.0,316.0,108.0,125.0,36.400001525878906,1.0800000429153442,5.150000095367432,122.5,123.0,1055.0,17088.880859375,25.600000381469727,,151.0,18.0,4.900000095367432,2640.0,17.5,124.0,13.0,42.20000076293945,19.0,15.100000381469727,0.800000011920929,84.5,27.600000381469727
2025-10-13,1002.0,,178.0,62.0,14.5,370.0,311.0,107.0,124.0,36.400001525878906,1.0674999952316284,5.050000190734863,122.5,123.0,1055.0,16689.140625,25.399999618530273,,151.0,17.850000381469727,4.860000133514404,2585.0,17.049999237060547,122.5,13.050000190734863,42.0,18.899999618530273,15.300000190734863,0.800000011920929,83.5,27.200000762939453
2025-10-14,1050.0,,183.5,61.5,14.5,372.0,314.0,108.0,124.0,36.400001525878906,1.0499999523162842,5.0,127.0,121.0,1055.0,16889.009765625,25.600000381469727,,151.0,18.200000762939453,4.860000133514404,2590.0,17.200000762939453,125.0,13.300000190734863,42.400001525878906,19.600000381469727,15.399999618530273,0.800000011920929,82.5,27.200000762939453
2025-10-15,1100.0,,184.0,61.5,14.699999809265137,370.0,314.0,107.0,125.0,36.79999923706055,1.0399999618530273,5.0,127.0,121.0,1055.0,17088.880859375,26.399999618530273,,151.0,18.25,4.920000076293945,2600.0,17.399999618530273,125.0,13.5,43.29999923706055,19.899999618530273,15.5,0.800000011920929,82.5,27.200000762939453
2025-10-16,1075.0,,184.0,61.5,14.699999809265137,367.0,316.0,108.0,124.5,36.400001525878906,0.949999988079071,4.960000038146973,126.0,121.0,1055.0,16489.26953125,26.200000762939453,,151.0,18.100000381469727,4.920000076293945,2620.0,17.200000762939453,125.0,13.600000381469727,43.599998474121094,19.899999618530273,15.449999809265137,0.800000011920929,82.5,27.200000762939453
2025-10-17,1040.0,,183.5,61.5,14.5,366.0,314.0,109.0,123.0,36.79999923706055,0.9300000071525574,4.960000038146973,125.5,120.0,1055.0,16089.5302734375,26.0,,151.0,18.0,4.980000019073486,2660.0,17.0,123.0,13.5,43.400001525878906,20.200000762939453,15.300000190734863,0.800000011920929,82.5,22.399999618530273
2025-10-20,1045.0,,182.0,62.0,14.5,348.0,314.0,109.0,125.0,37.0,0.878000020980835,4.960000038146973,125.5,120.0,1055.0,15989.595703125,26.0,,151.0,18.100000381469727,4.980000019073486,2620.0,17.100000381469727,122.0,13.600000381469727,43.400001525878906,20.0,15.600000381469727,0.800000011920929,83.0,20.799999237060547
2025-10-21,1020.0,,183.0,61.5,14.5,341.0,316.0,112.0,123.0,36.79999923706055,0.8379999995231628,4.880000114440918,124.25,119.0,1055.0,16289.400390625,26.0,,151.0,17.850000381469727,4.960000038146973,2660.0,17.100000381469727,123.0,13.800000190734863,42.79999923706055,20.0,15.449999809265137,0.800000011920929,83.0,19.600000381469727
2025-10-22,1010.0,,180.0,62.0,14.5,314.0,316.0,111.0,122.0,37.0,0.8679999709129333,4.920000076293945,122.5,119.0,1055.0,15989.595703125,25.799999237060547,,146.0,17.899999618530273,4.940000057220459,2630.0,17.100000381469727,123.0,13.699999809265137,42.599998474121094,20.0,15.5,0.800000011920929,82.75,19.600000381469727
2025-10-23,1020.0,,181.0,61.5,14.300000190734863,310.0,314.0,113.5,123.0,37.5,0.8500000238418579,4.960000038146973,122.5,119.0,1055.0,15889.66015625,26.200000762939453,,146.0,17.899999618530273,4.960000038146973,2610.0,17.200000762939453,125.0,13.649999618530273,42.900001525878906,19.799999237060547,15.5,0.800000011920929,82.0,19.600000381469727
2025-10-24,1010.0,,181.0,61.5,14.600000381469727,310.0,316.0,114.0,122.0,39.20000076293945,0.8180000185966492,4.940000057220459,124.0,119.0,1055.0,,26.799999237060547,,146.0,17.899999618530273,4.920000076293945,2650.0,17.299999237060547,128.0,13.850000381469727,43.79999923706055,19.799999237060547,15.5,0.800000011920929,83.0,19.600000381469727
2025-10-27,1025.0,,180.5,62.5,14.600000381469727,312.0,315.0,113.0,121.0,38.599998474121094,0.8240000009536743,4.880000114440918,122.0,122.0,1055.0,15789.7255859375,26.600000381469727,,146.0,17.700000762939453,4.960000038146973,2610.0,17.200000762939453,127.0,13.899999618530273,45.79999923706055,20.0,15.399999618530273,0.800000011920929,86.5,19.0
2025-10-28,984.0,,179.0,62.0,14.699999809265137,312.0,314.0,114.0,120.0,38.599998474121094,0.8199999928474426,4.880000114440918,121.0,120.0,1055.0,15689.7900390625,26.600000381469727,,146.0,17.5,4.920000076293945,2605.0,17.200000762939453,127.0,13.850000381469727,45.70000076293945,19.75,15.300000190734863,0.800000011920929,85.0,19.600000381469727
2025-10-29,980.0,,179.0,62.0,14.5,309.0,313.0,113.0,119.0,37.599998474121094,0.8240000009536743,4.880000114440918,122.5,119.0,1055.0,15689.7900390625,26.600000381469727,,140.0,17.399999618530273,4.949999809265137,2630.0,17.100000381469727,126.0,14.0,45.0,19.700000762939453,15.300000190734863,0.800000011920929,85.0,19.600000381469727
2025-10-30,980.0,,180.0,62.0,14.199999809265137,310.0,312.0,112.0,119.0,37.79999923706055,0.8199999928474426,4.840000152587891,122.0,119.0,1055.0,15589.85546875,26.399999618530273,,143.0,17.5,4.920000076293945,2550.0,17.0,126.0,13.949999809265137,44.70000076293945,19.799999237060547,15.199999809265137,0.800000011920929,83.5,19.600000381469727
2025-10-31,950.0,,176.0,61.0,14.199999809265137,308.0,316.0,111.0,117.0,37.79999923706055,0.8220000267028809,4.860000133514404,121.5,120.0,1055.0,15489.9208984375,26.799999237060547,,143.0,17.5,4.71999979019165,2480.0,16.5,125.0,13.899999618530273,44.599998474121094,19.700000762939453,15.100000381469727,0.800000011920929,85.0,19.200000762939453
2025-11-03,680.0,,173.0,60.5,13.699999809265137,303.0,310.0,110.0,118.0,37.0,0.8069999814033508,4.71999979019165,119.0,120.0,1055.0,15489.9208984375,26.0,,143.0,16.899999618530273,4.5,2500.0,16.200000762939453,122.5,13.800000190734863,42.79999923706055,19.200000762939453,15.0,0.800000011920929,85.5,19.0
2025-11-04,640.0,,173.0,60.75,13.300000190734863,294.0,314.0,111.0,116.0,36.79999923706055,0.7940000295639038,4.519999980926514,119.0,118.0,1055.0,17588.5546875,25.600000381469727,,143.0,16.549999237060547,4.400000095367432,2425.0,15.800000190734863,123.0,13.699999809265137,42.400001525878906,19.200000762939453,14.800000190734863,0.800000011920929,86.5,18.600000381469727
2025-11-05,636.0,,173.0,62.5,13.600000381469727,290.0,311.0,110.5,116.0,36.20000076293945,0.800000011920929,4.460000038146973,118.5,119.0,1055.0,17688.490234375,26.0,,143.0,16.450000762939453,4.360000133514404,2450.0,16.100000381469727,123.0,13.5,42.20000076293945,19.0,14.800000190734863,0.800000011920929,88.0,18.299999237060547
2025-11-06,660.0,,175.5,63.0,14.0,295.0,316.0,113.0,119.0,36.79999923706055,0.8479999899864197,4.599999904632568,122.0,122.0,1055.0,17288.75,25.799999237060547,,143.0,16.75,4.480000019073486,2450.0,16.600000381469727,127.0,13.75,42.29999923706055,19.200000762939453,15.0,0.800000011920929,93.0,18.0
2025-11-07,700.0,,176.0,63.0,14.100000381469727,295.0,314.0,112.0,119.0,36.79999923706055,0.8259999752044678,4.579999923706055,121.5,122.0,1055.0,17788.42578125,25.799999237060547,,143.0,16.649999618530273,4.480000019073486,2440.0,16.700000762939453,126.0,13.800000190734863,42.0,,15.199999809265137,0.800000011920929,96.5,18.0
2025-11-10,712.0,,174.0,63.5,14.300000190734863,296.0,314.0,112.0,118.0,37.20000076293945,0.8220000267028809,4.670000076293945,123.0,123.0,1055.0,17888.359375,26.0,,143.0,16.549999237060547,4.519999980926514,2440.0,16.700000762939453,127.0,13.75,42.599998474121094,19.299999237060547,15.0,0.800000011920929,99.0,18.0
2025-11-11,688.0,,176.0,63.0,14.300000190734863,298.0,314.0,110.0,118.0,37.20000076293945,0.8220000267028809,4.739999771118164,123.0,123.0,1055.0,17988.294921875,25.799999237060547,,143.0,16.450000762939453,4.400000095367432,2450.0,16.700000762939453,125.5,13.75,42.599998474121094,19.600000381469727,15.300000190734863,0.800000011920929,99.0,18.100000381469727
2025-11-12,716.0,,174.0,63.0,14.300000190734863,288.0,312.0,111.0,118.0,37.599998474121094,0.828000009059906,4.760000228881836,124.0,122.0,1055.0,18288.099609375,25.799999237060547,,143.0,16.5,4.420000076293945,2440.0,16.700000762939453,125.0,13.699999809265137,42.400001525878906,,15.0,0.800000011920929,98.5,18.0
2025-11-13,694.0,,176.5,63.5,14.300000190734863,267.0,314.0,111.0,116.0,37.099998474121094,0.8240000009536743,4.71999979019165,125.0,121.0,1055.0,17788.42578125,25.600000381469727,,143.0,16.799999237060547,4.380000114440918,2450.0,16.600000381469727,125.0,13.699999809265137,41.599998474121094,19.600000381469727,15.0,0.800000011920929,99.0,18.200000762939453
2025-11-14,696.0,,177.0,63.0,14.199999809265137,267.0,314.0,110.5,116.0,37.29999923706055,0.8140000104904175,4.820000171661377,126.0,119.0,1055.0,17088.880859375,25.600000381469727,,142.0,16.799999237060547,4.300000190734863,2450.0,16.799999237060547,125.5,13.600000381469727,42.0,19.899999618530273,15.100000381469727,0.800000011920929,98.5,18.0
2025-11-17,680.0,155.0,179.5,63.5,14.199999809265137,260.0,310.0,110.0,116.0,37.20000076293945,0.8159999847412109,4.820000171661377,128.0,119.0,1055.0,17188.814453125,25.799999237060547,,142.0,16.899999618530273,4.260000228881836,2450.0,16.799999237060547,125.0,13.649999618530273,41.400001525878906,20.049999237060547,15.199999809265137,0.800000011920929,98.5,18.200000762939453
2025-11-18,642.0,152.0,175.5,63.0,14.050000190734863,252.0,310.0,110.0,116.0,37.20000076293945,0.8059999942779541,4.820000171661377,126.5,119.0,1055.0,17038.912109375,25.600000381469727,,140.0,16.549999237060547,4.300000190734863,2420.0,16.75,124.0,13.649999618530273,41.0,20.049999237060547,15.199999809265137,0.800000011920929,98.0,18.0
2025-11-19,660.0,157.0,177.5,63.5,14.0,252.0,314.0,111.5,116.5,37.29999923706055,0.7940000295639038,4.900000095367432,127.0,118.0,1055.0,17188.814453125,25.600000381469727,,139.0,16.5,4.300000190734863,2450.0,16.700000762939453,125.0,13.850000381469727,41.400001525878906,20.100000381469727,15.149999618530273,0.800000011920929,98.0,18.0
2025-11-20,674.0,161.0,176.5,63.5,13.899999618530273,252.0,314.0,111.0,116.0,37.29999923706055,0.7979999780654907,4.900000095367432,126.0,118.5,1055.0,16789.07421875,25.200000762939453,,139.0,16.700000762939453,4.300000190734863,2450.0,16.600000381469727,125.0,13.850000381469727,41.20000076293945,20.0,15.149999618530273,0.800000011920929,97.0,19.399999618530273
2025-11-21,652.0,154.0,176.0,67.5,13.75,249.0,314.0,110.5,112.0,36.900001525878906,0.7960000038146973,4.900000095367432,126.0,124.0,1055.0,16988.9453125,25.0,,139.0,16.674999237060547,4.300000190734863,2435.0,16.799999237060547,124.5,13.800000190734863,41.29999923706055,20.100000381469727,15.199999809265137,0.6000000238418579,97.5,18.799999237060547
2025-11-24,670.0,157.0,178.5,68.0,13.699999809265137,258.0,318.0,111.0,111.0,36.79999923706055,0.800000011920929,4.900000095367432,128.0,124.5,1055.0,17688.490234375,24.799999237060547,,139.0,16.899999618530273,4.300000190734863,2450.0,16.700000762939453,125.0,13.699999809265137,40.400001525878906,19.700000762939453,15.0,0.6000000238418579,98.5,18.799999237060547
2025-11-25,656.0,158.0,179.5,68.5,13.899999618530273,270.0,322.0,110.0,111.0,36.400001525878906,0.8019999861717224,4.860000133514404,128.0,125.0,1055.0,17788.42578125,25.0,,119.0,16.950000762939453,4.300000190734863,2440.0,16.600000381469727,124.0,13.699999809265137,41.599998474121094,20.0,14.899999618530273,0.4000000059604645,99.0,18.799999237060547
2025-11-26,638.0,157.0,178.0,70.0,14.050000190734863,276.0,323.0,111.0,110.0,36.0,0.7979999780654907,4.820000171661377,129.0,125.0,1055.0,17988.294921875,25.0,,119.0,17.100000381469727,4.320000171661377,2430.0,16.899999618530273,124.5,13.899999618530273,41.900001525878906,20.200000762939453,14.899999618530273,0.4000000059604645,99.0,19.0
2025-11-27,640.0,157.0,178.5,72.0,14.199999809265137,280.0,323.0,113.0,110.0,36.20000076293945,0.7760000228881836,4.820000171661377,129.5,127.0,1055.0,17788.42578125,25.399999618530273,,119.0,16.975000381469727,4.320000171661377,2410.0,17.100000381469727,126.0,14.050000190734863,42.400001525878906,20.299999237060547,15.100000381469727,0.4000000059604645,99.5,19.0
2025-11-28,650.0,155.0,179.0,74.0,14.0,277.0,322.0,113.0,107.0,36.099998474121094,0.777999997138977,4.820000171661377,131.5,127.0,1055.0,17988.294921875,25.399999618530273,,125.0,16.700000762939453,4.380000114440918,2420.0,17.149999618530273,125.0,14.0,42.599998474121094,20.200000762939453,15.100000381469727,0.4000000059604645,101.0,19.399999618530273
2025-12-01,632.0,154.0,179.0,72.0,14.100000381469727,270.0,324.0,112.0,106.0,36.099998474121094,0.7799999713897705,4.820000171661377,131.0,122.0,1055.0,17788.42578125,25.399999618530273,,115.0,16.700000762939453,4.460000038146973,2410.0,17.200000762939453,124.0,13.899999618530273,42.599998474121094,20.600000381469727,15.75,0.4000000059604645,97.5,19.399999618530273
2025-12-02,610.0,154.0,180.5,72.0,14.0,266.0,324.0,112.0,106.0,35.900001525878906,0.7739999890327454,4.760000228881836,133.0,122.0,1000.0,17888.359375,25.600000381469727,,115.0,16.950000762939453,4.460000038146973,2420.0,18.0,124.0,13.899999618530273,42.5,21.399999618530273,16.100000381469727,0.4000000059604645,98.5,19.0
2025-12-03,560.0,152.0,183.0,72.0,14.300000190734863,260.0,327.0,113.5,106.0,36.20000076293945,0.765999972820282,4.820000171661377,134.0,122.0,1000.0,17988.294921875,25.799999237060547,,115.0,16.950000762939453,4.480000019073486,2400.0,18.0,126.0,14.0,42.70000076293945,21.399999618530273,16.600000381469727,0.4000000059604645,98.5,18.799999237060547
2025-12-04,610.0,156.0,186.5,71.0,14.399999618530273,264.0,332.0,115.0,106.0,36.599998474121094,0.7400000095367432,4.820000171661377,139.0,120.0,1000.0,17988.294921875,26.200000762939453,,112.0,17.700000762939453,4.480000019073486,2460.0,18.100000381469727,127.0,14.050000190734863,43.0,22.399999618530273,17.100000381469727,0.4000000059604645,97.5,18.399999618530273
2025-12-05,674.0,157.5,188.5,71.75,14.399999618530273,268.0,336.0,116.0,104.0,36.5,0.7900000214576721,4.860000133514404,142.0,121.0,1000.0,17988.294921875,26.200000762939453,,112.0,17.950000762939453,4.46999979019165,2600.0,18.100000381469727,126.0,14.100000381469727,44.20000076293945,22.399999618530273,17.0,0.4000000059604645,98.5,18.200000762939453
2025-12-08,690.0,159.0,189.0,73.0,14.399999618530273,264.0,336.0,116.0,104.0,37.20000076293945,0.800000011920929,4.920000076293945,142.5,124.0,1000.0,17988.294921875,26.200000762939453,,112.0,18.0,4.5,2760.0,17.899999618530273,127.0,14.25,44.599998474121094,22.600000381469727,17.0,0.4000000059604645,97.5,18.200000762939453
2025-12-09,708.0,159.0,189.0,73.5,14.0,264.0,332.0,115.0,106.0,37.20000076293945,0.7620000243186951,4.940000057220459,142.0,124.0,1000.0,17688.490234375,26.399999618530273,,113.0,17.950000762939453,4.5,2690.0,17.899999618530273,127.0,14.300000190734863,44.20000076293945,21.0,16.600000381469727,0.20000000298023224,98.0,18.200000762939453
2025-12-10,712.0,160.0,189.0,73.5,14.0,260.0,332.0,114.0,105.0,37.29999923706055,0.7620000243186951,4.920000076293945,140.5,123.0,1005.0,18787.775390625,26.0,,113.0,17.899999618530273,4.480000019073486,2650.0,17.899999618530273,125.0,14.199999809265137,44.20000076293945,20.399999618530273,16.5,0.20000000298023224,97.0,18.200000762939453
2025-12-11,710.0,161.0,189.0,73.5,14.100000381469727,254.0,326.0,113.5,104.0,37.20000076293945,0.7540000081062317,4.880000114440918,141.5,122.0,1005.0,19387.384765625,26.200000762939453,,113.0,17.899999618530273,4.460000038146973,2590.0,17.899999618530273,123.0,14.100000381469727,43.20000076293945,19.600000381469727,16.600000381469727,0.20999999344348907,97.0,18.100000381469727
2025-12-12,730.0,170.0,191.0,74.0,14.100000381469727,254.0,328.0,115.0,104.0,37.20000076293945,0.7799999713897705,4.900000095367432,142.0,123.0,1010.0,19400.0,26.200000762939453,,113.0,17.700000762939453,4.460000038146973,2650.0,17.899999618530273,126.0,14.600000381469727,43.5,19.700000762939453,16.5,0.27000001072883606,97.0,18.100000381469727
2025-12-15,708.0,165.0,190.0,73.5,13.800000190734863,258.0,328.0,114.0,105.0,37.599998474121094,0.8140000104904175,4.800000190734863,139.5,123.0,1010.0,19500.0,27.0,,113.0,17.649999618530273,4.369999885559082,2610.0,18.0,127.0,14.800000190734863,43.0,19.200000762939453,16.299999237060547,0.27000001072883606,97.0,18.299999237060547
2025-12-16,660.0,168.0,191.0,73.5,14.0,259.0,327.0,114.5,106.0,37.400001525878906,0.8090000152587891,4.820000171661377,142.0,124.0,1010.0,19400.0,27.200000762939453,,114.0,17.5,4.369999885559082,2560.0,17.799999237060547,127.5,14.699999809265137,43.20000076293945,19.399999618530273,16.299999237060547,0.27000001072883606,98.0,18.299999237060547
2025-12-17,648.0,166.0,192.0,74.0,14.0,256.0,326.0,115.0,104.0,37.599998474121094,0.8539999723434448,4.820000171661377,144.5,124.0,1010.0,19500.0,27.200000762939453,,114.0,17.5,4.360000133514404,2460.0,17.700000762939453,130.0,14.699999809265137,43.20000076293945,20.399999618530273,16.299999237060547,0.3199999928474426,97.5999984741211,18.200000762939453
2025-12-18,606.0,163.0,194.0,73.75,14.0,256.0,326.0,115.0,103.0,37.20000076293945,0.9100000262260437,4.78000020980835,144.5,124.0,1010.0,19350.0,27.399999618530273,,114.0,17.600000381469727,4.360000133514404,2470.0,17.399999618530273,130.0,14.600000381469727,43.599998474121094,20.200000762939453,16.299999237060547,0.3199999928474426,97.5,18.200000762939453
2025-12-19,618.0,162.0,192.5,73.75,13.800000190734863,270.0,324.0,115.0,101.0,37.20000076293945,0.9160000085830688,4.71999979019165,144.0,124.0,992.0,19100.0,27.399999618530273,,114.0,17.549999237060547,4.340000152587891,2615.0,17.799999237060547,128.0,14.600000381469727,43.20000076293945,20.0,16.200000762939453,0.3199999928474426,97.75,18.299999237060547
2025-12-22,620.0,162.0,193.5,74.0,13.600000381469727,270.0,322.0,114.0,103.0,37.0,0.9100000262260437,4.739999771118164,144.0,124.0,992.0,19200.0,27.399999618530273,,114.0,17.649999618530273,4.380000114440918,2640.0,17.600000381469727,127.0,14.5,43.0,19.799999237060547,16.299999237060547,0.33000001311302185,98.0,18.299999237060547
2025-12-23,634.0,170.0,196.25,74.5,13.600000381469727,272.0,324.0,115.0,103.0,37.20000076293945,0.9160000085830688,4.71999979019165,146.0,129.0,992.0,19500.0,27.200000762939453,,114.0,17.399999618530273,4.340000152587891,2620.0,17.799999237060547,128.0,14.5,43.20000076293945,19.799999237060547,16.299999237060547,0.33000001311302185,97.75,18.0
2025-12-29,628.0,175.0,199.0,73.0,13.600000381469727,270.0,328.0,116.0,102.0,37.20000076293945,0.9200000166893005,4.800000190734863,146.5,130.0,992.0,,27.200000762939453,,114.0,18.100000381469727,4.340000152587891,2590.0,17.799999237060547,128.0,14.600000381469727,43.400001525878906,19.899999618530273,16.399999618530273,0.3400000035762787,98.0,17.899999618530273
2025-12-30,632.0,182.0,202.0,73.5,13.800000190734863,272.0,324.0,117.0,102.0,37.20000076293945,0.8859999775886536,4.860000133514404,147.5,135.0,992.0,19300.0,27.200000762939453,,114.0,18.399999618530273,4.320000171661377,2570.0,17.799999237060547,129.0,14.600000381469727,43.5,19.899999618530273,16.700000762939453,0.36000001430511475,98.0,18.100000381469727
2026-01-02,632.0,184.0,203.0,73.5,13.899999618530273,274.0,326.0,117.0,101.0,37.400001525878906,0.8980000019073486,4.860000133514404,148.5,134.0,992.0,19000.0,27.399999618530273,,114.0,18.649999618530273,4.360000133514404,2560.0,18.100000381469727,129.0,14.699999809265137,43.599998474121094,20.0,16.5,0.36000001430511475,98.5,18.299999237060547
2026-01-05,624.0,184.0,201.0,74.0,13.899999618530273,272.0,326.0,117.0,101.0,37.400001525878906,0.8840000033378601,4.860000133514404,146.5,133.0,992.0,19100.0,27.200000762939453,750.0,114.0,18.399999618530273,4.21999979019165,2510.0,17.899999618530273,127.0,14.550000190734863,43.0,19.899999618530273,16.200000762939453,0.36000001430511475,98.0,18.0
2026-01-06,,174.5,,,,,,,,,,4.860000133514404,,,992.0,19050.0,,,114.0,,,2770.0,,,,,19.850000381469727,,0.36000001430511475,,
2026-01-07,590.0,172.5,201.0,73.5,13.600000381469727,272.0,328.0,117.0,103.0,37.400001525878906,0.9120000004768372,4.820000171661377,148.0,136.0,992.0,19450.0,27.200000762939453,,114.0,18.799999237060547,4.21999979019165,2670.0,17.5,126.0,14.600000381469727,42.900001525878906,20.399999618530273,16.0,0.36000001430511475,98.25,17.799999237060547
2026-01-08,592.0,177.0,200.0,73.5,13.550000190734863,270.0,327.0,116.0,103.0,37.0,0.9399999976158142,4.820000171661377,148.0,134.0,992.0,20000.0,27.200000762939453,,114.0,18.850000381469727,4.260000228881836,2790.0,17.5,126.0,14.600000381469727,42.900001525878906,,16.200000762939453,0.36000001430511475,98.5,17.799999237060547
2026-01-09,600.0,196.0,204.0,73.5,13.699999809265137,268.0,332.0,119.0,108.0,37.400001525878906,0.9559999704360962,4.78000020980835,150.0,134.0,992.0,20000.0,27.200000762939453,,114.0,19.299999237060547,4.269999980926514,2880.0,17.399999618530273,127.0,14.5,44.400001525878906,20.600000381469727,16.100000381469727,0.36000001430511475,98.5,17.799999237060547
2026-01-12,600.0,206.0,205.0,73.5,13.75,268.0,334.0,121.0,108.0,37.20000076293945,0.9340000152587891,4.78000020980835,150.5,135.0,992.0,19600.0,27.299999237060547,,114.0,19.424999237060547,4.289999961853027,2980.0,17.5,127.0,14.800000190734863,43.79999923706055,20.399999618530273,16.200000762939453,0.36000001430511475,98.0,17.899999618530273
2026-01-13,596.0,202.0,200.0,74.0,13.699999809265137,270.0,332.0,118.0,107.0,36.400001525878906,0.9120000004768372,4.739999771118164,148.0,133.0,992.0,19800.0,27.399999618530273,,114.0,19.0,4.320000171661377,2900.0,17.5,126.0,14.800000190734863,43.599998474121094,20.399999618530273,16.200000762939453,0.3400000035762787,98.5,17.899999618530273
2026-01-14,606.0,190.0,201.0,77.0,13.600000381469727,268.0,340.0,121.0,105.0,36.599998474121094,0.9200000166893005,4.739999771118164,148.5,134.0,992.0,,27.399999618530273,,114.0,19.25,4.320000171661377,2890.0,17.5,126.0,15.100000381469727,43.599998474121094,20.5,16.0,0.3700000047683716,99.0,17.899999618530273
2026-01-15,622.0,195.0,205.0,78.5,13.899999618530273,268.0,348.0,124.0,106.0,36.599998474121094,0.9200000166893005,4.679999828338623,150.0,140.0,992.0,19600.0,27.200000762939453,,114.0,19.450000762939453,4.269999980926514,3030.0,17.600000381469727,127.0,15.199999809265137,43.70000076293945,20.700000762939453,16.100000381469727,0.4000000059604645,103.0,17.799999237060547
2026-01-16,614.0,202.0,203.0,79.5,13.899999618530273,267.0,352.0,124.0,107.0,36.900001525878906,0.9229999780654907,4.599999904632568,148.0,140.0,952.0,20000.0,27.600000381469727,,117.0,19.600000381469727,4.320000171661377,3050.0,17.5,127.0,15.199999809265137,43.79999923706055,,16.5,0.4099999964237213,103.0,17.899999618530273
2026-01-19,608.0,204.0,201.0,79.5,13.899999618530273,266.0,348.0,122.0,108.0,37.0,0.8999999761581421,4.599999904632568,145.5,140.5,952.0,19850.0,27.399999618530273,,117.0,19.25,4.360000133514404,3090.0,17.600000381469727,128.0,15.199999809265137,43.5,20.0,16.5,0.4099999964237213,103.5,17.799999237060547
2026-01-20,604.0,202.0,200.0,80.0,13.899999618530273,266.0,348.0,125.0,107.0,37.0,0.8700000047683716,4.559999942779541,143.5,139.0,952.0,19300.0,27.0,,117.0,18.950000762939453,4.320000171661377,3150.0,17.700000762939453,127.0,15.100000381469727,42.599998474121094,19.700000762939453,16.100000381469727,0.4099999964237213,104.0,17.799999237060547
2026-01-21,618.0,202.5,200.0,79.75,13.899999618530273,270.0,348.0,125.0,106.5,37.0,0.8899999856948853,4.739999771118164,144.0,142.0,952.0,19500.0,27.200000762939453,700.0,117.0,19.0,4.340000152587891,3320.0,17.700000762939453,128.0,15.399999618530273,42.79999923706055,19.700000762939453,16.100000381469727,0.33000001311302185,103.0,17.799999237060547
2026-01-22,640.0,207.0,199.5,83.0,13.850000381469727,270.0,344.0,125.0,108.0,37.0,0.8880000114440918,4.820000171661377,143.5,144.0,994.0,19650.0,27.0,,117.0,19.0,4.480000019073486,3325.0,17.700000762939453,127.0,15.600000381469727,43.400001525878906,19.700000762939453,16.200000762939453,0.33000001311302185,106.5,17.299999237060547
2026-01-23,644.0,220.0,198.5,83.0,13.800000190734863,270.0,344.0,125.0,107.0,36.79999923706055,0.878000020980835,4.820000171661377,140.0,146.0,994.0,19400.0,27.100000381469727,,110.0,18.899999618530273,4.539999961853027,3350.0,17.600000381469727,127.0,15.800000190734863,43.20000076293945,19.5,16.100000381469727,0.33000001311302185,105.0,17.100000381469727
2026-01-26,644.0,240.0,197.5,85.5,13.899999618530273,270.0,346.0,124.0,111.0,37.0,0.8700000047683716,5.0,140.5,154.0,994.0,19000.0,27.0,,105.0,18.850000381469727,4.630000114440918,3295.0,17.600000381469727,128.0,15.899999618530273,44.5,19.700000762939453,16.350000381469727,0.33000001311302185,108.0,17.299999237060547
2026-01-27,658.0,234.0,196.0,85.5,13.899999618530273,270.0,346.0,124.0,112.0,37.0,0.8600000143051147,4.960000038146973,142.0,152.0,994.0,18900.0,27.0,700.0,105.0,18.549999237060547,4.619999885559082,3300.0,17.600000381469727,127.0,15.699999809265137,44.400001525878906,19.75,16.200000762939453,0.33000001311302185,107.0,17.299999237060547
2026-01-28,638.0,240.0,199.5,85.0,13.899999618530273,268.0,350.0,124.0,114.0,36.79999923706055,0.8360000252723694,4.960000038146973,144.0,151.5,994.0,18500.0,26.799999237060547,,86.0,18.350000381469727,4.519999980926514,3420.0,17.5,128.0,15.5,44.20000076293945,19.600000381469727,16.200000762939453,0.33000001311302185,106.0,17.0
2026-01-29,666.0,244.0,197.5,86.0,13.899999618530273,270.0,344.0,124.0,113.0,36.79999923706055,0.8240000009536743,5.050000190734863,143.5,154.0,954.0,19000.0,26.600000381469727,,83.5,18.450000762939453,4.519999980926514,3460.0,17.5,128.0,15.5,44.0,19.700000762939453,16.200000762939453,0.33000001311302185,108.0,17.0
2026-01-30,640.0,230.0,200.0,85.0,13.800000190734863,260.0,348.0,125.0,112.0,36.79999923706055,0.800000011920929,5.050000190734863,145.0,148.0,956.0,19100.0,27.0,,83.5,18.649999618530273,4.519999980926514,3480.0,17.5,128.0,15.600000381469727,44.400001525878906,19.5,16.200000762939453,0.33000001311302185,105.0,17.100000381469727
2026-02-02,656.0,216.0,200.0,85.0,13.800000190734863,260.0,346.0,123.0,113.0,36.79999923706055,0.7860000133514404,4.920000076293945,143.5,148.0,956.0,19700.0,27.0,,80.5,18.850000381469727,4.519999980926514,3550.0,17.399999618530273,127.0,15.600000381469727,45.0,19.5,16.100000381469727,0.4000000059604645,106.0,17.100000381469727
2026-02-03,650.0,222.0,199.5,83.75,13.899999618530273,256.0,348.0,123.0,112.0,36.79999923706055,0.8199999928474426,5.125,142.5,145.0,956.0,19900.0,27.0,,80.5,18.649999618530273,4.519999980926514,3560.0,17.399999618530273,126.0,15.5,45.0,19.600000381469727,16.399999618530273,0.4000000059604645,106.0,17.100000381469727
2026-02-04,642.0,220.0,199.0,84.5,13.899999618530273,256.0,344.0,123.0,113.0,36.79999923706055,0.8299999833106995,5.300000190734863,144.0,141.0,956.0,20000.0,26.799999237060547,,89.0,18.899999618530273,4.519999980926514,3400.0,17.399999618530273,129.0,15.300000190734863,45.400001525878906,19.700000762939453,16.5,0.4000000059604645,105.0,16.899999618530273
2026-02-05,628.0,200.0,199.0,83.0,13.800000190734863,240.0,342.0,121.0,113.0,36.400001525878906,0.7919999957084656,5.0,141.5,142.0,956.0,20000.0,27.0,,89.0,18.75,4.440000057220459,3220.0,17.299999237060547,127.0,15.100000381469727,45.400001525878906,19.600000381469727,16.600000381469727,0.4000000059604645,106.0,17.0
2026-02-06,622.0,202.0,201.0,85.0,14.300000190734863,244.0,344.0,123.0,115.0,37.0,0.828000009059906,5.0,145.0,147.0,956.0,20000.0,27.200000762939453,,88.0,18.950000762939453,4.440000057220459,3440.0,17.299999237060547,126.0,15.100000381469727,45.599998474121094,19.799999237060547,17.200000762939453,0.4000000059604645,108.0,17.0
2026-02-09,620.0,204.0,201.0,84.5,14.25,244.0,340.0,121.0,114.0,37.0,0.8100000023841858,5.0,142.0,145.0,956.0,20600.0,27.0,,88.0,19.100000381469727,4.460000038146973,3440.0,17.200000762939453,126.0,15.100000381469727,46.0,19.600000381469727,17.100000381469727,0.4000000059604645,108.0,17.200000762939453
2026-02-10,614.0,209.0,200.0,85.5,14.300000190734863,240.0,342.0,122.0,115.0,37.099998474121094,0.8019999861717224,5.150000095367432,143.0,145.0,990.0,20400.0,27.0,,88.0,18.950000762939453,4.440000057220459,3390.0,17.100000381469727,127.0,15.100000381469727,46.400001525878906,19.5,17.100000381469727,0.4000000059604645,108.0,17.399999618530273
2026-02-11,606.0,206.0,199.5,86.0,14.300000190734863,236.0,346.0,121.0,114.0,37.0,0.7879999876022339,5.0,140.5,144.0,990.0,20400.0,27.0,,88.0,18.950000762939453,4.400000095367432,3450.0,17.100000381469727,127.0,15.0,45.79999923706055,19.5,17.100000381469727,0.4000000059604645,109.5,17.5
2026-02-12,582.0,206.0,198.75,85.5,14.100000381469727,230.0,342.0,120.0,114.0,37.0,0.7799999713897705,4.900000095367432,141.5,143.0,990.0,20400.0,27.0,,88.0,18.049999237060547,4.380000114440918,3500.0,17.200000762939453,127.0,15.0,45.20000076293945,19.100000381469727,16.799999237060547,0.4000000059604645,109.0,17.5
2026-02-13,580.0,197.0,197.0,86.0,14.350000381469727,228.0,336.0,120.0,115.0,37.599998474121094,0.7900000214576721,4.920000076293945,139.0,144.0,990.0,20000.0,27.200000762939453,,88.0,17.899999618530273,4.360000133514404,3500.0,17.200000762939453,127.0,15.100000381469727,44.0,18.700000762939453,17.0,0.4000000059604645,109.0,17.5
2026-02-16,578.0,195.0,197.0,86.0,14.399999618530273,228.0,334.0,120.0,113.0,38.0,0.8059999942779541,4.920000076293945,138.5,144.0,990.0,20000.0,26.799999237060547,,88.0,17.825000762939453,4.329999923706055,3470.0,17.0,127.0,15.100000381469727,44.0,18.700000762939453,17.0,0.4000000059604645,108.0,17.5
2026-02-17,548.0,184.0,198.5,85.0,14.300000190734863,224.0,334.0,120.0,113.0,38.20000076293945,0.8019999861717224,4.920000076293945,140.0,143.0,990.0,19950.0,27.200000762939453,,88.0,18.299999237060547,4.329999923706055,3530.0,17.200000762939453,131.0,15.0,43.0,,17.0,0.4000000059604645,109.5,17.5
2026-02-18,544.0,182.0,198.25,85.0,14.300000190734863,224.0,340.0,120.0,113.0,38.20000076293945,0.7900000214576721,4.920000076293945,140.0,141.0,990.0,20200.0,27.399999618530273,,88.0,18.0,4.28000020980835,3530.0,17.0,130.0,14.399999618530273,43.0,,16.899999618530273,0.4000000059604645,108.0,17.700000762939453
2026-02-19,524.0,170.0,196.0,85.0,14.199999809265137,221.0,341.0,120.25,112.0,37.599998474121094,0.7820000052452087,4.900000095367432,139.5,140.0,990.0,20050.0,27.0,,88.0,17.975000381469727,4.239999771118164,3500.0,16.899999618530273,128.0,14.100000381469727,42.400001525878906,18.899999618530273,17.0,0.44999998807907104,108.5,17.700000762939453
2026-02-20,514.0,186.0,199.5,85.0,14.199999809265137,242.0,344.0,122.0,112.0,37.29999923706055,0.7820000052452087,4.960000038146973,140.0,139.0,990.0,20200.0,27.399999618530273,,88.0,18.200000762939453,4.289999961853027,3570.0,16.799999237060547,130.0,14.399999618530273,42.099998474121094,19.0,17.299999237060547,0.4699999988079071,108.0,17.700000762939453
2026-02-23,494.0,182.0,200.0,84.5,14.199999809265137,252.0,346.0,122.0,112.0,36.79999923706055,0.7879999876022339,4.960000038146973,139.5,140.0,990.0,20100.0,27.399999618530273,,88.0,18.5,4.289999961853027,3490.0,16.799999237060547,130.0,14.399999618530273,42.099998474121094,18.299999237060547,17.100000381469727,0.4699999988079071,108.25,17.600000381469727
2026-02-24,506.0,187.0,198.5,84.5,14.199999809265137,247.0,344.0,121.0,111.0,36.79999923706055,0.7799999713897705,5.0,139.0,139.0,990.0,19500.0,27.399999618530273,,88.0,18.600000381469727,4.320000171661377,3500.0,16.899999618530273,129.0,14.300000190734863,42.400001525878906,19.0,16.899999618530273,0.4699999988079071,108.0,17.600000381469727
2026-02-25,502.0,198.0,201.0,85.0,14.300000190734863,248.0,348.0,121.0,113.0,37.20000076293945,0.7720000147819519,5.150000095367432,139.5,141.0,,19100.0,27.799999237060547,,,18.899999618530273,4.320000171661377,3670.0,16.899999618530273,131.0,14.199999809265137,42.20000076293945,19.0,17.5,,109.0,17.899999618530273
