Date,BRIM.IC,EIK.IC,EIM.IC,FESTI.IC,HAGA.IC,HAMP.IC,HEIMAR.IC,ICESEA.IC,ICEAIR.IC,REITIR.IC,SIMINN.IC,SJOVA.IC,SKEL.IC,SYN.IC
2016-12-12 00:00:00+00:00,-0.0018148543900243785,-0.00475286963490229,0.0,0.0,0.004686035747897277,0.0,0.003937022951637115,0.0,-0.02315786261307562,-0.003260902736497928,-0.003174600050953491,0.0010067344769659758,-0.011594191681209676,-0.012219928569597305
2016-12-13 00:00:00+00:00,-0.007272755015980126,0.0,-0.0239520958083832,-0.012935353748833922,-0.009328358474513854,0.0,0.0,0.0,0.0,-0.0054525628859313224,0.0,0.0023466206839843906,-0.030791793674664336,0.0061855512795989664
2016-12-14 00:00:00+00:00,0.0,0.004775567283634041,0.010736196319018454,0.00806454714081517,0.025423772648059506,0.0,0.01568625955020675,0.0,0.012931001172197254,0.009868438113980194,0.0063694204644377805,0.013377913833897637,0.0015128217613757933,0.013319703607398203
2016-12-15 00:00:00+00:00,-0.023809510501666242,0.007129259125629339,0.0,0.33499999999999996,-0.006427957463989276,0.0,-0.005791491148245287,0.0,-0.0234042228536403,0.0,-0.01265829088137238,-0.0033002797570629294,-0.004531681796042464,-0.003033397847615915
2016-12-16 00:00:00+00:00,0.0,0.006134929565370317,0.0,-0.011235955056179803,0.012939016315763885,0.0,0.0,0.0,0.006535930873366125,-0.003257279341297492,0.0032052016822570195,0.0,0.0015174130217205928,0.0010141833232111264
2016-12-19 00:00:00+00:00,-0.0018761440066130675,0.0009381077884595967,-0.01365705614567525,-0.018939393939393923,-0.005474438708708229,0.0,0.0038835099599894285,0.0,0.006493489872433145,0.014161169707481713,0.0031948850152176966,0.0033112076687034087,0.0075757865844463534,-0.00303946739249239
2016-12-20 00:00:00+00:00,-0.013157908889112169,0.0037488248891297538,0.0,-0.01158301158301156,0.0,0.0,-0.0019342802193930142,0.0,0.0021505048198084964,0.0,0.009554130696656893,0.0,-0.006015031771336776,-0.007113867548595665
2016-12-21 00:00:00+00:00,0.003809538341703833,0.0028010955055404185,-0.003076923076923088,0.0,-0.00366973876953125,0.0,0.001938028910378975,0.0,0.023605200103798962,0.007518846284742864,0.006309142096266429,-0.0033002797570629294,0.015128578307516571,0.0
2016-12-22 00:00:00+00:00,-0.013282746732552586,0.008379902654180427,0.0092592592592593,0.015625,0.0,0.0,0.009671179741227665,0.0,0.0,0.009594817347583273,-0.012539172769758689,0.006622478494644701,0.014903115359770513,0.042988789240819836
2016-12-23 00:00:00+00:00,0.0,0.0,0.0,-0.0038461538461538325,0.005524847905629349,0.0,0.003831432184220329,0.0,0.0020964040360935687,-0.0084476816065846,0.00317460005095338,0.0,-0.004405247169348314,-0.004906771270979937
2016-12-27 00:00:00+00:00,0.0,-0.010156939746275073,0.0,0.0,-0.0036629478723699815,0.0,-0.003816808341898237,0.0,-0.014644367659251478,-0.002129974168121773,0.0,-0.006578909805936672,-0.0044248095693196765,0.005917144626156334
2016-12-28 00:00:00+00:00,0.008653860825758697,0.0009327681864219617,-0.010703363914373099,-0.0038610038610038533,-0.003676484509735012,0.0,0.003831432184220329,0.0,-0.021231423193133314,0.008537919720527976,-0.003164553858114205,0.0,-0.008888880411783817,0.0
2016-12-29 00:00:00+00:00,0.0028598228598621933,-0.004659761341436752,-0.0030911901081916993,-0.003875968992248069,-0.0018450606533337854,0.0,0.0,0.0,0.0021692471177519046,-0.005291005291005346,-0.003174600050953491,-0.006622541651882585,-0.005979067490418877,0.0
2016-12-30 00:00:00+00:00,-0.01140681542826072,0.001872612688940123,0.0,0.0038910505836575737,-0.0018484006828378696,0.0,0.0,0.0,0.0,-0.005319148936170248,-0.0031847102322188903,0.0,0.018045095314010107,0.0
2017-01-02 00:00:00+00:00,0.0019230475792517687,0.008411229363757489,0.007751937984496138,0.023255813953488413,0.006481453224464806,0.0,0.003816735542334193,0.0,0.01839823506676086,0.01497327835164608,0.009584655045652868,0.026666641235351562,0.01920238032602284,0.007843167174096166
2017-01-03 00:00:00+00:00,0.011516359047810454,0.0,-0.018461538461538418,0.0,0.0018399685671743882,0.0,-0.0038022234609110805,0.0,-0.011689675791265897,0.0,0.0,-0.006493469498212501,-0.005797095840604838,0.0
2017-01-04 00:00:00+00:00,0.0,0.007414265429924516,0.0015673981191222097,-0.003030256791548336,-0.008264476705861501,0.0,0.01717552833919589,0.0,-0.010752688172043001,0.0010537246840172099,-0.003164553858114205,0.013071882795547163,-0.00583089811581905,0.0
2017-01-05 00:00:00+00:00,0.0,-0.007359698670497239,-0.003129890453834161,0.003039467157545106,-0.020370342113353535,0.0,0.007504719167064744,0.0,-0.015217407889988155,0.0010526155170640372,0.00317460005095338,0.0,-0.0014663091833031494,0.007782056406754112
2017-01-06 00:00:00+00:00,0.034155582751459246,-0.0027803274399678113,-0.026687598116169498,-0.018939393939393923,-0.0283553867057299,0.0,-0.005586577891961375,0.0,-0.013244999651793044,-0.009463738594315707,-0.009493661574342727,-0.0032258187570879393,-0.007342101955627567,-0.005791491148245287
2017-01-09 00:00:00+00:00,0.03853208209396497,0.0,0.004838709677419395,-0.02316602316602312,-0.003891065311325992,0.0,-0.0056180345165800505,0.0,-0.015659972057983085,0.0,0.0,-0.003236258339943676,-0.0014793237490008382,-0.009708737864077666
2017-01-10 00:00:00+00:00,0.03533568999855086,-0.01486987397850048,0.0016051364365972098,0.0,0.003906264842953311,0.0,-0.0075329137980405525,0.0,0.004545471884987551,-0.010615711596566713,-0.003194961187284906,0.0032467657125587746,-0.007407435664424145,0.0
2017-01-11 00:00:00+00:00,-0.006825899685957926,-0.009433997912352998,0.012820512820512775,-0.0019762845849802257,-0.0019455697636119318,0.0,-0.013282746732552586,0.0,0.006787312938512091,-0.013412017606547533,-0.0096153757981291,-0.009708713293337445,-0.0089552155951661,-0.0137255051556755
2017-01-12 00:00:00+00:00,-0.010309317542147367,-0.006666637602306569,-0.009493670886076,-0.005940594059405946,-0.007797226454784645,0.0,-0.0038461685180664062,0.0,-0.017977510945180852,-0.004893931084037795,-0.016181214791303855,-0.0032679862818002503,-0.00150598678399827,-0.00397615836924492
2017-01-13 00:00:00+00:00,0.0,0.001917497939039503,0.0,0.0,0.005893894461044713,0.0,0.0019305461446186278,0.0,0.0068649709799311065,-0.003278721877134516,0.0032894705884014552,-0.0032787010317942844,-0.012066353291880882,0.0029940425239012303
2017-01-16 00:00:00+00:00,0.0,0.0047847073346865,-0.006389776357827448,0.0,-0.003906264842953311,0.0,0.0,0.0,0.0,0.0010965581892770082,-0.00327868544904808,0.02631582744894323,0.0,0.0
2017-01-17 00:00:00+00:00,0.01041670667904504,-0.014285677955264142,-0.020900321543408373,-0.007968127490039834,-0.01568625955020675,0.0,-0.018304445761254007,0.0,-0.020454580133611455,-0.0032859040715227383,0.0032894705884014552,0.0,0.0,-0.008955239063471732
2017-01-18 00:00:00+00:00,-0.010309317542147367,-0.0193237444993265,-0.021346469622331665,-0.012048192771084376,-0.013944238093642314,0.0,-0.008832203262041594,0.0,-0.011600928484956197,-0.009890126658009923,-0.00327868544904808,-0.00320514035334607,-0.018320665481198595,-0.0010040007595690792
2017-01-19 00:00:00+00:00,0.0,0.027093653452216593,0.030201342281879207,0.020325203252032464,0.01616160074869799,0.0,0.023762391345335754,0.0,0.025821650897161375,0.013318585992888599,0.019736823530408287,0.025723447821473622,0.010886496660990286,0.019095492722400964
2017-01-20 00:00:00+00:00,0.00694447111936336,0.01678658873218941,0.009771986970684043,0.0,0.01789267474214573,0.0,0.002901309651220929,0.0,0.03661323675486061,0.0,0.009677487332666601,0.03134802254880742,0.012307680570162294,0.007889501088016448
2017-01-23 00:00:00+00:00,0.0,0.0,-0.01935483870967747,-0.007968127490039834,-0.007812529685906622,0.0,0.0009643790401030472,0.0,0.0022075560817349515,0.005476451076530164,-0.01597450124815547,0.003039467157545106,-0.013677834898393137,0.00978473610431152
2017-01-24 00:00:00+00:00,-0.0327586469979122,-0.009433997912352998,0.00328947368421062,-0.008032128514056214,-0.005905496881222105,0.0,0.0019267528165916037,0.0,0.025330345209925165,-0.010893245825233655,-0.00974025069249762,-0.006060629179983401,-0.010785777703064325,0.000969051419311473
2017-01-25 00:00:00+00:00,0.012477732299090327,0.008571443103608578,0.008196721311475308,0.0,0.0029703272451269136,0.0,-0.005769216097318175,0.0,0.005370569368365663,0.002202609488109575,0.00327868544904808,-0.0030487340380210837,0.0,-0.0067764235910621196
2017-01-26 00:00:00+00:00,0.0,0.0037771445964760453,0.01788617886178856,0.012145748987854255,0.0069101374842459595,0.0,0.0038684866535403373,0.0,-0.02136752171585743,-0.003296736832503422,0.022875873519720535,0.012232345622296581,0.004672855547457999,0.046783656170994226
2017-01-27 00:00:00+00:00,-0.010563353559512212,0.009407283792928656,0.011182108626198062,-0.0040000000000000036,-0.00196075439453125,0.0,0.0077070847672748855,0.0,-0.004366828957883873,0.012127961858072966,0.0,0.00906353672470317,-0.004651121528422064,0.0037244089403716263
2017-01-30 00:00:00+00:00,-0.0035587323883337074,0.0,0.0,-0.008032128514056214,-0.001964681450304373,0.0,-0.006692131533972967,0.0,-0.033991212476469745,-0.00871462990373495,-0.004792365608860094,-0.005988046521030466,-0.0015576680316191638,-0.009276437585255648
2017-01-31 00:00:00+00:00,0.0,-0.0027958745807121765,0.0,0.012145748987854255,0.00787404590327423,0.0,0.0009624492074351565,0.0,0.003405256038068405,0.0,-0.0016051731703402572,0.0,-0.009360365711048257,-0.0056180345165800505
2017-02-01 00:00:00+00:00,-0.021428585052490234,-0.015887857880776957,-0.028436018957345932,-0.01200000000000001,-0.019531249708961695,0.0,-0.009615384615384581,0.0,-0.23981905216857335,-0.017582400814517563,-0.012861724502339578,-0.02710847907219216,-0.018897620056897546,-0.018832392254914287
2017-02-02 00:00:00+00:00,-0.007299228407856018,0.013295379570085863,0.014634146341463428,0.0161943319838056,0.03386455651599296,0.0,0.015533965768165903,0.0,-0.035714196510051366,0.015659972057983085,0.026058685297797535,0.012383948462139527,0.004815442972151196,0.023032644876861408
2017-02-03 00:00:00+00:00,0.0073528988963604824,0.0028115963220884943,0.007211538461538547,0.015936254980079667,0.00963391108477496,0.0,-0.0019120167414884426,0.0,-0.015432156907439154,0.013215824976990032,0.0,0.012232345622296581,-0.0015974805936423975,0.0056285035901455505
2017-02-06 00:00:00+00:00,0.0,-0.0009346008467380207,0.0,0.0,0.004770992227481674,0.0,0.009578543921305638,0.0,-0.018808789612686838,0.003260902736498039,-0.006349200101906871,-0.009063421477046196,-0.004800033569335893,0.00652989363399592
2017-02-07 00:00:00+00:00,-0.04379557928093092,0.0028064254277953005,-0.011933174224343701,0.015686274509803866,-0.00854702279008035,0.0,-0.011385242507250593,0.0,-0.041533522963198455,-0.004333710862984508,0.0031948850152176966,0.0,0.001607753893755115,-0.010194610366685342
2017-02-08 00:00:00+00:00,-0.017175601138759933,0.0,-0.01610305958132041,0.0,0.0,0.0,0.01343571561306578,0.0,-0.009999974568684844,0.0,-0.0031847102322188903,0.009146318415812038,-0.016051349009055138,-0.001872701984285463
2017-02-09 00:00:00+00:00,0.06213593714445542,0.01305964423144923,0.022913256955810146,0.03474903474903468,-0.009578543921305527,0.0,0.00946969710653045,0.0,0.043771016958448206,0.015233966296340773,0.009584655045652868,0.015105740877629392,0.00978791870463347,0.013133222757210294
2017-02-10 00:00:00+00:00,0.06032905285252532,0.011970544986250387,0.016000000000000014,0.018656716417910557,0.005802693087687549,0.0,0.013133222757210294,0.0,0.03870970203030488,0.006430851602311716,0.0348100924392567,0.011904807858458266,-0.0016155458464287564,0.0185185185185186
2017-02-13 00:00:00+00:00,0.044827559898639624,0.019108284123795505,0.017322834645669305,0.04029304029304037,0.0076923370361328125,0.0,0.012962977091471428,0.0,-0.004658432370335586,0.004259867086036984,0.039755386911067836,0.035294140086454595,0.019417534907683054,0.036363636363636376
2017-02-14 00:00:00+00:00,0.041254126451300444,0.016071456092961345,0.009287925696594534,0.021126760563380254,-0.007633616683796363,0.0,0.0,0.0,-0.020280799812895323,0.004241716686528951,0.01764704149899643,0.002840865680502347,0.03333333837922914,-0.00877192982456143
2017-02-15 00:00:00+00:00,0.01584786092205892,-0.008787379654138006,-0.004601226993865004,0.0,-0.02980767763577974,0.0,0.010968893340996155,0.0,0.012738841509227994,0.006335861909726903,-0.005780341244511877,0.014164306255141978,-0.001536133414783869,-0.03008850907857441
2017-02-16 00:00:00+00:00,0.007800312198164239,-0.0008864605890275268,-0.0015408320493066618,-0.0034482758620689724,-0.006937607205656837,0.0,-0.009041591444813535,0.0,0.03144654163496252,0.0020986037968284688,-0.014534869617614077,-0.01256985398127064,-0.010769257178673386,-0.03832114057222269
2017-02-17 00:00:00+00:00,0.012383948462139527,-0.010647811389460249,0.0030864197530864335,-0.03806228373702425,-0.011976017812276418,0.0,-0.007299228407856018,0.0,0.02439022120941492,-0.009424099747423087,0.017699097617354553,0.01272986654494157,-0.015552085116992354,0.0018975042253019936
2017-02-20 00:00:00+00:00,0.02446480790199934,-0.0017936775581693931,0.012307692307692353,0.003597122302158251,-0.02323235405815971,0.0,0.0,0.0,0.0,0.0015856398340210465,0.014492739601511984,0.005586613608986157,-0.003159554686819721,-0.020833304735144775
2017-02-21 00:00:00+00:00,-0.002985029078241608,0.010781660765967649,-0.018237082066869248,-0.0035842293906810374,0.0,0.0,0.0018382071933127353,0.0,-0.02083324345330939,-0.0005277366940138473,-0.017142840794154623,0.0,-0.022186983796377957,-0.0038684866535402262
2017-02-22 00:00:00+00:00,-0.035928164913695326,-0.008888922797309018,-0.004643962848297267,-0.014388489208633115,0.009307151543765046,0.0,0.00366973876953125,0.0,-0.009118633369115003,-0.013727512822136467,0.0,-0.005555576748318192,-0.011345246482301952,-0.007767019919978746
2017-02-23 00:00:00+00:00,-0.03726710355611518,-0.014349762590682436,-0.004665629860031051,-0.058394160583941646,-0.012295050891423576,0.0,-0.01279708872351093,0.0,-0.033742286061587023,-0.014989309454036759,0.002906973923522793,0.0,-0.02459017995287438,0.0
2017-02-24 00:00:00+00:00,-0.008064516129032251,-0.01000906814996727,-0.009375000000000022,0.019379844961240345,-0.01244818006890358,0.0,-0.005555541427047173,0.0,-0.015873015873015928,-0.01413046795388928,-0.002898547920302419,-0.019553094353555345,-0.008403313529497414,0.0
2017-02-27 00:00:00+00:00,-0.01463417115250254,0.007352934086817919,-0.007886435331230235,-0.0038022813688213253,0.003151292661500049,0.0,-0.0037244089403716263,0.0,-0.029032245759041064,0.0,-0.002906973923522793,0.005698027681878992,-0.011864435683033303,0.0
2017-02-28 00:00:00+00:00,0.0,0.02189778925938235,0.0031796502384737746,0.01526717557251911,0.01625132935209428,0.0,0.02616825282016655,0.0,-0.009966815302562826,0.025358358645483747,0.020408143405366452,0.01983005037021468,0.022298476182188054,0.029354208312934782
2017-03-01 00:00:00+00:00,0.0,-0.0008928775939409661,-0.0015847860538826808,-0.011278195488721776,0.010798298849129084,0.0,0.005464466825545244,0.0,0.0026845612669199603,0.003225839266213004,0.02285712105887283,0.005555576748318192,0.006711402952518153,0.005703480236894265
2017-03-02 00:00:00+00:00,0.019801993286384434,0.0,-0.0015873015873015817,0.0038022813688212143,-0.001019352453379252,0.0,-0.0036232021770864486,0.0,0.004016092456621045,0.00750264657391142,0.01117317394007622,0.019337037242719957,0.004166682561238533,0.005671062918850556
2017-03-03 00:00:00+00:00,0.004854356646668778,0.0008936755368040838,0.0,-0.007575757575757569,0.0,0.0,0.0,0.0,0.016666666666666607,-0.007446776045129666,0.027624349782459534,0.0,0.002489604356542552,0.015037579428341719
2017-03-06 00:00:00+00:00,-0.014492717122315146,0.008928605640421639,-0.009538950715421324,-0.11832061068702293,-0.012244866818797884,0.0,0.003636377507989952,0.0,-0.02950818421410728,-0.001071876744314193,0.013440847293478164,-0.002710089015801942,-0.008278177326266678,0.0
2017-03-07 00:00:00+00:00,0.016339869077347524,0.0030973315771096743,-0.005617977528089901,0.05627705627705626,-0.01033057818671046,0.0,0.010869537424425646,0.0,-0.026351374209231615,0.00643783393951014,0.00265251737767902,0.005434803453420622,0.0050083824632183305,-0.005555541427047173
2017-03-08 00:00:00+00:00,0.012861723910736922,-0.0022055243446086337,-0.007263922518159771,-0.03688524590163933,-0.018789175307075134,0.0,0.0,0.0,-0.022553769098304532,-0.0021322448947721506,-0.026455001425780944,-0.01081085205078125,0.001661167593608015,0.0
2017-03-09 00:00:00+00:00,0.0,0.0,0.014634146341463428,0.004255319148936065,-0.001063813554479709,0.0,0.0,0.0,-0.010294672159812612,0.0032051608616292526,-0.0027173886635466493,-0.005464397720770453,0.0016583336147173444,0.010242071308127931
2017-03-10 00:00:00+00:00,0.0,-0.009725959882439184,-0.0016025641025640969,-0.025423728813559365,-0.01171457354894645,0.0,-0.012544816711655749,0.0,-0.013629812489425963,-0.007454787713116251,-0.00544958597022982,-0.02472531560854585,-0.014900687608660035,-0.011981594947076624
2017-03-13 00:00:00+00:00,0.023809523809523725,0.008928605640421639,0.01284109149277679,-0.008695652173912993,0.006465500586098516,0.0,0.007259556024611813,0.0,0.02836366133256396,0.007510778975942101,0.0,0.022535189776353493,0.013445445900458486,0.00652989363399592
2017-03-14 00:00:00+00:00,0.012403148089268345,0.023893761020529425,0.014263074484944571,0.01754385964912286,0.036402585335470805,0.0,0.018018018018018056,0.0,0.010608176441884387,0.01384446646686155,0.005479446686014411,0.033057872952082956,0.02653397045523387,0.05468027286787236
2017-03-15 00:00:00+00:00,0.0076569674828910195,0.021607606447201277,0.002343750000000089,0.034482758620689724,0.008264415259734426,0.0,0.023008836054168924,0.0,-0.002799157589909451,0.004201696835099522,0.021798343880919058,0.02133331298828134,0.008077498131745964,0.02460452853494033
2017-03-16 00:00:00+00:00,-0.013677834105432662,-0.010152274844104081,-0.010132501948558081,-0.002083333333333326,-0.010245901799528778,0.0,-0.006920375717326399,0.0,-0.01754385964912286,-0.010460251212981997,0.002666664123535112,0.0,-0.004807649690957594,0.013722114022807652
2017-03-17 00:00:00+00:00,0.0338982572652935,0.04102568407997209,0.012598425196850505,0.022964509394572064,0.014492769647961978,0.0,0.02961667078485597,0.0,0.021428585052490234,0.031712474084454545,0.039893642486140246,0.007832878408265298,0.04508852355091797,0.012690355657596353
2017-03-20 00:00:00+00:00,0.0,0.0,-0.009331259720062213,-0.004081632653061273,0.008163296446508372,0.0,-0.003384043204836318,0.0,-0.006993033575937835,0.009221327253581268,0.002557542261826473,-0.07512947735285302,0.016949173712444088,-0.0008354091618258952
2017-03-21 00:00:00+00:00,0.0,0.0016419953684940758,0.01491365777080067,-0.008196721311475419,-0.03036437153173377,0.0,-0.010186795811112814,0.0,-0.0021126572798696452,-0.006091355067219251,0.0025510179256709176,0.033613466030655736,-0.024242401473340114,-0.0025083229614605296
2017-03-22 00:00:00+00:00,0.011922549477648037,-0.01803280905477822,-0.013147718484145421,-0.03305785123966942,-0.01670152455685403,0.0,-0.02915953319359199,0.0,0.0021171300500824053,-0.0040858173610259785,-0.020356275003996394,-0.01897020959331197,-0.012422348291186713,-0.007544019303071137
2017-03-23 00:00:00+00:00,0.0,0.005843126141344301,0.00783699059561127,0.008547008547008517,-0.010615711596566713,0.0,-0.002650136311403317,0.0,0.028169054758972578,-0.0020512507512019384,0.0,0.0,0.003144651023059275,0.0
2017-03-24 00:00:00+00:00,0.0,-0.01825728328186793,-0.02021772939346811,-0.016949152542372836,-0.023605118243339995,0.0,-0.009743121871162663,0.0,-0.0013698943315820777,-0.007194291425297927,0.0012987310557857068,-0.019337037242720068,-0.015673965962198277,-0.0084459458370989
2017-03-27 00:00:00+01:00,-0.05007365904966965,0.013524923790699805,0.0015873015873015817,0.0,0.009890126658010034,0.0,-0.005366780743627064,0.0,-0.012345700008071558,0.013457588740087623,0.0,0.005633824308153512,-0.01273891685835693,0.016183999158297047
2017-03-28 00:00:00+01:00,-0.006201574044634173,0.0,-0.0031695721077654726,-0.008620689655172376,0.014145760617829906,0.0,0.0035971361228102072,0.0,0.0020833810722398205,-0.0030643825033905836,-0.001297046541161806,-0.005602262147486492,0.007258077044889344,0.005867535040535499
2017-03-29 00:00:00+01:00,0.004680234928226001,-0.012510393777620976,0.0,0.0,-0.0010729450364319604,0.0,0.0026881994252658803,0.0,-0.0020790496196141373,-0.004098376353816935,-0.002597400184666032,-0.002816858425946256,0.0008006588522893043,0.003333346048990826
2017-03-30 00:00:00+01:00,-0.020186382312978868,-0.027871614818681056,-0.0015898251192368873,-0.013043478260869601,-0.009667041252735098,0.0,-0.01161754275273319,0.0,-0.01736111157102349,-0.014403229839913045,-0.010416656965389626,-0.008474662113743037,-0.011200027465820273,-0.00830564773527065
2017-03-31 00:00:00+01:00,0.012678337101480475,-0.0008688295988684702,0.0,-0.004405286343612369,-0.003253746554153225,0.0,-0.0018082906962153533,0.0,-0.01696111502390929,0.0073068572645451635,0.0,0.0,0.0,0.0
2017-04-03 00:00:00+01:00,-0.014084530585095734,0.00391305011251708,0.006369426751592355,0.01327433628318575,0.005984716139622703,0.0,-0.010869606531259235,0.0,-0.004313405219306676,0.009326440682682957,0.005263152941442195,0.0014245884310986057,0.0016181600581894884,0.0
2017-04-04 00:00:00+01:00,0.0015872773670015938,0.015158093510471371,0.004746835443038,0.02183406113537112,0.029745809527063294,0.0,0.01465207095448906,-0.07706414938634998,0.0,0.012320297016867654,0.007853395789016115,0.024182032353406546,0.011308589824603255,0.00502511278436657
2017-04-05 00:00:00+01:00,-0.009508692371318683,0.02474402348512461,0.0031496062992126816,0.008547008547008517,0.029411797704994802,0.0,0.003610053117936607,0.0,0.0028880838087588234,0.014198798656638534,0.0,-0.002777735392252567,0.006389770030435393,0.008333333333333304
2017-04-06 00:00:00+01:00,0.0,-0.004995871646397587,0.0,-0.008474576271186418,0.004081648223254186,0.0,0.00539573848904773,0.0,-0.03887688614151963,0.0,-0.012987000923330161,0.0,-0.012698475892249372,0.004958665075381008
2017-04-07 00:00:00+01:00,0.0,-0.00836815308715555,-0.004709576138147598,0.0,-0.012195168282808644,0.0,-0.005366780743627064,0.0,0.014232177899187626,-0.0050000000000000044,0.013157882353605599,0.0,0.0,0.002467130390808814
2017-04-12 00:00:00+01:00,0.012799987792968759,0.005907147052389927,0.009463722397476282,0.0,0.0,0.0,0.0,0.0,-0.022156587265884098,0.005025125628140614,0.005194800369332064,0.022284100363724413,0.024115771772849293,-0.0024610586382488586
2017-04-19 00:00:00+01:00,-0.012638218747278662,0.008389293693764621,0.004687499999999956,-0.008547008547008517,0.0,0.0,0.0071942722456204145,-0.001988116990996547,0.0,0.004999999999999893,0.0025840385471720406,0.0,0.0015698946721343088,0.0016447745077832199
2017-04-26 00:00:00+01:00,0.014400024414062518,0.02495833823922844,0.0031104199066873672,0.01724137931034475,0.009259275248312493,0.0,0.03125,0.001992077474070042,0.00830820334238358,0.01990049751243772,0.01288658526843589,0.05292472508147417,0.014106531996295857,0.0049260957232171165
2017-04-27 00:00:00+01:00,0.0,0.003246750230832429,-0.01705426356589146,-0.04661016949152541,0.058104023101900326,0.0,-0.014718588296469104,0.0,-0.011985078390597814,0.0,0.048346009052019134,0.003968294415515272,-0.006182374520887324,-0.0016340243067270999
2017-04-28 00:00:00+01:00,0.0031545259215892685,-0.0008090028709764052,0.025236593059936974,0.03111111111111109,0.03853564433909962,0.0,0.0017574423803066175,0.0,0.08112211391499091,0.0,0.019417457749564715,0.0013175029263603477,-0.004665588456001957,0.006546669981478459
2017-05-02 00:00:00+01:00,0.0,0.0,0.0,0.0,0.0,0.0,0.0,0.0,0.0028050463682329774,0.0,0.0,0.0,0.0,0.0
2017-05-03 00:00:00+01:00,0.0,0.0,0.0,0.0,0.0,0.0,0.0,0.0,-0.0027972000922730222,0.0,0.0,0.0,0.0,0.0
2017-05-04 00:00:00+01:00,0.0,0.0,0.0,0.0,0.0,0.0,0.0,0.0,0.030855510050563417,0.0,0.0,0.0,0.0,0.0
2017-05-05 00:00:00+01:00,0.0,0.0,0.0,0.0,0.0,0.0,0.0,0.0,0.06122452951579871,0.0,0.0,0.0,0.0,0.0
2017-05-08 00:00:00+01:00,0.0,0.0,0.0,0.0,0.0,2.684210593560517,0.0,0.0,0.02564100056083385,0.0,0.0,0.0,0.0,0.0
2017-05-09 00:00:00+01:00,0.0,0.0,0.0,0.0,0.0,0.0,0.0,0.0,0.0078125,0.0,0.0,0.0,0.0,0.0
2017-05-10 00:00:00+01:00,0.0,0.0,0.0,0.0,0.0,0.0,0.0,0.0,0.001550363939861965,0.0,0.0,0.0,0.0,0.0
2017-05-11 00:00:00+01:00,0.0,0.0,0.0,0.0,0.0,0.0,0.0,0.0,0.0,0.0,0.0,0.0,0.0,0.0
2017-05-12 00:00:00+01:00,0.0,0.0,0.0,0.0,0.0,0.0,0.0,0.0,-0.018575804591124068,0.0,0.0,0.0,0.0,0.0
2017-05-15 00:00:00+01:00,0.0,0.0,0.0,0.0,0.0,0.0,0.0,0.0,-0.03154574056569437,0.0,0.0,0.0,0.0,0.0
2017-05-16 00:00:00+01:00,0.0,0.0,0.0,0.0,0.0,-0.1428571428571429,0.0,0.0,-0.009772024005007096,0.0,0.0,0.0,0.0,0.0
2017-05-17 00:00:00+01:00,0.0,0.0,0.0,0.0,0.0,0.0,0.0,0.0,0.0065789725476688155,0.0,0.0,0.0,0.0,0.0
2017-05-18 00:00:00+01:00,0.0,0.0,0.0,0.0,0.0,0.16666666666666674,0.0,0.0,-0.02026146508183868,0.0,0.0,0.0,0.0,0.0
2017-05-19 00:00:00+01:00,0.0,0.0,0.0,0.0,0.0,0.0,0.0,0.0,-0.0493662296475782,0.0,0.0,0.0,0.0,0.0
2017-05-22 00:00:00+01:00,0.0,0.0,0.0,0.0,0.0,0.0,0.0,0.0,-0.04210528992770013,0.0,0.0,0.0,0.0,0.0
2017-05-23 00:00:00+01:00,0.0,0.0,0.0,0.0,0.0,0.0,0.0,0.0,0.0036630177386223206,0.0,0.0,0.0,0.0,0.0
2017-05-24 00:00:00+01:00,0.0,0.0,0.0,0.0,0.0,0.0,0.0,0.0,0.0,0.0,0.0,0.0,0.0,0.0
2017-05-26 00:00:00+01:00,0.0,0.0,0.0,0.0,0.0,0.0,0.0,0.0,0.0036496490095605516,0.0,0.0,0.0,0.0,0.0
2017-05-29 00:00:00+01:00,0.0,0.0,0.0,0.0,0.0,0.0,0.0,0.0,-0.023999994451349482,0.0,0.0,0.0,0.0,0.0
2017-05-30 00:00:00+01:00,0.0,0.0,0.0,0.0,0.0,0.0,0.0,0.0,0.002235449538050771,0.0,0.0,0.0,0.0,0.0
2017-05-31 00:00:00+01:00,0.0,0.0,0.0,0.0,0.0,0.0,0.0,0.0,-0.002973974901135157,0.0,0.0,0.0,0.0,0.0
2017-06-01 00:00:00+01:00,0.0,0.0,0.0,0.0,0.0,0.0,0.0,0.0,-0.005965691619414404,0.0,0.0,0.0,0.0,0.0
2017-06-02 00:00:00+01:00,0.0,0.0,0.0,0.0,0.0,0.0,0.0,0.0,-0.01050265147217122,0.0,0.0,0.0,0.0,0.0
2017-06-05 00:00:00+01:00,0.0,0.0,0.0,0.0,0.0,0.0,0.0,0.0,0.0,0.0,0.0,0.0,0.0,0.0
2017-06-06 00:00:00+01:00,0.0,0.0,0.0,0.0,0.0,0.0,0.0,0.0,0.0007581674905212665,0.0,0.0,0.0,0.0,0.0
2017-06-07 00:00:00+01:00,0.0,0.0,0.0,0.0,0.0,0.0,0.0,0.0,0.028787887873618967,0.0,0.0,0.0,0.0,0.0
2017-06-08 00:00:00+01:00,0.0,0.0,0.0,0.0,0.0,0.0,0.0,0.0,0.01620031430521318,0.0,0.0,0.0,0.0,0.0
2017-06-09 00:00:00+01:00,0.0,0.0,0.0,0.0,0.0,0.0,0.0,0.0,0.008695643760907146,0.0,0.0,0.0,0.0,0.0
2017-06-12 00:00:00+01:00,0.0,0.0,0.0,0.0,0.0,0.0,0.0,0.0,-0.005028713681074604,0.0,0.0,0.0,0.0,0.0
2017-06-13 00:00:00+01:00,0.0,0.0,0.0,0.0,0.0,0.0,0.0,0.0,0.023104670470071254,0.0,0.0,0.0,0.0,0.0
2017-06-14 00:00:00+01:00,0.0,0.0,0.0,0.0,0.0,0.0,0.0,0.0,0.011997182454384747,0.0,0.0,0.0,0.0,0.0
2017-06-15 00:00:00+01:00,0.0,0.0,0.0,0.0,0.0,0.0,0.0,0.0,0.009762858309535716,0.0,0.0,0.0,0.0,0.0
2017-06-16 00:00:00+01:00,0.0,0.0,0.0,0.0,0.0,0.0,0.0,0.0,-0.0027624283920971715,0.0,0.0,0.0,0.0,0.0
2017-06-19 00:00:00+01:00,0.0,0.0,0.0,0.0,0.0,0.0,0.0,0.0,0.007617771021336983,0.0,0.0,0.0,0.0,0.0
2017-06-20 00:00:00+01:00,0.0,0.0,0.0,0.0,0.0,0.0,0.0,0.0,0.04123707353471229,0.0,0.0,0.0,0.0,0.0
2017-06-21 00:00:00+01:00,0.0,0.0,0.0,0.0,0.0,0.0,0.0,0.0,0.023102335992248646,0.0,0.0,0.0,0.0,0.0
2017-06-22 00:00:00+01:00,0.0,0.0,0.0,0.0,0.0,0.0,0.0,0.0,-0.016129032258064502,0.0,0.0,0.0,0.0,0.0
2017-06-23 00:00:00+01:00,0.0,0.0,0.0,0.0,0.0,0.0,0.0,0.0,-0.01836063822761913,0.0,0.0,0.0,0.0,0.0
2017-06-26 00:00:00+01:00,0.0,0.0,0.0,0.0,0.0,0.0,0.0,0.0,-0.03273217876099166,0.0,0.0,0.0,0.0,0.0
2017-06-27 00:00:00+01:00,0.04716981245244378,-0.07287453800851496,-0.024615384615384595,0.02586206896551735,-0.16141002813816874,0.0,-0.024561430278577268,0.27534785174441345,0.004834299082286053,-0.04780489293540391,0.0,-0.023684250681023866,-0.0625000139698384,-0.039024415054941586
2017-06-28 00:00:00+01:00,0.0,-0.012227021133673022,-0.004731861198738141,-0.012605042016806678,-0.004424795565566408,0.0,-0.021582679517531345,0.007014820976077862,-0.020618569539668896,-0.009221327253581268,-0.0071427938889455644,-0.01617246627488733,-0.016666650772094727,0.0
2017-06-29 00:00:00+01:00,-0.006006029054705375,0.007073379375592159,0.0015847860538826808,0.02127659574468077,-0.033333333333333326,0.0,0.018382352425565296,0.012383889045456176,0.007719274152789168,0.01964841350404445,0.00239802202919015,0.005479472957245379,-0.006779654441774419,0.013536431005292116
2017-06-30 00:00:00+01:00,0.0,-0.003511849047175608,0.0,-0.008333333333333304,0.004597718688263308,0.0,-0.005415217391603777,0.0,0.009749327762529347,-0.004056810670072131,-0.004784684628674429,-0.0027248579493039937,-0.0017065236610904755,0.017529202175510905
2017-07-03 00:00:00+01:00,-0.021147945030555615,-0.03171811438344163,-0.009493670886076,-0.021008403361344574,-0.02517167665020348,0.0,-0.014519042816966365,0.0,-0.023448286385371775,-0.014256557433726447,-0.01201916243550094,-0.005464397720770453,-0.01025640064233635,-0.030352785326677956
2017-07-04 00:00:00+01:00,0.004629558769058573,0.0027298168580813797,-0.006389776357827448,0.0042918454935623185,-0.025821561350273914,0.0,0.0018416628033781635,0.0,0.0028248560935075773,0.001033042055459621,0.017031555365026874,0.0,0.008635611582778147,0.040609163922903146
2017-07-05 00:00:00+01:00,0.0,-0.004537222201260183,0.006430868167202508,0.0,-0.009638590985033835,0.0,-0.003676484509735012,0.0,0.01760563403929627,-0.008255965316410818,0.002392399352277197,0.0,-0.011986330450754812,-0.0024390492012830167
2017-07-06 00:00:00+01:00,0.0,-0.005469500287710538,-0.0015974440894568342,-0.012820512820512775,-0.04257907700658192,0.0,-0.0036900509248001256,0.0,0.003460220857774976,-0.017689874872370392,-0.014319795217220932,-0.021978104896205664,-0.020797207271361695,0.007334975943467548
2017-07-07 00:00:00+01:00,0.0,-0.010082461797956688,0.0047999999999999154,0.0021645021645022577,-0.029224847669001797,0.0,-0.016666694923683445,0.0,0.03793104763688704,0.0,0.0,-0.0056178920453485715,-0.008849591131132817,-0.004854356646668778
2017-07-10 00:00:00+01:00,-0.006144416824186538,0.002777753003831318,0.0079617834394905,0.002159827213822796,0.009162263537456639,0.0,0.013182688946415055,0.0,0.04318934287658216,0.002118611705608453,0.0,0.004237223297066439,0.005357180414151896,0.0
2017-07-11 00:00:00+01:00,0.013910379726893574,-0.0027700584656076277,-0.004739336492891044,-0.004310344827586188,0.027237334833748017,0.0,-0.003717486352707633,0.0,0.02229295745525195,-0.0031711990190501638,0.0,-0.004219344990175733,-0.0017762395521423446,-0.008130081300813052
2017-07-12 00:00:00+01:00,0.0,-0.009259294417005237,0.0,0.008658008658008587,0.010101049022522401,0.0,-0.013059644928537728,0.0,0.0,-0.003181368420456465,0.004842610259641944,-0.0028249232911827793,0.0,0.014754123375064099
2017-07-13 00:00:00+01:00,0.0030488503397696487,0.0,-0.023809523809523836,0.0042918454935623185,-0.00500001907348635,0.0,-0.005671135030327901,0.0,-0.006230494239806816,-0.004255335381690539,0.00722885115223959,0.014164306255141978,0.007117431079635805,0.028271404795820132
2017-07-14 00:00:00+01:00,-0.013677834105432662,-0.00467291510524781,-0.008130081300813052,-0.008547008547008517,-0.0075376694173701075,0.0,-0.0038022234609110805,0.0,-0.006269556676566368,0.0064102402126318125,-0.004784684628674429,0.005586613608986157,0.007067131259962167,0.0
2017-07-17 00:00:00+01:00,-0.013867511628948614,0.014084561274875451,0.0,0.004310344827586299,0.0025316069397745,0.0,0.011450352226130667,0.0,0.0,0.006369491751101686,-0.00240378663737173,-0.002777735392252567,-0.00701753740202038,0.0
2017-07-18 00:00:00+01:00,0.0,0.0,-0.006557377049180357,-0.008583690987124415,-0.015151477203040775,0.0,0.0,0.0,0.012618224023807523,0.0,-0.004819272401665575,0.006963788004849647,-0.015901003211489906,-0.01649651259365481
2017-07-19 00:00:00+01:00,0.01406252384185791,-0.012962994523172067,0.0033003300330032292,0.0,0.0012820317195012532,0.0,0.0,0.0,0.02492221463508071,0.0,0.0,0.0,-0.0017953731730053768,0.006389800888641606
2017-07-20 00:00:00+01:00,-0.004622543061700624,-0.010318917284407925,0.0,0.0043290043290042934,0.008962926905417001,0.0,-0.013207561564895332,0.0,0.006078934315090212,-0.00685655595943413,-0.006053291688786322,-0.0027663149266196063,0.012589959061471312,0.0
2017-07-21 00:00:00+01:00,0.0061919742310698744,0.0009478889764018561,0.013157894736842035,0.0,-0.013959467778105417,0.0,-0.00573612316322869,0.0,-0.0030211020764631114,-0.0005310998507426223,-0.006090157186667722,0.0,0.0,0.0
2017-07-24 00:00:00+01:00,-0.01692305344801681,-0.0009469913337559754,-0.007305194805194759,0.0,0.009009068277094023,0.0,-0.0019230475792517687,0.0,0.0,-0.0010626830578386315,0.0,0.0,0.0,-0.005555531335255437
2017-07-25 00:00:00+01:00,0.0,0.0,-0.007358953393295176,0.004310344827586299,-0.008928629643019326,0.0,0.0,0.0,0.0,-0.007446776045129666,0.012254948938686727,-0.0013869414179944473,-0.007104788817042462,0.009576990574744926
2017-07-26 00:00:00+01:00,-0.012519609274716847,-0.0018957779528039342,0.0,0.0042918454935623185,0.009009068277094023,0.0,-0.0019268263175000744,0.0,-0.006060629179983401,0.018220759835335887,-0.004842610259641833,0.004166709052191742,0.0,-0.007114636568212651
2017-07-27 00:00:00+01:00,0.007131549505884793,0.0,0.02635914332784184,0.0,-0.0051020601797675535,0.0,0.004826254897338567,0.0,-0.015243902793602881,-0.006315773411801007,0.0,0.00968183843285697,0.0,0.0
2017-07-28 00:00:00+01:00,0.007081050642673059,0.0,0.0016051364365972098,0.004273504273504258,0.014102544540014028,0.0,0.0,0.0,-0.07739938263315926,0.0,0.009732350499663811,0.0,0.0026833391907246096,0.007165617331311935
2017-07-31 00:00:00+01:00,-0.00390625,-0.002848977562388444,0.008012820512820484,-0.008510638297872353,-0.0069531660299996245,0.0,-0.006724274337200908,0.0,-0.032214735203038525,-0.0010593058528042265,-0.00963854480333115,-0.0027396842224957085,-0.00802855952556869,0.0
2017-08-01 00:00:00+01:00,0.0,0.005238124302455294,0.0007949125596184992,0.008583690987124415,0.0006364789359758483,0.0,0.004835589870613832,0.0,-0.032593638317760854,-0.002120939248824283,-0.0012165728171503742,-0.002747315511711257,0.0044964200763881745,-0.0039525691699604515
2017-08-02 00:00:00+01:00,0.0039215686274509665,0.013737517754334183,-0.000794281175536149,-0.012765957446808529,-0.0006360740882169758,0.0,0.014436958402030298,0.0,0.020071665720398313,0.0201913024090159,-0.003654047847965969,0.0041322735270408195,-0.0062667586701972144,0.0031746152847531572
2017-08-03 00:00:00+01:00,0.00625002384185791,0.028037401503044235,0.0,0.004310344827586299,-0.007001948190828333,0.0,0.022770412629354864,0.0,-0.01616300419080563,0.022916634877522712,0.008557419585904835,0.009602152724148993,-0.009009043066040445,0.0
2017-08-04 00:00:00+01:00,0.009316746271814669,-0.018181800842285156,-0.0007949125596183881,-0.02145922746781115,0.008974319849258894,0.0,-0.01669761596290109,0.0,0.0,-0.00814659314892785,0.0,0.0,-0.00545458360151807,-0.0031645689956499856
2017-08-07 00:00:00+01:00,0.0,0.0,0.0,0.0,0.0,0.0,0.0,0.0,0.0,0.0,0.0,0.0,0.0,0.0
2017-08-08 00:00:00+01:00,-0.006153869628906294,-0.009259294417005237,-0.01352426412092278,-0.013157894736842146,-0.07242690176965116,0.0,-0.013207561564895332,0.0,-0.014285700661795464,-0.00205343505650335,0.0012121489553740261,-0.024456460050011897,-0.021937822698687492,0.0
2017-08-09 00:00:00+01:00,0.0,0.0,0.006451612903225712,0.0,0.006849315068493178,0.0,0.0,0.0,0.028985479203023967,0.0015432256233380848,-0.0072639731179307,0.0,0.0,0.01269840058826266
2017-08-10 00:00:00+01:00,0.0,0.0,-0.0032051282051281937,0.028888888888888964,0.0040816741735756334,0.0,-0.01147224632645738,0.0,0.0,-0.005649670580215704,0.002439080271815719,-0.0027855789573232315,0.04299065853708317,-0.0031348082340301175
2017-08-11 00:00:00+01:00,0.0,0.0,0.0,-0.002159827213822907,-0.004065081834040196,0.0,0.0,0.0,0.06690139591729327,-0.003099204982435877,0.0036496024326815313,0.0,0.00716845204299954,0.0
2017-08-14 00:00:00+01:00,-0.0007739229650803869,-0.018691571292548725,-0.003215434083601254,-0.025974025974025983,-0.04149664015997023,0.0,-0.009671179741227776,0.0,0.006600685411728646,-0.009844527961058946,-0.0193939208984375,-0.002793253526597095,-0.012455461966126902,-0.02044024006682199
2017-08-15 00:00:00+01:00,0.0,-0.017142886207217267,0.00967741935483879,0.008888888888888946,0.004968149306986636,0.0,-0.023437514551915006,0.0,0.04262292580526372,-0.012035599049180279,-0.011124864139724466,-0.022408941735682975,-0.005405443022944767,-0.004815397122542642
2017-08-16 00:00:00+01:00,0.0,0.015019446824523275,0.0,0.0,-0.014124293176498326,0.0,0.024000015258789142,0.0,0.006289332318799801,0.012711831873363,0.0,-0.011461361271927095,0.0018116356732591488,0.004838697371944312
2017-08-17 00:00:00+01:00,0.0,0.011455835913033674,-0.014376996805111841,0.022026431718061623,0.012893894801365713,0.0,0.005859360011527537,0.0,-0.015625,0.005230125606491054,0.0012500286102294922,0.0,0.0036166329417204324,-0.004815397122542642
2017-08-18 00:00:00+01:00,-0.002323803544341141,-0.008966518606369989,-0.0016207455429497752,0.004310344827586299,0.03253186918015838,0.0,-0.013592247824067094,0.0,-0.009523785303509391,-0.013527528022941215,0.0,0.0,-0.0036036000430957893,0.0
2017-08-21 00:00:00+01:00,0.009316746271814669,-0.014285677955264142,-0.009740259740259716,0.0042918454935623185,-0.008219157179740977,0.0,-0.0019684739295849907,0.0,0.01923071985414171,-0.005274261433588889,-0.021223479580059434,-0.002898506496263553,0.0,-0.01129033488612019
2017-08-22 00:00:00+01:00,0.0,-0.022222269317248466,-0.003278688524590123,0.029914529914529808,-0.005524882837687928,0.0,-0.025641010207061332,0.0,0.012578664637599601,-0.02439027547534034,0.0012754785523030332,0.0,0.0036166329417204324,-0.009787903451691227
2017-08-23 00:00:00+01:00,-0.006153869628906294,-0.04150198429283303,0.0,0.0,-0.008333312140570759,0.0,-0.03947369843537185,0.0,0.009316746271814669,-0.04347826086956519,-0.03184713414486362,-0.02034885848516166,-0.012612643109136235,-0.009884716330756493
2017-08-24 00:00:00+01:00,0.0,0.05257734421754323,0.009868421052631637,-0.05809128630705396,0.008403339794098352,0.0,0.038988376066919406,0.0,-0.006153869628906294,0.026136398315429688,0.03421055686110641,-0.014836794916333051,-0.0437956655328442,0.01830286716716012
2017-08-25 00:00:00+01:00,0.013931912494385745,-0.0009794543432392055,-0.061889250814332275,0.004405286343612369,0.011111153496636383,0.0,0.012170432010216281,0.0,-0.030959753053263706,-0.000553743633088799,0.030534382172842545,-0.009036121390558205,0.0,0.011437920820474012
2017-08-28 00:00:00+01:00,0.0,-0.009803865653465582,-0.03819444444444442,0.01491225393194906,-0.010989052448102776,0.0,-0.024048110746391793,0.0,-0.009584640395305044,-0.008310249307479256,-0.004938266662867674,0.0,0.0,0.0
2017-08-29 00:00:00+01:00,0.003053388522781475,-0.015841662875575313,-0.02527075812274371,-0.01253238536290402,-0.012500021192762611,0.0,-0.01026694029090236,0.0,-0.016129032258064502,-0.015642475149485024,-0.0173697687387232,-0.01823715078999011,0.12977105627443097,-0.024232632682131494
2017-08-30 00:00:00+01:00,-0.007610350429603452,0.009054341688857548,-0.01851851851851849,0.006564551422319376,0.0,0.0,0.01037344381920513,0.0,0.0032787010317942844,0.0011350564796033247,-0.002525250092658138,-0.003095928064492215,0.06249997986329592,0.0
2017-08-31 00:00:00+01:00,-0.010736150015434265,0.0029910954580474325,0.009433962264151052,-0.008695652173912993,-0.0014064483300585406,0.0,-0.01232037534740571,0.0,-0.0307189713182765,0.0,-0.007594929374080017,0.0,-0.016693166885577093,0.0
2017-09-01 00:00:00+01:00,-0.01395351202913031,0.004970102880219596,-0.0261682242990654,-0.00877192982456143,-0.0063379851865096315,0.0,-0.0020789704218991956,0.0,-0.002022908504755727,-0.005668934436510398,-0.0063775752247094974,-0.00931680550624292,-0.010509306034245158,0.0
2017-09-04 00:00:00+01:00,0.006289332318799801,-0.026706183309415987,-0.0057581573896353655,-0.026548672566371723,-0.02338768893699994,0.0,-0.02083333333333337,0.0,-0.009459482535033814,-0.026225718385379904,-0.024390251367249483,-0.009404364910596485,-0.014705829646026292,-0.01324508330376517
2017-09-05 00:00:00+01:00,-0.01406252384185791,0.0030487533034542214,0.027027027027026973,0.013636363636363669,0.017416501040155463,0.0,0.0,0.0,0.030013679306776453,-0.0070257431311552265,0.007894729412163404,0.01424046994172512,0.008291826228525867,-0.005033544374851151
2017-09-06 00:00:00+01:00,0.028526198023539395,0.00709216774426058,0.001879699248120259,-0.013452914798206317,-0.0014265117874148192,0.0,-0.004255335381690539,0.0,0.01655629097246858,0.010613135189807332,-0.010443854477762415,-0.004680175416566734,-0.0049341666690194685,-0.0016863149309890302
2017-09-07 00:00:00+01:00,0.013867511628948614,0.018108683377715096,-0.0009380863039399889,0.0,0.014285714285714235,0.0,0.01068376085792866,0.0,0.006514620541386407,0.01050176847056905,0.005277039875413392,-0.0031348082340301175,0.01322312746842047,0.0
2017-09-08 00:00:00+01:00,0.04407285352560342,0.017786591621669512,-0.0046948356807511304,0.0,0.0,0.0,0.012685038023177109,0.0,0.0,0.003464238533993358,-0.0026246694523468506,-0.00628927233928156,0.044045673064581736,0.0084459458370989
2017-09-11 00:00:00+01:00,-0.0014555819295950512,0.02815533558085659,0.01132075471698113,0.0,0.014084507042253502,0.0,0.01878909566830389,0.0,0.02265374665311226,0.013233619167848154,0.01052630588288439,0.00949364662781682,0.023437514551915006,0.0075377011254378345
2017-09-12 00:00:00+01:00,-0.0014577037368129764,-0.008498597855628676,-0.011194029850746245,0.009090909090909038,-0.008333312140570759,0.0,-0.004098376353816935,0.0,0.0,-0.00851788726865954,0.0,0.0,-0.002290128684877324,-0.005818824271646483
2017-09-13 00:00:00+01:00,0.0043796065950045815,0.004761922927129847,0.005660377358490676,-0.009009009009009028,0.0,0.0,0.01234572649498844,0.0,0.00949364662781682,0.008591064991777309,-0.002604164241347462,0.0031348082340301175,-0.0053557533633254994,0.005016709713846046
2017-09-14 00:00:00+01:00,-0.005813975408954342,0.009478618577014819,0.0,0.013636363636363669,-0.005602262147486492,0.0,0.016260146842582035,0.0,0.0031348082340301175,0.00851788726865954,0.00783289085832184,0.02812504768371582,0.010769257178673275,0.006655599601240292
2017-09-15 00:00:00+01:00,-0.038011672750290715,-0.050704223586399366,-0.02814258911819889,-0.0358744394618834,-0.03380283839266063,0.0,-0.020000000000000018,0.0,-0.034375011920928955,-0.02702704328151928,-0.03367872527341398,-0.01823715078999011,-0.02891933824294146,-0.021487590695215664
2017-09-18 00:00:00+01:00,-0.027355668210865325,0.005934759807540768,-0.0028957528957529455,0.013953488372093092,-0.0051020186866787,0.0,-0.006122433409398886,0.0,-0.001618098306724991,-0.0034722574821709484,0.0026809625769763645,-0.0015479640322461075,-0.0031347931924397,-0.00506755461476871
2017-09-19 00:00:00+01:00,-0.02499997615814209,-0.011799398688186802,0.0029041626331074433,-0.004587155963302725,0.0,0.0,0.0,0.0,0.0,0.0,-0.005347588469389097,0.0,0.0,0.0
2017-09-20 00:00:00+01:00,-0.027243601303990617,-0.025870669049492312,-0.01158301158301156,-0.009216589861751112,-0.012454190097012319,0.0,-0.016427088799336187,0.0,-0.014586734436792703,-0.024970982160065103,-0.0322580975953628,-0.004651210104772319,-0.025157283158869115,0.006791132441752001
2017-09-21 00:00:00+01:00,-0.016474464372833286,-0.011235920031242297,-0.01953125,-0.018604651162790753,0.0089020543106475,0.0,-0.017745349931964638,0.0,-0.006578909805936672,-0.013698557930780897,-0.016666651213610217,-0.021806818967769037,-0.001612863282630106,-0.010118018243516547
2017-09-22 00:00:00+01:00,0.021775531330772813,0.020661136669406943,0.009960159362549792,0.014218009478673022,0.014705882352941124,0.0,0.004250813308875001,0.0,0.01655629097246858,0.008454069111623275,0.03389834047197171,-0.0031847255632039273,0.016155073296957534,0.006814270970745495
2017-09-25 00:00:00+01:00,0.006557402063588569,-0.006072916894909852,0.0,0.014018691588784993,0.0,0.0,-0.009523825670676223,0.0,-0.016286644546393392,0.0,-0.005464475534834423,0.012779601777283434,-0.014308450418714536,0.0
2017-09-26 00:00:00+01:00,0.0,0.005091669275836708,0.0,-0.0036866500081005338,0.008695630059726067,0.0,0.0,0.0,-0.023178832624351275,0.0,0.0,-0.003154586090314493,-0.011290273706075382,0.0
2017-09-27 00:00:00+01:00,-0.029316009886402816,0.004559278299464342,0.0009861932938854956,0.012950985621096534,-0.00862066792062055,0.0,0.0,0.0,-0.014237290721828666,0.0023951730328406473,0.008241750144279303,0.0031645689956498746,0.0016312808903740095,0.01184434485638719
2017-09-28 00:00:00+01:00,-0.0016778267899539845,0.003529989666845035,0.0009852216748769127,0.009132420091324311,0.004347870315330571,0.0,0.0064102402126318125,0.0,0.015818466060114833,0.012544839785443518,0.008174378955344563,0.006309112011903872,0.0016287018077021376,0.025083612360155216
2017-09-29 00:00:00+01:00,-0.008403361344537785,0.010050289787604694,0.0,0.002262443438914019,0.001442979361002461,0.0,0.0,0.0,-0.00135412709165883,-0.007669634523644886,0.0,0.0,0.014634093391075798,0.0
2017-10-02 00:00:00+01:00,0.0,-0.004975143262281545,0.007874015748031482,-0.006772009029345383,0.0,0.0,0.014862012433483729,0.0,0.016949152542372836,0.010701564116625484,-0.005405400180747089,0.012539173144626492,-0.012820501064172207,0.0
2017-10-03 00:00:00+01:00,0.0,0.0100000381469727,-0.00390625,0.05454545454545445,0.008645510964396141,0.0,0.0062761347667124046,0.0,0.03666667938232426,0.0,0.005434777327093299,0.0061919742310698744,0.013798707833196255,0.010603613930975975
2017-10-04 00:00:00+01:00,-0.006779686879303526,0.04900988780824678,0.031372549019607954,0.008620689655172376,0.03571428571428581,0.0,0.03326408190385277,0.0,0.022508001511405196,0.02941176470588225,0.03243240108448231,0.04307697002704325,0.01681345412291968,0.030669857752742447
2017-10-05 00:00:00+01:00,0.005119506135999208,0.01840487870784191,0.0019011406844107182,0.0,-0.012413814150053826,0.0,0.02615692589747276,0.0,-0.01257860465808136,0.02514282226562492,0.036649242761983114,0.014749261872991415,-0.007873970810807207,0.0039154268750896115
2017-10-06 00:00:00+01:00,0.0,-0.003707132714962258,-0.011385199240986688,-0.004273504273504258,-0.005586613608986046,0.0,0.009803921568627416,0.0,0.0031847255632038163,-0.007803756656157845,0.0012625949429734273,-0.0029070431506559302,0.015873000254767344,-0.00780031219816435
2017-10-09 00:00:00+01:00,-0.008488964126432408,0.000930253849473095,0.007677543186180413,0.025751072961373467,0.00842705237686725,0.0,0.0,0.0,-0.01269840058826266,0.0,0.0037831286831988553,0.0,0.046874954598025154,0.011006361547658772
2017-10-10 00:00:00+01:00,0.0,-0.004646857776141489,-0.00952380952380949,-0.004184100418409997,0.00974926070320059,0.0,-0.013592247824067094,0.0,0.006430831290599848,-0.005617977528089901,-0.0075376812175881325,0.0029155186892921847,0.014925430495003944,0.03732494218627824
2017-10-11 00:00:00+01:00,0.0,0.016806751123683794,0.011538461538461497,0.012605042016806678,0.010344827586206806,0.0,0.013779542784496224,0.0,-0.009584640395305044,0.0,0.010126572498773356,0.017441815334505728,0.013235246062692552,0.0
2017-10-12 00:00:00+01:00,0.015410919309357007,0.004591298024265278,0.009505703422053147,0.004149377593360981,0.017064846416382284,0.0,0.0009708589720494043,0.0,0.016129032258064502,0.0033898649916137558,-0.002506263268008846,0.0,0.0029027549077029757,-0.010494707350367172
2017-10-13 00:00:00+01:00,0.0,-0.02102372495961924,-0.005649717514124242,-0.016528925619834656,-0.004026886600775992,0.0,-0.016488816424850894,0.0,0.0031746152847531572,-0.02139641284439453,-0.005025120811725348,0.0,-0.005788706618858774,0.0
2017-10-16 00:00:00+01:00,-0.0067453240527473035,-0.015873022940096848,-0.0018939393939394478,-0.008403361344537785,0.001347791207934712,0.0,-0.023668653745201218,0.0,0.0031645689956498746,-0.014959758675846202,-0.017676750648606854,-0.0028570992606026246,-0.0072779788545274116,-0.01363638675574097
2017-10-17 00:00:00+01:00,-0.015280161333840914,-0.02277037684884109,-0.020872865275142316,-0.004237288135593209,-0.025572024869976895,0.0,-0.01616160074869788,0.0,-0.02839121464410499,-0.012850449693099564,-0.017994902255433542,-0.011461361271927095,-0.010263954530711494,-0.016128962319110984
2017-10-18 00:00:00+01:00,0.0,0.004854387360093471,0.0,0.0,0.0027623887296563954,0.0,-0.006160148508433827,0.0,0.01298706285023532,-0.0011834138949241568,-0.002617798596338705,-0.002898506496263553,0.0,0.0
2017-10-19 00:00:00+01:00,0.0,0.0,0.0,0.0,-0.0027547789593064254,0.0,-0.008264494075791107,0.0,-0.019230780987109175,-0.0023697224410048623,0.0026246694523468506,0.0,0.0,0.0
2017-10-20 00:00:00+01:00,0.0017241116227775244,0.014492716232052283,0.050387596899224896,0.008510638297872353,0.0027623887296563954,0.0,0.014583349227905273,0.0,0.0,0.023752969982046457,0.007853395789016115,0.0,0.019259276213469345,0.0
2017-10-23 00:00:00+01:00,-0.001721144178095546,-0.006666637602306569,0.029520295202952074,-0.00421940928270037,-0.0013773894796532682,0.0,-0.01232037534740571,0.0,-0.019607855359147774,-0.009280689683128784,0.01298706285023532,-0.0029070431506559302,0.0,0.005464456790708727
2017-10-24 00:00:00+01:00,0.0,-0.007670174627545823,-0.0035842293906810374,0.0,0.0020689865638470195,0.0,0.0,0.0,0.10999997456868482,0.0,-0.0012820805945253921,0.0058309261629183595,0.0043604262314216324,-0.004658432370335586
2017-10-25 00:00:00+01:00,-0.0034482890161974256,-0.009661872249663306,-0.03237410071942448,-0.004237288135593209,-0.07777015013366928,0.0,-0.006236990573335488,0.0,0.015015015359025385,-0.010538659365318392,0.006418509753493007,0.0,0.013024624395845175,0.0015600386349692297
2017-10-26 00:00:00+01:00,0.0,-0.005853699474799967,-0.0037174721189591198,-0.025531914893617058,0.0014925145391206929,0.0,-0.004184116446269481,0.0,-0.008875717273141515,-0.010650905631703012,-0.022959222152102332,-0.011594247126924806,0.019999980926513672,0.0
2017-10-27 00:00:00+01:00,0.0,-0.008832110168761065,0.003731343283582156,-0.02183406113537123,0.020864404734954656,0.0,-0.004201616694398003,0.0,0.0,-0.0035884620554884616,-0.002610963619440576,-0.008797631979022502,0.008403353487606458,-0.009345771069191988
2017-10-30 00:00:00+00:00,0.04325259572662832,0.0009900272108767094,0.0,0.017857142857142794,0.007299270072992803,0.0,0.012658195249076298,0.0,-0.008955201106285005,0.001200461830223043,0.00523559719267741,0.0,-0.0013888544874417486,0.0
2017-10-31 00:00:00+00:00,0.0,-0.01582590038036613,0.0037174721189590088,-0.013157894736842146,-0.005797123563462403,0.0,-0.012499968210856083,0.0,-0.006024119227211244,-0.011990407454485541,0.005208328482694924,0.0,-0.008344915480116954,0.0
2017-11-01 00:00:00+00:00,0.0,-0.005025144893802347,-0.0037037037037036535,0.004444444444444473,-0.007288629899731336,0.0,-0.00843885048527937,0.0,-0.003030256791548336,-0.0012135736925888985,-0.00259067117487799,-0.0029585348040910286,-0.008415139104699154,-0.021226391611792406
2017-11-02 00:00:00+00:00,-0.013266985857088742,-0.015151477203040775,0.0,-0.004424778761061954,0.013215881733402934,0.0,0.0,0.0,-0.015197567684205215,-0.015795905267953048,-0.012987000923330161,0.0,-0.0028288515475118903,-0.004016064257028162
2017-11-03 00:00:00+00:00,-0.003361357360326944,0.006666623629056456,0.0,0.004444444444444473,0.040579754373301524,0.0,0.02340422285364019,0.0,0.0,0.012345679012345734,0.007894729412163404,0.0,0.0,0.002419379449659864
2017-11-06 00:00:00+00:00,0.01349071243428579,0.013754481370702676,0.005576208178438735,0.022123893805309658,0.027855152019398588,0.0,0.016632080605745392,0.0,-0.021604960801632656,0.015243902439024293,0.02872066206412982,-0.002967426900723824,0.012765911108628014,0.006436004848931143
2017-11-07 00:00:00+00:00,0.003327799800620257,0.006030193041896226,0.013567517292918163,0.0,0.009485053106993213,0.0,0.014314865570540514,0.0,-0.006309172180628875,0.005405368747653849,0.01522841165181843,0.02083335698597133,0.011204471316808462,0.04876097960451187
2017-11-08 00:00:00+00:00,0.00995028683930066,0.018980976627262836,0.0,0.0043290043290042934,0.004026886600775992,0.0,0.00806454714081517,0.0,0.01269840058826266,0.015531697719913806,0.029999971389770508,0.007288629899731225,0.02631579816367502,0.04268297434278745
2017-11-09 00:00:00+00:00,0.0,0.02647063360907298,0.006674641582377072,0.01724137931034475,0.01604273929523581,0.0,0.038000030517578054,0.0,-0.006269556676566368,0.03647057028377754,0.021844697836848948,0.018813358617434384,0.02429153966023967,-0.007309941357396377
2017-11-10 00:00:00+00:00,0.0,0.001910172261631704,-0.010869565217391353,0.006355932203389925,0.0013157693963301575,0.0,0.0,0.0,0.022082042463476004,-0.0022701129592066494,-0.0071259405074861615,-0.00426140689283272,-0.014492770922659104,0.010309233173954935
2017-11-13 00:00:00+00:00,0.01477828716965135,-0.013345985958350015,0.0,0.006315789473684275,0.0,0.0,-0.007707158268183356,0.0,-0.006172862762975684,0.0011376390487507493,-0.004784684628674429,-0.007132667772947077,0.002673794234694604,0.0
2017-11-14 00:00:00+00:00,0.017799390006443705,0.014492716232052283,0.0,-0.008368200836820106,0.0006570703385075927,0.0,0.011650455808176474,0.0,0.0031055426009860554,0.023863619024103278,0.009615375798129211,0.01436781640694762,0.012000020345052098,-0.0014577037368129764
2017-11-15 00:00:00+00:00,0.02861677867563661,-0.021904718308221716,0.013736263736263687,-0.008438818565400852,0.009848982074479817,0.0,-0.004798464631897814,0.0,0.0061919742310698744,-0.014428362312754905,-0.01190469432579655,-0.014164306255141867,0.0013174903614814326,-0.0029196634779881103
2017-11-16 00:00:00+00:00,-0.010819118721167142,0.021421548544156233,0.009936766034327027,0.004255319148936065,-0.00780232070501552,0.0,0.004821600913349711,0.0,-0.003076876126802852,0.005630630437124751,0.0,0.011494296972653917,-0.006578909805936672,-0.0029283245783335854
2017-11-17 00:00:00+00:00,0.0,-0.013345985958350015,-0.008944543828264706,-0.016949152542372836,-0.00917437155489853,0.0,-0.005758142914525477,0.0,-0.0030864902502700797,-0.003359496545413676,0.004819272401665575,0.0,-0.021192095391681653,-0.010278956885853563
2017-11-20 00:00:00+00:00,0.0,0.0,-0.016245487364620947,0.0,-0.0158729758262226,0.0,0.01737454708754127,0.0,-0.00928790229556209,-0.005617977528089901,0.0,-0.011363679466167786,-0.009472218685912859,-0.007418397458166526
2017-11-21 00:00:00+00:00,0.015625,-0.021256063663793623,-0.0018348623853210455,0.0,0.012096794454578896,0.0,-0.009487665896802389,0.0,-0.003125011920928955,-0.004519791252868943,0.00959231681563355,-0.005747148486326958,0.0,0.0
2017-11-22 00:00:00+00:00,0.01384617732121396,-0.0029614740999286404,-0.08088235294117652,-0.012931034482758674,-0.014608314195678429,0.0,-0.005747111737085198,0.0,-0.006269556676566368,-0.0011350564796033247,-0.008313502872915546,0.0,0.002732237767417267,-0.004484350447163443
2017-11-23 00:00:00+00:00,0.01062210822510079,0.002970270479021986,0.014000000000000012,0.004366812227074135,0.01212940111718197,0.0,-0.0009634499092042725,0.0,0.009463698102218254,0.0017045627940783792,0.003592782227623159,-0.017340997126628732,0.010217957453133586,0.003003071805090629
2017-11-24 00:00:00+00:00,0.0015014786248073175,-0.006910137614354994,-0.009861932938856066,0.0,0.0026631768535338995,0.0,0.0,0.0,-0.012499988079071045,-0.0017016622039974783,-0.01193321958282556,0.0,-0.006068789821369047,0.0
2017-11-27 00:00:00+00:00,0.0,0.0009939636968623322,0.0,-0.004347826086956497,-0.006640105972589683,0.0,-0.012536118231634363,0.0,0.0,0.0,-0.004830913423070071,-0.002941131591796875,-0.027137016603897113,0.0
2017-11-28 00:00:00+00:00,0.004497797083718114,0.016881835297504644,-0.005976095617529875,0.0,0.006684491705889695,0.0,0.016601532450295498,0.0,0.0,0.005681818181818121,0.007281604524675522,0.017699069236414733,0.0,0.0
2017-11-29 00:00:00+00:00,-0.003731343283582045,-0.013671815700944112,0.0,-0.004366812227074246,-0.005976156167316615,0.0,-0.004803074037741717,0.0,0.006329077632166724,-0.00677964377537954,0.0,0.0,-0.00976292481402019,-0.022455088794498645
2017-11-30 00:00:00+00:00,0.0007491093896301315,-0.00990102749433508,-0.008016032064128265,-0.013157894736842146,-0.012692010255292652,0.0,0.0038610186464320684,-0.05351680530184599,-0.02515720931616272,-0.003413003942548176,-0.016867510856088175,0.0,-0.007042213319620072,-0.001531486965419604
2017-12-01 00:00:00+00:00,-0.007485029598166215,0.005000019073486239,0.0010101010101009056,0.0,0.0,0.0,-0.0038461685180664062,0.011308589824603255,0.0,0.0,-0.004901956201103785,0.0,-0.012765978745102657,0.0
2017-12-04 00:00:00+00:00,-0.01809961572248986,-0.0079601912624645,-0.0020181634712411745,0.004444444444444473,0.0013531592971087747,0.0,-0.005791491148245287,0.012779540060870564,0.012903213500976562,-0.003424605337771891,0.012315318088559568,-0.008695630059725956,0.0,0.001533836015284118
2017-12-05 00:00:00+00:00,-0.0015360749072957924,-0.002006063914543166,0.005055611729019249,0.008849557522123908,0.0006757169156461629,0.0,0.0,0.0,-0.006369390382820028,0.003436373561011452,0.02189773061485889,0.0,-0.011494241848790776,-0.004594227224155367
2017-12-06 00:00:00+00:00,0.0015384380634013706,0.008040193491417158,0.002012072434607548,0.0,-0.014179649000472083,0.0,-0.0038835099599894285,0.0,-0.019230780987109175,-0.006849297769090046,-0.01190469432579655,-0.014619882714792864,-0.013081417309715349,0.0
2017-12-07 00:00:00+00:00,0.0,0.0029910954580474325,0.004016064257028162,-0.004385964912280715,-0.0027396842224957085,0.0,0.0019493623841249086,0.012618284192532636,-0.0032679862818002503,0.005747126436781658,-0.002409693651091449,0.0,-0.014727526538200086,0.0038461538461538325
2017-12-08 00:00:00+00:00,0.0,0.0,0.0040000000000000036,-0.004405286343612369,0.0,0.0,0.00194549554771406,0.0,-0.00655740206358868,0.0,0.00845418487391858,0.0,0.0,0.0
2017-12-11 00:00:00+00:00,0.0,-0.002982175486494709,0.0,-0.004424778761061954,-0.013736263160442963,0.0,-0.005825227904088237,0.0,0.0,-0.010285731724330338,0.008383196601950083,-0.005934740605685662,0.005979067490418988,0.0
2017-12-12 00:00:00+00:00,0.018433250472559504,0.0029910954580474325,0.0,0.004444444444444473,-0.0013928426081477596,0.0,0.009765624854480848,0.0,-0.0066006224629272525,-0.000577314356168479,0.009501178501326812,0.0,0.0029717653595588978,0.0007663302951388395
2017-12-13 00:00:00+00:00,0.0,-0.0039761391833571524,0.0,-0.008849557522123908,-0.006973500994162274,-0.012987012987012991,-0.004835589870613832,0.0,-0.0166112954705413,0.0,0.0,0.0,-0.007407435664424145,-0.0007657434827097465
2017-12-14 00:00:00+00:00,0.0015082725417527865,0.0019959584007662734,-0.0019920318725099584,-0.004464285714285698,0.0,0.0,-0.0068027654738243015,0.0,-0.01351350045186761,-0.0017331198219507904,0.0,-0.005970172028043397,0.0,-0.00689650495390326
2017-12-15 00:00:00+00:00,0.009036121390558316,-0.001991982486588051,0.003992015968063978,0.0,0.0014045801657593948,0.0,0.0,-0.007009357594886856,-0.012328787703611122,0.0,0.004705877865061936,0.0,-0.013432787807885593,0.00771604901932843
2017-12-18 00:00:00+00:00,0.002985029078241608,-0.01197613111289031,0.001988071570576455,-0.004484304932735439,-0.0042076162540980455,0.0,-0.01369857082474657,-0.011764675963158666,-0.020804451397198997,-0.012731463596000303,-0.011709646594427858,-0.006006029054705375,-0.012102862646013346,-0.009954081094968759
2017-12-19 00:00:00+00:00,0.0,0.010101049022522401,0.008928571428571397,0.018018018018018056,0.001408429212973239,0.0,0.005952365634483314,0.019047600305720724,0.0694051348338125,0.009964811766833614,0.009478777412064598,0.00906353672470317,0.010719707898182884,0.0015467667712438793
2017-12-20 00:00:00+00:00,0.0029762587309454247,0.00450000762939462,-0.008849557522123908,-0.004424778761061954,0.0,0.0,0.001972356461860114,0.010903379126535384,-0.01324508330376517,-0.0017411668394904378,-0.01173713334470583,-0.0014970972896234391,-0.002272707076111824,0.0046332517645995
2017-12-21 00:00:00+00:00,0.004450970557442702,0.0004977714686851265,0.004960317460317443,0.004444444444444473,0.00421945229530496,0.0,-0.003937022951637115,0.0,-0.014093962652576675,-0.004651180533475685,-0.011876529758149568,-0.007496252217042643,0.0007593188173047327,0.0069177083340663525
2017-12-22 00:00:00+00:00,0.026587934016214954,0.014925334893879816,0.0049358341559724295,0.01327433628318575,0.005602262147486492,0.0,0.015810337468032953,-0.007704116434674502,0.008168879691027753,0.014602803998622793,-0.0012018360065253475,0.00906353672470317,0.0015174130217205928,0.02900765688364748
2017-12-27 00:00:00+00:00,0.007194244604316502,0.0024510365364791564,0.0,-0.004366812227074246,-0.0027855789573232315,0.0,-0.0009728219897549018,0.007763930660473539,-0.007427454911200448,-0.008635578735484706,-0.010830342724825304,0.0,-0.002272707076111824,-0.0014836568524808635
2017-12-28 00:00:00+00:00,0.0,-0.00586801147953353,-0.005893909626719096,0.004385964912280604,0.0,0.0,-0.002921085017309921,0.0,-0.006802682251218939,-0.003484267452727674,-0.0048661752498319055,-0.01497005919633243,-0.008352289752469044,0.0056463185168911245
2017-12-29 00:00:00+00:00,0.0,0.0034431724095873584,-0.00988142292490124,-0.004366812227074246,-0.0013966267632985474,0.026315789473684292,0.001953095168574226,0.0,0.0075342228632306885,0.0023309666798210227,0.008557419585904835,0.0,0.005359853949091553,0.0017730902192807374
2018-01-02 00:00:00+00:00,0.0,-0.009803865653465582,0.007984031936127733,0.002192982456140413,0.006993006993007089,0.0,-0.003898650407678117,0.0,0.0020394108017263157,-0.0023255459097928366,-0.006060629179983401,0.0,-0.005331279071904227,0.0
2018-01-03 00:00:00+00:00,-0.027142878941127213,-0.0029703649022181366,0.0,-0.002188183807439792,-0.005555576748318192,0.0,-0.003913834720434939,0.0,-0.0074626633911338836,0.0023309666798210227,-0.012195052453833122,0.0,-0.018376777724447013,-0.014749261872991526
2018-01-04 00:00:00+00:00,-0.010278956885853563,-0.0019860481326166024,0.005940594059405946,0.00877192982456143,-0.0013966267632985474,0.0,0.0009823032526850017,0.0030817347409899387,-0.006835296014182424,-0.0005814308343932151,0.004938266662867674,0.0,-0.0015600237570543296,-0.0029940803667591886
2018-01-05 00:00:00+00:00,-0.002967426900723824,0.006467619815890613,0.006889763779527547,0.008695652173912993,0.0006993433812281236,0.0,0.008832203262041594,0.0,0.016517600082804895,0.011052991406256707,0.0024569414306918613,0.015197567684205326,0.027343704889063458,0.011261261519269095
2018-01-08 00:00:00+00:00,-0.0014880725991418542,0.0,0.004887585532746819,0.01724137931034475,-0.0034940599488046953,0.0,0.00194549554771406,0.007680447333301199,-0.00135412709165883,0.004603009422960547,-0.004901956201103785,-0.0014970972896234391,0.014448710233411655,-0.003711952571106014
2018-01-09 00:00:00+00:00,0.005961274738824018,0.019278364103905377,0.0019455252918287869,0.008474576271186418,0.0028050061666478054,0.0,0.02407770249450092,0.022865868395705258,0.010847447282176903,0.017182129983554395,0.0073892143426512735,0.007496252217042754,0.015742131615060995,0.006706476719373855
2018-01-10 00:00:00+00:00,-0.0014814588758680358,0.011639173683325899,0.0,0.025210084033613356,0.012587433928376246,0.0,0.01630634752151372,0.04321907007516401,-0.0006707061692943217,0.016891891311374252,0.01466991211273605,0.03125009224528785,0.03321031755946646,0.011102886248951505
2018-01-11 00:00:00+00:00,0.025222506079461304,0.0067113799401790075,0.003883495145631022,0.008196721311475308,0.030386697539720453,-0.02564102564102566,-0.005597000850762868,0.018571444920131075,0.013422870339588666,0.004429611107046316,0.00722885115223959,-0.01010107571155383,-0.011428560529436416,0.016105394216271218
2018-01-12 00:00:00+00:00,0.0,0.0004762013753254468,-0.005802707930367523,0.0,-0.014745288158453329,0.0,-0.013133222757210294,0.012622675218258328,0.009933749320585994,-0.0011025190461489975,0.007177083980951515,-0.0058309261629182485,0.0,0.0
2018-01-15 00:00:00+00:00,0.0,0.005235631087730619,0.0,-0.008130081300813052,0.0040816741735756334,-0.013157894736842146,0.0,0.0,-0.013114741591156553,-0.006622499825896577,0.0,0.0,0.0,0.0014409001717932135
2018-01-16 00:00:00+00:00,-0.0014471559526668676,-0.01420459907614613,-0.005836575875486361,-0.008196721311475419,0.012195038743469722,0.0,-0.015209111411935483,-0.0013850072486515375,0.006644480167978584,-0.011111111111111072,-0.009501178501326923,0.0,-0.007225461009191414,-0.002158295336387117
2018-01-17 00:00:00+00:00,0.001449253248131832,0.018251732645783836,0.009784735812133016,0.02892561983471076,0.03748330878377226,0.026666666666666616,0.01544400094292242,0.006934839177575647,0.046204671984497514,0.0134831117780021,0.01918463363126688,0.005865125275335004,0.027656486227873645,0.002162963650747418
2018-01-18 00:00:00+00:00,0.02604924879169057,-0.003773581171086837,0.0,0.008032128514056325,0.02451614872101815,0.0,-0.00570340771413036,0.0,0.009463698102218254,0.002217345725094466,0.01176475076114425,0.011661852325836497,-0.004249253996364777,0.002877653931542268
2018-01-19 00:00:00+00:00,0.009873017393189798,-0.0009469913337559754,0.007751937984496138,-0.01195219123505975,0.012594458196251601,0.0,-0.0019120167414884426,0.013774091112937814,0.02812504768371582,-0.004424795565566408,0.006976681776859284,0.002881800343586649,-0.010668603679080069,0.0
2018-01-22 00:00:00+00:00,0.01675984082695825,0.0037914655099395844,-0.0019230769230769162,0.016129032258064502,0.007462667446939797,0.0,0.005747111737085309,0.009510827928585153,0.006078934315090212,-0.0011110941569010269,-0.016166211560647348,0.0,0.006470176389299809,0.0
2018-01-23 00:00:00+00:00,0.010988947648731706,0.00472145325915263,0.009633911368015502,0.005952380952380931,0.011111129949122223,0.0,0.0,0.0,-0.009063421477046196,0.011123470334003738,0.009389661902325042,0.0014367597171467406,0.024285725184849394,0.0
2018-01-24 00:00:00+00:00,-0.005434803453420622,0.004699176263835758,-0.005725190839694694,0.0019723865877712132,-0.0036630408567577266,0.0,0.01904761904761898,-0.009421224285528829,-0.012195052453833122,0.012101193131530685,0.0,-0.004304095200836966,0.0013946655422976129,-0.00789089593177017
2018-01-25 00:00:00+00:00,-0.0013660994301926133,-0.0037418113585737656,0.0038387715930903177,0.0,0.020833389821396375,0.0,0.013084126410083163,0.009510827928585153,0.003086372512705715,0.007608662480893313,0.0,0.002881800343586649,0.02367689141481244,0.0
2018-01-26 00:00:00+00:00,-0.012311922635641737,-0.0056337528724402786,0.0019120458891013214,-0.003937007874015741,-0.008403415990294483,0.0,-0.012915143045866828,-0.012113011821005215,-0.009230745755709147,-0.005393743435387233,-0.009302316297383983,-0.002873519434293592,0.0027210858756485656,-0.007953767745789264
2018-01-29 00:00:00+00:00,-0.009695249000411854,-0.009442906518305372,-0.005725190839694694,-0.02371541501976282,-0.032687614989340585,0.0,-0.0018691303574036588,0.0,-0.015527949942643282,0.0021692471177519046,-0.007042302393543309,-0.0028819102772229543,-0.006784221801098722,-0.008746333636544312
2018-01-30 00:00:00+00:00,-0.011188853870738646,0.004766462519143921,-0.05950095969289826,0.03238866396761142,0.033792201460317584,0.0,0.005617963080303712,0.0,0.017350133243641874,-0.011904745194327826,0.00591018800347598,0.0,0.010245875342392852,0.004411809584673687
2018-01-31 00:00:00+00:00,0.0,-0.02277037684884109,-0.014285714285714235,0.0,0.0,0.0,-0.018621973664666003,0.0,0.010852665864220068,-0.0021906305690191363,-0.008225692904327064,0.0,-0.012846489578996367,-0.004392431015419862
2018-02-01 00:00:00+00:00,0.005657730454666554,0.002427147385177797,-0.026915113871635588,-0.0039215686274509665,0.0012106353022804939,0.0,0.00569258506105208,-0.0013624289746519969,0.009202548030668334,-0.009879270482475055,-0.009478664417471583,0.01156073825199977,-0.0068493410175966,-0.007352941176470562
2018-02-02 00:00:00+00:00,0.00984535292066857,0.00532690616869802,-0.012765957446808529,-0.007874015748031482,-0.008464292310437216,0.0,0.0,0.0,-0.01823715078999011,0.004988964444144539,0.009569369257348859,0.0,-0.0027586180588294873,-0.01037032515914349
2018-02-05 00:00:00+00:00,-0.0222842066226967,-0.020231217324826023,-0.017241379310344862,-0.011904761904761862,-0.019512176513671875,0.0,-0.00754719860148878,-0.006821243440399027,-0.018575804591124068,-0.00937670667196222,-0.018957328834943277,-0.008571406773158485,-0.016597494501038756,-0.01497005919633243
2018-02-06 00:00:00+00:00,-0.008546987182399324,-0.02163227781498489,0.013157894736842035,-0.012048192771084376,-0.007462667446939908,0.0,-0.012357371293488462,-0.008928579031204475,-0.01261834436125786,-0.010579115204363276,-0.012077225968644578,-0.0028819102772229543,-0.01828412264412438,-0.01823715078999011
2018-02-07 00:00:00+00:00,0.007183908203473699,0.01507543468140704,0.0021645021645022577,0.004065040650406582,0.0,0.0,0.0028873476223054695,0.0,0.009584701332962409,0.012943180029584944,0.0024449270590736205,0.0,0.005014304773133027,-0.003095928064492215
2018-02-08 00:00:00+00:00,-0.007132667772947077,0.0049504193239715555,-0.017278617710583144,0.012145748987854255,0.015037555167308314,0.0,-0.0019193565652552147,0.0,0.0,-0.014444478352864554,-0.004878044241882984,0.020231236815314135,-0.002138256132727556,0.0
2018-02-09 00:00:00+00:00,-0.00862066792062055,0.004926127351136067,0.01098901098901095,0.0,0.006172839506172867,0.0,0.01153843219463635,0.0,0.015822724259983545,0.00789182189087545,0.0,0.008498562140069055,0.007142884390694659,-0.012422407341657227
2018-02-12 00:00:00+00:00,-0.005797123563462403,-0.004901979575474669,0.006521739130434856,0.01200000000000001,0.018404907975460016,0.0,-0.0038022234609110805,0.0,-0.009345771069191988,-0.006711392213426426,0.0024510365364791564,-0.0028089460226743412,-0.0028368766504145437,0.0
2018-02-13 00:00:00+00:00,0.0,-0.004926033393071849,-0.021598272138228958,-0.0039525691699604515,-0.014457794557134807,0.0,0.0,0.0,-0.02201254315676282,-0.0033784126289156946,-0.009779941408490589,-0.00845068273409988,-0.011379857490131373,0.00786163540874063
2018-02-14 00:00:00+00:00,0.0,-0.010891149128407829,0.0,-0.007936507936507908,0.0097798947740515,0.0,-0.00954198445496346,0.0,0.016077170220805348,-0.007909570036634839,0.0,0.005681839733084004,0.0,0.0
2018-02-15 00:00:00+00:00,0.0,-0.0030029763421940414,0.0,-0.008000000000000007,0.014527900724025766,0.0,-0.00963391108477496,-0.009009016749243592,-0.0031645689956499856,0.002277869490782347,-0.0024691922002160194,0.0,-0.010791339758765672,0.0
2018-02-16 00:00:00+00:00,-0.01457725979946256,0.004016060411629274,-0.0066225165562914245,0.016129032258064502,0.0,0.0,-0.0019455697636119318,0.0,0.015873015873015817,-0.002272692593661252,0.03217824645257927,0.001412407765688739,0.02399999445134937,-0.009360350833133468
2018-02-19 00:00:00+00:00,-0.011834252077232543,-0.011999988555908225,0.011111111111111072,0.003968253968253954,0.004773196681595815,0.0,-0.005847938431231325,0.018181833945029924,0.01874995231628418,-0.00569476062210672,0.0119903388448237,-0.004231354658692177,0.010653382055615168,0.0
2018-02-20 00:00:00+00:00,-0.008982126887789654,-0.01417007507096335,0.01098901098901095,0.015810276679841806,0.014251836355461567,0.0,-0.009803921568627416,0.0,-0.012269869015459345,-0.009163837615028592,0.0,0.0,-0.0035136499415999722,0.0055117869940328745
2018-02-21 00:00:00+00:00,-0.018126842954092504,0.01745380701117094,0.008695652173912993,0.0038910505836575737,0.011709601664315672,0.0,-0.0019801678043780413,0.0,0.0031055426009860554,0.005780346820809301,-0.023696661043679068,0.0,0.002820871720180973,0.00861398692093518
2018-02-22 00:00:00+00:00,0.026153799203725958,0.0030272183080835013,0.0,0.0,0.0011573897263317257,0.0,0.0,0.0,-0.00928790229556209,-0.002873563218390829,-0.004854364437391179,0.0,-0.016877687783801054,0.0
2018-02-23 00:00:00+00:00,0.004497797083718114,-0.01006030503187949,-0.016163793103448287,-0.007751937984496138,-0.0011560517239432855,0.0,-0.011904806957402148,-0.016483565788166232,0.0031249523162841797,-0.010950973466768765,0.002439080271815719,-0.008498562140068944,-0.011444910776192696,-0.006211203670828613
2018-02-26 00:00:00+00:00,0.0,-0.002032566814382797,0.00766703176341732,-0.02734375,-0.00405090819374887,0.0,-0.008032082676900254,0.0,-0.004672826115632578,0.00815847230005251,0.012165380115195079,-0.008571406773158485,0.0,0.0
2018-02-27 00:00:00+00:00,0.0,-0.013238301270970143,-0.017391304347826098,-0.02008032128514059,-0.014526437602194409,0.0,-0.020242914354489105,0.0,-0.02347417784321204,-0.023121387283236983,-0.033653815293452016,-0.017291131862428588,-0.023154826475434986,0.0
2018-02-28 00:00:00+00:00,0.011940344056086794,0.02889584094640707,0.008849557522123908,0.04508196721311486,0.027122586551789007,0.0,0.022727240484340383,0.0027932934850189994,0.028846079781212453,0.01183431952662728,0.02487559828533148,0.014662757254357617,0.01185184054904509,0.01718747615814209
2018-03-01 00:00:00+00:00,-0.051622416555470285,0.011033064566810413,0.0,-0.007843137254901933,0.010332968331179915,0.0,-0.002020171194365483,-0.005571025460913259,-0.006230494239806816,0.0,0.007281604524675522,0.004335304407342644,0.004392417297725437,0.04992319625463515
2018-03-02 00:00:00+00:00,-0.02332820751952136,0.0009920862061036928,0.0,0.007905138339920903,0.007954510775479484,0.0,-0.002024337767802975,0.0,0.0,0.001754403811449201,0.00722885115223959,-0.007194244604316502,0.002915449057909525,0.0
2018-03-05 00:00:00+00:00,0.007165617331311935,0.005946428645691837,0.0,0.007843137254901933,0.0,0.0,0.028397597313276846,0.0,0.015674041170150588,0.008172760487700437,-0.0023922852763973435,0.005797123563462403,0.0,0.0007315735607038576
2018-03-06 00:00:00+00:00,0.007114636568212651,0.010837498964112235,0.010964912280701844,0.0038910505836575737,0.0,0.0,0.011834289252312669,0.014005589146010688,0.003086372512705715,0.011001790323382998,0.0119903388448237,-0.0028819102772229543,0.005813947847045586,0.007309941357396488
2018-03-07 00:00:00+00:00,0.0,-0.008771944500989504,0.010845986984815648,0.019379844961240345,0.0033822216694423535,0.0,-0.01364523924658756,0.0,-0.018461550199068477,-0.0068729219076876236,-0.0023696096070714434,0.020231236815314135,-0.0028901706222559387,0.01596514440871144
2018-03-08 00:00:00+00:00,-0.026687609773601628,-0.01769914491892266,0.0,-0.01520912547528519,0.011235955056179803,0.0,-0.009881423222882546,0.0,-0.012539173144626603,-0.011534025780842616,0.002375237993840651,0.008498562140069055,-0.007246404354172786,0.03428573608398433
2018-03-09 00:00:00+00:00,-0.009677394743888623,0.010010048424508922,0.0,-0.019305019305019266,-0.037777794731987835,0.0,-0.007983986494296103,0.0,-0.0063492305695064255,-0.0011668433801869105,-0.0023696096070714434,-0.0056178920453485715,-0.009489059580351289,-0.0020718442364299205
2018-03-12 00:00:00+00:00,-0.009772024005007096,-0.013875157701246033,-0.0021459227467811592,0.0,0.004618955345575992,0.0,-0.0020121184564031447,0.0,-0.019169280790610088,0.0,0.0,0.005649631062755178,0.0,-0.008996560911818774
2018-03-13 00:00:00+00:00,0.0,-0.005025144893802347,0.004301075268817289,-0.019685039370078705,-0.016091971561826512,0.0,-0.006048371901000604,0.0,-0.009772024005007096,0.005841121599449162,-0.009501178501326923,-0.0028089460226743412,0.0036846125172673716,-0.006983240372284594
2018-03-14 00:00:00+00:00,0.0,-0.006060552348919224,0.0,-0.028112449799196804,-0.00467291510524781,0.0,-0.012170354632988545,0.02486192139036225,0.009868458821503223,-0.018583025580447665,0.0119903388448237,0.005633824308153512,0.0,0.0
2018-03-15 00:00:00+00:00,0.0016447745077832199,0.0030487533034542214,-0.01927194860813708,0.012396694214876103,0.0005868902998691361,0.0,0.0,0.0,0.006514620541386407,-0.012426071618435675,0.013033248319968216,-0.011204524294972873,-0.0014683923830689505,0.01687770187609061
2018-03-16 00:00:00+00:00,-0.008210180418263713,0.02228979428365485,0.024017467248908186,-0.004081632653061273,0.0064516487009713686,0.0,0.014373732073371004,0.009433921038338067,0.003236258339943676,0.012582421691507584,0.005847975394087879,-0.025495686420206942,0.0,0.0055324188049898915
2018-03-19 00:00:00+00:00,-0.0033112708259412926,-0.008919737485316825,0.0,-0.016393442622950838,-0.010489527900552575,0.0,-0.004048598315015806,-0.014686202942410076,-0.009677394743888623,0.008283987553161953,-0.0023256345205246998,-0.005813975408954342,0.005882347166332069,-0.006877579380862531
2018-03-20 00:00:00+00:00,-0.0008305521001144012,-0.0010000228881835715,-0.008528784648187626,0.006250000000000089,0.007067119709511571,0.0,0.006097545374156299,0.0,-0.013029365340009424,0.0035211627054407835,0.015151528624345989,0.0,-0.004385995488172534,0.00831033419496885
2018-03-21 00:00:00+00:00,0.0,0.011011072359539131,0.008602150537634357,-0.0020703933747412417,-0.0011695727967379055,0.0,0.0,0.0040650044046055545,0.003300342705864212,0.005263122201663029,0.00803670430742165,0.0,-0.03083701026600305,0.0
2018-03-22 00:00:00+00:00,-0.005818824271646483,-0.00990102749433508,0.0,-0.012448132780082943,-0.003512916234163055,0.0,-0.010101010101010055,-0.02564103389108907,0.0,0.0005817690928822117,-0.004555804449835832,0.002923931926617218,-0.004545414152223648,-0.005494526224051444
2018-03-23 00:00:00+00:00,0.003344494406205767,-0.0189999580383301,-0.02771855010660984,-0.0021008403361344463,-0.005875440763398521,0.0,0.012244866818797773,0.00692523437504633,-0.00986839607977108,0.01860463342001273,0.004576654794112178,0.0,-0.007610378908440629,-0.009668571310547658
2018-03-26 00:00:00+01:00,-0.0049999872843424775,0.017329165682774983,0.0,0.0,-0.007092180673083925,0.0,0.00806454714081517,0.01513069240756515,-0.02990031917356173,0.004566227543908896,0.011389565434062554,-0.002915407473626064,0.0,0.0
2018-03-27 00:00:00+01:00,0.0,-0.011022010192657472,0.0,0.002105263157894832,0.0011904580252510844,0.0,-0.0019999694824218706,0.0094850533521329,0.013698616715036138,0.006818164478648692,0.004504500150622537,0.017543814641410194,-0.016871186171195762,0.0
2018-03-28 00:00:00+01:00,0.01172530576203945,0.001013194427333941,0.004385964912280604,0.0,0.010701564116625484,0.0,-0.01202409359661416,0.0,-0.014864882715780903,-0.0011286509688858137,-0.0022422037659871608,0.0028736290520334773,-0.0031201219036827155,-0.013947001988324548
2018-03-29 00:00:00+01:00,0.0,0.0,0.0,0.0,0.0,0.0,0.0,0.0,0.0,0.0,0.0,0.0,0.0,0.0
2018-04-03 00:00:00+01:00,-0.009933812477823878,0.002024241281143757,-0.004366812227074246,-0.004201680672268893,0.0117647058823529,0.0,0.002028444023649989,-0.0026845612669198493,-0.003429368381104525,0.0,0.0022472425416770747,0.002865285666160844,-0.006259775068669371,0.0
2018-04-04 00:00:00+01:00,-0.00167221530764039,-0.012121201028581163,-0.002192982456140302,0.0,0.0011627729548964183,0.0,-0.018218653807276275,-0.02288016196291076,-0.00688227320255852,-0.016949152542372836,-0.02242150308907087,0.0,0.0,-0.0028288112712169244
2018-04-05 00:00:00+01:00,0.0,-0.006134914885540077,-0.00219780219780219,0.0,0.001161422484242447,0.0,0.004123727070916461,0.0,0.011088000279162902,0.002298815497036699,-0.0045871514481795606,-0.014285714285714235,0.009448810028448884,-0.008510616654199943
2018-04-06 00:00:00+01:00,-0.0016750801933060888,0.008230444599618192,-0.0022026431718061845,0.00843881856540074,0.0,0.0,0.004106791782468644,0.0,0.006853970304974366,0.008027575712556523,0.009216580748085068,0.0,0.0,0.009299020195847385
2018-04-09 00:00:00+01:00,0.001677890794943293,0.0,0.002207505518763808,-0.006276150627615107,0.005220470923066545,0.0,-0.001022557263752888,0.0,-0.02314494272468204,-0.005119505913822264,0.0,-0.008695630059725956,-0.0015600237570543296,0.0
2018-04-10 00:00:00+01:00,0.0,0.014285651726904769,0.0022026431718060735,0.027368421052631486,0.004039220634249663,0.0,0.007164837251812273,-0.011019338570397608,-0.020905936080828025,0.008576329630336055,-0.00684936279098225,0.005847975394087879,0.007812455180101763,0.006378411463881184
2018-04-11 00:00:00+01:00,0.0,-0.012072423604111981,0.00879120879120876,-0.008196721311475419,0.002298815497036699,0.0,-0.002032566814382797,0.0,-0.0035587323883337074,-0.0034013087612613235,0.0,0.011627839925551386,0.010852740113391102,0.0
2018-04-12 00:00:00+01:00,-0.0016750801933060888,0.01629326399026665,0.0,0.008264462809917328,0.012614749335009057,0.0,0.020366599410936104,0.0,0.028571401323590928,0.0102389250313486,0.0022989032416267374,0.0028736290520334773,0.0,0.0
2018-04-13 00:00:00+01:00,0.0,0.0015030404820433052,-0.008714596949891074,0.0,-0.006795085875183071,0.0,-0.001995977588157949,0.0,0.0006944603574132735,0.011261260874249501,0.0011467058373069161,0.002865285666160844,-0.009202445238506662,0.0
2018-04-16 00:00:00+01:00,0.0,0.008504256040040792,0.0,-0.012295081967213073,0.0,0.0,0.0009999847412109908,0.0,0.0,0.007238239135802127,-0.003436395709535911,0.0028570992606027357,0.0,0.002816858425946256
2018-04-17 00:00:00+01:00,0.013422870339588666,0.026785759901514217,-0.01538461538461533,-0.0456431535269709,-0.030786739363692806,0.0,0.0019980477590959556,-0.020891312272493745,-0.011797368361837646,0.0038696087929765977,-0.006896490489400442,-0.005697919001040552,-0.012383889045456176,-0.0028089460226743412
2018-04-18 00:00:00+01:00,0.0,0.0,0.0,0.01304347826086949,-0.004705900304457722,0.0,-0.002991057254534746,0.0,-0.0063202355361290374,-0.0027533038722200587,0.0173610662696555,-0.008596075605766251,0.0,0.0049295559735365035
2018-04-19 00:00:00+01:00,0.0,0.0,0.0,0.0,0.0,0.0,0.0,0.0,0.0,0.0,0.0,0.0,0.0,0.0
2018-04-20 00:00:00+01:00,0.11423843297292868,0.009661780107220741,0.0044642857142858094,0.01716738197424883,0.011820331182463395,0.0,0.004000015258789125,0.009957282039132043,0.005653705007969689,0.0127000978213887,0.005688303862554589,0.008670608814685288,0.014106531996295857,0.0
2018-04-23 00:00:00+01:00,0.002971722721741621,-0.011483242846826447,-0.0022222222222222365,0.0,-0.00467291510524781,0.0,-0.00796815776493398,0.0,0.005973298726727361,0.006543142022723103,0.0011312475915408182,0.0,0.02472957178326718,0.003503854314596433
2018-04-24 00:00:00+01:00,0.007407407407407307,0.006776349984628505,-0.00222717149220486,0.0,-0.009389617969696284,0.0,0.006024081157762096,0.0,-0.019210592147492767,0.00541711791406585,0.0,-0.002865394969802648,0.0,0.0006983666595452576
2018-04-25 00:00:00+01:00,0.0,-0.012019231210093517,0.0044642857142858094,0.00421940928270037,0.016587695504361344,0.0,-0.005988008906138154,0.0,-0.009971534451790443,0.0,0.020338908897490127,0.01580457612409436,0.021116118260791517,0.013258854543067411
2018-04-26 00:00:00+01:00,-0.002941131591796875,-0.007299251780981009,0.004444444444444473,-0.054621848739495826,-0.01398606684096304,0.0,-0.012048162315524302,0.0,-0.017985612004386087,-0.008620722256998503,-0.007751904417962363,-0.024045219542042084,-0.01329396644630032,-0.020661157459041624
2018-04-27 00:00:00+01:00,0.010324438299918803,-0.010784280268057334,-0.004424778761061954,0.008888888888888946,-0.007092180673083925,0.0,-0.008130112188539096,-0.0028168987598808926,-0.0018314739361849908,-0.017391287762185792,-0.008928562875609058,-0.020289877186650762,-0.019461024093482937,-0.005625900625363611
2018-04-30 00:00:00+01:00,0.010218933550980802,-0.009910840431858525,-0.00666666666666671,-0.026431718061673992,-0.023809523809523836,0.0,-0.004098376353816935,-0.01694913656104502,-0.00917431192660545,-0.003318617773163779,-0.009009000301245074,-0.017751434546282918,-0.007633616683796363,-0.011315352997100403
2018-05-02 00:00:00+01:00,-0.004335194155971722,-0.004004000277224251,-0.006711409395973145,-0.009049773755656076,0.0,0.0,-0.004115163673280464,0.08620688237701679,0.022222236350730507,0.015538307986553646,0.004545450112051208,0.009036121390558316,-0.02769228128286505,0.0
2018-05-03 00:00:00+01:00,0.0,0.010050289787604694,-0.058558558558558516,0.009132420091324311,0.0060975609756097615,0.0,0.0,0.011904782178450812,-0.007246404354172786,0.010928961748633892,0.0,0.0,0.0,-0.004291889058782639
2018-05-04 00:00:00+01:00,0.011610963782966,-0.002985048000182955,-0.004784688995215336,0.0,0.0,0.0,0.01652890933552542,0.0052287531182189095,-0.016788287988207307,0.0,0.002262387301373625,0.0,0.003955635735956253,0.0
2018-05-07 00:00:00+01:00,-0.012912395062982474,-0.005988065556445155,-0.004807692307692291,-0.013574660633484115,-0.012121212121212088,0.0,-0.008130112188539096,0.026007777344208005,-0.03934674655818804,-0.007567534575591228,0.0022573880969170013,0.0,-0.002364045229565348,0.00862066792062044
2018-05-08 00:00:00+01:00,-0.005813975408954342,-0.006024138492660258,-0.004830917874396157,0.0,-0.018404907975460127,0.0,-0.010245901799528778,0.0,-0.01545593630221842,-0.006536013982236355,-0.009009000301245074,-0.020895545162371687,-0.007898849052186296,0.0
2018-05-09 00:00:00+01:00,-0.001461965963308609,-0.015151477203040775,0.0,-0.00917431192660545,-0.012499999999999956,0.0,-0.010351967037224075,0.0,-0.029042377724203705,-0.017543843505051004,-0.009090900224102638,-0.021341487171393725,0.015923551161094673,-0.017093974364798536
2018-05-11 00:00:00+01:00,0.0,0.008205120380108122,-0.02669902912621358,-0.0092592592592593,0.0,0.0,0.0,-0.005069703742700327,-0.020210186120684925,-0.0011160544176792575,-0.006880781855428064,-0.026168170877530095,0.0015673592265372793,-0.001449253248131832
2018-05-14 00:00:00+01:00,0.0014641064370863877,0.013224833718198603,0.0,0.01869158878504673,0.012658227848101333,0.0,0.01569037681947294,0.019108292635635626,0.014851510468267382,0.0072625868813285255,0.009237866641528925,0.014075512822648406,0.00312988753433463,0.0
2018-05-15 00:00:00+01:00,-0.001461965963308609,-0.006024138492660258,0.02244389027431426,0.004587155963302836,-0.006249999999999978,0.0,-0.005149330667942875,0.009999990463256836,-0.004065056094269548,-0.012756533626333666,-0.0022882728390274387,0.009463698102218254,0.01404058576135947,-0.010159717882935015
2018-05-16 00:00:00+01:00,0.0029282128741725533,-0.001010027837658023,0.0,0.015981735159817267,0.07169807482065638,0.0,-0.004140802610737793,0.008663328649155755,0.026122424067283267,0.0,0.01376145434453857,0.01250004768371582,0.026153857891376253,0.005865125275335004
2018-05-17 00:00:00+01:00,-0.007299270072992692,0.01516679608929894,-0.014634146341463428,0.01573033707865168,0.009389707516583634,0.0,-0.006236990573335488,0.011042964024594815,-0.004773227318938478,-0.007865134249912198,-0.009049764968910634,0.0,-0.002998497855734139,-0.013119556062649584
2018-05-18 00:00:00+01:00,0.0,-0.010956141144939258,0.007425742574257432,0.01327433628318575,0.03139531335165335,0.0,-0.004184116446269481,0.009708728874782357,-0.0007993787928755047,0.0056625139605819275,0.0068492539240538886,0.012345607788387003,0.018045095314010107,0.0
2018-05-21 00:00:00+01:00,0.0,0.0,0.0,0.0,0.0,0.0,0.0,0.0,0.0,0.0,0.0,0.0,0.0,0.0
2018-05-22 00:00:00+01:00,0.005882375380572125,-0.010070531560568363,-0.04668304668304668,0.0065502183406114245,-0.0033821356559722293,0.0,-0.006302505182298468,0.0,0.016800003051757884,-0.002252303724811222,0.0,0.0,-0.007385552566577802,-0.008862607107350429
2018-05-23 00:00:00+01:00,-0.005847975394087768,0.0,-0.0077319587628865705,0.002169197396963085,0.0056561084996544775,0.0,-0.013742023713868345,0.0,-0.004720725368734691,-0.015801371896048355,0.0,-0.009146318415812038,-0.01636899704041639,0.0
2018-05-24 00:00:00+01:00,0.0,-0.009155661575423468,-0.018181818181818188,0.01298701298701288,0.003936990642449123,0.0,-0.013933579948937846,0.0,0.0,0.0028669725774002064,-0.002267517548905529,-0.012307739257812478,0.006051431323006673,0.0
2018-05-25 00:00:00+01:00,0.0,-0.008213544721353827,0.010582010582010692,-0.0064102564102563875,0.0005602582830006586,0.0,0.001086939936098874,0.0,-0.011067145760491615,-0.008004539424472323,0.0011363896210325741,-0.009345771069191988,-0.003007515885668388,0.005961274738824018
2018-05-28 00:00:00+01:00,0.007352941176470562,0.0,-0.010471204188481686,0.0021505376344086446,0.0,0.0,0.0,0.012019277059821976,0.007194256669964538,-0.007492812978431185,-0.0011350997055084022,0.0,-0.0030165883229702484,0.0
2018-05-29 00:00:00+01:00,-0.010218933550980802,0.006211223660916865,0.0,0.012875536480686733,0.007838711358570505,0.0,-0.005428881740323743,-0.0071259405074861615,-0.010317469087707587,0.0,0.009090900224102638,0.0,0.004538537422879241,-0.011851897063078654
2018-05-30 00:00:00+01:00,0.0,-0.007201712610645061,-0.005291005291005346,-0.025423728813559365,0.011111111111111072,0.0,-0.0109170307495422,-0.009569369257348859,-0.033680839398571805,-0.011614402064136664,-0.01126130407443382,0.0,-0.003012045380823114,-0.002998455133324529
2018-05-31 00:00:00+01:00,0.011799341981630462,-0.015544002534698453,0.010638297872340496,0.004347826086956497,0.014285747821514372,0.0,-0.006622499825896577,0.0,-0.01244818006890358,-0.01057581130453955,-0.009111608899671664,-0.00628927233928156,0.0,0.0
2018-06-01 00:00:00+01:00,-0.01457725979946256,0.0010526556717722624,0.0,0.0,-0.0010834897097408147,0.0,-0.006666649712456563,-0.007246312545574507,0.0,-0.004750521508097627,0.01379309059654088,0.0031645689956498746,0.0015106086185363576,0.0
2018-06-04 00:00:00+01:00,0.008875717273141515,-0.0031546462590396063,0.0,0.0,0.0,0.0,0.0,0.0,-0.012605010364596936,0.0,0.006802768899403677,0.0,0.009049764968910745,0.00601506053953238
2018-06-05 00:00:00+01:00,0.0,0.0,0.0,0.01298701298701288,0.01952281031818548,0.0,-0.004474289922278274,0.0,-0.0034042520725980907,0.004773196681595815,-0.0022523037731887463,0.006309112011903872,0.00896860123562826,0.001494745468464842
2018-06-06 00:00:00+01:00,-0.005865013407374997,-0.003164528947236067,0.021052631578947434,-0.004273504273504258,0.0,0.0,0.0,0.007299204865363063,-0.025619145154361256,-0.004750521508097627,-0.00677194901437328,-0.012539173144626603,0.0,0.0
2018-06-07 00:00:00+01:00,0.014749261872991415,-0.0158729758262226,-0.02577319587628868,0.0042918454935623185,-0.02553193112637131,0.0,0.0,0.0,0.018404911564885218,-0.007159977108175508,0.0,-0.0063492305695064255,0.004444475527162872,0.005970172028043397
2018-06-08 00:00:00+01:00,-0.014534883076207206,0.0,0.0,-0.004273504273504258,-0.002183372833774566,0.0,-0.004494399167178753,0.0,-0.0017211277354839405,0.0012019964805749517,0.0,0.0,-0.011799468741531816,0.0
2018-06-11 00:00:00+01:00,0.0,-0.005376364484882101,0.002645502645502562,-0.0042918454935622075,-0.02188183770909158,0.0,-0.015801371896048355,0.0,-0.012931083385497644,-0.009603877820517415,-0.009090900224102638,-0.0031948395066633273,-0.013432787807885593,0.0
2018-06-12 00:00:00+01:00,0.005899614726846414,0.016216174976245723,0.0237467018469657,0.008620689655172376,0.015659972057983085,0.0,0.01834869448980969,0.0,0.014847168482604145,0.015757612748579453,0.018348605792718242,0.012820500280416924,0.0030257156615032255,0.0
2018-06-13 00:00:00+01:00,0.00879774384698262,0.010638338885950116,0.03350515463917536,0.008547008547008517,0.0011013047440548984,0.0,0.015765696490667613,-0.013284983118927451,0.010327012628305932,0.011933173789771434,0.009009000301245074,0.012658215623466695,0.021116118260791517,0.010385711163128253
2018-06-14 00:00:00+01:00,0.004360398387447617,0.0,0.03990024937655856,0.0,0.0,0.0,0.002217345725094466,0.0,0.008517920223111153,-0.0011793172159980658,-0.00223219393733487,0.01874995231628418,0.0014771386868552838,0.008810550478192791
2018-06-15 00:00:00+01:00,-0.0014471559526668676,-0.00526317797209086,0.01318944844124692,0.0,0.01540155668182619,0.0,0.002212355584805259,0.011015930446443223,0.02364862579076843,-0.008264427077487757,0.0067114566479797855,0.01840497904607763,0.017699097617354553,0.010189295614730476
2018-06-18 00:00:00+01:00,-0.008695630059725956,-0.007407375263181359,-0.010650887573964485,-0.004237288135593209,-0.011917725537872292,0.0,-0.006622499825896577,0.0,0.009075879349496496,-0.0023809160505022797,0.0033333036634657365,0.0,-0.010144952274475205,-0.014409221585205634
2018-06-19 00:00:00+01:00,-0.005847975394087768,-0.008528776410449246,0.0071770334928229484,0.004255319148936065,0.014254419904154103,0.0,0.004444461398654509,0.0,0.03270650753691262,0.0,-0.003322229663158649,0.009036121390558316,0.0,0.013157916751484144
2018-06-20 00:00:00+01:00,0.0,0.006451555345359905,0.0071258907363420665,0.004237288135593209,0.0108108108108107,0.0,-0.0022124399807611494,0.0,0.04433883300619201,-0.0005966951066449511,0.0022222730848524552,0.023104425686508945,0.004392417297725437,0.0
2018-06-21 00:00:00+01:00,0.0,-0.007478600148695724,0.0,-0.008438818565400852,-0.020320871934533802,0.0,-0.01773834288530174,0.0,-0.005307027827986088,-0.0065672006180037545,-0.008869276421323513,-0.01966504699143201,-0.002915449057909525,-0.012987034433558753
2018-06-22 00:00:00+01:00,0.0,0.0,0.0,0.0,0.004912713811494829,0.0,-0.011286681909956076,0.0,0.01676831318199623,-0.013221135991211552,-0.006711349972995273,0.0,-0.008771921263311722,-0.001461965963308609
2018-06-25 00:00:00+01:00,0.0,0.0,0.0,0.0,-0.007061396027476796,0.0,-0.0022830702251812607,-0.015738512208069988,-0.025487267518653822,-0.001218008233612955,0.0,0.0,0.0,0.0
2018-06-26 00:00:00+01:00,0.0,-0.01829925478923644,-0.014150943396226467,0.0,-0.0032823090453982795,0.0,-0.0114416473974992,0.0,-0.007307712848369841,-0.009756134777534342,-0.01126130407443382,0.001785755238567388,-0.013274358377996953,-0.013177181342098665
2018-06-27 00:00:00+01:00,0.0,-0.007675405230548105,0.004784688995215225,-0.051063829787234005,-0.010976948592200775,0.0,-0.025463015495176378,0.001230040435555857,0.015110472881322501,-0.0036945250448039424,-0.0068336523652807735,-0.007724252011640842,-0.022421538727124157,0.0
2018-06-28 00:00:00+01:00,0.0,-0.03646407919901473,-0.01904761904761909,0.0,0.0,0.0,-0.016627006499120855,-0.0012285292948469584,-0.0114504250256946,-0.0185414087973802,-0.0045871514481795606,-0.01497005919633243,-0.015290505384687236,-0.016320451768813915
2018-06-29 00:00:00+01:00,0.002941131591796875,0.019495420996342494,0.05582524271844669,-0.004484304932735439,0.0,0.0,0.009661780107220741,0.0,0.0038610186464320684,0.013853884798258775,0.004608290374042534,-0.01823715078999011,-0.00931676121838998,0.009049750324335637
2018-07-02 00:00:00+01:00,0.00879774384698262,-0.0005624425475611039,0.0,0.0022522522522523403,0.005549389661128723,0.0,-0.009569323408671226,0.0,-0.004615416893592239,-0.003726745984569124,-0.006880781855428064,-0.02476777882219383,0.0015673592265372793,-0.01195819183125646
2018-07-03 00:00:00+01:00,0.0,-0.007315760538342375,-0.020689655172413834,-0.006741573033707815,0.0,0.0,-0.004830936124831653,0.0,-0.0069551160612100205,-0.0012468638145414213,-0.006928344919118312,0.0,-0.007824681524634225,0.0
2018-07-04 00:00:00+01:00,0.0,0.0,-0.0046948356807511304,0.004524886877828038,0.0,0.0,0.009708682130449064,-0.00615008487466695,-0.0023346837163343848,-0.0012484204247944497,-0.013953585338433494,0.0063492305695065365,-0.009463713144399533,-0.004538508763819893
2018-07-05 00:00:00+01:00,0.0,0.006802768899403677,0.0,-0.0045045045045044585,-0.00882997169797739,0.0,0.0,0.0,-0.011700438541416891,-0.0006250381469726785,0.004717089349841386,-0.006309172180628875,0.0,0.0
2018-07-06 00:00:00+01:00,-0.011627950817908794,0.0,-0.014150943396226467,-0.009049773755656076,-0.006681582217428206,0.0,0.0,-0.0037128382740666543,0.002367776857975068,-0.005628479867654135,0.001173623787591227,-0.0031746152847532683,0.0063694204644377805,0.0
2018-07-09 00:00:00+01:00,0.0,-0.01689195611165073,-0.019138755980861233,-0.0273972602739726,-0.010089618018783053,0.0,-0.014423040772329476,-0.016149082156611816,-0.24645670562589006,-0.0062893081761006275,-0.019929669591528865,-0.025477683018455766,-0.01265829088137238,-0.0015198495270123402
2018-07-10 00:00:00+01:00,-0.005882375380572125,0.0,0.0,-0.0046948356807511304,-0.0033975429375915356,0.0,0.0,-0.011363655520317262,0.02403349041223435,0.012658227848101333,0.005980884304813028,0.0,-0.0096153757981291,0.0
2018-07-11 00:00:00+01:00,0.0,-0.0011453924091453516,0.004878048780487809,-0.009433962264150941,0.0034091255881569804,0.0,0.007317054562452352,0.0,-0.010204120359535218,-0.0012499809265136275,-0.003567150239654593,-0.014705907102274374,-0.004854325858332009,-0.010654444151552034
2018-07-12 00:00:00+01:00,0.0,-0.0022936304072485036,0.0,-0.00952380952380949,0.0033974565344854213,0.0,-0.004842633574675292,-0.0006385842260073771,0.0,0.003754636002930578,-0.007159954510418509,-0.01492533536598284,0.0,0.0
2018-07-13 00:00:00+01:00,0.0,-0.00804594211021381,-0.012135922330097082,0.009615384615384581,-0.0022573019377715164,0.0,-0.004866105977305968,0.0,-0.013402073917233026,-0.0037405914436241527,-0.02163453823363004,0.0047137840421584976,0.0,-0.0015384380634014816
2018-07-16 00:00:00+01:00,0.013313632340146375,0.0,0.0,-0.004761904761904745,0.0,0.0,0.002444950376293331,0.0,-0.011494217365204062,0.0,0.0,0.0,-0.0016260534515062375,0.003081617003698245
2018-07-17 00:00:00+01:00,0.0,-0.01622251928925078,-0.012285012285012331,-0.009569377990430672,0.0,0.0,-0.014634109124904704,-0.012140548563230213,-0.01902751632663202,-0.00500627682402921,-0.004914000020385667,0.0,-0.014657927965435968,-0.0015360749072957924
2018-07-18 00:00:00+01:00,0.0,-0.011778495935370281,0.0,-0.004830917874396157,-0.006787312938512202,0.0,-0.007425817832349302,0.0,-0.032327607690438076,0.0037736232925511537,0.0024690744626516548,-0.013069684572860618,-0.0008264651707904358,0.0
2018-07-19 00:00:00+01:00,0.0,-0.0047675757111096395,0.15920398009950243,0.029126213592232997,0.01936215135710251,0.0,0.0,-0.0038810103149191644,0.002227222581649535,-0.000626604634656247,0.012315318088559568,0.022071293775592915,0.028949497384455514,0.0
2018-07-20 00:00:00+01:00,0.0,0.002993966154271277,0.0042918454935623185,0.004716981132075526,-0.007821194952426724,0.0,0.009975100775553747,0.0,-0.0011111365424262276,-0.006896589990693536,-0.009732350499663811,0.0,0.0,0.0
2018-07-23 00:00:00+01:00,-0.013138708406991384,-0.005373143438083039,-0.002136752136752129,0.014084507042253502,0.0,0.0,-0.0024690981264468004,0.0,0.0011123725402044649,0.0,0.009828000040771334,-0.005980076508125043,0.0,0.006153869628906294
2018-07-24 00:00:00+01:00,0.0,0.0,0.008565310492505418,0.0185185185185186,0.03828821823916684,0.0,0.0,0.0,0.0,0.0,0.007299204865363063,0.012700506677728374,0.028938956792189163,0.0
2018-07-25 00:00:00+01:00,0.0,0.0,0.02547770700636942,0.00454545454545463,0.007049908323140119,0.0,-0.0012376992541889287,-0.006493469498212501,0.0,-0.0012626070451295934,0.0,0.0,0.012499987892806708,-0.010703433659091321
2018-07-26 00:00:00+01:00,0.0,0.003601408552936114,0.0020703933747412417,-0.018099547511312264,-0.015078099611052886,0.0,0.0,0.0,-0.0344444910685221,0.005689059245480799,-0.014492740269210325,-0.03168313889917407,-0.016975329196084243,0.0
2018-07-27 00:00:00+01:00,0.0,-0.0131578542098848,-0.01446280991735538,-0.02304147465437789,-0.0082012031167642,0.0,-0.013630712710269277,0.0,-0.021864164506083972,-0.008170980527253957,-0.004901956201103785,-0.012951638246045394,-0.014128677765719244,-0.0061822861723526135
2018-07-30 00:00:00+01:00,0.0,-0.0193939208984375,-0.010482180293501009,-0.014150943396226467,-0.025358274528672453,0.0,-0.017587959204974912,-0.007843129677328364,0.0,-0.008872047707212283,-0.022167466856587215,0.0,-0.01910833732279482,-0.01866258974623658
2018-07-31 00:00:00+01:00,0.0,0.004326309858092348,0.014830508474576343,0.1148325358851674,0.05542988055768805,0.0,0.005115109226201842,0.0,0.0258823843563305,0.0,0.0,0.008287351037779445,0.016233828562794095,0.0015848223650809512
2018-08-01 00:00:00+01:00,0.005917182469050486,-0.01353841928335342,-0.018789144050104345,-0.0042918454935622075,-0.008574523318225502,0.010389650022828656,-0.00763356852123398,0.03557311930151341,-0.09977068070580208,-0.008951367973907831,-0.010075557069209928,-0.021232904898423888,-0.019169386263373167,-0.0031645689956499856
2018-08-02 00:00:00+01:00,0.0,-0.005614541634872516,0.008510638297872353,0.0,-0.00540540540540535,0.0,0.0,0.0,0.010191073207382217,0.0,0.0,0.010496824277865358,0.0,0.0
2018-08-03 00:00:00+01:00,0.005882375380572125,0.013801773702651454,-0.008438818565400852,0.01724137931034475,0.0,0.0,0.005128224690755134,0.0,0.023959654644817974,0.021935444493447642,0.00763358037663453,0.007617771021336983,0.01302930381851053,-0.0015872773670014828
2018-08-06 00:00:00+01:00,0.0,0.0,0.0,0.0,0.0,0.0,0.0,0.0,0.0,0.0,0.0,0.0,0.0,0.0
2018-08-07 00:00:00+01:00,-0.005847975394087768,0.0024753042020448923,-0.006382978723404209,0.004237288135593209,0.0130434450895891,0.0,0.006377550896283557,0.0019083799275825264,0.016009866536096373,-0.0018938624023230322,0.0,0.0,-0.0032154311255848667,0.0
2018-08-08 00:00:00+01:00,0.0,0.0,0.0,-0.00421940928270037,0.0,0.0,-0.0038023199740929714,0.0,-0.03393941937070899,-0.004427654522498381,-0.005050500185316276,0.0,0.004032273570407474,0.0015898008218639958
2018-08-09 00:00:00+01:00,-0.0014705657958984375,0.006172745025411208,0.0,-0.0021186440677966045,0.0,0.0,0.0,0.0,0.005018875751968244,0.0,0.035532960520909596,0.0,0.0,0.0
2018-08-10 00:00:00+01:00,0.013254808625238201,-0.0036809490031118886,0.0,0.010615711252653925,-0.011802559121670053,0.0,-0.005089078036186079,-0.006984105185856904,-0.00249693597904721,-0.003811886073649684,0.0171569051397904,0.004123674581158365,0.02168678408836122,0.0031746152847531572
2018-08-13 00:00:00+01:00,-0.013081416947058,0.0,0.016059957173447437,-0.0021008403361344463,-0.0010857597804324604,0.0,0.001278850478495741,0.0,0.03128911228554565,0.007015247597689678,-0.002409693651091449,0.006160174859878076,0.0,0.0
2018-08-14 00:00:00+01:00,0.0,0.0,-0.00737618545837726,-0.004210526315789442,0.0130434450895891,0.0,-0.006385695791984669,0.0,0.035194171105380256,-0.0018998594335944974,-0.009661826846140142,-0.011564631190457364,-0.006289302046118661,0.0
2018-08-15 00:00:00+01:00,0.0,0.003694548447536805,0.0,0.014799154334038,0.010729614085237982,0.0,-0.0077121604110537145,0.0,0.032825403916862506,0.0025380322398060873,0.004878044241882984,0.0,0.00632910771622841,0.006329077632166724
2018-08-16 00:00:00+01:00,-0.013254808625238201,0.03926388508914336,0.02123142250530785,0.050000000000000044,0.0,0.0,0.020725468481408438,0.007672626785479197,0.06072642700684305,0.03164556962025311,0.024271822186955783,0.0089470142346888,0.01100624109351056,0.004717029228858971
2018-08-17 00:00:00+01:00,-0.008955201106285005,0.017709517568042843,-0.01039501039501034,-0.003968253968253954,-0.01486193144203174,0.0,0.04822329029438421,0.0,-0.006955648175522633,0.025766852443203536,-0.009478664417471583,0.0,-0.004665588456001957,-0.014084530585095734
2018-08-20 00:00:00+01:00,-0.006024119227211244,-0.003480247490658228,0.0,-0.003984063745019917,0.0,0.0,0.012106537753911795,0.0012690040481537768,0.004310340840949722,0.003588553316190346,0.00478468462867454,-0.012278329266664723,0.0,0.011111123221261066
2018-08-21 00:00:00+01:00,0.0,0.007566889316494185,-0.004201680672268893,0.014000000000000012,0.000538743757749538,0.0,-0.009569323408671226,0.0,-0.009656669048806021,0.0047675985530886145,0.00833341091398565,0.015884012650674517,0.08593745401594854,0.0015698347397707924
2018-08-22 00:00:00+01:00,0.0,-0.012131663255439795,-0.016877637130801704,0.0039447731755424265,-0.007000555051813739,0.0,-0.0193237444993265,0.0,-0.045503699181968504,-0.015421150708139875,-0.0035419935891018994,-0.0013596504222844752,0.0071942722456204145,0.0
2018-08-23 00:00:00+01:00,0.010606014367305905,-0.007017592781075943,0.0,-0.0019646365422396617,-0.0065075758566229824,0.0,-0.014778288095344094,0.0,-0.022701561113904534,-0.0060240963855421326,-0.004739332208735791,0.008509190168182412,0.03571428571428581,-0.012539173144626603
2018-08-24 00:00:00+01:00,0.0,0.0,0.0042918454935623185,-0.0019685039370078705,0.0,0.0,-0.0100000381469727,0.0,-0.018583025992112034,-0.0060606060606061,-0.0071427938889455644,-0.011137358523553798,0.013793090294147436,0.0
2018-08-27 00:00:00+01:00,-0.0134931624836917,-0.03533571246437761,-0.004273504273504258,-0.009861932938856066,-0.004366828957883873,0.0,-0.005050428180518374,-0.015209111228101091,0.0011834590659838273,-0.014634109124904704,0.007194180437007036,0.002730372893828159,-0.013605429378242606,0.01269840058826266
2018-08-28 00:00:00+01:00,-0.006079050263329999,-0.008546971722914631,-0.008583690987124415,0.0,-0.015350810782141844,0.0,-0.01015232259867238,-0.016731031500648252,-0.17257683588223272,-0.00990102749433508,-0.004761900436850985,-0.016337629542117482,0.023448286385371775,-0.006269556676566368
2018-08-29 00:00:00+01:00,0.0,-0.014778311237724773,-0.0043290043290042934,-0.01195219123505975,0.0055679285412921775,0.002570654760889024,-0.01794873751126802,-0.014397861073241924,0.014285700661795575,-0.013749980926513694,-0.007176969905071773,-0.010380596575101375,-0.03369272202553231,0.0
2018-08-30 00:00:00+01:00,-0.021406750660776686,0.0,0.0,0.02016129032258074,-0.006090842006312713,0.0,0.0,0.02124831911740177,0.015492976759426735,0.007604543251172213,-0.002409693651091449,0.0,0.008368192767238325,-0.04258676179743237
2018-08-31 00:00:00+01:00,-0.026562511920928955,0.005625009536743164,-0.01521739130434785,0.0,-0.007242356834305408,0.0,0.014360293681895175,-0.009102753074188952,-0.01525660650934968,-0.001257842441774737,-0.0024153991225044358,-0.022377667428694625,-0.004149406601549943,0.0
2018-09-03 00:00:00+01:00,0.0,-0.004350509270378056,0.0,-0.007905138339920903,0.0,0.0,-0.003860945098403512,0.0,0.0028168987598808926,0.0,-0.002421362858288867,0.0,-0.0013888544874417486,0.004942326742831238
2018-09-04 00:00:00+01:00,0.0016051731949118242,0.0,0.0,0.003984063745019917,0.006733989723864742,0.0,0.0,0.0,0.002808986130333757,-0.0062972290981258006,0.0,0.0,-0.002781638493372318,0.0
2018-09-05 00:00:00+01:00,0.011217899537260045,-0.0037453444383406254,-0.0066225165562914245,-0.003968253968253954,-0.006131498785675871,0.0,0.0,0.0,0.007002827964963876,0.001267407759026451,0.004854364437391068,0.0014306479555485918,0.005578795178158957,0.0
2018-09-06 00:00:00+01:00,-0.01426303855697797,-0.010025053072035384,-0.004444444444444473,0.0,-0.016264773447208558,0.0,-0.007751918117475554,0.0,0.001390786086939766,-0.006329113924050667,0.0,-0.0028571401323590484,-0.0027739224439247145,-0.001639319247886739
2018-09-07 00:00:00+01:00,0.0,-0.005063286249386678,0.01116071428571419,0.003984063745019917,0.0011403204902578068,0.012820512820512775,-0.013020832815931915,0.013779530269085072,0.025000043047800125,-0.0031847133757961776,0.0,-0.005730653544946063,0.006954063073684402,0.0
2018-09-10 00:00:00+01:00,0.022508001511405196,-0.020356275003996394,-0.0033112582781457123,-0.023809523809523836,-0.02391806412896913,0.010126620908326833,-0.021108259091006998,0.0,0.014905102299660244,-0.017252376666084257,0.0,-0.018732004808222458,-0.004143609657401681,0.0
2018-09-11 00:00:00+01:00,0.006289332318799801,-0.048051934379774175,-0.01661129568106312,-0.05691056910569103,-0.017502917776133775,0.0,-0.04043126850925116,0.011003241319912371,0.0974633535671876,-0.01820548111962994,-0.03381639396149072,-0.00513947837095341,-0.030513213018699248,-0.014778349808356905
2018-09-12 00:00:00+01:00,-0.00625002384185791,0.031377901973728584,0.0,0.0,0.03325419421902098,0.0,0.025280942821757302,0.005121634077604353,0.0,0.010596066910699475,0.0025000572204589844,-0.0036900509248001256,0.008583751299193754,-0.0033333460489909372
2018-09-13 00:00:00+01:00,0.011006361547658772,0.02910056464205768,0.0,0.02155172413793105,0.02068969025008971,-0.04761908404055015,0.027397260273972712,0.008917219428253409,-0.04622872288278801,0.024901622811148716,0.012468755871280157,0.022222236350730507,0.014184383252072719,0.025919720013975356
2018-09-14 00:00:00+01:00,-0.010886540348579055,0.02313622409825844,0.0045045045045044585,0.00843881856540074,0.00957205455979171,0.0,0.02933329264322926,0.0,-0.039540808258430205,0.0025576033943977006,0.00985220749181659,0.01956518118533279,0.009790166977700077,0.015484935396374633
2018-09-17 00:00:00+01:00,0.0,0.017587982745204123,0.005605381165919354,0.012552301255230214,0.018404924682601465,0.0,0.007772100093707213,0.010101000370632551,0.0,0.008290835627909443,-0.002438963970067154,-0.001421428892902754,0.0,0.011235967439997108
2018-09-18 00:00:00+01:00,0.00943393849868146,0.0,-0.012263099219620988,0.0,0.007666998081537368,0.0,0.0,0.0,-0.03054449039375795,0.0018974559227551424,-0.007335014349416968,0.01138788934092827,0.01800555653997704,0.0031746152847531572
2018-09-19 00:00:00+01:00,-0.006230494239806816,-0.0024691922002160194,0.0,0.0,-0.002173879872197637,0.0,0.0,0.0,0.0020547761772162776,0.0,0.003694548447536805,0.0,-0.0013605104999219186,0.006329077632166724
2018-09-20 00:00:00+01:00,-0.007836990689328416,-0.012376225937722696,-0.009029345372460473,-0.016528925619834656,-0.011982636894853127,0.0,-0.020565630343885588,0.0,-0.008885858743951647,-0.02146460875943146,-0.01840486203081859,0.0,-0.013624029889763523,-0.01415090774802219
2018-09-21 00:00:00+01:00,-0.009478648994513894,-0.015037579608052964,-0.015945330296127547,-0.008403361344537785,0.006063980929036594,0.0,-0.013123360105634085,0.007500052452087402,-0.013793090294147325,-0.010322620022681472,-0.014999985694885254,-0.0021111705060279373,-0.0013811812653045097,-0.011164286354414354
2018-09-24 00:00:00+01:00,0.009569353537803194,0.0,-0.0023148148148147696,0.0,0.0,0.0,0.0079788048918219,-0.0012407231217379522,-0.022377667428694625,-0.0013037611225535928,0.0038070726567902557,0.0,0.0,0.0
2018-09-25 00:00:00+01:00,0.0,-0.013994927690315517,-0.012761020881670526,-0.012711864406779627,0.00712330439319353,0.0,-0.018469676378811695,0.0,-0.03004285667898121,-0.009138341542900608,-0.00884951911182652,-0.003526106463947909,-0.0027662490835064224,0.009677394743888623
2018-09-26 00:00:00+01:00,0.003159569752764879,0.0,-0.002350176263219761,0.008583690987124415,-0.013057720976193843,0.0,0.0,0.01490681772867486,0.016224137650927117,-0.002635106371750573,0.0,-0.0010615954141022232,0.0,-0.009584640395305044
2018-09-27 00:00:00+01:00,0.0,0.0,0.0,0.0,0.0,0.0,0.0013440654848146938,0.015911886563884536,0.0058055098154059515,-0.0026419677186899637,0.0,0.0,0.0013869281541984968,0.0
2018-09-28 00:00:00+01:00,-0.015748031496062964,0.0,-0.005889281507656108,0.004255319148936065,0.028665999900742145,0.0,-0.001342261397598521,0.013252970379450835,-0.012986966519493937,0.004635741379087399,-0.0025510179256708065,-0.008147344880123475,0.005540227126394903,-0.0016128786148563723
2018-10-01 00:00:00+01:00,0.0,0.0077419281005859375,-0.0023696682464454666,0.016949152542372836,0.024115754838205383,0.0,0.005376364484882101,0.0047562381187600256,-0.027777785523670384,0.001977607500283307,0.005115084523652724,0.0,-0.00826452034781,-0.003231030016305203
2018-10-02 00:00:00+01:00,0.0,0.0,-0.016627078384798155,0.018750000000000044,0.008895849785171217,0.0,0.005347511766912616,0.0,0.004511237976085214,-0.002631538792660315,0.012722633961057772,-0.014285700661795464,0.018055571928436764,0.0
2018-10-03 00:00:00+01:00,0.0,-0.0140845242407589,-0.009661835748792313,0.002044989775051187,-0.007261458159301015,0.0,-0.007978703437103274,0.013017824004084577,-0.005988018395350125,-0.01187337057578175,0.0,0.0,-0.0040927330536756346,0.01782817602138209
2018-10-04 00:00:00+01:00,0.0,0.022077932533113964,0.0024390243902439046,0.012244897959183598,0.012539233186033671,0.0,0.03351206502862403,0.005841032080555086,0.00903613614246912,0.016021320744934453,0.002512560405862674,0.0,-0.0013698943315820777,0.020700625045443788
2018-10-05 00:00:00+01:00,0.0,0.0139771455036799,0.021897810218978186,-0.0040322580645161255,0.007223910600819172,0.0,0.024643340641785416,0.0011614668154000807,-0.0089552155951661,0.014454645153444634,0.002506263268008846,0.013768085344727954,0.0013717735163463196,0.004680234928226001
2018-10-08 00:00:00+01:00,-0.014400024414062518,-0.005012526536017692,-0.011904761904761862,-0.012145748987854255,-0.006147525445711843,-0.00526317797209086,0.0025316069397745,0.00232023875048748,-0.016566213688113618,-0.015544002534698453,-0.004999995231628418,0.012866355119417916,-0.008219235349178677,-0.006211203670828613
2018-10-09 00:00:00+01:00,0.0032467657125587746,-0.00629725319578478,0.0,0.012295081967213184,0.008247454141833144,0.0,0.0,0.0023147573257693566,0.01837670470191366,-0.0013157693963301575,-0.002512560405862674,0.009880052404302342,0.0034530519554933914,-0.015625
2018-10-10 00:00:00+01:00,0.008090614986612454,0.013941715510243924,0.0072289156626506035,0.012145748987854255,0.0020449585071724563,0.0,0.012626263112781588,0.01270214922514512,0.01654137322359328,0.017127739080743387,0.002518889267302482,0.0006987613497069223,0.0089470142346888,0.0
2018-10-11 00:00:00+01:00,-0.011235967439996997,-0.011250019073486328,-0.011961722488038284,-0.02400000000000002,-0.014285729855907259,0.0,-0.024937656809272957,-0.007981829514793981,-0.03254441709763056,-0.02849737092239979,-0.020100483246901613,-0.00907822047565443,-0.023192370813558405,-0.02539680117652532
2018-10-12 00:00:00+01:00,0.0,-0.005056885287565982,0.0,0.002049180327868827,0.0,0.0,-0.00255750583180403,0.0,0.02140670753856222,-0.0053333536783853885,-0.0025641000560834293,0.0,0.0027932934850189994,0.0
2018-10-15 00:00:00+01:00,-0.009740235210771275,-0.015247762046257884,-0.007263922518159771,-0.014314928425357865,-0.016563131463710468,0.0,-0.007692288129757641,0.0,-0.004490978105107568,-0.005361950858721154,-0.010282827556014063,0.004933097291652144,-0.011142050921826518,-0.004886043066812729
2018-10-16 00:00:00+01:00,-0.009836040559362158,0.0025806427001953125,-0.007317073170731714,0.004149377593360981,0.009473700272409458,0.0,0.0,0.0022989032416267374,0.018045095314010107,0.0,0.0,0.0,0.007042280479784058,-0.009819942538545567
2018-10-17 00:00:00+01:00,-0.009933812477823878,-0.02059200100448788,-0.014742014742014753,0.0,-0.0031282903752285485,0.0,-0.012919896386121454,0.0,0.01920238032602284,-0.01617246627488733,-0.028571402031326354,-0.01683027820939831,0.0,-0.030578487175555225
2018-10-18 00:00:00+01:00,0.0,0.011826501205219886,0.0024937655860348684,0.004132231404958775,-0.00836815308715555,-0.03439151490209502,0.007853383012274673,0.002293521040931168,0.005797095840604838,0.013698630136986356,0.013368971173472577,0.0,0.0,0.012787723452472033
2018-10-19 00:00:00+01:00,0.0,0.010389662665569288,0.00995024875621886,0.014403292181069949,0.0284809795498433,0.0,0.007792187975598663,0.0,0.0,0.015540561160525712,0.005277039875413392,0.013552038101260377,0.020979034037302835,-0.006734032249218647
2018-10-22 00:00:00+01:00,0.0,-0.0077121359895410135,0.0,-0.006085192697768749,-0.0046153533153044934,0.0,-0.0025772803115310383,-0.006864927633139617,-0.018732004808222458,-0.004657331563733491,-0.007874008357040663,-0.0007037458729760582,0.0,-0.0016948893918828922
2018-10-23 00:00:00+01:00,-0.003344494406205656,-0.028497382923657888,0.01724137931034475,0.004081632653061273,-0.0005152297803756589,0.0,-0.010335956537291913,0.0011519901907788288,0.0014684624032101912,-0.022727332998374372,-0.007936500427734305,0.014788735279415599,0.0027397233430073165,-0.015280161333840914
2018-10-24 00:00:00+01:00,0.0,-0.018666648864746116,0.002421307506053294,-0.008130081300813052,-0.004123727070916572,0.0,-0.0182767826862541,0.0,0.014662742245680649,-0.012311922635641737,-0.015999984741210893,0.0,-0.013661253978772825,-0.018965490933122275
2018-10-25 00:00:00+01:00,0.01006715275469161,0.009510827928585153,-0.01449275362318836,-0.004098360655737654,0.00724642431360123,0.0,0.005319169442975058,-0.004602987777274747,-0.008670511866767816,0.004155167097484425,0.016260146842582035,-0.01110338994492377,-0.0013850072486515375,-0.010544855408228249
2018-10-26 00:00:00+01:00,0.0,0.017496651069235147,0.009803921568627416,0.004115226337448652,0.007194213014256823,0.0,0.01851853907587242,0.0,0.0116617962316381,0.015172392746497954,-0.007999992370605447,0.0007017704478480269,-0.004160916733650932,0.0
2018-10-29 00:00:00+00:00,-0.00498337596774967,-0.019841282606185007,-0.12621359223300976,-0.012295081967213073,-0.014285729855907259,0.0,-0.012987012987012991,0.0,-0.017291049649809875,-0.01494563175171626,-0.005376338917391199,0.0,-0.002785512730456685,0.001776239612318431
2018-10-30 00:00:00+00:00,0.008347245196379305,-0.01889336968535693,-0.01666666666666672,-0.004149377593360981,-0.033126262927420824,0.0,-0.01578943352950246,-0.020809174501680294,-0.02199414832725599,-0.011034524851831873,-0.005405400180747089,-0.009817695727606046,-0.01955305439513333,-0.007978736715689161
2018-10-31 00:00:00+00:00,0.0,0.01788172142805844,0.0028248587570620654,0.012499999999999956,-0.002141376599242406,0.0,-0.002673857880705288,0.0,0.07346323321039949,-0.0055787156695852325,0.02989127529901281,0.0,0.01851853487095889,0.012511184153604527
2018-11-01 00:00:00+00:00,0.04966887291740596,-0.0040540823542868365,-0.008450704225352101,-0.016460905349794275,0.0,0.0,0.0,0.009445091048871701,0.02653632140636586,-0.00701262242074574,0.0,0.0,-0.006993033575937835,-0.007943526051519711
2018-11-02 00:00:00+00:00,0.0015772629607946342,0.001356883180070323,-0.0014204545454545858,0.0,0.008583724012374061,0.0,0.008042875152728612,0.019883049415386544,0.07482995889404132,-0.0014125155254939292,0.010554079750826784,-0.008498575533404162,0.0,-0.07295377639073031
2018-11-05 00:00:00+00:00,0.009448794868048616,0.036585362701849755,0.021337126600284417,0.03347280334728042,0.02074464838555512,0.0,0.026595745760156664,0.0034403362445554198,0.3924050464822666,0.018387596999608347,0.03655355292245166,0.051428590502057725,0.018309875519307628,-0.018234107026203983
2018-11-06 00:00:00+00:00,0.009360350833133468,-0.003921596004491157,0.0013927576601671099,-0.0080971659919028,-0.0067742982507336125,0.0,0.001295415899856378,0.0,-0.009999968788840574,0.0,-0.005037778534604964,-0.006793504052694632,0.004149406601549943,-0.0068426642889009015
2018-11-07 00:00:00+00:00,-0.0030911430861763067,0.020997418195830786,0.03198887343532686,0.01632653061224487,0.019412365318774993,0.0,0.02199219768599381,0.0022857666015625444,0.037649204268712655,0.00694444444444442,0.002531643124693339,0.029411785809965396,0.008953109963374173,0.009842519832859109
2018-11-08 00:00:00+00:00,-0.0007752411125242498,0.00257069156647316,0.0026954177897573484,0.0,-0.006690700109827197,0.0,0.001265803469887361,0.0,-0.036283171724924235,-0.002758578596444017,-0.012626250463290689,-0.007309010561958762,-0.0034129172943666575,-0.006822582443008041
2018-11-09 00:00:00+00:00,0.006982228067413221,0.0025641000560834293,0.010752688172043001,-0.002008032128514081,0.0062176007680943,0.0,-0.0012642032370431266,-0.009122106408734565,0.046831887890639745,0.0027662094024949457,0.005115084523652724,0.004016092456621045,0.0,-0.004906771270979937
2018-11-12 00:00:00+00:00,0.0,0.002557542261826473,0.0478723404255319,0.006036217303822866,0.004119480248864438,0.0,0.005063310454163306,0.0,0.008771963580347819,0.005517262425915881,-0.007633580376634641,0.0,-0.0013698943315820777,0.0
2018-11-13 00:00:00+00:00,-0.02003086319249836,-0.014030629001721917,0.02284263959390853,0.0040000000000000036,-0.0005128518129006165,0.0,-0.007556655700132864,0.014959737712114451,0.04347826086956519,-0.02331967821747205,-0.0025641000560834293,-0.009333356221516875,0.009602218385140304,0.007889501088016448
2018-11-14 00:00:00+00:00,0.006289332318799801,0.0,0.007444168734491274,-0.003984063745019917,-0.016931697774815957,0.0,-0.01015232259867238,0.0,0.02083333333333326,-0.0028089460226743412,-0.00257069156647316,0.011103631605999809,0.03260866396255957,-0.009784736104311631
2018-11-15 00:00:00+00:00,0.00625002384185791,0.027166887144735474,0.0,-0.008000000000000007,0.012526063778869334,0.0,0.012820512820512775,0.0,-0.013061212033641634,0.009859111947073007,-0.005154695555459998,-0.001663868164059168,0.0065789725476688155,0.009881423222882546
2018-11-16 00:00:00+00:00,-0.012422407341657227,0.03904281367071705,-0.014778325123152691,0.0,-0.014433005421432,0.0,0.02025314524203914,-0.013605429672463698,-0.007444181261538341,0.018131145147694205,-0.00259067117487799,-0.011333338419596384,-0.011764725681819521,-0.009784736104311631
2018-11-19 00:00:00+00:00,0.012578664637599601,0.0,0.0475000000000001,-0.0040322580645161255,0.0,0.0,0.0,0.0,0.006666660308837891,-0.0027396842224957085,0.0,-0.016183396652249438,0.0,0.0
2018-11-20 00:00:00+00:00,-0.006211203670828613,0.026666699033794927,0.0,0.0,0.0,0.0,0.019851098069621154,0.00919539373102718,0.005794676760456641,0.010988947648731706,0.005194800369332064,-0.0027416011949754626,-0.0013227185344397707,-0.005928838855874252
2018-11-21 00:00:00+00:00,0.0078125,-0.0047225455244358505,-0.023866348448687402,-0.004048582995951455,0.004184116446269481,0.0,0.0,0.0,-0.008230405838276611,-0.005434803453420622,-0.007751930820906638,0.0,-0.0026490040293054573,0.0
2018-11-22 00:00:00+00:00,0.03410847981770826,0.0023724203280368616,0.0024449877750611915,-0.008130081300813052,-0.0072916348775228235,0.0,-0.007299251780981009,0.0,-0.013277995425687417,0.006830601377668666,-0.013020821206737088,-0.003436439180715789,0.0,-0.023856874376556703
2018-11-23 00:00:00+00:00,0.04197905816893144,-0.0017750757381073123,-0.012195121951219523,-0.020491803278688492,-0.0036726767293546736,0.0,-0.004901979575474669,0.0,-0.013456753277242717,-0.006784260796525388,-0.006596268390627991,-0.020689668326542288,-0.017264290945381844,0.0
2018-11-26 00:00:00+00:00,0.007194244604316502,-0.020746909547019965,0.0,-0.02092050209205021,-0.018430753620286455,0.0,-0.019704415446480272,0.0,-0.05711842700480563,-0.01366120275533722,-0.02788845050408273,-0.01408449379940424,-0.024324365250814717,-0.0244398571391945
2018-11-27 00:00:00+00:00,0.008571406773158374,-0.02905566155785122,-0.01728395061728394,-0.03418803418803418,-0.015021394230966045,0.0,-0.037688442933517585,0.0028474456679885574,-0.023508157234848115,-0.0332409140987201,-0.021857967281024404,-0.021428585052490234,-0.029085812660977983,-0.02713993758550215
2018-11-28 00:00:00+00:00,0.005665744115072924,-0.007481348652370268,0.0,0.026548672566371723,-0.028322505632703665,0.0,-0.010443804677536028,0.0,0.03148149505400677,-0.015759399074810276,0.00837988045505722,-0.01459852642697701,0.0028530642330242273,0.008583724012374061
2018-11-29 00:00:00+00:00,-0.03802812603158012,-0.02763822436865504,-0.03015075376884424,-0.09913793103448276,-0.035874406476706144,0.0,-0.05013196436368339,-0.04599666923434853,-0.126570983629419,-0.04075684929757373,-0.027700805412326446,-0.044444472701461235,-0.04125183926532083,-0.004255335381690539
2018-11-30 00:00:00+00:00,-0.010248968467926,0.06847554293518288,0.05699481865284972,0.11004784688995217,0.07558139534883712,0.0,0.0722221798366971,0.03690481353509156,-0.08633085698177845,0.07283756162704069,0.06837607127886836,0.03953490263280646,0.0608309107080649,0.0235043227938192
2018-12-03 00:00:00+00:00,0.0029586476649594573,0.002418319586739548,0.002450980392156854,0.0,0.021621621621621623,0.0,0.007772100093707213,0.019517804311067755,-0.09111365448091213,0.0014145135478411675,0.007999992370605558,0.0014914584631804395,-0.0027972000922730222,-0.012526143417640578
2018-12-04 00:00:00+00:00,0.002949807363423096,-0.00965017178216887,0.03422982885085579,-0.012931034482758674,-0.01164019549334494,0.0,-0.01028281517194285,0.00563065203721691,-0.03217818743807899,-0.004237331056871518,-0.005291000285156167,-0.005956807288770016,-0.01472651015261861,-0.08879494356627105
2018-12-05 00:00:00+00:00,0.0,-0.0170524168906524,-0.0023640661938534313,0.0021834061135370675,-0.012848014539959318,0.0,-0.0025973629641842244,0.0,0.04092073716583977,0.001418418072639538,-0.02127657550770312,0.0,-0.012099649394029965,-0.013921078778723284
2018-12-06 00:00:00+00:00,-0.004411809584673687,0.012391621468568648,0.06161137440758302,0.013071895424836555,0.0021692471177519046,0.0,0.023437439464035092,0.0,-0.04176905875277914,0.018413641357716726,0.009510827928585153,0.011235926160607423,0.025936574474714646,0.009411800608915444
2018-12-07 00:00:00+00:00,0.007385524705152635,0.014075859246543532,0.022321428571428603,0.019354838709677358,0.015151531415146247,0.0,0.022900802629792105,-0.0011198464210622205,0.029487120078475204,0.022253107651815762,0.028263801211140693,0.022222236350730507,0.01123594452133525,-0.002331055600500065
2018-12-10 00:00:00+00:00,-0.007331378627178808,-0.013880479569843951,0.01091703056768556,-0.012658227848101222,0.0015990820000464367,0.0,0.004975143262281545,0.0,-0.002490598350487816,-0.009523768003295019,-0.007853395789016004,-0.010869606531259235,-0.006944404891978451,-0.014018656187300915
2018-12-11 00:00:00+00:00,0.0,-0.01223994865800404,-0.006479481641468721,-0.012820512820512775,-0.01011172942097649,0.0,-0.004950513747167595,0.00448430061781413,0.023720296498646265,-0.009615447091932738,-0.010554079750826784,-0.0036629478723699815,0.004195766793154032,0.0
2018-12-12 00:00:00+00:00,0.0029542774985591436,-0.004956624952375366,-0.006521739130434745,0.0043290043290042934,-0.0021505048198084964,0.0,-0.002487619077623293,0.0,0.006097584377790843,-0.015256567231633378,-0.007999992370605447,-0.007352969019469913,0.002785512730456574,-0.020734596781534553
2018-12-13 00:00:00+00:00,-0.007363770084886312,0.014943946394713192,0.006564551422319376,0.0021551724137931494,0.0,0.0,0.01995020155110727,0.0033481844691369833,0.07272731896602735,0.014084507042253502,0.008064508376086854,0.0,0.0,0.0006049052805841004
2018-12-14 00:00:00+00:00,0.0,0.025766877052301407,0.0,0.032258064516129004,0.03340515487259332,0.0,0.03178482123620441,0.0033371176206133946,-0.03389832517555691,0.02083333333333326,0.031999969482421786,0.0185185185185186,0.00694447111936336,0.013301162564782976
2018-12-17 00:00:00+00:00,0.0,-0.0023922852763973435,0.0,-0.008333333333333304,-0.0125130819451853,0.0,-0.0047393544863415515,-0.01995568692248262,0.05263155546508358,0.0040816741735756334,-0.007751930820906638,0.007272755015980126,0.006896578032394851,0.0
2018-12-18 00:00:00+00:00,0.0089020543106475,0.00959231681563355,0.003260869565217428,-0.008403361344537785,0.0031679309548635626,0.0,0.0,0.0,0.016666624281141518,0.010840045925231578,0.002604164241347462,0.0,0.0027397233430073165,-0.007159977108175508
2018-12-19 00:00:00+00:00,0.0,0.002375237993840651,0.0,-0.012711864406779627,-0.011578931306537865,0.06849315068493156,0.011904761904761862,0.0,0.021858007789903988,-0.0026809242940074585,0.002597400184666032,0.0,0.0,0.0
2018-12-20 00:00:00+00:00,0.0,-0.008293803116639409,-0.01625135427952329,-0.012875536480686733,-0.002129974168121773,0.0,-0.014117611155790466,0.0,0.012834211835638376,-0.012768878469797795,-0.00259067117487799,0.0,-0.009562864756803569,0.0
2018-12-21 00:00:00+00:00,-0.008823506972369,-0.008363165565269615,-0.0066079295154185536,0.0,-0.0021344392183135774,0.0,0.0023865983407980185,-0.013574647453366007,-0.007391831734393173,-0.0013614496701961354,-0.011688269867544565,0.0,-0.004827565160290925,0.00961542164785767
2018-12-27 00:00:00+00:00,0.0,0.0,0.0,0.004347826086956497,-0.005347593582887722,0.0,-0.009523845854259694,-0.0022936304072485036,0.021276677771900232,0.0006817048779552692,0.0,0.0,-0.0006930165398714161,0.0
2018-12-28 00:00:00+00:00,0.0,0.0,0.011086474501108556,0.0,0.0021505048198084964,0.0,0.014423132471786282,0.0,-0.0020833809342630794,0.0,-0.017082800546664667,0.0,-0.005547844887849318,-0.004761922927129847
2019-01-02 00:00:00+00:00,0.0,0.0,-0.00877192982456143,-0.00649350649350644,-0.005364807042618991,0.0,-0.007108986531678241,-0.005747148486326958,-0.012526084187343023,-0.0013623770033006632,0.002673794234694604,-0.0036101219752859848,0.0041840631313769805,0.007177015371678808
2019-01-03 00:00:00+00:00,-0.011869481211371213,-0.018072357681633844,-0.015486725663716783,-0.006535947712418277,-0.003236196680036385,0.0,-0.026253036963231557,0.0,-0.029598280321575743,-0.015006903925214088,-0.01066665649414067,-0.009420298017691175,-0.011111100809073515,-0.0071258728725359655
2019-01-04 00:00:00+00:00,-0.024024001663345507,-0.025766818544671888,-0.02921348314606742,-0.021929824561403466,-0.023809572957859237,0.0,-0.01470584522894025,-0.017340997126628732,0.026143765047899725,-0.023545665098308244,-0.026954216178686208,-0.019751313552067717,-0.014044930651669008,-0.019138738078044115
2019-01-07 00:00:00+00:00,0.0,0.0,-0.00462962962962965,-0.017937219730941756,-0.0011086305710018562,0.0,-0.007462667446939908,0.004705877865061936,0.008492560834195695,-0.007092198581560294,-0.006925168331116782,-0.011194001701525846,0.0,0.0
2019-01-08 00:00:00+00:00,0.0,-0.02267000340572234,-0.0046511627906976605,0.0,-0.06104328627241584,0.0,-0.017543878099489207,-0.015222495904169797,0.027368445145456333,-0.020000021798270096,-0.020920515170337883,-0.00377359930074439,-0.02136753501068167,-0.012195121951219523
2019-01-09 00:00:00+00:00,0.007692307692307665,0.025773170536872003,0.009345794392523255,0.03196347031963476,0.030732843038010493,0.0,0.03061226376490178,0.003567150239654593,0.02561475349766895,0.02040818596238081,0.031339001536950795,0.006818193476390677,0.03784573991454687,0.01728396945529509
2019-01-10 00:00:00+00:00,0.0,0.002512560405862674,-0.0023148148148147696,0.004424778761061843,-0.006880716687148847,0.0,0.00990093307113904,0.008293916111232313,-0.03596409611588758,0.0028570992606027357,-0.008287285176291403,0.0,-0.0028050463682330884,0.0
2019-01-11 00:00:00+00:00,0.0,0.01754384287606192,-0.011600928074245953,0.004405286343612369,0.004618955345575992,0.0,0.007352922614470181,0.007050465843555731,0.0051813671203522205,0.0,0.00557102546091337,-0.006772020530189771,0.004219371646672965,-0.004854387360093471
2019-01-14 00:00:00+00:00,-0.01068697630904103,0.022167525580375935,0.0,0.004385964912280604,0.02183909799860806,0.0,0.02676404695029322,0.0,0.0164948299544585,0.028490029728556632,0.016620549291325615,0.006818193476390677,0.0,0.009756134777534342
2019-01-15 00:00:00+00:00,0.0,-0.006024119227211244,0.0,-0.004366812227074246,0.0011248422092768884,0.0,-0.009478708972683103,0.0,-0.015212943585519612,-0.016620457049360104,-0.0027247929851148545,-0.006772020530189771,-0.0028011178292021155,-0.014492808374494848
2019-01-16 00:00:00+00:00,0.0,-0.008484811493844724,-0.007042253521126751,0.0,0.010112376695268654,0.0,0.0047847073346865,0.0,0.02986611335877698,-0.002816858425946256,0.005464475534834312,0.0,-0.002808986130333757,0.0024510365364791564
2019-01-17 00:00:00+00:00,0.009259235275681288,0.01466991211273605,0.011820330969267046,-0.004385964912280715,-0.005561735167001869,0.0,0.014285677955264031,0.0,0.007999992370605558,-0.0028249232911827793,-0.005434777327093299,0.0075757865844463534,0.0028168987598808926,-0.02017116704549371
2019-01-18 00:00:00+00:00,0.004587085861833984,0.0,-0.004672897196261627,0.0,-0.013422869766834933,0.0,-0.007042235863993995,0.008168103966305962,0.0049603364199708455,0.008498562140069055,-0.002732237767417156,-0.011278238349882397,-0.002808986130333757,-0.0018715099566214422
2019-01-21 00:00:00+00:00,0.0,0.006024119227211244,0.009389671361502261,0.0,0.0,0.0,0.0,0.0,0.016781843472202906,-0.0028089460226743412,0.005479446686014411,0.0,-0.005633797519761674,-0.0006250381469726785
2019-01-22 00:00:00+00:00,0.0,-0.004790414374326812,0.0,-0.0022026431718061845,0.007936560111759361,0.0,0.0023641203456747917,0.0,0.0,-0.0007042683346171197,-0.00544958597022982,0.004182532834318797,0.0,0.0
2019-01-23 00:00:00+00:00,-0.0015220468609743465,0.02527076143717677,0.015116279069767424,0.015452538631346657,0.014623120360519382,0.0,0.007075453449628899,0.02430555900489839,0.010679578120415423,0.023255836460184476,0.021917786744058088,0.01628172312230869,0.024079331114982283,0.005628575294731375
2019-01-24 00:00:00+00:00,-0.02439022120941492,0.016431852362269073,-0.00572737686139746,0.01304347826086949,0.026607556619498096,0.0,0.025761087926626347,0.0,0.029779099342999826,0.019283767979388466,0.018766738038833886,0.02459015810953602,0.012448153852069321,0.00995019163159827
2019-01-25 00:00:00+00:00,-0.00625002384185791,0.013856799962293609,0.0,0.012875536480686733,0.016198704370596673,0.0,0.018264823082088988,0.0011298615566679437,-0.011194018896451219,0.0027026614627323475,0.021052674507501035,0.04000001387162633,0.004098324080282545,-0.004926033393071849
2019-01-28 00:00:00+00:00,-0.0023584546349112445,-0.0068336523652807735,-0.0023041474654378336,-0.008474576271186418,-0.005313496366713633,0.0,-0.017937203238353017,0.0022573880969170013,0.010377325728170739,-0.002695376771803537,0.0025773170536871337,0.010489483673395972,-0.016326515253891172,-0.004950513747167595
2019-01-29 00:00:00+00:00,-0.02758077192998487,0.0,-0.0161662817551963,-0.008547008547008517,-0.017094001070560583,0.0,0.0,-0.009009000301245074,0.01774039026205032,0.0033783783783782884,0.00257069156647316,0.010380662573324928,-0.004149406601549943,0.0
2019-01-30 00:00:00+00:00,0.0,-0.005733966651803812,-0.007042253521126751,0.0021551724137931494,-0.005434782608695676,0.0,-0.006849297769090046,-0.004545450112051319,-0.00917425975184516,-0.012794571693497514,-0.01794876152555125,0.0,-0.006944404891978451,-0.008706524432234075
2019-01-31 00:00:00+00:00,0.0,-0.0034601767828374985,-0.021276595744680882,-0.006451612903225823,-0.016393442622950838,0.0,0.002298815497036699,0.0,-0.0138889416255078,0.00272847121303621,-0.01566578171664368,0.0034246051886412943,-0.0027972000922730222,0.0037641538675670105
2019-02-01 00:00:00+00:00,-0.011345231025668201,-0.001157433852368328,0.009661835748792313,-0.0043290043290042934,-0.008888922797309018,0.0,-0.002293543064696424,0.004566205571678639,-0.00657274153347609,-0.0027210469148597483,0.005305034755357818,-0.0034129172943666575,0.0028050463682329774,0.0
2019-02-04 00:00:00+00:00,0.02131146290263186,-0.004634989724518479,0.0,0.004347826086956497,0.0022422038618765683,0.0,-0.002298815497036588,0.0,-0.020793976239627865,0.0,0.0,0.0,0.006992966885427165,0.0
2019-02-05 00:00:00+00:00,0.0,-0.01164148774078888,-0.009569377990430672,-0.008658008658008698,-0.02237136427140951,0.0,-0.013824937044312868,0.005681839733084004,-0.0009651810365721714,-0.009549857414636653,-0.010554079750826784,-0.0034246705087982443,-0.006944404891978451,0.0
2019-02-06 00:00:00+00:00,0.0,-0.007067075095395503,-0.004830917874396157,-0.02183406113537123,0.0011441472811815068,0.0,-0.014018656187300915,0.0045197695060872345,-0.0038647304713768094,0.0,-0.002666664123535112,0.0006873009450683032,0.0,-0.00500001907348635
2019-02-07 00:00:00+00:00,0.0,0.0,0.0,0.022321428571428603,0.0011428397042410054,0.0,0.0,0.004499433105542128,0.0,-0.0013773894796532682,0.00802138270408359,0.030219750529024036,0.008391600276818956,0.0
2019-02-08 00:00:00+00:00,0.0,-0.013048707754378719,-0.007281553398058249,-0.013100436681222738,-0.006849297769090046,-0.07692307692307687,-0.0047393544863415515,0.0,-0.15906889200531427,-0.020689655172413834,-0.013262586888394656,0.003333346048990826,0.0,0.0
2019-02-11 00:00:00+00:00,-0.008025682281269764,0.0024039012616927646,-0.012224938875305624,-0.004424778761061954,-0.005747126436781658,0.0,0.0,0.0,-0.05190309173070873,0.002816858425946256,0.0,-0.006644543535041847,-0.00970876162150025,-0.01005019394093798
2019-02-12 00:00:00+00:00,0.0,-0.004796158407816775,-0.0024752475247524774,-0.013333333333333308,0.0011560517239432855,0.0,0.0,-0.014557683090511309,-0.017031671383796465,0.0028090531770965654,-0.005376338917391199,0.003344494406205767,0.004201710135761649,-0.0012691129396269485
2019-02-13 00:00:00+00:00,0.0,-0.002409693651091449,0.0,0.018018018018018056,0.004618955345575992,0.0,0.0023809160505021687,-0.018181800448205276,-0.016089123226289637,-0.004201723324180562,0.008108100271120522,-0.005333328247070335,0.0013946655422976129,0.0025413543251882054
2019-02-14 00:00:00+00:00,0.0,0.0024155143005657465,-0.00496277915632759,0.0,-0.002298815497036588,0.0,0.021377709227997643,0.013888875091518038,0.013836555093166725,0.0,-0.008042887730928872,0.012064363555988056,0.0,-0.010139455466238623
2019-02-15 00:00:00+00:00,-0.006472454953393769,0.00843369797778526,-0.0024937655860348684,0.008849557522123908,0.001152056112964317,0.0,0.0023255459097928366,-0.00684936279098225,0.023573147703674247,0.014064697910844304,0.0189189006326147,0.0,0.009749327762529347,0.0012803902186275806
2019-02-18 00:00:00+00:00,0.0,-0.008363165565269615,-0.010000000000000009,-0.013157894736842146,-0.017261219489775215,0.0,-0.004640300587534174,-0.0011494516208133687,0.039999990752249026,-0.0055478714888250735,-0.007957552133036838,-0.006622541651882585,-0.016551708352976813,-0.007672615058005872
2019-02-19 00:00:00+00:00,-0.004886043066812729,-0.006024119227211244,0.0,-0.01777777777777778,-0.011709601664315783,0.0,-0.002331055600500065,-0.013808963331824353,-0.04079258561561239,-0.011157537746351198,-0.00802138270408359,0.0,-0.001402556622906892,-0.0025772803115310383
2019-02-20 00:00:00+00:00,0.0,-0.006060629179983401,0.002525252525252597,0.002262443438914019,0.0,0.0,-0.009345741082053105,0.0,0.017010978263640508,0.0,-0.0013477397276295822,0.003333346048990826,0.0,0.0
2019-02-21 00:00:00+00:00,0.0,0.009268318950102161,-0.02015113350125941,-0.006772009029345383,0.009478618577014819,0.0,0.002358454493452289,-0.005834216900934441,-0.03584231718478981,0.004231247050873188,0.009446717017925987,0.029900319173561618,0.0014045265509228244,0.0
2019-02-22 00:00:00+00:00,-0.022913220067830475,0.014983034714735943,-0.005141388174807249,0.00454545454545463,0.005868544811142851,0.0,0.009411800608915444,-0.02816909764057407,-0.027261437238064512,0.022471996799083183,0.00802138270408359,0.029032245759041064,0.0,0.0
2019-02-25 00:00:00+00:00,0.0,0.00952380087370197,0.0025839793281654533,0.0,0.0,0.0,0.011655011240462976,0.0,0.0012739145227167459,0.002747210712340298,0.007957552133036838,0.0031348082340301175,0.008415139104699154,0.0
2019-02-26 00:00:00+00:00,-0.021775531330772813,0.023584996902807465,-0.005154639175257714,0.004524886877828038,0.012835544255386244,0.0,0.01612896137399411,0.0036232714508486197,-0.020356275003996394,0.016438314359481954,-0.007894729412163293,-0.003125011920928955,0.001390786086939766,0.0
2019-02-27 00:00:00+00:00,0.0,0.012672771061039478,0.0,-0.009009009009009028,-0.0046083123481043264,0.0,0.011337868873020795,-0.012033739641416186,-0.015584401107996193,0.014824880711018507,0.026525173776789313,0.0031348082340301175,-0.011111100809073515,0.0
2019-02-28 00:00:00+00:00,0.023972562921274143,0.010238925253523767,0.010362694300518172,-0.009090909090909038,-0.005787036934834289,0.0,-0.0022421183305447734,0.0042630751826413515,0.0751978496782797,0.006640105972589794,0.010335969368078679,0.0,0.014044930651669008,-0.0697674601992534
2019-03-01 00:00:00+00:00,0.003344494406205767,-0.025900956412895915,-0.038461538461538436,-0.013761467889908285,-0.0069848482358912944,0.0,-0.011235955056179803,0.0,0.024539972061436766,-0.031662287984871695,-0.003836343881048254,-0.012499988079071045,-0.02631573211974536,0.0
2019-03-04 00:00:00+00:00,0.0,-0.005780258874628963,0.002666666666666595,-0.009302325581395321,-0.005861664503067021,0.0,-0.015909108248623904,-0.00545786257350489,0.06347301901295288,-0.004087234952604768,-0.006418509753492896,0.0,-0.005689962659514047,-0.00694444444444442
2019-03-05 00:00:00+00:00,0.0066666920979818745,0.009302316297383983,0.02127659574468077,0.014084507042253502,0.0,0.0,0.0,0.012195168755581687,0.03490984931838592,0.009575986214069854,0.015503923248683105,0.03481013823388324,0.005007199627371284,0.0013985800576377105
2019-03-06 00:00:00+00:00,0.01158935315493781,0.009216580748085068,0.005208333333333259,0.0,0.004716908986904578,0.0,0.011547344314317032,0.0,-0.03699665010206599,0.009485053106993213,-0.010178107168846151,0.015290519520925416,0.006405704723565719,0.0
2019-03-07 00:00:00+00:00,0.019639947510763145,-0.01598177393433975,-0.02849740932642486,-0.01388888888888884,-0.01877932548627992,0.0,-0.01712328796949847,0.001204846825545669,-0.016949216467680994,-0.01342281879194629,-0.012853519122487223,-0.0030121170638643946,-0.011315473635188589,-0.005586613608986046
2019-03-08 00:00:00+00:00,-0.004815397122542642,0.0,-0.008000000000000007,0.0046948356807512415,0.015550276022555654,0.08333333333333326,-0.005807201032068332,0.0,-0.048275871896762856,-0.006802721088435382,-0.002604164241347462,-0.009063421477046196,0.0014306479555485918,0.005617999199770685
2019-03-11 00:00:00+00:00,0.0,-0.010440853107047676,0.013440860215053752,-0.009345794392523366,0.0,0.0,0.0,-0.006016869820708037,-0.09661832605043252,0.003424657534246478,0.0,-0.009146318415812038,-0.00714288439069477,0.0
2019-03-12 00:00:00+00:00,0.0,0.0058616872567529565,-0.018567639257294433,0.004716981132075526,0.001177838307701462,0.0,-0.007009328093650513,0.025423732727353654,-0.05080215420747913,0.007508574085430819,-0.010443854477762415,0.010769183819110628,0.0035971361228102072,-0.03072621501573558
2019-03-13 00:00:00+00:00,-0.006451637514175879,0.02331000128712679,-0.01621621621621616,0.014084507042253502,0.014117611155790355,0.0,0.0117647058823529,0.012986972043606881,0.0507042448380195,0.02981025551854355,-0.002638519937706696,0.007610350429603452,0.010752729337312639,0.008645510964396141
2019-03-14 00:00:00+00:00,-0.022727236134101436,0.02733493531796083,0.008241758241758212,0.04166666666666674,0.02668217091862335,0.0,0.02558135986328125,0.01631705647641568,0.005361925153952507,-0.002631538792660315,0.023809501283202916,0.021148060278212366,0.04539002640663248,0.0
2019-03-15 00:00:00+00:00,0.011627919502791517,-0.003880354690702914,-0.008174386920980936,0.022222222222222143,0.010169508766993296,0.0,-0.009070243197771721,0.0,-0.03866666158040366,-0.006596305803029945,0.0193798578557014,-0.008875717273141515,-0.009497923461488478,-0.008571406773158485
2019-03-18 00:00:00+00:00,0.0,-0.006121241358155394,-0.03296703296703296,0.0,-0.01006713099013068,0.0,-0.013730029252704279,0.0034403362445554198,0.004160850598122989,-0.0026561031810217184,0.0012674561534928852,-0.020895545162371687,-0.005479446686014522,-0.017291131862428588
2019-03-19 00:00:00+00:00,-0.024630541254791027,-0.022396501243514333,0.005681818181818121,-0.017391304347826098,-0.012429361289503893,0.0,-0.01624122907249037,0.0022857666015625444,-0.005524856784194343,-0.01864183161550048,-0.017721501872853374,-0.012195052453833122,-0.012396714841667711,0.002932618571647616
2019-03-20 00:00:00+00:00,-0.006734032249218647,-0.04009157458738566,0.0,-0.013274336283185861,-0.0228832947949984,0.0,-0.03773590168014018,-0.006841552620853508,0.1083333653432359,-0.037991798348779526,-0.005154695555459998,-0.006172862762975684,-0.020920515170337883,-0.02777779946627701
2019-03-21 00:00:00+00:00,-0.006779686879303526,0.02625301480004638,0.0,0.013452914798206317,0.023419203328631566,0.0,0.034313763530839037,0.0355913224177955,0.07769428081633323,0.031029575471012816,0.0038860376455533974,0.0031055426009860554,0.025641001257505236,-0.007518796992481258
2019-03-22 00:00:00+00:00,0.0068259647831825365,-0.018604743487125486,-0.01412429378531077,-0.004424778761061954,-0.004576676417568093,0.0,-0.023696682036039474,-0.0011086727687722453,0.05813953230482882,-0.008207913633999642,-0.003870994813980566,-0.015479876526631853,-0.02222220161814692,-0.03636365948301368
2019-03-25 00:00:00+00:00,0.02203388537390749,-0.04383885117945452,-0.014326647564469885,-0.03111111111111109,-0.027586224435389717,0.0,-0.046116541036281045,-0.009988917902509331,-0.010989052448102776,-0.03172418002424571,-0.02072536939902392,0.0,-0.012784112652779234,-0.03616351088430325
2019-03-26 00:00:00+00:00,0.019900510416622552,0.028500682107603703,0.023255813953488413,0.041284403669724856,0.030732843038010493,0.0,0.02035621507865404,0.00448430061781413,-0.0988889270358615,0.021367522296417363,0.02910056464205768,0.02201260313628106,0.028777020372816597,0.0016313587285967657
2019-03-27 00:00:00+00:00,0.0032520449258448547,0.01807224278111641,0.008522727272727293,0.008810572687224738,0.009747776757608628,-0.02564102564102566,0.01995020155110727,0.001116096968667435,0.007398325789977012,0.019525824065090625,0.00514138313294632,0.003076876126802963,0.013986000461365,0.0
2019-03-28 00:00:00+00:00,0.0032415034111246133,-0.04142005156161632,-0.028169014084507005,-0.028384279475982543,-0.028960851372814456,-0.013157894736842146,-0.031784914505082695,0.0,0.1456547820404801,-0.024623740901999036,-0.01790285680940218,-0.012269869015459345,-0.024827562529465275,-0.014658004943201353
2019-03-29 00:00:00+00:00,0.02100160266582618,0.0055555647129217345,-0.005797101449275366,0.011235955056179803,0.012865479229486443,0.0,0.0,0.0,-0.01068369994266749,0.0,0.007812492724042164,0.009316746271814669,0.01697310928507134,0.001652867340844466
2019-04-01 00:00:00+01:00,-0.02056960793302498,0.006138641405831757,-0.011661807580174877,0.0022222222222221255,0.004618955345575992,0.0,-0.005050428180518374,0.0,0.047516152214656326,-0.0021038081270490228,0.02067187712928753,0.018461491511418293,0.008344915480116954,0.0008251328880670705
2019-04-02 00:00:00+01:00,0.0,0.00793173111387313,0.017699115044247815,0.019955654101995624,0.02413791349564476,0.0,-0.0012691129396269485,0.0,-0.011340171014454836,0.011946570005510582,0.025316491606066638,0.045317222632887955,0.03862071859425509,-0.0008244526051079948
2019-04-03 00:00:00+01:00,-0.003231030016305203,0.024213051298209276,0.0,0.017391304347825987,0.006733989723864742,0.026666666666666616,0.03176620199419,0.014492765949936759,0.08237747124955397,0.03194448682996964,0.017283874451254677,0.020231236815314135,-0.01593630266303725,-0.0066006224629272525
2019-04-04 00:00:00+01:00,-0.011345231025668201,-0.008274195568390486,0.0,0.0,-0.0022296204575970036,0.0,-0.01724130479188002,-0.008791200038733793,-0.004816974006127572,-0.0053836003963588785,-0.019417457749564604,0.0,0.010121496308598266,0.028239214973332816
2019-04-05 00:00:00+01:00,0.0,0.015494649478099198,0.0,0.004273504273504258,0.0,0.0,0.012531327841571738,0.0,-0.0319457818144554,0.029769917494139264,-0.002475186173044208,0.014164306255141978,0.008684042225920452,-0.0024232879189218792
2019-04-08 00:00:00+01:00,0.006557402063588569,0.005868454738753748,0.011594202898550732,0.012765957446808418,0.0033519894051152743,0.0,0.0,0.01219508326993135,-0.018000030517578147,-0.0013140404221572144,0.0173696504168539,0.0027933600823888405,0.0013244704360337867,0.007287461748007429
2019-04-09 00:00:00+01:00,0.0,0.0,-0.007163323782234943,-0.012605042016806678,-0.003340791108714103,0.0,0.0,0.0,0.010183338551673637,0.0,-0.004878044241882984,-0.008356630612997407,-0.0013227185344397707,0.0
2019-04-10 00:00:00+01:00,0.0,0.0,0.0043290043290042934,0.0,0.0,0.0,0.0,0.0,-0.023185533683641957,-0.0006579348915501937,0.0,0.0,0.023841036263749116,0.009646277600668274
2019-04-11 00:00:00+01:00,-0.016286644546393392,-0.02217031355299226,-0.017241379310344862,-0.004255319148936176,-0.0011173013868278625,0.0,0.007425723409153262,-0.006024129735637929,-0.01341580664562414,-0.007241546339206373,-0.007352875865728303,-0.004213419034011512,0.01293659823878679,0.01592356707243181
2019-04-12 00:00:00+01:00,0.004966874660293108,0.0,0.014619883040935644,0.0,-0.0033557387767042535,0.0,0.017199035622054826,0.0,0.010460190732859864,0.01326259920109929,-0.0074074588630836935,-0.001410415683624433,0.010217104021144063,0.006269556676566257
2019-04-15 00:00:00+01:00,-0.013179558929247825,0.0023865756343954825,-0.00893373516863294,-0.004273504273504258,0.0,0.0,-0.0024155141336371644,0.0,-0.021739134727132625,-0.005235621961910741,-0.004975119657066318,0.0070621465882492185,-0.001264191180477603,0.0
2019-04-16 00:00:00+01:00,0.001669423565505035,0.0,0.009014266235924273,0.006437768240343367,-0.01234566209830612,0.0,0.0,0.0,-0.02645502698898372,0.006578947368421018,-0.009999990463256836,-0.00701262242074574,0.011392363881553402,-0.006230494239806816
2019-04-17 00:00:00+01:00,-0.006666692097981763,0.01071430436608023,-0.011527377521613813,-0.002132196162046962,-0.019886363636363646,0.0,0.007263904179236391,0.0,-0.010869503246587309,0.0032679738562091387,-0.005050500185316276,0.001412407765688739,0.008761032603726626,0.02194353805522309
2019-04-18 00:00:00+01:00,0.0,0.0,0.0,0.0,0.0,0.0,0.0,0.0,0.0,0.0,0.0,0.0,0.0,0.0
2019-04-23 00:00:00+01:00,0.001677890794943293,-0.004711420839974778,0.011661807580174877,-0.008547008547008517,-0.006376846976902217,0.03896103896103886,-0.009615329948400753,-0.006060534728090317,-0.010989052448102776,-0.0006515055603624198,0.002538068608636479,-0.007052186025941043,0.013647599373509456,0.0
2019-04-24 00:00:00+01:00,-0.00837520927320301,0.007100641535034313,0.0,0.012931034482758674,0.0011669324046303942,0.0,0.009708682130449064,0.0,-0.0022222730848524552,0.00912652679906989,-0.007594929374080017,-0.008522705413586351,0.028151718493087285,0.0
2019-04-26 00:00:00+01:00,0.00506755461476871,0.014101043752245523,0.05475504322766578,0.007446808510638281,0.0,0.02499999999999991,0.02884617324411587,0.0,-0.00556784405448818,0.01937984457918218,0.0,0.008595966302124447,-0.0071427938889455644,0.04294483409225536
2019-04-29 00:00:00+01:00,0.005042003984210952,0.00579376478236604,0.049180327868852514,0.01372756071805692,0.018648000200605086,-0.012195121951219523,0.02102807340939372,0.0,0.03359453827640624,0.007604543251172213,0.012755089628354144,-0.007102272573335067,-0.01678661160207673,0.017647013944738
2019-04-30 00:00:00+01:00,0.0,0.019585261557257816,-0.01041666666666663,0.008333333333333304,0.009725382829306017,0.0,0.0114416473974992,0.013303756038703485,-0.005958759938154756,0.03144654088050314,0.015113395658872042,0.01430615133291191,-0.020121947035485865,0.02312147650399954
2019-05-02 00:00:00+01:00,0.0,0.020338908897490127,0.0,0.008264462809917328,0.0050991155608179906,0.0,0.020361938815536496,-0.009846843458123145,-0.02125347623376095,0.025609737489281637,-0.0173697687387232,-0.004231354658692177,-0.015556938689956445,-0.022598955290241363
2019-05-03 00:00:00+01:00,0.0,-0.00885934950960754,-0.007894736842105288,-0.004098360655737654,-0.004509514207962972,0.0,-0.004434522284007314,0.005524882837687928,0.006681561545130776,-0.013079649156706896,0.005050500185316276,-0.002832818024996131,0.0025284426437830465,0.015896042659342413
2019-05-06 00:00:00+01:00,-0.010033419427692092,0.0,-0.0026525198938992522,-0.004115226337448541,-0.007927571386678212,0.0,-0.002227222392425121,0.0,0.0022124400274412537,0.0,-0.01256280202931348,0.0,0.0,-0.01564731231527483
2019-05-07 00:00:00+01:00,0.00506755461476871,0.0033519255430749517,-0.005319148936170248,0.016528925619834656,0.0,0.0,0.00446430282021093,0.0,0.030905046357937893,0.021686783756118322,-0.005089053584423131,-0.005681839733083893,0.00882726017360369,-0.011560628000628848
2019-05-08 00:00:00+01:00,0.0,0.035634817907668204,0.002673796791443861,0.04065040650406515,0.003995416440840449,0.0,0.04666663275824656,0.009890021444047381,0.0706637940716992,0.027122586551789007,0.007672626785479197,0.008571406773158374,0.01750004291534424,0.008771907320705097
2019-05-09 00:00:00+01:00,0.003361357360326833,-0.018279577721225015,-0.013333333333333308,-0.0078125,-0.003410977063931342,0.012345679012345734,-0.008492520682382154,0.0,0.04300003051757817,0.00688861635628335,0.005076137217272736,0.005665744115072924,0.01842747078669582,-0.002898506496263553
2019-05-10 00:00:00+01:00,0.00502511278436657,0.0076669982417088,0.002702702702702675,0.015748031496062964,-0.005134108041103147,0.0,0.006423966427397287,0.0,0.0009587032516726879,0.02166478440130648,0.07828281307911333,-0.002816858425946256,0.01568155790580472,0.015988349205356522
2019-05-13 00:00:00+01:00,-0.008333333333333304,-0.013043466092057199,0.0,-0.009689922480620172,0.009174347244904846,0.0,-0.010638297872340385,0.0,-0.032566974384982794,-0.008928520490927738,0.016393482897905765,0.005649631062755178,0.002375237993840651,-0.004291889058782639
2019-05-14 00:00:00+01:00,-0.0016806466238838969,-0.012114499735848994,0.0026954177897573484,-0.005870841487279899,-0.004545471884987551,0.0,-0.010752688172043001,0.0,-0.025742595946714353,-0.014639673503165307,0.023041451870212448,0.0,0.003554583902496411,-0.010057427637767291
2019-05-15 00:00:00+01:00,0.010100984153337045,0.0,0.0,-0.0062992366280142376,-0.009132367994271307,0.0,-0.010869565217391353,0.0,-0.002032566814382797,-0.005714285714285672,0.0,-0.011235891245119367,-0.0035419935891018994,0.001451356631444023
2019-05-16 00:00:00+01:00,0.04166666666666674,-0.0005574263424825698,0.0,0.0,0.001152056112964317,0.0,0.003296736832503422,0.0,0.018329970546806962,-0.0011494077485183496,-0.006756803923811283,0.011363571094088698,0.0,-0.020289877186650762
2019-05-17 00:00:00+01:00,-0.0032000122070312553,0.0,-0.008064516129032251,-0.001584761910289223,0.0034521912208935746,0.0,-0.009857628650556505,-0.009793166814249243,0.019999980926513672,-0.003452279015995985,-0.006802660773060132,0.025280942821757302,0.008293916111232313,0.014792899742192
2019-05-20 00:00:00+01:00,-0.004815397122542642,-0.013943111865303948,-0.0027100271002710175,-0.007936507936507908,-0.006880716687148847,0.0,-0.017699097866309854,0.0,-0.01470584522894025,-0.01154734431431692,-0.00684936279098225,-0.005479472957245268,0.0,0.0
2019-05-21 00:00:00+01:00,0.0,0.013574647453366007,0.0,0.02400000000000002,-0.006928388968741039,0.0,0.018018000215478835,0.0,0.002985048000182955,0.01985986691519237,0.0,0.008264441966000513,0.0023501179261404825,0.008746333636544312
2019-05-22 00:00:00+01:00,0.0,0.029017882564162045,0.0027173913043478937,0.015625,0.015116314555323473,0.0,0.03097340016705341,0.0054944214246803735,0.0019841724122076076,0.030927799013265034,0.020689690703681318,0.021858007789903988,0.019929669591528976,0.0289017353786285
2019-05-23 00:00:00+01:00,0.0,0.01409979508415038,-0.0027100271002710175,-0.0038461538461538325,-0.0034364609538438673,0.0,0.00643783393951014,0.0,-0.010891149128407829,-0.01666666666666672,-0.004504500150622537,0.002673755883456419,-0.0022987936238868523,0.025280942821757302
2019-05-24 00:00:00+01:00,0.004838697371944312,0.017647054023658848,0.01902173913043481,0.005791505791505891,0.011494252873563315,0.0,0.012793144021328473,0.0,0.031031073745660498,0.007344650009931231,0.018099529937821268,0.0,-0.0023042001221758035,0.018493129782480633
2019-05-27 00:00:00+01:00,-0.011235967439996997,-0.006831374851523964,-0.013333333333333308,-0.0057581573896353655,-0.003977255387739742,0.0,-0.00842108475534542,0.0,-0.03300972294095006,-0.016264773447208558,0.0022222730848524552,0.01333333333333342,-0.006928344919118312,-0.007397383102229926
2019-05-28 00:00:00+01:00,0.0,-0.025396801689123727,-0.018918918918918948,-0.027027027027026973,-0.0182544032660249,0.0,-0.021231423193133314,-0.005464397720770453,-0.005522118972402512,-0.029646505867674477,-0.02217303246002711,-0.007894716764751286,-0.008139609929479152,-0.016260223956835462
2019-05-29 00:00:00+01:00,-0.004870117605385693,-0.005428902337433983,0.0,-0.015873015873015928,-0.0029052875204388373,0.0,-0.010845987343810481,-0.0043956000193668965,0.01766786425569844,-0.00235014044451487,-0.009070286448309095,-0.013262599201099179,-0.009378654889850568,-0.01377410497269449
2019-05-31 00:00:00+01:00,0.044045689992555426,0.007641888208545611,-0.02754820936639113,0.016129032258064502,0.0,0.0,0.0,0.0,0.0,0.023557125607239993,0.009153309588224356,0.0,-0.017751434546282918,0.0
2019-06-03 00:00:00+01:00,-0.012499988079071045,-0.005417035703171091,-0.019830028328611915,-0.02777777777777779,-0.01398606684096304,0.0,-0.004385898134529276,0.0011036727090949494,0.023809501283202916,-0.010356749252885655,-0.002267517548905529,-0.005376364484882101,-0.018072357681633844,0.0
2019-06-04 00:00:00+01:00,0.012658215623466695,0.0076252388341155886,0.005780346820809301,-0.004081632653061273,0.007092180673083925,0.0,0.002202609488109575,0.0,0.0,0.005813953488372103,0.0,0.0,0.0,0.0
2019-06-05 00:00:00+01:00,0.0234375,-0.002162211650126644,0.011494252873563315,0.0,-0.009389617969696284,0.0,-0.002197768662002053,0.008820278544409144,0.03197673773881604,0.005780346820809301,0.00681812098203749,0.0,-0.009815942018471135,0.005586613608986157
2019-06-07 00:00:00+01:00,0.007633587786259444,0.0021668969399348814,0.03693181818181812,-0.002049180327868827,0.0,0.0,0.004405218976219372,-0.0032786594778033695,0.029108021663899475,-0.006896534185299896,-0.011286617570018365,0.005405426025390625,0.009913249904750732,0.0
2019-06-11 00:00:00+01:00,0.0,-0.005405426025390625,0.020547945205479534,-0.006160164271047264,0.0,0.0,-0.004385898134529276,0.0,0.01277375390834612,-0.004629647208502563,0.004566205571678639,0.0026881309696293876,0.0,-0.002083354526095871
2019-06-12 00:00:00+01:00,0.001515128395774168,-0.009782625484106355,0.02281879194630876,-0.004132231404958664,-0.030805668567717714,0.024390243902439046,-0.00881060600077066,0.008771921569070251,-0.0036036000430957893,-0.009302361066951259,0.009090900224102638,-0.005361950858721154,0.008589037027606494,0.002087703953576714
2019-06-13 00:00:00+01:00,0.0,-0.020856156700734818,-0.018372703412073532,0.008298755186721962,0.0097798947740515,0.0,-0.008888922797309018,-0.005434803453420622,-0.03254978270281461,-0.012910780675136957,0.006756696528056327,-0.002695376771803537,0.0,-0.005555576748318192
2019-06-14 00:00:00+01:00,0.010590084626261875,0.003363198734820605,0.005347593582887722,0.012345679012345734,0.014527900724025766,0.0,0.0,0.0,-0.0037383142585097895,0.0023781757582108654,0.004474268873658316,0.0,0.0036496024326815313,0.0
2019-06-18 00:00:00+01:00,-0.007485029598166215,0.0011173440329554918,0.0026595744680850686,-0.008130081300813052,-0.007159977108175508,0.023809523809523725,-0.004484236661089436,0.0,0.0037523416909557294,0.002372442953761267,-0.015590133272275541,-0.005405426025390625,-0.010909109404592776,-0.016759734271166393
2019-06-19 00:00:00+01:00,0.0015082725417527865,-0.001116096968667435,0.0053050397877985045,0.0,0.0,0.0,0.0,0.0,-0.007476628517019468,-0.0011834138949241568,0.011312152270284148,0.0,0.008578394133967882,-0.00426140689283272
2019-06-20 00:00:00+01:00,0.006024119227211244,0.011173227217972093,0.00923482849604218,0.028688524590164022,0.00961542164785767,0.0,0.018018000215478835,0.0,0.016949181460966134,0.011848341018019681,0.029082801016271143,0.008152153350003966,0.008505547070724928,0.0057061559855322574
2019-06-24 00:00:00+01:00,0.0044909492314071375,-0.005524882837687928,0.0039215686274509665,0.005976095617529875,0.026190439860026116,0.0,-0.0011061777924026295,-0.01857924408539502,0.002777753003831318,0.002341884597994781,-0.002173859185215843,0.005390856365640184,0.002409578750574015,-0.012765979090480939
2019-06-25 00:00:00+01:00,0.0,0.0033333036634657365,-0.0026041666666666297,0.005940594059405946,0.015081242433667263,0.0,0.005537098373223914,0.002227222581649535,-0.010156939746275073,0.005841121599449162,-0.0021786990303688247,0.008042875152728612,0.0,0.0
2019-06-26 00:00:00+01:00,0.0,-0.004983397300626358,0.0,0.007874015748031482,-0.011428571428571455,0.0,-0.00440530300038533,0.0,-0.034514913837929595,-0.010452979579894106,-0.00873361627060032,-0.005319067988256432,-0.006009523905589953,0.0
2019-06-27 00:00:00+01:00,0.004470984479582718,-0.006121241358155394,0.0,-0.01171875,0.010404641917675317,0.0,-0.006637151150371778,-0.005555576748318192,-0.024154588481715478,0.0035211627054407835,-0.019823822322491025,-0.002673857880705288,0.0,0.005747148486326958
2019-06-28 00:00:00+01:00,-0.002967426900723824,-0.013437836669448977,0.0,0.0039525691699604515,-0.009153352835136186,0.0,-0.00890871965000617,0.0,-0.01980205498867016,-0.008187098809850135,0.024719132186338033,0.008042875152728612,-0.008464406846896866,0.0
2019-07-01 00:00:00+01:00,-0.008928549127512841,-0.005675390278476189,-0.02088772845953002,-0.011811023622047223,-0.030023077597374992,0.0,-0.011235955056179803,-0.021229003847196837,-0.009090828523378836,-0.009433997912352998,-0.013157882353605488,-0.002659533994128216,-0.004878044241882984,-0.02285712105887272
2019-07-02 00:00:00+01:00,-0.006006029054705375,-0.0091324111433575,-0.010666666666666713,-0.015936254980079667,0.0,0.0,-0.004545471884987551,0.0,0.012232403713166251,-0.005952380952380931,0.004444440205891853,-0.010666707356770888,0.0,-0.011695950788175535
2019-07-03 00:00:00+01:00,0.0030212173241199736,0.0017280402213226687,0.0,0.006072874493927127,0.005357106526692634,0.0,-0.003424605337771891,0.0,-0.005035265780284237,0.0035928509192553193,-0.0011062200137206268,-0.002695376771803537,0.0,0.0
2019-07-04 00:00:00+01:00,0.007530120308884669,0.015526191330655914,0.0,0.010060362173038184,0.018354092454352378,0.0,0.01030920807586666,0.0,0.012145737264080303,0.01551307130096835,-0.003322229663158649,0.0,0.0,0.008875717273141515
2019-07-05 00:00:00+01:00,0.0,-0.012457492370065437,-0.010781671159029615,-0.001593601181212656,0.0,0.0,-0.009070243197771721,-0.01369861671503625,0.02899999618530269,-0.0035252106667723604,0.006666713290744308,0.0027026614627323475,0.0,0.002932618571647616
2019-07-08 00:00:00+01:00,-0.006875920388353274,-0.005733966651803812,-0.013623978201634857,0.0,0.0029069767441860517,0.0,-0.009153352835136186,0.015046308943886366,-0.008746370546310778,-0.009433997912352998,-0.006622562564874368,0.0,0.0,-0.005847975394087768
2019-07-09 00:00:00+01:00,-0.006622553058969083,-0.0023068578532494666,0.0,-0.0023942780881968106,0.005217355921648625,0.0,0.011547344314317032,0.004560998832972452,0.0245098043798897,0.0029761904761904656,0.017777760823567634,0.0,0.0,0.0
2019-07-10 00:00:00+01:00,0.0,0.0,0.0,0.0,-0.0034601549356728656,0.0,0.004566227543908896,0.0,-0.04688993110638362,-0.0017804335415894101,0.0,0.0,-0.002450919664624518,-0.007352941176470562
2019-07-11 00:00:00+01:00,0.01363638675574097,-0.004624273250525723,-0.016574585635359074,0.0,-0.012152812884422382,0.0,-0.009090943769975102,0.0,-0.005020099452144766,0.0,-0.004366808135300104,0.0,0.0,0.0
2019-07-12 00:00:00+01:00,0.0,-0.015098736309484106,0.002808988764045006,0.008000000000000007,0.002929115459513465,0.0,0.0,0.004540290572967676,-0.070635703334338,0.005945303318332984,0.0,-0.00808623313744361,0.004914000020385556,0.0044444896556712354
2019-07-15 00:00:00+01:00,0.018535094700855348,0.011792498451403732,0.0,0.0,0.0,0.0,0.006880804180208422,0.0,0.019544006995682484,-0.001182015081852339,0.0,0.0,0.0073348977633189705,0.0
2019-07-16 00:00:00+01:00,0.012621083329246607,-0.003496472405355555,0.0028011204481792618,-0.007936507936507908,-0.002336412988402703,0.0,0.002277869490782347,-0.001129969316473134,-0.01810437381025576,0.0,0.0,0.0,-0.01699021766228026,0.0
2019-07-17 00:00:00+01:00,0.0,0.017543814641410194,0.0027932960893854997,0.02400000000000002,0.011709601664315672,0.0,0.004545471884987551,0.0,-0.0021692469831258165,0.0011834138949242679,0.006578993461579419,-0.002717349896583343,0.009876533325735348,0.0
2019-07-18 00:00:00+01:00,0.023188383682914315,0.0028736290520334773,0.0,0.00390625,0.0,0.0,0.0022624088777152274,0.0,-0.021739110153428554,0.0,-0.008714588349299945,0.0,0.0,-0.022123892809487233
2019-07-19 00:00:00+01:00,0.008498562140069055,-0.0040115529577237075,0.0055710306406684396,-0.0038910505836575737,-0.009259294417005237,0.0,0.0,0.0,0.005555576748318192,0.0,0.0,0.0,-0.007335014349416968,-0.01055813793990712
2019-07-22 00:00:00+01:00,-0.008426945222445026,0.0,0.0027700831024930483,0.0,-0.002336412988402703,0.0,-0.00338595290665733,0.0,0.011049660297000496,0.0,-0.00659345242873588,0.00544961195590532,0.003694548447536805,0.006097584377790843
2019-07-23 00:00:00+01:00,-0.005665744115072924,0.0034523231408700727,-0.0055248618784530246,-0.0078125,-0.0070257431311552265,0.0,0.0011324855114951404,0.0,-0.02732240551067433,-0.001182015081852339,0.006637214587376983,-0.00542007465227845,0.0,-0.010606014367305905
2019-07-24 00:00:00+01:00,0.0014245884310986057,-0.0022936304072485036,-0.01388888888888884,0.0,0.002358454493452289,0.0,-0.0011312044388576137,0.002262387301373625,0.011235998399541591,0.0011834138949242679,-0.0021978524093689833,-0.0013623770033006632,0.0,0.0
2019-07-25 00:00:00+01:00,-0.012802297109664185,0.0,0.011267605633802802,0.015748031496062964,0.008235258214613905,0.0,-0.0033975429375915356,0.0,-0.011111153496636272,-0.001182015081852339,0.013215846538256804,-0.00409281090405933,0.007362015021482815,-0.0076569674828911305
2019-07-26 00:00:00+01:00,0.0,0.00919539373102718,-0.005571030640668551,0.003875968992248069,0.0011669324046303942,0.0,0.009090943769975102,0.0,0.004494377928932147,0.004733745868389372,-0.0032608406079508434,-0.005479472957245268,0.0,0.0
2019-07-29 00:00:00+01:00,0.01296832141341242,-0.011389456815116494,0.0,0.0,0.0,0.0,0.0,0.0,0.02237145104327598,-0.010600724495918534,0.005452583458981808,0.01377410497269449,0.0,0.0
2019-07-30 00:00:00+01:00,-0.014224750449352896,0.0,0.011204481792717047,0.0,0.0,0.0,0.0,0.0,0.005470375840529895,0.0,-0.006507637513988307,0.0,0.0012180546693509875,0.0
2019-07-31 00:00:00+01:00,0.0,0.0023040902518667306,0.008310249307479145,0.0,0.0,0.0,0.0,0.0,0.0032644927111364908,0.0,-0.0010917280620545977,0.0,0.0,0.01697528429500994
2019-08-01 00:00:00+01:00,0.010100965619285418,0.0,0.008241758241758212,-0.0038610038610038533,0.0,0.0,0.0,-0.0033859745071865843,0.006507534078599164,-0.0011904580252510844,0.0,0.0,0.0,0.0
2019-08-02 00:00:00+01:00,0.0,0.0,0.01089918256130784,0.0,0.0,0.0,0.0,0.0,-0.09482760126752365,-0.0011918769046773692,-0.005464397720770453,0.0,0.0,0.0
2019-08-06 00:00:00+01:00,0.0,0.0,0.0,0.0,-0.011655011240463087,0.0,0.0,0.0,-0.010714190833418291,-0.0023866893836888003,-0.0021978524093689833,-0.010869503246587309,-0.010948923316814185,-0.0015174274932576726
2019-08-07 00:00:00+01:00,0.0,0.008046051727953696,0.0,-0.011627906976744207,-0.0023585444627242103,0.0,0.0,0.0,-0.018050609462124223,0.0,-0.011013257963653267,0.010988947648731706,-0.00615008487466695,-0.007598783842102663
2019-08-08 00:00:00+01:00,0.0,-0.014823273392857717,0.0026954177897573484,0.0,-0.002364030163704678,0.0,0.0,-0.0005662643809876133,-0.013480350335071556,-0.005980861353182654,-0.008908677926962594,-0.010869503246587309,0.0,0.0
2019-08-09 00:00:00+01:00,-0.014285714285714235,0.0,0.0,0.0,0.0,0.0,0.0,0.0028329260900767927,0.01490681772867486,-0.001203351094551941,0.008988755857864295,0.0,0.0,0.0
2019-08-12 00:00:00+01:00,-0.004347870315330571,0.0,0.0,0.0,0.0,0.0,-0.005630630437124751,0.0,0.0036719379058807178,0.0,0.020044578435574723,-0.005494526224051444,0.0,0.0
2019-08-13 00:00:00+01:00,0.007278020701757759,-0.01851861050099135,0.0013440860215054862,0.0019607843137254832,0.0047393544863414405,0.0,-0.010192542409668603,0.0,-0.030487805587205763,-0.012048192771084376,0.0021834561241091954,0.0,0.012376284952223093,0.0
2019-08-14 00:00:00+01:00,-0.01445086768931425,-0.02122633976628685,0.0,-0.005870841487279899,-0.014150996868529497,0.0,-0.016018323815067292,0.010169400568842413,0.003773611387183573,-0.012195121951219523,-0.004357294174649917,-0.0027624941080316434,-0.00488997070424535,0.0
2019-08-15 00:00:00+01:00,-0.008797631979022502,-0.036144600462750365,-0.02281879194630876,-0.019685039370078705,-0.01555018476185388,0.0,-0.046511627906976716,0.0,-0.047619061846197575,-0.04938271604938271,-0.019693686916246178,-0.01939049800082382,-0.013513587925312098,0.0
2019-08-16 00:00:00+01:00,0.0,-0.02875000238418579,0.0,0.0,-0.003645237431754933,0.0,0.019512176513671875,0.0,-0.013157882353605488,-0.009090869457690776,0.005580378406471853,-0.025423770821618952,0.0024907171144166185,-0.006125597353523249
2019-08-19 00:00:00+01:00,0.04142016442248475,0.02316600113004874,-0.0027472527472527375,0.008032128514056325,0.018292682926829285,0.0,0.016746430041051807,0.013422913295959349,-0.06933333079020187,0.010484867501520334,0.007769111325861333,-0.002898506496263553,0.0024844103870176326,0.0
2019-08-20 00:00:00+01:00,0.031249955973842836,-0.020754712680713827,-0.016528925619834656,-0.01195219123505975,-0.017964071856287456,0.0,-0.0117647058823529,0.026490039735375337,0.014326633862365323,-0.011673171772902058,-0.0022025885746035367,0.0,0.006195810734284324,-0.0832049522175381
2019-08-21 00:00:00+01:00,0.0,-0.017341008951921144,0.0,0.0,-0.03414637867997328,0.0,-0.021428607759021556,0.01236556653329246,0.007062173908709557,-0.013123360105634085,0.0,-0.02906976615241441,-0.012315200640981905,-0.02857144139394041
2019-08-22 00:00:00+01:00,0.0,0.02745098503647614,0.011204481792717047,0.0040322580645162365,0.02020209804504458,0.0,0.02189784815796525,0.00371745592712891,0.021037881200538067,0.009308571888885897,0.015452470547938413,0.0,0.01620937074146389,0.0017301434279992645
2019-08-23 00:00:00+01:00,0.0,0.00254452679221151,0.005540166204986097,0.004016064257028162,0.0049504193239715555,0.0,0.0,-0.005291025581380615,0.005494500096186128,0.0,0.004347822030685622,0.011975978829573242,-0.008588920012347456,-0.036269468626520585
2019-08-26 00:00:00+01:00,0.0,-0.007614205825909215,0.0,-0.016000000000000014,-0.0295565761906883,0.0,-0.0023809160505022797,0.0,-0.0013661514545519893,-0.00790511807719163,0.0,-0.0029585348040910286,0.0024753042020448923,-0.0035842431124375462
2019-08-27 00:00:00+01:00,0.0,-0.002557542261826362,-0.011019283746556474,0.008130081300812941,0.0025380322398060873,0.0,-0.004773287724486708,0.0063830236225137504,-0.008207926573078339,-0.003320052986294897,0.0021645517596426966,-0.014836794916333051,0.006172745025411208,0.0
2019-08-28 00:00:00+01:00,0.0,-0.006410280706692251,0.0027855153203342198,-0.0040322580645161255,0.001265803469887361,0.0,-0.009592362555408074,0.0,-0.03448275862068961,-0.001998687805188526,-0.006479526796290824,-0.0030121170638643946,-0.008588920012347456,-0.008992806002192988
2019-08-29 00:00:00+01:00,0.0,0.012903213500976562,0.0,-0.020242914979757054,-0.01390642851252366,0.0,0.0024213629701141937,-0.006342539045956719,-0.010000024523053819,0.0033377836436174757,-0.006521681215901576,0.0,-0.02475245187544539,0.0
2019-08-30 00:00:00+01:00,0.0,-0.0012738537791289195,-0.022222222222222254,0.02066115702479343,0.011538481101011522,0.0,0.0,-0.006382922167795124,0.05339110700742156,0.0019960282479469793,0.0021881294680656804,0.0030212173241199736,0.006345141265426513,0.010889334036917608
2019-09-02 00:00:00+01:00,0.0,0.010204071702683226,0.011363636363636465,0.012145748987854255,0.022813629753516418,0.0,0.014492716232052283,0.00321196279240743,-0.015068511046618327,0.007968106903112337,-0.002183352011190909,0.0030120021633468497,0.0025220657452023065,0.0
2019-09-03 00:00:00+01:00,0.0,0.010101000370632551,-0.005617977528089901,-0.0020000000000000018,-0.004956554047219064,0.0,0.0023809160505021687,0.0,-0.0013908524064326633,0.0026350058527204734,0.0065644927449282076,0.0,0.0012578904555671233,0.005385982638265174
2019-09-04 00:00:00+01:00,0.0,0.0,-0.005649717514124242,0.002004008016031955,-0.0062266498256260405,0.0,0.007125963482925712,-0.002134418818956263,0.0,-0.0026280808443143178,0.002173962845469779,0.006006029054705486,-0.0012563101550140399,-0.00714288439069477
2019-09-05 00:00:00+01:00,0.0,0.0,0.014204545454545414,-0.008000000000000007,0.006265663920785869,0.0,0.0,0.0032085274595974322,0.0,0.0,-0.0021692469831258165,-0.002985029078241608,-0.0012578304760489933,0.0
2019-09-06 00:00:00+01:00,0.0,0.0,0.0,0.012096774193548487,-0.0037360278998301855,0.0,0.0,0.014925409553803393,-0.04596099325846548,0.005270112224471157,0.021739110153428554,-0.005988046521030466,-0.005037778534604964,-0.007194203635955465
2019-09-09 00:00:00+01:00,0.0,0.01250004768371582,-0.0056022408963585235,0.007968127490039834,0.0100000381469727,0.0,0.002358454493452289,0.01890749399646019,0.018978119160702578,0.013106159370946058,-0.006382922167795124,0.006024119227211244,-0.005063286249386678,0.0
2019-09-10 00:00:00+01:00,0.0,-0.017283992188819042,0.0,-0.0039525691699604515,-0.00990102749433508,0.0,-0.018823511460248188,0.0,-0.01862465817846426,-0.007762045017176478,-0.002141376599242406,0.002993966154271277,-0.0038168205214693662,-0.010869606531259235
2019-09-11 00:00:00+01:00,0.0,-0.0012563101550140399,-0.016901408450704203,-0.007936507936507908,-0.011250019073486328,0.0,-0.007194226176781449,0.0,-0.011678821141581586,-0.01434157128928415,-0.0021458696077492068,0.0,-0.010217104021144063,-0.029304002176473443
2019-09-12 00:00:00+01:00,0.0,0.0,0.005730659025787954,0.01200000000000001,-0.011378022038437297,0.0,0.0,-0.0005154757256945475,0.004431345626716432,-0.005291025581380615,0.005376364484882101,0.0,0.0077419281005859375,0.0
2019-09-13 00:00:00+01:00,0.0,0.0,0.0,-0.005928853754940677,0.005754534465449712,0.0,0.0012077109955972443,0.0,-0.0029411735831660346,0.0033244682200195275,0.0010694411550331573,-0.002985029078241608,-0.011523707201956723,-0.009433962264150941
2019-09-16 00:00:00+01:00,0.0,-0.013836435134130354,-0.01139601139601143,-0.017892644135188873,-0.017164633794404804,0.0,-0.0156815805528302,-0.01495611229021132,-0.04277292473688332,-0.020543346389086836,-0.017094001418896276,-0.019461122640227257,-0.012953355874389949,0.0
2019-09-17 00:00:00+01:00,0.0,-0.0031887876123547487,0.0,-0.002024291497975672,-0.0032341525243227975,0.0,-0.0024509430389955122,0.0,0.009245057277769586,-0.005412740427871765,0.0010869814227350005,-0.0015266942613907375,-0.01706038272878263,-0.00952380952380949
2019-09-18 00:00:00+01:00,0.0,0.004478547300811986,0.0028818443804035088,0.010141987829614507,0.004542484883303333,0.0,0.0049140235673303945,0.007329810829965311,0.03206107359264254,0.00340136054421758,0.001085801177026724,0.0,-0.004005304924957653,0.0019230475792517687
2019-09-19 00:00:00+01:00,0.0,0.012738841509227994,0.0,0.008032128514056325,0.007751918117475443,0.06976744186046502,0.0097798947740515,0.008316000484173136,-0.03254441709763056,0.003389830508474523,0.010845924609461655,0.0,-0.0013405132480830417,0.0009597515013872737
2019-09-20 00:00:00+01:00,0.0,0.0,0.0,-0.015936254980079667,0.0012820317195012532,0.0,0.004842633574675181,0.00206190290277819,0.0,0.012162182782147424,0.02253219367202286,0.006116231139851269,0.0013423126359546345,0.002876274339267404
2019-09-23 00:00:00+01:00,0.0,-0.01257860465808136,0.002873563218390718,-0.004048582995951455,-0.011523707342672052,0.0,-0.0024096017860504304,0.0,0.027522909692437203,-0.005340474202002565,0.017838413542215603,0.0,0.0,-0.009560229584968938
2019-09-24 00:00:00+01:00,0.0,0.0025477683018455544,0.042979942693409656,-0.008130081300813052,0.007772100093707213,0.0,0.004830843982388977,-0.008230444599618192,-0.00744043384803128,0.0,0.00206190290277819,-0.006079050263329999,0.005361925153952507,0.0
2019-09-25 00:00:00+01:00,0.0,-0.008894497565706927,-0.01098901098901095,-0.012295081967213073,-0.014138895377469707,0.0,-0.014423040772329476,0.008298746976857396,-0.02848576537438796,-0.010738295996749136,-0.008230444599618192,-0.01223246227970265,0.0,-0.01930501958935449
2019-09-26 00:00:00+01:00,0.0,-0.011538480818858998,0.0,-0.008298755186721962,-0.010430188451025946,0.0,-0.017073189339986694,0.0,0.0,-0.009497923707293743,-0.010373483185505572,-0.02476777882219383,0.0,0.0
2019-09-27 00:00:00+01:00,0.0,-0.03242542137004778,-0.019444444444444486,-0.004184100418409997,-0.025032957676965006,0.0,-0.02729524801354133,0.0,-0.006172833601124972,-0.0273972602739726,-0.006289352186228392,-0.01269840058826266,-0.01466668446858721,-0.02952755949857755
2019-09-30 00:00:00+01:00,0.0,-0.004691668529911097,-0.011331444759206777,-0.004201680672268893,0.01081085205078125,0.0,0.0051020601797675535,0.010288006692203311,-0.004658417630713174,-0.002816858425946256,-0.006329057894472134,-0.016077170220805348,-0.0067658612721306355,-0.014198798656638423
2019-10-01 00:00:00+01:00,0.0,0.007407384097747771,0.0,0.00843881856540074,0.029411722707015198,0.0,0.0,0.0010183532782701565,0.01404058576135947,0.008474554353937958,-0.004246280417097847,0.0,-0.006812014944881817,0.006172902493352117
2019-10-02 00:00:00+01:00,0.0,-0.006684517460877837,0.0,-0.012552301255230103,-0.00649350649350644,-0.0304348157799762,-0.015228483898008571,-0.0030518548529022693,-0.02307693774883568,-0.014005601941584733,-0.008528776410449246,-0.013071882795547274,-0.002743481622931254,0.0
2019-10-03 00:00:00+01:00,0.0,-0.004037649214576056,-0.011461318051575908,-0.004237288135593209,0.006535947712418277,0.0,-0.003865920467296502,0.0,0.0,0.009943138253837525,0.010752626424140876,0.013245020146527287,-0.01513069240756526,0.0
2019-10-04 00:00:00+01:00,0.0,0.004054017916833796,0.0,0.009574468085106425,0.006493506493506551,0.0,0.006468305048645595,-0.01428574904060853,-0.0031496033428162207,0.007032348955422041,0.010638338885950116,0.013071882795547163,0.00837988045505722,0.0
2019-10-07 00:00:00+01:00,0.0,0.012113075998282374,0.008695652173912993,0.0031612223393044925,0.007741915795110854,0.03139016981561671,0.001285327380444512,0.0,-0.006319109373639331,0.013966480744569187,0.012631566900956015,0.0032258187570879393,0.005540227126394903,0.0
2019-10-08 00:00:00+01:00,0.0,0.011968105427681452,0.0,-0.004201680672268893,-0.003841170655882742,0.0,0.0,0.004140782865927672,-0.04610492267278066,0.006887052486347134,0.006237049930402527,-0.009646338930205611,-0.002754883902634897,0.0
2019-10-09 00:00:00+01:00,0.0,-0.003942208841262507,-0.02298850574712641,0.00843881856540074,0.002570654760889024,0.0,0.008985839981141108,0.003092756037225586,-0.021666685740152958,0.024623845271283473,-0.002066162926976145,-0.009740235210771275,0.005524922645682384,-0.014314943580707173
2019-10-10 00:00:00+01:00,0.0,-0.003957748452921295,-0.00588235294117645,-0.012552301255230103,0.008974319849258894,0.0,-0.010178059006281992,0.027749277540214168,0.013628607370651524,-0.00667556728723484,-0.0062111249368659305,-0.0032787010317942844,-0.002747250048093064,0.0
2019-10-11 00:00:00+01:00,0.0,-0.0013245335932716706,0.0,0.0,0.008894594724026206,0.0,0.010282717107749528,0.013000011444091797,0.016806787340397866,-0.0040322990000674075,-0.0020833809342630794,0.0,0.0,0.0
2019-10-14 00:00:00+01:00,0.0,-0.006631325064698657,-0.00887573964497046,-0.004237288135593209,-0.015113407488356323,0.0,-0.00763356852123398,0.0,-0.008264494075791107,-0.005398131364585668,0.006263091867905635,0.0,-0.011019338570397608,0.0
2019-10-15 00:00:00+01:00,0.0,-0.010680898017452423,-0.014925373134328401,-0.004255319148936176,-0.007672615058005872,0.0,-0.011538481101011633,-0.012833179957776664,-0.021666685740152958,-0.017639015959203364,-0.02904571334786865,-0.013157882353605488,-0.005571025460913259,0.0
2019-10-16 00:00:00+01:00,0.0,0.0006747792906722783,0.0,-0.004273504273504258,0.02963921516731527,0.0,-0.0038909912879437902,0.005000019073486239,-0.010221455527988699,-0.0027624941080316434,0.004273500354724069,0.0,0.008403353487606458,0.05601661245232714
2019-10-17 00:00:00+01:00,0.0,-0.008766022596743972,-0.00303030303030305,0.0,-0.00500627682402921,0.0,-0.002604226167828738,0.001990000369133549,-0.034423375427686365,-0.0055400819029274295,-0.01063823743123149,-0.0016666412353515403,-0.011111100809073515,-0.021611046283742996
2019-10-18 00:00:00+01:00,0.0,0.013605429378242606,0.00911854103343468,0.0042918454935623185,0.026415075146177358,0.0,0.0,0.0,-0.012477748662284793,0.00974926070320059,0.004301071078780971,0.02003333752376868,0.0014045265509228244,0.012048238915872256
2019-10-21 00:00:00+01:00,0.0,0.021476554140348325,0.015060240963855387,0.02136752136752129,0.017156881765419518,0.0,0.023498734825248446,-0.026812265369593802,-0.0072202097704795465,0.012413814150053826,0.014989227768871904,0.011456641250751298,0.01683027820939831,0.0019840966486825984
2019-10-22 00:00:00+01:00,0.0,0.01971091888774512,0.0,0.0,0.0012048008930252152,0.0,0.002550981433031785,-0.01734694622298749,0.05636362595991651,0.0,-0.006329057894472134,0.003236258339943676,0.012413814150053826,0.007920822294631868
2019-10-23 00:00:00+01:00,0.0,0.0,0.0029673590504450953,0.0,-0.006016847282562909,0.0,0.0,0.015576284189793288,0.020654025256611863,0.0,-0.003184685002995624,0.009677394743888623,0.012261535950922386,-0.01375247037239391
2019-10-24 00:00:00+01:00,0.0,-0.01288664671652151,0.0,-0.004184100418409997,-0.016949171328587087,0.0,-0.010178059006281992,-0.014314866408069449,-0.02360874713968053,-0.004087234952604768,-0.020234347935112362,0.006389800888641606,-0.006729436750052442,0.0
2019-10-25 00:00:00+01:00,0.0,0.0,0.0,-0.004201680672268893,-0.0036945250448039424,0.0,-0.0025707528250823453,0.0,-0.01899829606893466,-0.002735936421571772,-0.004347822030685733,-0.0031746152847532683,-0.013550122368818363,-0.00398407888246699
2019-10-28 00:00:00+00:00,0.0,-0.0065273779234600315,0.0,0.0,-0.003090234799563385,0.0,0.0025773786284728484,-0.0031121043129721526,0.11091551645789233,-0.0013717211526476092,-0.0010917280620545977,0.0031847255632038163,0.01373625024046543,0.005999984741210884
2019-10-29 00:00:00+00:00,0.0,0.009198382864139543,-0.011834319526627168,0.0021097046413502962,0.015499069762557882,0.0,0.002570654760889024,0.004162327084500372,0.012678276455073245,0.00961534229256178,0.014207663372755253,0.0031746152847531572,0.012195077825896572,-0.0019880412651659407
2019-10-30 00:00:00+00:00,0.0,0.002604164241347462,0.014970059880239583,0.006315789473684275,0.009157508986895602,0.0,0.0,0.010362734240704219,0.04068861256875622,0.0027210469148597483,-0.006465459878108537,0.0,0.0,0.023904397304817637
2019-10-31 00:00:00+00:00,0.0,0.0168831321637819,0.005899705014749346,0.008368200836819994,0.004234706202776106,0.021739130434782705,0.01794873751126813,0.005128224690755134,0.003007515885668388,0.011533326169776759,0.030368733716037433,0.012658215623466695,0.010709558606448066,0.031128374058812636
2019-11-01 00:00:00+00:00,0.0,0.029374265408904643,0.0,0.024896265560165887,0.014457794557134696,0.0,0.022669967100398702,0.012244886043219827,0.07796101573891456,0.02347417744282354,0.02526313380191203,0.05312502384185791,0.014569490582561073,0.011320725926813102
2019-11-04 00:00:00+00:00,0.0,0.023573147703674247,0.04692082111436946,0.028340080971659853,0.03325419421902098,0.02127659574468077,0.01231527139880817,0.007056420794945284,0.06536853775399609,0.014416755309628382,-0.0041067723606769135,0.04154295784827533,0.019582258270946173,-0.011194001701525846
2019-11-05 00:00:00+00:00,0.0,-0.010909109404592776,0.0,0.0,0.028735632183908066,0.0,0.012165450573309089,-0.004004000277224251,-0.026109636194406094,-0.006459948193060727,0.00206190290277819,0.014245014864278316,-0.0012803779920539382,0.018867924528301883
2019-11-06 00:00:00+00:00,0.0,-0.013480350335071556,-0.014005602240896309,0.003937007874015741,-0.0011173013868278625,0.0,-0.024038462420187034,0.011055337935698573,0.005361925153952507,-0.03381012252966109,0.0,-0.0028089460226743412,-0.006410280706692251,0.012962977091471428
2019-11-07 00:00:00+00:00,0.0,-0.0055900714568600796,0.0028409090909091717,0.027450980392156765,0.002237102291148041,0.0,0.0024631106546002535,0.003976139183357041,0.02133331298828134,-0.0053836003963588785,0.011316836795815188,-0.002816858425946256,-0.005161285400390625,0.005484446670498189
2019-11-08 00:00:00+00:00,0.0,-0.006870743833789716,0.0,0.001908396946564972,0.0,0.0,0.017199035622054826,0.00990093307113904,-0.009138341542900608,0.004059477891326324,-0.005086489432648222,0.008474554353937958,0.010376124942961917,-0.0018181540749290237
2019-11-11 00:00:00+00:00,0.0,0.005031441863232455,0.0,0.005714285714285783,-0.006696411655569223,0.0,0.0,0.005882394190066309,-0.005270087094713549,-0.004716960761672717,0.0,0.0028010776466118603,0.0,0.027322403612191737
2019-11-12 00:00:00+00:00,0.0,-0.015018759574042972,-0.014164305949008527,-0.007575757575757569,0.0,0.0,-0.004830936124831653,-0.0107213068126365,0.003973474465339244,-0.01760318820885054,-0.010224890646804763,-0.011173120662180347,-0.005134783318216152,0.0035460450856623638
2019-11-13 00:00:00+00:00,0.0,-0.019059732852432676,-0.04597701149425293,-0.003816793893129722,-0.023595488473270754,0.0,-0.016990309465458098,0.0,-0.014511891111025577,-0.011716141526682322,-0.006198390260857556,-0.016949216467680994,0.0206451416015625,-0.0070670975612221465
2019-11-14 00:00:00+00:00,0.0,0.018134759990618976,-0.030120481927710885,0.01724137931034475,0.00690447023688967,0.0,0.01728396945529509,-0.010837405006048129,-0.03212848431847237,0.01534178731290159,0.02702705114083548,0.011494296972653917,0.018963410252613944,0.0
2019-11-15 00:00:00+00:00,0.0,0.0069974335120057685,0.03105590062111796,0.007532956685499137,0.00342860630580355,0.0,0.0072815347452712675,-0.006972081184281165,-0.004149406601549943,0.0068681315802214815,0.013157906167521771,0.005681839733084004,0.011166153130033551,0.0035587323883337074
2019-11-18 00:00:00+00:00,0.0,-0.008212262480572607,0.006024096385542244,-0.005607476635513975,-0.009111651753431205,0.0,-0.014457794557134807,0.0070210323921164886,-0.011111100809073515,-0.008185621808118548,-0.006993071618176638,-0.0028249232911827793,0.029447943070672222,-0.00709222544427357
2019-11-19 00:00:00+00:00,0.08953168232251385,-0.008917158684665694,-0.026946107784431184,-0.015037593984962405,-0.013793068370599904,0.0,-0.0024450436451716184,-0.01394425735604432,0.09971910808411777,-0.004126484662397734,0.008048378345835605,-0.005665744115072924,0.0035756533663395818,0.0
2019-11-20 00:00:00+00:00,0.011378022038437186,0.006426698271122078,-0.007692307692307665,-0.003816793893129722,0.0,0.0,0.00490197957547478,0.010101049022522401,-0.049808412552449055,0.0,0.0,0.0028490681813586605,-0.0023753512568226443,0.0
2019-11-21 00:00:00+00:00,0.0,-0.010217104021144063,0.010852713178294504,-0.0019157088122605526,0.0,0.0,0.0,-0.010999965667724654,-0.014784964068333628,0.0,0.027944083850240053,0.0,-0.004761900436850985,0.0035714421953474407
2019-11-22 00:00:00+00:00,-0.0100000381469727,0.006451637514175879,0.0,-0.0057581573896353655,-0.002331055600500065,0.0,0.004878067388767171,-0.013144601610523443,0.012278329266664834,0.008287271567344101,-0.007766982740254447,0.0,0.002392399352277197,0.0017793322555794688
2019-11-25 00:00:00+00:00,-0.027777740315822252,-0.01282056141338439,-0.009202453987730008,0.0,-0.017523364798347374,0.0,-0.012135922105364738,0.010245842771549496,0.005390830382983713,-0.013698630136986356,-0.003913890490010341,0.0,-0.002386689438011569,0.005328583323728875
2019-11-26 00:00:00+00:00,-0.025974025974025983,-0.011688269867544565,0.0,-0.007722007722007707,-0.007134345838373912,0.0,-0.0049140235673305055,0.0,0.0,-0.0006944868299696427,0.009823126208018618,-0.012784112306419071,-0.003588484952535831,0.010600747438053393
2019-11-27 00:00:00+00:00,0.018666687011718697,0.007884355023241252,0.009287925696594534,0.027237354085603016,0.03952099463183001,0.0,0.01728396945529509,-0.001014125309907854,0.04021450257383408,0.01181384488629078,0.050583703431029026,0.024460387744491996,0.020408172611160236,0.047202809911303545
2019-11-28 00:00:00+00:00,0.007853383012274673,-0.005867024230290285,0.0,0.0037878787878788955,0.01612896137399411,0.0,-0.00970877472018683,-0.00507616129933619,0.03221649389513259,-0.015109973315984182,-0.01111110031850071,0.005617999199770685,0.0,0.03505840435102203
2019-11-29 00:00:00+00:00,0.009090869457690776,0.02950818421410739,-0.012269938650306789,0.015094339622641506,0.006802790524672364,0.0,0.034313763530839037,-0.003061197182379072,-0.02496882401840006,0.0264993250592529,0.0149812586929019,0.019553094353555345,0.0011764975155101887,0.03548382174584175
2019-12-02 00:00:00+00:00,-0.006435006687748768,0.016560524333790072,0.05900621118012417,-0.01115241635687736,-0.009009043066040445,0.0,0.018957327549697922,-0.0051177265498622004,-0.0140845242407589,0.013586956803424588,0.001844972675999479,0.008219157179740977,-0.008225692904327064,0.02492221463508071
2019-12-03 00:00:00+00:00,0.0064766841938506126,0.010025112826065108,0.02639296187683282,-0.015037593984962405,0.006818164478648692,0.0,0.013953452886537043,0.0010287319889730195,0.015584463034901352,-0.01206436386444587,-0.016574526444924187,-0.024456460050011897,-0.002962040257487586,0.006078934315090212
2019-12-04 00:00:00+00:00,-0.009008970086684442,-0.0024814462434759044,0.02285714285714291,0.007633587786259444,0.01918741091325482,0.0,-0.002293543064696424,0.0020555456017088414,0.023017880356437592,0.0027137664303729103,-0.001872701984285463,0.0,-0.011289396014196651,0.004531768362351585
2019-12-05 00:00:00+00:00,0.01298701298701288,-0.004975119657066318,0.011173184357541999,0.0,-0.005537098373223914,0.0,0.0,0.0,0.0,-0.000676631268272776,-0.001876126114036536,-0.004178315306498703,0.0,-0.010526269898378793
2019-12-06 00:00:00+00:00,0.0,0.009999990463256836,0.035911602209944826,0.0037878787878788955,0.006681497257581048,0.0,0.011494252873563315,0.005128224690755134,0.0549999475479126,-0.0033852404220103827,0.011278184369081234,0.006993006993007089,0.0012019506308464933,0.003039467157545106
2019-12-09 00:00:00+00:00,0.008974319849258894,0.0018564781515335582,0.005333333333333412,-0.0018867924528301883,0.002212355584805259,0.0,0.0011363462968305704,-0.009183688860840866,0.028436106247007764,0.005434803453420622,0.0037174684946250647,-0.008333312140570759,-0.0024009008730527803,-0.009090885971531737
2019-12-10 00:00:00+00:00,0.012706480797676,-0.008029713639709946,-0.0026525198938992522,-0.001890359168241984,0.0,0.0,-0.007945481956481593,0.0,-0.004608290374042534,0.0,-0.005555594310838297,-0.014005601941584733,-0.002406793833181875,-0.007645259760462708
2019-12-11 00:00:00+00:00,-0.001254686047052589,-0.002490598350487816,0.007978723404255428,-0.007575757575757569,-0.010596016563365285,0.0,0.0068649709799311065,0.00926881073473873,-0.011574117765748682,-0.01486484424487966,-0.013035325198509029,-0.011363679466167786,-0.004221935774808672,-0.023112480196196494
2019-12-12 00:00:00+00:00,0.0018844413160092888,0.02247182850912255,0.005277044854881341,0.0,0.0001115811724516913,0.0,0.027272744612260258,0.0,-0.004683836303477906,0.020576131256561325,-0.016981160254526673,0.01580457612409436,0.0,-0.01261834436125786
2019-12-13 00:00:00+00:00,0.0031347962382444194,0.002442058460122132,0.0,0.0,-0.027328550317196387,0.0,0.008849506735177037,0.001020431498694352,-0.06352940727682677,0.0026881309696293876,-0.0038387679040453593,-0.0014144056356084622,0.009085379554863326,0.007987220641973325
2019-12-16 00:00:00+00:00,-0.027499961853027388,-0.012180314373335444,-0.013123359580052507,-0.007633587786259555,0.021789009086854216,0.0,-0.017543843505051004,0.004077467904388676,-0.026381914213641,-0.01206436386444587,0.005780295306443195,-0.01983005037021479,0.0,0.0015848223650809512
2019-12-17 00:00:00+00:00,0.0,0.007398325789977012,-0.007978723404255317,0.007692307692307665,0.001122317349423252,0.0,0.011160714475780154,0.0,-0.03354841662991437,0.0006784674874942276,0.003831414124593202,0.010115673533342529,-0.007202817105872006,0.0
2019-12-18 00:00:00+00:00,0.001285327380444512,-0.0012240182115607068,0.00536193029490617,0.003816793893129722,0.003363263027148733,0.0,0.0,0.0020304064279002,0.006675593092494658,0.0,0.011450462259065208,0.021459226999367864,0.0,0.0
2019-12-19 00:00:00+00:00,-0.0166881004659023,0.012254948938686727,0.0,-0.0076045627376425395,0.0011173013868279735,0.0,0.0022075560817349515,0.0,-0.005305034755357818,-0.0074576684984110075,-0.006603834526355823,0.016806679588196483,0.00846429152957362,0.0
2019-12-20 00:00:00+00:00,0.014360293681895175,0.001210681429144378,0.0,0.0,-0.006696411655569223,0.0,0.002202609488109575,0.0,0.01933333079020172,-0.0027321988603852265,0.037037070580505205,0.01652898902008193,-0.014388475223450214,0.0838607464094916
2019-12-23 00:00:00+00:00,0.006435006687748768,-0.006045971942833961,0.0,-0.003831417624521105,0.0,0.0,0.006593389825506613,0.0030394866584633196,-0.0006540372077687984,0.0,-0.018315000720495744,0.00813006028875507,0.0,0.017518203623973605
2019-12-27 00:00:00+00:00,-0.020460339342213474,0.0,0.002666666666666595,-0.0038461538461538325,0.007865134249912309,0.0,-0.013100403583316766,0.003030372505202328,-0.013088992981693415,0.0,-0.005597053929302653,0.0,-0.017031671383796465,-0.0014346984002789887
2019-12-30 00:00:00+00:00,0.02088770895552483,0.0012164567983807828,0.007978723404255428,0.0,-0.023411355023042146,0.0,-0.019911537847071004,0.0,0.0013262903093407274,-0.0013698421112479098,0.004690449479415548,0.005376364484882101,0.021039613601378848,0.005747148486326958
2020-01-02 00:00:00+00:00,0.011508971368305643,0.013365810020649516,-0.0079155672823219,0.03474903474903468,0.04337903102681473,0.0,0.011286681909956187,0.017119846029142183,0.039072793642946024,0.01508914199035516,0.022408942134764853,0.021390353059397293,0.00969696044921875,0.03571428571428581
2020-01-03 00:00:00+00:00,-0.011378022038437297,0.001199068189313257,0.005319148936170137,0.0,0.010940918854545734,0.0,-0.002232108835358404,0.0009900272108767094,-0.03887824556986663,-0.006756756756756799,-0.0027397016889267878,-0.00261786091154681,0.0,0.012413814150053826
2020-01-06 00:00:00+00:00,0.0,0.0,0.0,0.0,0.0,0.0,0.0,0.0,0.0,0.0,0.0,0.0,0.0,0.0
2020-01-07 00:00:00+00:00,-0.00511501166360806,-0.0035928964401109598,0.002645502645502562,0.009328358208955168,0.028138511160012314,0.002083301544189453,0.004474289922278274,0.008902092546407614,0.021220139021431494,0.008163244545865256,-0.018315000720495744,0.034120816373282015,0.020408172611160236,0.00544961195590532
2020-01-08 00:00:00+00:00,-0.0025707528250823453,0.015625014328040088,0.0158311345646438,0.009242144177449063,0.011578931306537754,0.0,0.028953211422749536,0.0,-0.0077922005539980965,0.009446755628222947,-0.0074626792643007756,-0.00507616129933619,-0.004705877865062047,0.02710026988206704
2020-01-09 00:00:00+00:00,0.0012886401557654636,0.007100641535034313,-0.0025974025974025983,0.0146520146520146,-0.0010405668648165722,0.0,0.00432902077135644,0.005882394190066309,0.026178048376628515,-0.0013369799389770787,0.003759394789693671,-0.010204120359535218,0.0,0.002638482060556502
2020-01-10 00:00:00+00:00,0.0,0.034077550417543456,0.0,0.0036101083032491488,0.0,0.0,0.017241362300696395,0.0,0.0,0.017402986678279886,0.005617927362165487,-0.0025772803115310383,0.01713942120987455,0.004605243080540777
2020-01-13 00:00:00+00:00,0.0025740615893452556,0.022727250560256484,-0.0026041666666666297,0.0,0.013541698455810547,0.0,0.008474527642289953,0.0,0.07015308418754485,0.013157894736842035,0.0,-0.011627926461706739,0.018012864019888664,-0.009823182907517825
2020-01-14 00:00:00+00:00,-0.002567452807690551,0.012222184075249665,-0.007832898172323799,0.003597122302158251,0.017471704983790026,0.0,0.002100888487900354,-0.00779726334516595,-0.0047675757111096395,0.011688331504920768,-0.013035325198509029,0.006535947712418277,0.025114076210768888,0.023809564657252924
2020-01-15 00:00:00+00:00,0.009009068277094023,0.010976990695760414,-0.0052631578947368585,0.0,0.014141429554332285,0.0,0.0062892920809685116,0.009823126208018618,0.005987932308542776,0.006418485111760797,0.0,-0.010389650022828767,0.01670385076291825,-0.010335956537291913
2020-01-16 00:00:00+00:00,-0.010204120359535218,0.002171498806353922,0.0,0.010752688172043001,-0.005976080328708333,0.0,0.004166682561238533,0.0,0.027381012661389592,0.0,-0.0018868355701793238,0.002624732095101834,0.005476472081942019,0.0
2020-01-17 00:00:00+00:00,0.0,0.0021668969399348814,-0.007936507936507908,-0.007092198581560294,0.012024017149777633,0.0,-0.01244818006890358,0.0,0.008111204391189508,-0.003826569463251661,0.0018904024487615967,0.02879577099873476,0.009803937864484302,0.0026110258697236155
2020-01-20 00:00:00+00:00,0.0,0.003783767287795614,-0.005333333333333301,0.0,-0.00990099009900991,0.0,0.0,0.0,-0.024137935948381428,-0.0012803902186275806,0.007547162342173674,0.005089078036186079,0.003775603633632718,-0.0052083529945868845
2020-01-21 00:00:00+00:00,0.0012886401557654636,0.0016155458879123508,-0.008042895442359255,0.02499999999999991,0.018000030517578036,0.0,0.008403393670198822,0.0,-0.003533537547697807,0.0057691916441307,0.018726573366127264,0.0,0.010209490622117512,0.0
2020-01-22 00:00:00+00:00,0.0,-0.005376364484882101,0.0,-0.0034843205574912606,-0.011787863867023685,0.0,-0.014583349227905273,0.0,-0.037825022858310686,-0.005736098989768901,-0.0036764670434089597,-0.010126620908326722,-0.006382922167795124,-0.006544502487092707
2020-01-23 00:00:00+00:00,-0.023165965161649926,-0.023783812651763103,-0.013513513513513487,-0.013986013986013957,-0.009940358003655891,0.0,-0.014799170702543885,-0.015564187895738879,-0.026412794044198717,-0.012820512820512775,-0.0036900333293332643,-0.012787724284207602,-0.014989329875327972,-0.013175230301662677
2020-01-24 00:00:00+00:00,0.02371535423157467,0.01661135953934667,-0.013698630136986356,0.028368794326241176,0.014056240435010414,0.0,0.0042918620061869195,0.007905130890387913,0.029652952810270472,0.015584375951197327,0.01111110031850071,0.010362734240704219,0.016304410360261867,-0.002670288031537793
2020-01-27 00:00:00+00:00,0.006435006687748768,-0.019607875728968716,-0.005555555555555536,-0.024137931034482807,-0.02178214800239786,0.0,-0.017094001070560583,-0.017646995575231528,-0.03799018977651769,-0.010230120889809902,-0.005494543882554881,0.007692288129757641,-0.008556141223758917,-0.004016003140818625
2020-01-28 00:00:00+00:00,0.0,0.008888880411783928,-0.0027932960893854997,0.005300353356890497,0.020242914354489105,0.0,0.0,-0.0029940803667591886,-0.005095536603691109,0.007751918117475443,0.0,0.007633568521234091,0.0,-0.016129093454646193
2020-01-29 00:00:00+00:00,-0.00511501166360806,-0.025330346274105797,0.0,0.0017574692442883233,0.015873000254767344,0.0,-0.03260869565217395,-0.009009024489478712,-0.02048653631041719,-0.024358993921524408,-0.009208050732665174,-0.005050428180518374,-0.0053937635669680795,0.002732303087090715
2020-01-30 00:00:00+00:00,0.0006426146581257619,-0.007344692797270014,0.0,-0.0052631578947368585,0.000976547584287113,0.0,-0.011235955056179803,-0.008080800685720813,-0.03267973815469505,-0.0006569700836496217,-0.004646857776141489,-0.006345177419239234,-0.016269042067276196,0.0
2020-01-31 00:00:00+00:00,-0.0070648096742880195,-0.019920340782523138,-0.04761904761904767,-0.015873015873015928,-0.0019511897389481447,0.0,-0.014772761951793334,-0.010183241436159784,-0.00675678244466027,-0.01117693713880763,-0.0028010955055404185,0.00638569579198478,-0.008820278544409033,0.0
2020-02-03 00:00:00+00:00,-0.0051746637786168614,0.0029036670384998686,-0.01764705882352946,0.010752688172043001,-0.004887585386943005,0.0,-0.0034601549356728656,0.0,0.0027210858756485656,0.002659635448846842,0.0,-0.00507616129933619,0.0011123725402044649,-0.010899223911810862
2020-02-04 00:00:00+00:00,0.0013003702488540991,0.004053253790896827,0.010479041916167775,0.007092198581560183,0.0,0.0,0.0,0.006172784392394215,0.027137081303648225,0.0026524793659790102,-0.012172295011819156,0.0,0.025555504692925446,0.009641936533734796
2020-02-05 00:00:00+00:00,0.009740259740259827,0.029988492110022635,0.01333333333333342,0.014084507042253502,0.02161097133880885,-0.0020789704218991956,0.04166664827017175,0.005112494079759333,0.051519135751882494,0.011243366286734169,0.02748814754597917,0.020408143405366452,0.02491879819258558,-0.0068212821170955396
2020-02-06 00:00:00+00:00,0.0,0.005599018516445842,-0.00877192982456143,0.005208333333333259,0.0038461685180664062,0.0,0.0022221883138020537,0.015259371281227896,0.03391953552706384,0.004578235676746756,0.0,0.0,-0.01321353060210817,0.0
2020-02-07 00:00:00+00:00,0.008360148242815502,0.0,-0.005899705014749235,-0.0017271157167529916,-0.003831432184220329,0.0,0.0,0.0,0.07168896541974412,0.0026041268267580353,-0.00553509398266705,-0.002499961853027366,0.0016068926900327796,0.002747210712340298
2020-02-10 00:00:00+00:00,0.0,-0.02227169481740643,0.0,-0.00692041522491349,0.0,0.0,-0.011086474876199959,-0.008016024787124265,-0.019274385734242783,-0.010389650022828767,-0.01113171507714017,-0.00501255025791747,-0.006417156916443623,-0.010958945914490537
2020-02-11 00:00:00+00:00,-0.0051020601797675535,-0.01936219606653866,-0.008902077151335286,-0.006968641114982632,-0.019230769230769273,0.0,-0.017937203238353017,0.0,-0.01618490125115457,-0.03280840026408516,0.0009381077884595967,-0.005037802496118737,-0.00753495103462376,0.002770146621752456
2020-02-12 00:00:00+00:00,-0.01025644938151038,0.017421669940284046,-0.005988023952095856,0.0035087719298245723,-0.003921583587048083,0.0,0.004566227543908896,0.0,0.0047003479174152485,0.0013569349749886772,0.006560421211218248,0.0025316069397745,0.00433839053086249,-0.005524882837687928
2020-02-13 00:00:00+00:00,0.0,-0.019406400896366693,-0.003012048192771122,-0.0174825174825175,-0.007873970810807207,0.0,-0.022727272727272707,0.0,0.003508740620111306,-0.012872690221576999,-0.009310933885150252,-0.007575738601520388,-0.011879115295102438,-0.008333312140570759
2020-02-14 00:00:00+00:00,-0.0051812682939942345,0.0011641709783698495,0.0060422960725075026,0.003558718861210064,0.003968193297365197,0.02083333333333326,-0.005813953488372103,0.002020248336801478,-0.025641056991266398,0.003431709062956312,-0.0018797422103677963,0.010178156072372158,0.0306011692151833,0.009803878617404171
2020-02-17 00:00:00+00:00,0.0,0.0,0.0,-0.010638297872340385,0.0,0.0,0.0,0.0,-0.007176969905071773,-0.004103904632357658,-0.0018831924957504187,0.0,0.00954402435580981,0.0
2020-02-18 00:00:00+00:00,0.0013020634133791287,0.02558131437162725,-0.012012012012011963,0.0,0.003952584367008294,0.04081632653061229,0.012865479229486443,-0.007056420794945173,0.024096362008327654,0.04395600019366919,0.009433907943081188,0.05289668598902075,0.03466385586535714,0.0
2020-02-19 00:00:00+00:00,0.01040306120272394,0.020408198571867153,0.015197568389057725,0.021505376344086002,0.011811068854911122,0.0,0.011547344314317032,0.00710656772723639,0.01411763359518603,0.002631538792660315,0.029906603196520276,0.04306218349077473,0.029441619352481352,0.026352310209283525
2020-02-20 00:00:00+00:00,0.00514802498828093,-0.002777735392252567,-0.008982035928143728,-0.01403508771929829,-0.007782130622652095,0.0,0.022831050625997884,0.0,-0.005800486241145708,0.002624732095101834,0.0072595209058901045,-0.027522866748595165,-0.01183430783985151,0.0
2020-02-21 00:00:00+00:00,0.0,0.007242292771095782,-0.0060422960725075026,0.02491103202846978,0.007843167174096166,0.0,0.0,0.0010080875811415702,-0.01166854508242332,0.0,0.04144144345390233,-0.007075543418900709,-0.004990038767525462,0.020270270270270174
2020-02-24 00:00:00+00:00,-0.011523707342672052,-0.050884960186734496,-0.03951367781155013,-0.02777777777777779,-0.028210130737241434,0.0,-0.035714252262698754,-0.01913399075713862,-0.0873672047964299,-0.03664925387219231,-0.019031164277077406,-0.0380047157271185,-0.03209635305194425,-0.019867549668874163
2020-02-25 00:00:00+00:00,-0.032383420969253396,-0.026806473692482458,-0.009493670886076,-0.046428571428571375,-0.03303306307661025,0.0,-0.04861116323451353,-0.01950714423492117,-0.10737385791178022,-0.01494563175171626,-0.02821866759421443,-0.029629648467640823,-0.031088005069396907,-0.01081085205078125
2020-02-26 00:00:00+00:00,0.0026774375610121304,-0.011976093042061042,-0.015974440894568676,-0.0074906367041198685,0.00724642431360123,0.0,-0.017031556550615057,0.03560210950757359,-0.027536239796289608,0.0006896972656249556,0.030852920579875542,0.0,0.0032085274595974322,-0.02185790356319839
2020-02-27 00:00:00+00:00,-0.009345855318772744,-0.030303030303030276,-0.025974025974025983,-0.018867924528301883,-0.022610529379597732,0.0,-0.024752474312641604,-0.01415574706398015,-0.0968703564339971,-0.02412129464352375,-0.042253482107650564,-0.038167939672260176,-0.03411510564179687,-0.027932961489138486
2020-02-28 00:00:00+00:00,-0.021563322640527405,-0.03750002384185791,-0.053333333333333344,-0.02115384615384619,-0.023133511919465,0.0,-0.01015232259867238,-0.03589747502253604,-0.014851510468267493,-0.019774031999058583,-0.025735269303862496,-0.029100489320714407,-0.012141347158592719,-0.04022982016880916
2020-03-02 00:00:00+00:00,-0.02754820994538887,-0.025974001846660322,-0.017605633802816878,-0.03339882121807469,-0.015069983884649418,0.0,-0.020512800950270416,-0.021276576317181495,-0.05360129079903131,-0.02161383237780845,-0.016981160254526673,-0.029972813786128483,-0.027932961489138486,-0.011976093042061042
2020-03-03 00:00:00+00:00,0.050991480905494546,0.013333320617675781,0.04659498207885315,0.04065040650406515,0.02950816336876705,0.0,0.005235621961910741,0.023369582287531054,0.06017693274545355,0.03387327497314829,0.036468340850154046,0.028089888844431643,0.04367817503124938,0.037878787878787845
2020-03-04 00:00:00+00:00,0.017520257482821933,-0.00921048627665777,0.0,-0.015625,-0.006369410759649585,0.0,0.010416606648103066,0.0047796151329020375,-0.013355580427863889,-0.021367522296417474,-0.00740740021233377,-0.010928899668246395,-0.0044052821794189345,0.0
2020-03-05 00:00:00+00:00,0.022516515870757425,-0.0345285818907638,-0.020547945205479423,-0.031746031746031744,-0.01068376085792866,0.0,-0.010309219563065741,-0.020084522158259732,-0.0609136490646246,-0.007278020701757759,-0.024253752090054648,-0.030386802918095812,-0.009955769133592196,0.0
2020-03-06 00:00:00+00:00,-0.015544002534698453,-0.03438789555101751,-0.038461538461538436,-0.032786885245901676,-0.01889848843236286,0.0,-0.02604166563186383,-0.03559879839099611,-0.045045043496998116,-0.04252190654326882,-0.024856618349295534,-0.04273504459283484,-0.05251399743520213,-0.06569343065693434
2020-03-09 00:00:00+00:00,-0.006578947368421018,-0.052706536547632354,-0.021818181818181848,-0.029661016949152574,-0.024766098379637502,0.0,-0.021390455056646163,-0.054809820371060414,-0.039622647281047585,-0.04900466199213416,-0.04117647883801323,-0.0386904552409969,-0.05424517798397732,-0.0546875
2020-03-10 00:00:00+00:00,0.0251655831242239,-0.0075188255665883386,0.0037174721189590088,0.004366812227074135,0.018058673833819983,-0.039215686274509776,0.016393505842428047,0.013017824004084577,0.0,0.003220624281058626,0.016359903045058743,0.0,0.003740614870183734,-0.01487605827899019
2020-03-11 00:00:00+00:00,0.011627926461706739,0.016666687136948966,0.11111111111111116,0.008695652173912993,0.008869213734196357,0.0,0.03494621533329845,-0.014018788942859906,-0.017681758328068398,0.01444625259872434,0.014084542176344472,-0.003095928064492215,-0.006211203670828613,0.0
2020-03-12 00:00:00+00:00,-0.02426566349713888,-0.031296577787347735,-0.020000000000000018,-0.11206896551724133,-0.06593406593406592,0.0,-0.05454541491223619,-0.1469194114654031,-0.22800002098083494,-0.09651902239209165,-0.027777751497069958,-0.0931676996558598,-0.08249998092651367,-0.08053690201258568
2020-03-13 00:00:00+00:00,0.08507853233220497,0.061538476210374116,0.027210884353741527,0.029126213592232997,0.03529411764705892,0.0,0.04395600019366919,0.06944444628409396,0.0880828817123247,0.015761848510150278,0.04081628681073313,0.04109585014510864,0.06811988959206117,-0.010948877417416458
2020-03-16 00:00:00+00:00,-0.010856471764936648,-0.057971027512881634,-0.013245033112582738,-0.018867924528301883,-0.007954510775479373,-0.030612244897959218,-0.02105261150159332,-0.02987013308711195,-0.1785713799145735,-0.03448275862068961,-0.033333348916247285,-0.039473647060816464,-0.06887754481417707,-0.06826569577226682
2020-03-17 00:00:00+00:00,0.024390243902439046,0.04615387549767136,0.006711409395973256,0.05769230769230771,0.042382552335634704,0.0,0.01344085993939359,-0.03614457677509342,-0.13043479462727536,0.0,-0.006085138745593244,-0.010274011526394844,0.0273972334300725,-0.027722802492651577
2020-03-18 00:00:00+00:00,-0.0023809160505022797,-0.04411767387060073,-0.040000000000000036,0.018181818181818077,0.009890126658010034,0.015789473684210575,-0.03448273768573751,0.02777781825006853,0.09999998410542799,-0.0357142857142857,-0.020408143405366563,-0.05882349058928027,0.013333320617675781,-0.02647656369573481
2020-03-19 00:00:00+00:00,-0.02147974923874485,0.030769201425405734,0.00694444444444442,0.03571428571428581,0.033732300572901996,0.0,0.038461473969617854,-0.00675678244466027,0.1060606509419737,0.0185185185185186,0.031249919285380123,0.0514705727669611,-0.013157882353605488,-0.018828404300137547
2020-03-20 00:00:00+00:00,-0.03536587226681598,0.014925430495003944,0.020689655172413834,-0.008620689655172376,-0.021052631578947323,0.0,-0.013227513494491805,-0.020408176505266273,0.08219176561037433,-0.01999997225674721,0.010101049022522401,0.02797200092273,0.026666641235351562,0.08742000726500532
2020-03-23 00:00:00+00:00,-0.03919087906348462,-0.05882354178643112,-0.057432432432432456,-0.060869565217391286,-0.013978527438256005,0.0,-0.0268096520228992,0.0,-0.22025319328485327,-0.03525049113341239,-0.05799999237060549,-0.010204055814730828,-0.025974001846660322,-0.05882352941176472
2020-03-24 00:00:00+00:00,0.002631538792660315,-0.015624984866008385,0.0,0.05092592592592582,0.005452562885931211,0.0,-0.008264441966000402,0.02083334713070517,0.05519483133278458,0.0,0.035031838750885,-0.01374569117823743,-0.013333320617675781,0.03125
2020-03-25 00:00:00+00:00,-0.0026246319718100652,0.03174600050953447,0.010752688172043001,0.004405286343612369,0.008676822974374998,0.0,0.02222220102945971,0.02721092363228994,0.14153847327599167,0.019230769230769162,0.023589696639623403,0.045296139460011764,-0.0337837833483956,0.01212118129537565
2020-03-26 00:00:00+00:00,-0.00526317797209086,0.0,0.0,0.030701754385964897,0.03548390378234201,0.0,0.0,-0.006622541651882585,-0.0026954151914918567,0.00754719860148878,0.052104256674860405,0.03666667938232426,0.02937063431412179,0.0339321519903355
2020-03-27 00:00:00+00:00,-0.001322731165865343,0.030769201425405734,0.0,0.004255319148936065,-0.021806916271715493,0.0,-0.021739110153428554,0.020000012715657656,-0.021621665160441172,0.007490593628312725,-0.0019048055013021203,0.041800679371816196,-0.01494567004333447,0.0810810970038498
2020-03-30 00:00:00+01:00,-0.0172185834669909,-0.029850718650553665,0.02127659574468077,-0.004237288135593209,0.0,0.0,-0.011111153496636272,0.0,0.01933706460616813,0.0,0.0,0.006172745025411208,0.0,0.0035714421953474407
2020-03-31 00:00:00+01:00,0.04043126850925116,-0.015384600712702867,-0.08333333333333337,0.012765957446808418,-0.002123109922732569,0.0,-0.008426945222445026,0.019607855359147885,0.02981026921140062,-0.014869874505675895,0.0,0.036809841076896,0.020689668326542288,0.028469723352320564
2020-04-01 00:00:00+01:00,-0.024611320875546183,-0.03125004423782163,-0.05681818181818177,0.0,0.0,0.0,-0.014164306255141867,-0.0320512812675261,-0.026315764707210976,-0.009433962264150941,0.0,-0.005917182469050486,0.01351350045186761,-0.020761259148426192
2020-04-02 00:00:00+01:00,0.0,0.014516154089778688,0.012048192771084265,-0.01680672268907568,-0.010638297872340385,0.0,-0.02011496489327458,0.006622478494644701,-0.0027027000903735443,-0.04761904761904767,-0.026717532939075084,-0.017857098255025683,-0.03733336130777998,0.0
2020-04-03 00:00:00+01:00,0.0,-0.022257530577846296,0.0,0.004273504273504258,0.036559156192246256,0.0,0.0,-0.0032894862738344077,-0.01084009789505469,0.0,0.0,-0.006060629179983401,0.004155153833813818,0.003533582479351205
2020-04-06 00:00:00+01:00,0.02523232163985978,0.008130034654042939,-0.007936507936507908,0.012765957446808418,0.0041493933563012675,0.0,0.002932618571647616,0.0,-0.0136986820351932,0.020000000000000018,0.01960782480441492,0.027439071549184568,0.013793090294147436,0.008802817019648135
2020-04-07 00:00:00+01:00,-0.0025906341469971172,0.060483872828448915,0.03600000000000003,0.025210084033613356,0.0,0.0,0.02339179003549785,0.05610563715328909,-0.024999976820415326,0.03921568627450989,0.02884617324411587,0.03264090353762783,0.006802747127023556,0.06980802885269277
2020-04-08 00:00:00+01:00,0.0,0.011406887951024514,0.0,-0.02254098360655743,-0.014462825224606068,0.0,-0.021428571428571463,0.0,-0.031339001536950795,0.009433962264151052,-0.009345741082053105,-0.00862066792062055,0.0,-0.017944510404758085
2020-04-09 00:00:00+01:00,0.0,0.0,0.0,0.0,0.0,0.0,0.0,0.0,0.0,0.0,0.0,0.0,0.0,0.0
2020-04-14 00:00:00+01:00,-0.005194825011414328,0.04511273828502538,0.01158301158301156,0.01467505241090139,0.0062892920809685116,0.0,0.03941601384295157,0.0,-0.02941180595477033,0.0242990511600103,0.0,0.017391260119451912,0.010810800361494177,0.0
2020-04-15 00:00:00+01:00,0.028720686964242903,0.048920886607022984,-0.022900763358778664,0.0,0.0,0.0,0.016853997599312276,0.029999971389770508,-0.009090900552502501,0.03832121018348755,0.030188649368694698,0.028490029728556632,0.01604276540816718,0.006644480167978584
2020-04-16 00:00:00+01:00,0.021573564497524123,0.021947852983450478,0.0,0.008264462809917328,0.0,0.08808290155440424,0.0,-0.002427124350106835,0.039755386911067836,0.02811948033768319,-0.010989000432297447,0.022160750292865128,0.018421035295047794,0.016501650580520222
2020-04-17 00:00:00+01:00,0.03105590062111796,0.03624160910591301,0.0390625,0.032786885245901676,0.004166682561238533,0.0,0.008287271567344101,-0.0048661752498319055,-0.061764715369597156,0.008547008547008517,0.01481480042466754,0.0027099856364765085,0.007751992427776466,0.0
2020-04-20 00:00:00+01:00,-0.02409638554216864,-0.032383420569211396,-0.015037593984962405,-0.0357142857142857,0.0,0.0,-0.0273972602739726,-0.015892433935321804,-0.009404379577318989,-0.028813572253211017,-0.023722648538037294,-0.013513513513513487,-0.006410280706692251,-0.016233766635889046
2020-04-21 00:00:00+01:00,0.0,-0.04149932416150548,-0.04961832061068705,-0.024691358024691357,-0.03319506770731395,0.0,-0.01690136546819987,-0.02857143026384079,-0.01265829088137238,-0.020942421970632674,-0.009345741082053105,-0.0273972602739726,-0.05032256341749619,-0.026402615749311686
2020-04-22 00:00:00+01:00,0.14074075957875198,0.0,0.02008032128514059,0.00843881856540074,0.015021476091425123,0.0,0.0,0.00127874064260447,-0.07051275585294703,-0.010695160257408465,0.009433907943081188,0.022535189776353493,-0.005434777327093299,-0.003389843439651763
2020-04-24 00:00:00+01:00,0.0,-0.03631281530524766,-0.015748031496062964,-0.012552301255230103,0.01162789103450157,0.0,-0.008596075605766251,-0.008939935569129198,-0.1379310628321726,-0.023423409676766593,-0.005607426823543427,0.0027548840473876623,-0.012295102524220836,0.017006802941754495
2020-04-27 00:00:00+01:00,0.0,0.002898547920302308,0.016000000000000014,0.021186440677966045,-0.003134748505013274,0.0,-0.008670498563314366,0.0051546341073744895,0.003999996185302779,-0.0036900509248001256,0.026315763527856362,0.027472526320885926,0.0027662490835065334,-0.02341133326158984
2020-04-28 00:00:00+01:00,0.0,-0.0014451197646795366,0.015748031496062964,0.0,-0.008385776089749775,0.0,0.0,0.0,-0.003984059960658093,-0.029629601372612835,0.020146544458951476,0.002673755883456419,0.020689668326542288,-0.0034246705087982443
2020-04-29 00:00:00+01:00,-0.10173161656546292,0.013024624395845175,0.0,-0.014522821576763434,0.008456692015451406,0.0,-0.002915407473626064,-0.006410280706692251,-0.04399995803833012,0.002862551656750645,0.05206462350368812,0.02133331298828134,0.0,-0.00515462599876082
2020-04-30 00:00:00+01:00,0.007228897278567459,-0.04285717010498047,0.0,0.002105263157894832,-0.029350136341436683,0.0,-0.020467858108880632,-0.01935485101515244,-0.00836829224570046,-0.041864905706562205,0.0,-0.010443804677536028,-0.008108100271120633,-0.015544067394828054
2020-05-04 00:00:00+01:00,-0.019138738078044115,-0.05223879322333247,-0.03875968992248058,-0.012605042016806678,0.0,0.0,-0.023880574240613295,-0.028947341177932073,-0.19831220763543078,-0.04270104818943932,-0.035836183167632374,-0.0237467411515635,-0.00544958597022982,-0.021052644963850065
2020-05-05 00:00:00+01:00,0.0,-0.0015747641251746547,0.016129032258064502,-0.004255319148936176,-0.01727860151712901,0.0,0.0,0.0040650044046055545,-0.08421050980480738,-0.002074736249698339,0.01238932630843892,-0.016216174976245723,0.016438340058043455,-0.007168417861123877
2020-05-06 00:00:00+01:00,-0.012195121951219523,0.009463713144399533,0.015873015873015817,0.008547008547008517,0.01098901098901095,0.0,0.003058057241222656,0.0,-0.040229914981853465,0.0062370698809735,0.010489584233828841,0.01648347387278326,0.025606476451056626,-0.0036101219752859848
2020-05-07 00:00:00+01:00,-0.004938290442949467,0.01640625273576002,0.0,0.0,0.0,0.0,0.009146318415812038,-0.0013494942308494018,-0.05389216555815113,0.012396662297629923,0.012110673405414829,0.0,0.0052562366821609086,0.0036232021770863376
2020-05-08 00:00:00+01:00,-0.004962798181780803,0.02997689337334908,0.015625,0.004237288135593209,0.04347826086956519,0.0,0.01208463880116617,0.0,0.13924044520594192,0.02142855585837844,0.0205128012846727,0.01081085205078125,-0.006535972563600612,0.003610053117936607
2020-05-11 00:00:00+01:00,0.022443929180190114,0.0,0.0,0.0,0.0,0.0,0.002985029078241608,0.008108100271120522,-0.11111107431811951,-0.00899102437160959,0.0050251609485210125,-0.002673857880705288,0.013157882353605599,-0.007194203635955465
2020-05-12 00:00:00+01:00,-0.024390243902439046,0.05223886439305958,0.03076923076923066,0.029535864978903037,0.02083333333333326,0.0,0.044642859170226146,0.01474532613296442,-0.043750032130628336,0.06854841996926408,0.001666704813639397,0.021447701164178046,0.02597406377356548,-0.005434768712212823
2020-05-13 00:00:00+01:00,0.050000000000000044,0.04680849855007696,-0.02985074626865669,0.032786885245901676,0.0010203925930722946,0.0,0.028490029728556632,0.03830910901939677,0.0980392019366445,0.04716981132075482,-0.006655646783166214,0.023622088239457995,0.037974646870400086,0.021857867302180756
2020-05-14 00:00:00+01:00,-0.010714303879510778,-0.03116531375432241,0.03076923076923066,-0.02777777777777779,-0.013251737437144029,0.0,-0.049861476818369055,-0.017811748211784884,0.0,-0.03963965338629649,-0.00837516175123687,-0.012820512820512775,-0.012195052453833122,-0.05169336524170154
2020-05-15 00:00:00+01:00,0.016847190753136898,0.006992966885427165,0.0,0.020408163265306145,0.012396662297629923,0.0,0.0,0.020725431165496966,0.1785714767214408,0.0,0.01351350045186761,0.02337666300984176,0.015432098038657083,0.0037594127832940583
2020-05-18 00:00:00+01:00,-0.015384651500092494,0.02777781825006853,0.00746268656716409,0.016000000000000014,0.030612244897959107,0.0,0.02040818596238081,0.008883209874062992,0.0,0.04502817186177621,-0.001666704813639286,0.027918741916763246,0.005471133642173109,-0.022471923757490964
2020-05-19 00:00:00+01:00,0.0024039012616927646,0.01351350045186761,0.0,0.0,-0.03168313810140777,0.0,0.0,-0.022641488384546493,-0.0909091237491153,0.0,-0.0016694077507136695,-0.01728396945529509,-0.008464406846896866,0.0
2020-05-20 00:00:00+01:00,0.0,-0.04266668955485031,0.0,-0.007874015748031482,-0.012269985073534717,0.0,-0.02857142857142858,-0.0025740001255609712,-0.14444444297272474,-0.03231596431607586,0.020066870430825556,0.0075376694173701075,0.0,-0.04214560786944266
2020-05-22 00:00:00+01:00,-0.028776996186674952,-0.01810579954203706,0.0,0.0,0.006211164426486393,0.0,-0.023529389325310235,0.0,0.05844158156361723,-0.04638218792627824,-0.00983605634714435,-0.019950106421496083,0.0,-0.02400001525878903
2020-05-25 00:00:00+01:00,0.0,0.012765911108628014,-0.007407407407407418,0.003968253968253954,-0.0020575818366401766,0.0,0.009036121390558316,0.0,0.16564416056218811,-0.0019455697636119318,0.011589432467463467,0.010178156072372158,-0.02439022120941492,-0.004098376353816935
2020-05-26 00:00:00+01:00,0.0024690981264468004,0.015406181452570333,0.0,0.027667984189723382,0.028866010842864,0.02857142857142847,0.014925373134328401,0.02967742181593369,0.10526312157057616,0.033138416924406666,0.0229132346033305,0.03274557209263618,0.02499997615814209,0.03703710099324997
2020-05-27 00:00:00+01:00,-0.0024630166965359246,0.0,0.0,-0.0038461538461538325,-0.018036102171502977,0.0185185185185186,0.0,-0.000626580755509587,0.08095242095912858,0.0,-0.0063999938964843794,0.007317054562452352,0.012195168755581687,0.033730097158217065
2020-05-28 00:00:00+01:00,-0.012345679012345734,0.0,0.0,0.0038610038610038533,0.010204081632652962,0.0,0.008823506972369,0.038244493038984695,0.05726877336265779,0.00377359930074439,0.0,0.0,0.0,0.0
2020-05-29 00:00:00+01:00,0.013749980926513583,-0.016551708352976813,0.014925373134328401,-0.023076923076923106,-0.005050505050505083,0.0,-0.0058309261629182485,-0.012077225968644578,-0.08333334989017849,-0.0075188255665883386,-0.04186799151122367,-0.014527808358472893,-0.01084339162887682,0.03646836048992719
2020-06-02 00:00:00+01:00,0.0024661477361251904,-0.009817695727606046,-0.044117647058823484,0.0,0.001015212935239429,0.0,0.005865125275335004,0.00488997070424535,0.03636360089641055,-0.007575714336391148,-0.020168048639635616,-0.019656000542118135,0.0,-0.011111082854094345
2020-06-03 00:00:00+01:00,-0.002460080813396659,0.009915038559308753,0.026923076923076827,0.011811023622047223,0.0,0.0,0.0058309261629183595,0.007299204865363063,-0.004385960784535126,0.005725176113065222,0.022298476182188054,0.01604008434018067,0.0,0.0037452610960182486
2020-06-04 00:00:00+01:00,-0.008631281891645859,0.00981762885002535,0.0037453183520599342,0.011673151750972721,0.00405681067007202,0.0,0.002898506496263664,-0.004830913423070071,0.013215846538256804,-0.004743832948401194,0.011744995170023698,-0.015786861746303282,0.004872102517316845,0.01305971609826484
2020-06-05 00:00:00+01:00,0.0,0.02083334713070517,0.0,0.011538461538461497,0.010101010101010166,0.0,0.010115673533342529,0.009708728874782357,-0.04347822030685711,0.025738769389589633,0.008291826228525867,0.015037555167308314,0.020606069853811526,0.0
2020-06-08 00:00:00+01:00,0.0,-0.0013605104999219186,0.0,-0.0076045627376425395,-0.01199996948242188,0.0,0.001430593303836547,0.021634652857951187,0.03181815078435912,0.007434972705415266,-0.0024670833345097343,-0.012345679012345734,0.008313502872915546,0.0
2020-06-09 00:00:00+01:00,0.0,-0.012261600915111526,0.0,0.0,-0.0010122074941965042,0.0,-0.01714281354631697,-0.0023529950310202663,-0.07488990208033341,-0.016605193970666954,-0.018961293795605627,0.0,0.0,0.0018416628033781635
2020-06-10 00:00:00+01:00,0.0,0.0,-0.014925373134328401,-0.011494252873563204,0.003039544691324947,0.0,-0.005813975408954342,-0.0011791598758603694,-0.09523806550335046,0.0,-0.005041972089558144,-0.022500038146972656,-0.012956379227647363,0.0036764143866254706
2020-06-11 00:00:00+01:00,-0.004975143262281545,-0.0268965754015692,-0.015151515151515138,-0.003875968992248069,-0.014646433820628135,0.0,-0.005847975394087768,-0.009445091048871701,0.052631592156154205,-0.030018733527646724,-0.006756750225933805,-0.016623983031913703,-0.01193321958282556,-0.047619021003332485
2020-06-12 00:00:00+01:00,-0.007499980926513716,-0.017717930976822727,0.0,-0.015564202334630295,-0.015889318331803848,0.0,-0.005882375380572125,-0.026221723245088757,0.0,-0.004835589870613832,-0.008503433632946034,-0.00910279016576021,-0.012077225968644578,-0.02307693774883568
2020-06-15 00:00:00+01:00,-0.002518949292104611,0.01443006983359485,-0.011538461538461497,0.0039525691699604515,0.018750031789143806,0.0,-0.0029585348040910286,0.0,0.019999980926513672,-0.002915481509321083,-0.0017152233577253373,0.002624732095101834,-0.013447506876248072,-0.017716490643666316
2020-06-16 00:00:00+01:00,-0.017676691293299962,0.009957282039132043,0.027237354085603016,0.019685039370078705,0.019427339848638425,0.0,0.011869368015609227,0.013463850140763345,-0.044117605809933624,0.02046782168959571,0.020618536429497514,0.02356014903682402,0.023544057155228337,0.0
2020-06-18 00:00:00+01:00,0.003855982141333536,0.012676077999545843,0.0037878787878788955,0.01158301158301156,0.0030090577827555087,0.0,-0.0029325067036874986,0.0024155143005657465,-0.09230772428493683,0.01432664798205785,0.008417460171052937,0.015345327678605303,0.004842610259641944,0.006012008574888705
2020-06-19 00:00:00+01:00,0.0,0.0,0.0,0.0,0.0,0.0,0.0,0.0,0.0,0.0,0.0,0.0,0.0,0.0
2020-06-22 00:00:00+01:00,-0.014084487779927213,0.011126553973489273,0.037735849056603765,0.01526717557251911,0.0,0.0,0.01176475076114425,0.0,0.06214690140704682,0.018832392254914287,0.0050083824632183305,0.01763226069237045,0.033734906811658805,0.00398407888246699
2020-06-23 00:00:00+01:00,0.0025973629641842244,0.008253087061479425,0.0036363636363636598,-0.015037593984962405,0.0,0.0,0.014534883076207317,0.014457817204996726,0.058510646055380366,0.01663588819340589,-0.009966767935156495,0.007425723409153262,0.01048952836692063,-0.01785717259188535
2020-06-24 00:00:00+01:00,0.031088103895754893,0.030013679306776453,0.018115942028985588,0.01908396946564883,0.004000015258789125,0.0,0.008595966302124447,0.04038006526213023,0.05527632892897949,0.02181819568980825,0.0,0.01474197697478763,0.014994246055011207,0.002020171194365483
2020-06-25 00:00:00+01:00,-0.013819076572956446,-0.01324508330376517,-0.02135231316725983,-0.009363295880149836,-0.008964158488054652,0.0,0.0,0.004566205571678639,-0.014285701310552956,-0.0035587323883337074,0.010067104428777007,-0.00242127060456121,-0.003409060491018745,0.0
2020-06-26 00:00:00+01:00,-0.01656054843003585,-0.017449616232484533,-0.0036363636363636598,-0.005671077504725952,0.001005009790161715,0.0,-0.01704551919925168,-0.015909129578219106,-0.05797096107684119,-0.014285700661795464,-0.01993353587031299,-0.0145631620802803,-0.013683105241706905,-0.016129017372408794
2020-06-29 00:00:00+01:00,0.0,-0.006147551262110418,0.0,0.0,0.008032159277248097,0.0,-0.0028901294373144815,-0.005773694181969824,-0.09230772428493683,-0.007246404354172786,0.0033898272208872093,0.0,-0.02658954362768029,0.0
2020-06-30 00:00:00+01:00,-0.01813463668169557,-0.010309317542147367,0.0036496350364962904,-0.0076045627376425395,-0.010956159934295995,0.0,0.002898506496263664,0.010452979811456098,0.011299424374030087,0.010948947028681433,0.0033783751129670136,0.0,0.0,0.0
2020-07-01 00:00:00+01:00,0.0,-0.011111100809073515,0.0036363636363636598,0.0,-0.010070493144685777,0.0,-0.005780258874628963,0.0,0.0,-0.016245514460112243,-0.013468000494176735,-0.01231527139880817,0.0,0.0020492272619221374
2020-07-02 00:00:00+01:00,0.017150334696894642,0.0,0.0,-0.007662835249042099,0.0071210267193340115,0.0,-0.0029070431506559302,0.006896600107140438,0.0279330014475605,-0.01100914631414851,-0.006825931901308424,0.0,-0.01425176775199033,0.0
2020-07-03 00:00:00+01:00,0.01815825620734368,0.0,0.0,0.0,0.0,0.0,0.0,0.0,-0.07608694736696164,0.005565848396432926,0.0,0.002493822758694142,0.0,-0.004089995024511572
2020-07-06 00:00:00+01:00,0.016560548430035738,0.0,0.01449275362318847,0.0,0.0,0.0,0.0029155186892921847,0.0034246269620270553,0.03529408299799286,0.0,0.013745690952998268,0.0,-0.003614425576119795,0.0
2020-07-07 00:00:00+01:00,0.0037593409886049756,-0.002808986130333757,0.0071428571428571175,0.0038610038610038533,-0.008080838906644572,0.0,0.0,0.010238925253523767,0.005681812794001706,0.0,0.016949136104436047,-0.002487619077623293,0.0,0.0
2020-07-08 00:00:00+01:00,0.008739133470306859,0.0,-0.007092198581560294,0.0,0.0,0.0,0.0,0.0,-0.09604517452913675,0.0018449902714663402,0.0,0.0,0.0,-0.026694029090238547
2020-07-09 00:00:00+01:00,0.0,-0.007042213319620072,-0.0071428571428571175,-0.007692307692307665,-0.004073257728258395,0.0,-0.005813975408954342,-0.014639652338461984,0.08749998975545181,-0.009208103260133105,-0.013333320617675781,-0.0024937276290828425,0.0,-0.02531647097699541
2020-07-10 00:00:00+01:00,0.014851446818306524,-0.017021327538961684,0.0,-0.003875968992248069,-0.020449897112391313,0.0,-0.008771907320705097,0.0,0.057471277755039685,-0.02973974901135168,-0.0016892278298915597,0.02499999999999991,0.0,-0.0021645516702800682
2020-07-13 00:00:00+01:00,0.0,-0.0014429656987560158,0.0,0.0,0.006263031889434556,0.05454545454545445,0.0,0.0,0.005434777327093299,-0.0028735924077879504,0.011844360993009007,-0.003902435302734375,0.0,0.0
2020-07-14 00:00:00+01:00,0.004878067388767171,0.0,0.014388489208633004,0.023346303501945442,0.006224050462904085,0.034482758620689724,0.0,-0.007999965122767905,0.0,-0.0009606001497296512,-0.0033444784051376297,0.0,0.0,0.0021692471177519046
2020-07-15 00:00:00+01:00,0.013349495797953637,0.01589597287595912,0.0,0.015209125475285079,0.004123727070916461,0.0,0.0,-0.014976971183215282,0.021621600722988132,0.005769216097318175,0.006711402952518153,-0.005876632653528224,-0.007255189394865469,0.0
2020-07-16 00:00:00+01:00,0.0,0.008534842245925933,-0.014184397163120588,0.014981273408239737,0.01026694029090236,0.0,0.0,0.005847975394087879,-0.005291000285156167,0.0038241064217401366,-0.0033333301544189453,-0.004926033393071849,0.007308211856018598,0.0
2020-07-17 00:00:00+01:00,0.014371220937032136,0.012693889113370771,0.003597122302158251,0.029520295202952074,0.010162601468425736,0.0,0.008849534618207366,0.001162706367904942,-0.03191486326155479,0.013333347865513323,0.008361235882171414,0.0049504193239715555,0.018137800511178526,-0.010822510643789585
2020-07-20 00:00:00+01:00,0.0011807096472120637,0.0,0.0,-0.021505376344086002,-0.0020121184564031447,0.0,0.002923931926617218,-0.0011613560518280996,0.08791206703858645,-0.013157908889112169,-0.00829190530599544,0.0,0.0011876756284112666,0.010940918854545734
2020-07-21 00:00:00+01:00,0.002358454493452289,0.015320353223442496,0.0,0.0,0.0,0.0,0.014577259799462672,0.001162706367904942,0.015151500555948827,0.021904790969122123,0.02508362790785945,0.0073892380057363205,0.0083036408410615,0.00432902077135644
2020-07-22 00:00:00+01:00,0.0070588055778952885,0.010973926491725239,0.0035842293906809264,0.00366300366300365,0.00806454714081517,0.0,0.005747148486326958,0.0,-0.02487559828533148,0.021435185060095785,0.014681839163218413,0.0,0.0,0.012931001172197254
2020-07-23 00:00:00+01:00,0.0035047086110464587,0.03120760144435719,0.0,0.018248175182481674,-0.005999984741210884,0.0,0.01714281354631697,0.013937269494084026,-0.06632652688850627,0.01824817543653756,0.011254047270509604,0.01466988879551634,0.017647013944738,0.034042520725980685
2020-07-24 00:00:00+01:00,0.0,0.0,0.0,0.0017921146953405742,0.0030180625528981597,0.0,-0.008426945222445026,0.0,0.06557377155969979,-0.008960573599218202,-0.004769432933725115,-0.0024096017860504304,0.0,0.0
2020-07-27 00:00:00+01:00,0.010477316762419031,-0.023684188236489878,0.014285714285714235,0.0,0.0005015351382986477,0.0,-0.011331380165065075,-0.01489108448833898,0.0,-0.014466532515327923,-0.006389846202502492,0.0,-0.002312081499577401,0.0
2020-07-28 00:00:00+01:00,-0.00691251247028013,-0.026954216178686208,-0.014084507042253502,-0.01610017889087656,-0.018546350617755336,0.0,-0.020057327574051542,0.0,0.02051280044866699,-0.00917431192660545,-0.011253970608584574,-0.024154588481715478,-0.015063744231403109,-0.008230405838276611
2020-07-29 00:00:00+01:00,-0.013921078778723284,-0.019390563788628468,0.0,-0.0072727272727273196,-0.0010214348576353949,0.0,-0.005847975394087768,-0.018604743487125486,-0.06030150964487013,-0.024074059945565662,0.0016259759170100807,-0.007425817832349302,-0.021176506491268343,-0.008298786712602424
2020-07-30 00:00:00+01:00,-0.0117647058823529,-0.045197697496120015,0.0,-0.03663003663003661,-0.028629887161414458,0.0,-0.01176475076114425,-0.024881522344511242,0.04278077150339543,-0.03036057430085537,-0.017857087565263163,-0.022443834050578926,-0.020432702227104693,0.0
2020-07-31 00:00:00+01:00,0.0,0.00739640713088785,0.0,0.02281368821292773,0.016842089201274613,0.0,-0.01190469432579655,0.008505547070724928,0.0,0.007827818744094106,0.01487597899394455,0.020408143405366452,0.01472403004296563,0.0
2020-08-04 00:00:00+01:00,0.0,0.01908959112088593,0.0,0.0074349442379182396,0.006211164426486393,0.0,0.01807224278111641,0.024096362008327654,-0.046153862142468416,0.0038835099599894285,0.025244334393946577,0.007499980926513716,0.002418319586739548,0.002092098125826336
2020-08-05 00:00:00+01:00,0.0,0.0,-0.0035714285714285587,0.022140221402213944,0.008230484329992294,0.0,0.0,0.005882375380572125,-0.0322580975953628,-0.013539666394768002,0.01509130882291898,0.007444149943920175,0.01568155790580472,0.0
2020-08-06 00:00:00+01:00,0.019047600882393878,0.0,0.0,0.02166064981949467,0.008163296446508372,0.0,-0.011834252077232543,0.008187098627211009,0.016666717440995127,-0.00196075439453125,0.021909287362747998,0.017241398749944237,-0.0011876756284113776,0.0
2020-08-07 00:00:00+01:00,-0.016355158304146022,-0.033141212849730706,-0.017921146953404965,-0.017667844522968212,-0.020242914354489105,0.0,-0.035928164913695326,-0.02552207307999743,-0.06557377155969979,-0.026522637492102707,-0.021439561841432586,-0.026634346112384688,-0.020214040354145424,-0.012526143417640578
2020-08-10 00:00:00+01:00,-0.011876484991023228,0.013412839355623207,-0.014598540145985384,0.021582733812949728,0.006198331148814962,0.0,0.018633492543629337,0.0011905034923782587,0.040935632562121294,0.009081751157785645,0.01408453121570874,0.022388002340819613,0.01699033339945788,0.0
2020-08-11 00:00:00+01:00,0.0024039012616927646,0.022058766812190767,0.0,0.01760563380281699,0.02361391567075266,0.050000000000000044,0.009146318415812038,0.01545780223538551,0.0,0.025999984741210902,0.018518500803375026,0.01459859637698413,0.020286405008633768,0.006342478687092479
2020-08-12 00:00:00+01:00,0.0,-0.01582728916490095,0.014814814814814836,0.0,-0.007021032795072046,0.0,-0.0030211020764631114,0.01170964659442797,0.022471956014182393,-0.009746588838909442,-0.007575714336391148,0.0,0.0023391232331231304,0.012605090505298344
2020-08-13 00:00:00+01:00,0.0,-0.005847947508874518,0.0,-0.00865051903114189,0.010101010101010166,0.0,-0.018181771943063474,0.0011573234734010285,-0.010989065691980104,0.001968549022052013,0.008396920112524908,0.0,-0.01166854508242332,0.0041493933563012675
2020-08-14 00:00:00+01:00,0.0,-0.04558829572373846,-0.014598540145985384,-0.01919720767888311,-0.020000000000000018,0.0,-0.030864254946096237,-0.012716723876103009,-0.011111100809073515,-0.04027510786449651,-0.006813031970325012,-0.028776996186674952,-0.009445091048871701,-0.01033057818671046
2020-08-17 00:00:00+01:00,-0.007194226176781449,-0.029275745313403267,-0.011111111111111072,0.0,-0.011224474225725478,0.0,-0.03184713414486362,-0.004683836303477906,-0.07865167862085831,-0.03480034803159271,-0.01676831318199612,-0.012345679012345734,-0.010727073766989559,0.0
2020-08-18 00:00:00+01:00,0.014492716232052283,0.00317460005095338,0.022471910112359605,0.014234875444839812,0.01754382787897235,0.04761904761904767,0.0032894862738344077,0.0,-0.28048783058498983,-0.003181368420456465,0.0031007723283626998,0.005000019073486239,0.013252970379450835,-0.008350762278427015
2020-08-19 00:00:00+01:00,0.0,-0.01265829088137238,0.0,-0.01754385964912286,0.0,0.0,-0.009836040559362158,-0.008235258214614016,-0.025423705697709242,-0.004255335381690539,0.003091187260443773,-0.002487619077623293,-0.0065398699374180636,0.004210542377672599
2020-08-20 00:00:00+01:00,0.0,-0.014423025489086694,0.0,0.0,-0.005070993993283146,0.0,-0.019867561798409983,0.0,0.03478267990573958,-0.018162360854228066,-0.0069336827494269615,0.01496265116333051,-0.006582807242948463,0.0
2020-08-21 00:00:00+01:00,-0.007142838977632016,-0.0016260534515062375,0.0,-0.0035714285714285587,0.0,0.0,-0.0168918916741978,-0.003558800184987887,-0.075630276513447,0.0010881226600734095,-0.000775812925948971,-0.0049140235673305055,0.00843369797778526,-0.0062892920809685116
2020-08-24 00:00:00+01:00,0.0,-0.011400602010808392,-0.01098901098901095,0.0,-0.006116192491882444,0.0,-0.017182130358953218,0.0,0.04545450112051319,-0.023913010306980342,-0.006211174145593357,0.0,-0.008363165565269615,-0.0042194252426397405
2020-08-25 00:00:00+01:00,0.007194226176781449,-0.04448104996554125,0.0,-0.010752688172043001,-0.009230784880809306,0.0,-0.03846155128663664,0.0,0.0,-0.06458800506292717,0.02187497881241174,-0.01728396945529509,-0.00963854480333115,-0.010593220167754547
2020-08-26 00:00:00+01:00,0.0,0.0,0.0,0.0036231884057971175,0.0,0.0,0.0,-0.02023810523978209,-0.04347822030685711,0.0,-0.018348606461624728,-0.0012562622617838803,0.0,-0.002141376599242406
2020-08-27 00:00:00+01:00,-0.004761922927129847,0.017241362300696395,-0.0037037037037036535,0.018050541516245522,0.017598391350825304,0.0,-0.007272755015980126,0.0024301894138669677,0.0,-0.005952380952380931,0.03894080950608281,0.0062893081761006275,0.00608274806698228,0.15879832120570625
2020-08-28 00:00:00+01:00,0.0,0.06779662523760033,0.026022304832713727,0.007092198581560183,-0.0010173560570793105,0.0,0.04029305539234018,0.0254545500784209,0.04545450112051319,0.021556922775542775,0.010494706750155292,0.012499999999999956,0.003627537038771056,0.007407435664424256
2020-08-31 00:00:00+01:00,0.0011961540184961539,0.0,0.02898550724637672,-0.007042253521126751,0.012220006262008365,0.0,0.008802817019648135,0.009456255714577644,0.026086932184114398,0.005861664503067132,-0.008902068963955956,-0.004938290442949467,0.0,0.0036764143866254706
2020-09-01 00:00:00+01:00,0.0,0.0,0.012323943661971759,0.0035460992907800915,-0.0020121184564031447,0.0,0.0,-0.003512849309741939,-0.025423705697709242,-0.011655011240463087,0.002994009197675007,0.0,-0.002409693651091449,0.0
2020-09-02 00:00:00+01:00,0.017921147606821952,0.05396820086620879,0.01565217391304352,0.021201413427561766,0.00806454714081517,-0.015151515151515138,0.061082025246106175,0.0023501179261404825,0.01739128812274293,0.014150906899257576,0.020895574225114677,-0.002481351762139372,0.010869583996423016,0.02197803656548114
2020-09-03 00:00:00+01:00,-0.002347382105702178,0.015060226904115348,-0.006849315068493178,-0.00692041522491349,0.008000030517578027,0.0,0.029605250981045383,0.0,0.01709410330718164,0.019767406374909147,-0.005847947508874518,0.004975143262281545,-0.002389427044540482,0.0017921557380944364
2020-09-04 00:00:00+01:00,0.0,-0.025222493357530795,-0.020689655172413834,0.0,-0.013888903606084635,0.0,-0.04792332385184006,-0.018757309779701248,-0.03361351188145911,-0.013682975940699116,-0.0014706218531378434,-0.0024753040851818175,-0.005988046521030466,-0.03398929291619612
2020-09-07 00:00:00+01:00,-0.014117611155790466,0.0091324111433575,0.007042253521126751,0.006968641114982521,0.012072403720534863,0.0,0.016778523919496635,-0.004778968028666286,0.026086932184114398,0.002312103447886571,0.004418293074653024,0.002481446419641431,0.015662664030542395,0.0
2020-09-08 00:00:00+01:00,0.0,0.0030165883229702484,-0.0034965034965035446,0.01038062283737018,-0.014910537005483837,0.0,0.003300342705864212,0.028811497396915575,-0.025423705697709242,-0.00807378284753657,-0.005865096898272193,0.0049504193239715555,0.001186153599707529,0.025925954182942634
2020-09-09 00:00:00+01:00,0.021479658195854068,0.040601500308940386,0.0,-0.003424657534246589,0.0,0.0,0.009868458821503223,0.004667440289080282,0.0782609002125969,0.00813949939816494,0.011799398411569628,0.0,0.003554583902496411,0.0342959866218433
2020-09-10 00:00:00+01:00,-0.009345741082053105,0.02312136497804751,-0.01754385964912286,0.0034364261168384758,0.017154435961779013,0.0,0.016286644546393392,-0.0011613560518280996,-0.032258033504347416,0.01730103867126398,-0.01749276385724552,0.017241398749944237,-0.0035419935891018994,0.02966842557721927
2020-09-11 00:00:00+01:00,-0.014150996868529497,0.031073484378464356,0.0,-0.005136986301369828,0.0,-0.03076923076923077,0.022435860207487668,-0.005232566778823222,0.0166666501098216,0.02721090259546477,0.008902139711311152,0.0,0.002369722601664348,0.049152568235235616
2020-09-14 00:00:00+01:00,-0.007177015371678808,-0.024657575407222243,0.0,-0.012048192771084376,-0.013888903606084635,0.0,0.0,-0.006429024338258205,0.02459013990675496,-0.00882997169797739,0.008823520749498215,-0.012106537753911795,-0.010638315860764913,0.004846514211071851
2020-09-15 00:00:00+01:00,-0.009638590985033835,0.0,-0.0071428571428571175,0.006968641114982521,-0.005533229812019869,0.0,-0.018808789612686838,-0.0035293803495519693,-0.06400003433227541,0.0,0.00583089811581905,0.0,-0.0011947704920629576,-0.016077170220805348
2020-09-16 00:00:00+01:00,0.0,0.005617972260667514,0.0,-0.01038062283737029,-0.0005057705931716949,0.0,0.0,0.011806307513906322,-0.05982900496613697,-0.0055679285412920665,0.0,-0.007352922614470181,-0.0005980998380692437,-0.0016340243067270999
2020-09-17 00:00:00+01:00,0.002433145803675041,0.0405027888314613,0.0,0.020979020979021046,0.01720644631307966,0.0,0.05431312474048178,0.0023337757848171936,0.09090911061310525,0.043672942477101184,0.004347787327036778,0.024691358024691468,0.004189204428975524,0.0
2020-09-18 00:00:00+01:00,0.0,-0.014765054965564683,0.0,-0.020547945205479423,-0.022885602505052893,0.04761904761904767,0.0,-0.00232834195673981,0.0,0.00643783393951014,-0.01154400082073792,-0.0024096017860504304,-0.025029800900318477,-0.008183306260012069
2020-09-21 00:00:00+01:00,0.0,-0.019073615859993343,-0.017985611510791366,-0.020979020979020935,-0.014256557433726447,0.0,-0.03333334489302198,-0.025670865949663835,-0.025000074505802994,-0.029850777832201136,-0.018978119160702578,-0.014492808374494848,-0.02322744828473866,-0.04455440620836326
2020-09-22 00:00:00+01:00,0.0,0.009722246321631767,0.01098901098901095,0.017857142857142794,0.0,0.0,0.01880878961268695,0.014371243122980548,-0.017094001418896276,0.013186779651013003,0.03273813599665809,0.0024510365364791564,0.0,0.012089756991272571
2020-09-23 00:00:00+01:00,0.01699030946545821,-0.009628634366578903,0.0,-0.0035087719298245723,0.03305781867105084,0.0,-0.027692295954777624,0.02007084662744396,0.026086932184114398,-0.017353563200433464,0.008645524824904882,-0.0024450436451716184,-0.0025031265956738658,-0.010238882077549305
2020-09-24 00:00:00+01:00,0.011933173789771434,-0.018055505701051966,0.0,-0.0035211267605633756,-0.005999984741210884,0.0,-0.022151922610416652,0.0,-0.03389827426361236,-0.007726235761936984,-0.005714280264718208,0.00490197957547478,-0.01129230591216468,0.0
2020-09-25 00:00:00+01:00,0.0,-0.004243311043838349,-0.048913043478260865,0.0035335689045936647,0.0,0.0,-0.006472454953393769,-0.001157433852368328,-0.026315764707210976,-0.0033370750463386223,-0.00862068138659311,0.0,-0.01649747621230102,-0.0034482890161974256
2020-09-28 00:00:00+01:00,0.0,0.015625019049779976,-0.0019047619047618536,0.0035211267605634866,0.010060362018602609,0.0,0.0,0.00579376478236604,-0.07207210980571566,0.0,0.0,0.0012194935868425905,0.006451637514175879,0.0
2020-09-29 00:00:00+01:00,0.0,0.011188800369091867,0.007633587786259444,0.0035087719298245723,-0.0019920774362256477,0.0,0.042345250969175297,0.0,-0.07766988886684734,-0.01674107171367023,-0.002898547920302419,0.006090134096136568,-0.0051282001121667475,0.0
2020-09-30 00:00:00+01:00,-0.004716998956176499,0.0,0.0,0.013986013986013957,0.01796410286007899,0.0,-0.012499988079071045,0.020737251748036645,0.031578980390385425,0.00454031251767173,0.007267400154944426,0.0,0.0070876065356184625,0.015570960860875616
2020-10-01 00:00:00+01:00,0.011848341018019681,-0.0110649963340258,0.0,0.0,0.009803921568627416,0.0,0.0,0.0,-0.051020419334481315,-0.004519791252868943,0.0014430345064284644,-0.009685174783797601,0.008317345712672619,-0.01362860692781509
2020-10-02 00:00:00+01:00,0.0,0.0006993166956958952,0.0037878787878788955,-0.006896551724137945,0.009708737864077666,0.0,-0.006329137991299971,-0.00677194901437328,-0.021505355669564907,-0.007945481956481593,0.0,-0.009779988042929788,-0.003807133169118959,0.0
2020-10-05 00:00:00+01:00,0.0,-0.01747029997688121,0.0,0.00694444444444442,-0.0019230475792517687,0.0,-0.012738841509227883,0.003409060491018634,-0.043956066269097094,-0.029748265774929505,-0.005763683216603255,-0.0024690981264468004,-0.010191073207382328,0.0
2020-10-06 00:00:00+01:00,-0.011709601664315783,-0.009957349868028653,0.0,0.0034482758620688614,-0.01926782216954981,0.0,-0.016129032258064502,-0.01472254989401578,0.03448272554637244,-0.0035377717094503547,-0.011594191681209676,-0.004950513747167595,-0.014157031375087281,0.0
2020-10-07 00:00:00+01:00,0.0047393544863414405,0.007183935411037012,0.0,0.0,0.005893894461044713,0.0,0.009836040559362269,0.0022989032416267374,0.0,0.01183431952662728,0.008797645347408345,-0.002487619077623293,0.0,0.005181333836864477
2020-10-08 00:00:00+01:00,0.0,0.01569181927042429,0.02264150943396226,0.01718213058419238,0.023437514551915006,0.0,0.009740297137676546,0.018348605792718242,0.07777783811828387,0.005847953216374213,0.010174374078467219,0.022443929180190114,0.0443864437807735,0.01546387799628235
2020-10-09 00:00:00+01:00,0.0,0.008426958391001493,0.007380073800737907,0.010135135135135087,-0.003816808341898237,0.0,0.022508001511405196,0.004504500150622537,-0.010309329662834377,0.00813949939816494,0.018705052950881207,0.019512176513671875,0.00625002384185791,0.003384107751323029
2020-10-12 00:00:00+01:00,0.011792452405805287,-0.005571025460913259,-0.00366300366300365,-0.0033444816053511683,0.0019156795528649795,0.0,0.0,0.0,-0.010416656965389626,0.006920485866612092,0.014124280467537442,0.0047847073346865,-0.013664612535166043,0.015177091694065892
2020-10-13 00:00:00+01:00,0.023310022480926174,0.014005589146010688,0.018382352941176405,0.006711409395973256,0.0,0.030303030303030276,-0.00628927233928156,0.0,0.01052630588288439,0.009163750222196176,-0.006963748620210541,0.0023809160505021687,0.007556667801907446,0.036544862708603576
2020-10-14 00:00:00+01:00,0.035307498478031496,0.02486192139036225,0.03971119133573997,0.0033333333333334103,0.001912089680251805,0.0,0.022151862251283294,0.012331799970448865,-0.010416656965389626,0.04086263946052826,0.0028050463682329774,0.01306420597843716,-0.014999985694885254,0.022435860207487668
2020-10-15 00:00:00+01:00,0.005500549962671464,-0.0013477397276295822,0.03472222222222232,-0.0033222591362126463,0.00954198445496357,0.0,-0.015479876526631853,0.001107445091645065,-0.01052630588288439,0.0,-0.006993033575937835,0.008206294527532965,-0.002538068608636368,0.007837050480822283
2020-10-16 00:00:00+01:00,-0.01312915270900683,0.008097158436581653,0.07046979865771807,-0.0016666666666667052,0.0,0.0,0.006289332318799801,0.0033185545462151023,0.02127657550770312,0.014176696783224196,0.0,0.011627906976744207,-0.006361347313680876,0.013996793993305667
2020-10-19 00:00:00+01:00,0.0,0.005354811220036115,0.050156739811912265,0.005008347245408995,0.0018903302691244406,0.0,0.01250004768371582,-0.006615156335299743,-0.010416656965389626,0.006451596495925749,0.008450696279642456,0.009195437376526616,0.00640207312435237,0.0398773960922052
2020-10-20 00:00:00+01:00,0.002217345725094466,0.01398129680908955,0.0,0.021594684385382035,0.028301886792452935,0.0,0.003086372512705715,0.021087633247139248,-0.01052630588288439,0.020299161932189946,-0.00558658697003811,0.018223216611711335,0.006361286647376785,0.0
2020-10-21 00:00:00+01:00,-0.008849591131132817,0.0032830067129157037,0.08656716417910437,0.009756097560975618,0.00366973876953125,0.0,0.016923053448016923,-0.002173859185215843,0.0,0.016753910723781074,0.01053374821738573,0.006711392213426315,0.005689011019218704,0.017699069236414733
2020-10-22 00:00:00+01:00,0.0,0.0013089305047901956,0.03296703296703307,0.0016103059581320522,0.005484446670498189,0.014705882352941124,-0.004538508763819893,0.02069712135806534,0.01063828775385156,-0.007209031506099861,-0.0013898858433977201,0.01555557250976558,0.014456288148471552,-0.001449253248131832
2020-10-23 00:00:00+01:00,0.00446430282021093,0.0,0.0,0.0,0.010909063165838173,0.0,0.012157984578420322,0.01173955795311965,0.0,0.0,0.03270704737451857,0.04814005965451873,0.016109060639035055,0.07402029551778067
2020-10-26 00:00:00+00:00,0.003333367241753482,-0.01568625935465673,-0.03191489361702127,-0.01607717041800638,-0.01978414576095866,0.0,-0.00900898630432001,-0.02215180322921384,-0.02105261176576878,-0.020746887638410372,-0.01212940049359712,-0.02087682605729624,-0.012195052453833122,-0.035135114515149946
2020-10-27 00:00:00+00:00,0.0,0.0,0.03296703296703307,-0.006535947712418277,0.0009174171937715858,0.0,0.003030256791548336,-0.013484357478678599,0.02150535566956502,0.002118611705608453,0.020463860426835012,0.0063965720106642365,0.0037036705627595534,-0.016806786442459365
2020-10-28 00:00:00+00:00,0.0,-0.03054449039375795,-0.04255319148936165,-0.009868421052631526,-0.0009165763109044711,0.0,-0.018126842954092504,-0.02788410078475556,-0.04210522353153756,-0.027484128076728842,-0.005347588469389097,-0.008474608462146094,-0.023370240411555665,-0.009971466932659379
2020-10-29 00:00:00+00:00,0.0,0.013698616715036138,0.0,0.01661129568106312,0.0128440506961367,0.0,-0.003076876126802852,0.003936990557980913,0.0,0.008695685345193604,0.014784964068333517,0.008547041290593693,0.0012594146061226663,0.01007189853585877
2020-10-30 00:00:00+00:00,0.001107402776761468,-0.017567582806154447,0.03888888888888897,-0.013071895424836555,-0.016304375243472058,0.0,-0.009259353013245764,-0.006162499047661418,-0.010989065691980104,-0.010775861714597879,-0.014569553739798957,0.007415221789485837,-0.008804993270897898,-0.0028489595005202206
2020-11-02 00:00:00+00:00,0.0,0.0,0.005347593582887722,0.011589403973509826,0.016574613969140506,0.0,0.0,-0.007891735707706404,-0.011111100809073515,-0.0021786990303688247,0.0013440526838401912,0.009463738594315707,0.0,0.01714281354631697
2020-11-03 00:00:00+00:00,-0.011061946715938187,0.0,-0.010638297872340385,0.004909983633387904,0.0,0.0,-0.0031152174104217556,0.0,0.05617978957818792,0.001091686416887283,0.006711435169794333,0.01041666666666674,-0.01269034304318195,0.0
2020-11-04 00:00:00+00:00,0.0,-0.0013754817153938115,0.013440860215053752,0.0,-0.02173914395568488,0.0,0.0,0.009090900224102638,-0.03191486326155479,0.0,0.0,0.010309278350515427,0.0,0.0028090531770965654
2020-11-05 00:00:00+00:00,0.006711392213426315,0.026859461250217098,-0.01326259946949604,-0.01791530944625408,-0.00462962962962965,0.0,0.02812504768371582,-0.0022523037731887463,-0.010989065691980104,0.018538763731870578,0.0,0.012244866818797773,0.005784010056973488,-0.04761906797224058
2020-11-06 00:00:00+00:00,0.0,0.022132791890224768,-0.021505376344086002,0.0,0.010232543945312589,0.0,0.04559270305261576,0.0,0.0,0.03211991382215107,0.0,0.02016129094281638,-0.0031948395066633273,-0.014705882352941124
2020-11-09 00:00:00+00:00,0.011111111111111072,0.09580059145330089,0.030219780219780112,0.021558872305140975,0.009208103260132994,0.01449275362318847,0.07558134763933455,0.06094807932030366,0.22222228109100883,0.1286307191867635,0.020000012715657656,0.021739176323907206,0.06794868205269333,0.011940344056086794
2020-11-10 00:00:00+00:00,-0.004395621163504448,0.053892190264299034,0.008000000000000007,0.006493506493506551,-0.00912408771826878,0.0,0.02972968848975932,0.053191491520313106,0.14545451195772108,0.0845587931083569,-0.019607855359147774,-0.01934235948245555,0.0048019162328192255,-0.008849647146145223
2020-11-11 00:00:00+00:00,0.00816774697828393,-0.020454579690270425,-0.01851851851851849,0.016129032258064502,0.009208103260132994,0.0,-0.01574799207744415,0.0,0.0873015993156252,-0.006779686879303526,0.004666646321614509,-0.013806720954748775,-0.004778968028666286,0.005952403929229133
2020-11-12 00:00:00+00:00,0.0,-0.02900232057065566,0.0026954177897573484,-0.025396825396825418,-0.02919705285395402,0.05714285714285716,-0.026666666666666616,0.0,-0.080291980965148,-0.021331058575914885,-0.007299247438938283,0.0009999847412109908,0.003601408552936114,0.005917182469050486
2020-11-13 00:00:00+00:00,0.0,-0.0011947704920629576,0.021505376344086002,0.0032573289902280145,0.0,0.027027027027026973,-0.005479472957245268,-0.010100952691779574,0.03174600171093722,-0.011333874951626188,0.00802138270408359,0.002997033529779536,0.00478468462867454,0.0
2020-11-16 00:00:00+00:00,0.0,0.007177083980951515,0.05263157894736836,0.01298701298701288,0.009398496105818,0.0,0.03030309399277642,0.013265317541914179,0.046153895530476774,0.008818342033018345,-0.005305034755357818,0.002988002169362014,0.00833341091398565,0.007352941176470562
2020-11-17 00:00:00+00:00,-0.011385957169142036,0.0035629136222521396,0.02499999999999991,0.0,-0.0018622399887817664,0.0,-0.009358349586594983,0.007049314468573931,0.0,-0.001748291739239849,0.0066666920979818745,0.006951386284514971,0.015348301103008222,-0.0043796065950045815
2020-11-18 00:00:00+00:00,0.001661061920434248,0.018934893612266634,0.019512195121951237,0.0,-0.0018656432270118817,0.0,0.014844784032016722,0.0,0.029411736347271455,0.015761848510150278,0.01721849461186653,0.016765255647538835,0.008139499037121745,0.016129122474161317
2020-11-19 00:00:00+00:00,0.014925441117351612,-0.0011613560518280996,-0.014354066985645897,0.0,0.006542027553665397,0.0,0.0,-0.011999988555908225,0.04285718786473258,0.0034482890161975366,-0.002604164241347462,-0.002909751957354101,-0.01153406927217382,0.004328938083007383
2020-11-20 00:00:00+00:00,0.05991285203878527,-0.009302316297383983,0.0,-0.009615384615384581,-0.015784558926767334,0.0,0.0,-0.018218654158990044,-0.027397315080268658,-0.010309317542147367,0.002610963619440687,0.00194549554771406,0.0011668878924087078,0.02011496489327458
2020-11-23 00:00:00+00:00,-0.011305303895319363,-0.008216038114733704,-0.016990291262135915,-0.009708737864077666,-0.013207561564895332,0.0,-0.02393611031130971,-0.001030951451389095,-0.014084494035883521,-0.01041664045166013,0.0065104416474550675,-0.013592247824067094,0.004662000257425358,0.002816858425946256
2020-11-24 00:00:00+00:00,0.037422102055289175,0.021893541277226092,0.041975308641975406,0.02287581699346397,0.007648212843480495,0.0,0.01907358987431773,0.011351972664090715,0.04285718786473258,0.026315789473684292,0.0064683299626764335,0.02952755949857755,0.02320183432950995,0.025280942821757302
2020-11-25 00:00:00+00:00,0.012024017149777633,0.0028951497241025415,0.016587677725118377,0.006389776357827559,0.018975331793604777,0.0,0.018716495178692005,-0.0010204314986942409,-0.03424662343778684,0.0222222091805222,0.00257069156647316,0.0038241064217401366,-0.002267517548905529,0.009588999290988776
2020-11-26 00:00:00+00:00,-0.003960411147315934,0.0023095217224107234,-0.006993006993006978,-0.0031746031746031633,0.0,0.0,-0.007873996038722075,0.0020429476855570172,-0.0070921919858044635,0.011705698526257358,-0.019230780987109175,0.00952380952380949,-0.01704551919925168,0.008141195771514065
2020-11-27 00:00:00+00:00,-0.02087473663989481,0.0,-0.009389671361502372,0.0,-0.0037244089403716263,0.0,-0.010581950244841987,-0.011213109647946418,0.0,0.008264462809917328,0.006535910231946662,-0.0018867636626621609,-0.010404532125154686,0.01211297253726129
2020-11-30 00:00:00+00:00,0.01116749719919885,0.0023040902518667306,-0.004739336492891044,0.006369426751592355,0.014953256767486822,0.0,0.010695125531074101,0.001030951451389095,0.0,-0.008196721311475419,0.006493531425117771,0.0018903302691244406,0.012850426551985095,0.003989402445910839
2020-12-01 00:00:00+00:00,0.0,0.003448245244700221,0.023809523809523725,-0.0031645569620253333,0.01841620652026621,0.0,0.015873076744141734,0.014418160944669856,0.0,0.009090896480339561,0.02967742181593369,-0.0009433818313310249,0.005767034636086965,-0.0026489662018832627
2020-12-02 00:00:00+00:00,-0.03614456354692086,0.03665528811889973,0.0,0.012698412698412653,-0.0009041453481076767,0.0,0.06119787449845182,0.004060909675524194,0.007142850452539706,0.05323511638513412,0.011278154829024833,0.01605285102688847,0.0034403362445554198,0.035856531723993834
2020-12-03 00:00:00+00:00,0.0,0.0132596555834259,0.009302325581395321,0.00940438871473348,0.020814507255726866,0.0,0.038036791093510436,0.018200136021531144,0.0992907723468599,0.03888024698828785,-0.006195692559023858,0.01672865313460692,0.0034285409109933163,0.0012820317195012532
2020-12-04 00:00:00+00:00,0.005208333333333259,-0.00763355444294711,0.01382488479262678,0.024844720496894457,0.01595740579490368,0.0,-0.009456210836788603,0.009930524776592176,0.01935489775611199,-0.017964139563091508,-0.027431453176020693,0.010054830519000468,0.0022779565343908903,0.0012803902186275806
2020-12-07 00:00:00+00:00,0.0,-0.005494526224051444,0.018181818181818077,-0.009090909090909038,0.0034904147574594813,0.0,-0.014319863173460234,0.00786626579212446,0.06962026032742874,-0.0030487340380210837,-0.0051282001121667475,0.001809927133413547,-0.01704551919925168,-0.007672615058005872
2020-12-08 00:00:00+00:00,0.0010362536178352144,-0.008839770388950563,0.022321428571428603,0.024464831804281273,0.008695652173912993,0.0,0.012106537753911795,0.01853654442763908,0.01183430783985151,0.003058057241222656,0.0006442831773576518,0.008130095308852558,-0.005780258874628963,-0.010309219563065741
2020-12-09 00:00:00+00:00,-0.0020703618157484893,-0.013377913264971397,0.015283842794759916,0.0,0.006896578032394851,0.0,0.002392399297694192,0.010536457353719886,0.0760233873284013,-0.009146318415812038,0.010946560155633778,0.0026881994252658803,0.009302316297383983,0.003906190240137164
2020-12-10 00:00:00+00:00,0.0010373285533014087,-0.01242944696159376,0.03010752688172036,-0.0029850746268657025,0.00684927569743965,0.0,-0.007159977108175508,0.007582931019879169,-0.0271739514231224,0.0015384380634013706,-0.006369390382820028,-0.009115319558106072,-0.010368680809172859,-0.014267165964864659
2020-12-11 00:00:00+00:00,-0.005181347150259086,0.012585882520851577,-0.0020876826722338038,-0.005988023952095856,-0.0051020279073653585,0.0,0.0024039012616927646,0.0018814208724406978,-0.04469269576030488,0.006144416824186427,0.010256400224333495,-0.0034271037412589855,-0.00232834195673981,-0.01578943352950246
2020-12-14 00:00:00+00:00,0.014583349227905273,0.003954784847850723,-0.027196652719665315,0.012048192771084265,0.017094017094017033,0.0,0.004796181277703981,0.11079815468938237,0.040935632562121294,0.01068697630904114,-0.003172600888877719,0.0027149597444144913,0.0035006636772259014,0.0040106338251844065
2020-12-15 00:00:00+00:00,0.022587237307770014,0.011817618405344898,0.010752688172043001,0.011904761904761862,0.008403361344537785,0.0,0.009546484406082634,0.010143692843024965,-0.04494377808534078,0.019637509239980977,0.01591343089706876,0.003610053117936607,0.006976681776859284,0.0026631768535338995
2020-12-16 00:00:00+00:00,-0.004016079638624048,-0.024471559394392384,0.006382978723404209,-0.007352941176470562,-0.021666653951009085,0.0,-0.05437350540293706,0.002510437945608235,-0.05882354178643112,-0.021481436270254672,-0.023809530923098787,-0.0044964030010965494,-0.009237866641529036,-0.01992031791776916
2020-12-17 00:00:00+00:00,0.005040322735704095,0.0005700297041804081,0.0042283298097252064,-0.004444444444444473,-0.0017036164824293376,0.0,0.0212499618530273,-0.002921523267902848,-0.06875000791624175,-0.00984105217027098,-0.010269566636432303,0.0,0.002913708479320709,0.0
2020-12-18 00:00:00+00:00,0.007021109318590124,-0.0005697049554332922,0.07789473684210524,0.005952380952380931,0.0,0.0,0.006119951268991564,0.0004185947734334228,0.06711410953141472,-0.0030581738986287244,0.006485109012642765,0.006323438093354339,-0.005229416038752488,0.059620511037086876
2020-12-21 00:00:00+00:00,-0.006972157041813309,-0.013683105241706905,-0.033203125,-0.020710059171597628,-0.017064846860731953,0.0,-0.021897755342943137,-0.0271966371926764,-0.03144658520498789,-0.016871143030793512,-0.006443323358260811,-0.01974869432228543,0.01168217557165585,-0.019181586426311514
2020-12-22 00:00:00+00:00,0.0,0.01156073825199977,0.018181818181818077,0.007552870090634434,0.019097262464556675,0.0,0.04477609957460427,0.016774167296707,0.035714329947789336,0.02028085932455448,0.010376124942961917,0.0036630177386223206,-0.0011547608612053617,0.010430287921623593
2020-12-23 00:00:00+00:00,0.0,-0.007999965122767905,0.0,-0.005997001499250421,-0.0034071679785347975,0.05263157894736836,0.009523845854259694,0.0,-0.015673965962198277,0.003058057241222656,-0.0012836652238312762,-0.0018247896991477885,0.006936465001474046,0.0
2020-12-28 00:00:00+00:00,0.0,0.044930803679336995,0.0,0.02564102564102555,0.01880339272001863,0.0,0.021226360348886475,0.029610862140968308,0.03821652278662713,0.028963438568195166,0.0128534578323658,0.005484446670498189,0.02985077241597245,0.006451612903225712
2020-12-29 00:00:00+00:00,0.0,0.014332978921168138,0.015873015873015817,0.008823529411764675,0.006711435169794333,0.0,0.039260988288526866,0.02547242925217663,0.033742299207857984,0.03703703703703698,0.01522841165181843,0.007272755015980126,0.0033444517366918447,-0.01538457625951517
2020-12-30 00:00:00+00:00,0.005015045288913722,0.0076087662988904015,0.0078125,0.005830903790087438,0.0016666412353516513,0.050000000000000044,0.013333299424913125,0.009615452214343234,-0.026706206891867756,0.0114286150251115,0.0025000572204589844,-0.012635392484826258,-0.0033333036634657365,0.015624959642690062
2021-01-04 00:00:00+00:00,0.03193617440217755,0.05555548697056678,0.03100775193798455,0.02898550724637672,0.014975067366539863,0.0,0.030701788875572733,0.038888869546288785,0.057926847218829014,0.05932198823737078,0.031172068046204426,0.042047517458516204,0.0066889034733839114,0.0025640634390025063
2021-01-05 00:00:00+00:00,0.0251450525701431,0.00153299372066118,-0.003759398496240629,0.008450704225352101,0.001639319247886739,0.0,-0.017021260362990343,-0.012987018664039951,-0.008645524824904882,-0.010666707356770888,0.0,0.0017543591951068027,0.00885934950960765,-0.016623983031913703
2021-01-06 00:00:00+00:00,0.0,0.0,0.0,0.0,0.0,0.0,0.0,0.0,0.0,0.0,0.0,0.0,0.0,0.0
2021-01-07 00:00:00+00:00,0.01603770705888863,-0.018367377721681843,-0.024528301886792447,-0.005586592178770999,-0.014729913807818407,0.023809523809523725,-0.023809572957859237,0.051083579219407316,-0.052325599931135836,-0.021563322640527405,-0.02055623541524154,0.0035026404252900267,0.1306257496053138,-0.00520158020730721
2021-01-08 00:00:00+00:00,-0.00835648952633572,0.010914812594568168,0.01740812379110257,0.004213483146067398,-0.003322271767520979,0.03488372093023262,0.0,-0.013254808997573142,-0.03374229920785787,0.003443526243173567,0.009876533325735348,0.01570683312150556,-0.00970877472018683,-0.009150286905126648
2021-01-11 00:00:00+00:00,0.0,0.0,0.0,0.0,0.0,0.03370786516853941,0.002217345725094466,0.0,-0.04761907645273733,0.0020590463832637074,-0.009779941408490589,0.003436439180715789,-0.009803865653465582,-0.007915647484946997
2021-01-12 00:00:00+00:00,-0.007490665064589064,0.00514130952177827,-0.01520912547528519,0.0013986013986013734,-0.011666679382324241,0.0,0.008849506735177037,0.0,-0.006666660308837891,0.013698630136986356,-0.0074074588630836935,0.030821903938870854,0.0,-0.002659533994128216
2021-01-13 00:00:00+00:00,-0.02547166932303946,-0.007672615058005872,0.0,0.0027932960893854997,0.003372694190769243,0.0,0.010964912647612568,0.003731357623750986,0.026845611810072167,-0.004729709109744462,0.004353214872906852,0.0,-0.00990102749433508,0.0040000406901041785
2021-01-14 00:00:00+00:00,0.010648581235471521,0.011340269331396646,0.007722007722007707,0.008356545961002881,0.005042003984210952,0.0,0.0,0.014126433959257945,0.032679785921928106,0.004073257517284157,0.014241458060000767,0.02491694320581206,0.002000045776367143,0.007968106903112337
2021-01-15 00:00:00+00:00,0.009578543921305638,-0.006116250463834683,-0.009578544061302652,-0.0055248618784530246,-0.02341133326158984,0.0,0.0,-0.0014663091833031494,-0.05063293717874329,-0.002028315113918877,-0.010988913739280348,0.0016207207922946942,-0.006986092345364847,-0.0013175029263602367
2021-01-18 00:00:00+00:00,0.015180250957854469,-0.01025644938151038,-0.007736943907156624,0.0,-0.0034246705087982443,0.0,-0.019522727569868947,-0.0014683923830689505,0.039999961853027344,-0.0108401493045569,-0.0024691922002160194,-0.014563069940006224,-0.005025144893802347,-0.01187337057578175
2021-01-19 00:00:00+00:00,0.03925230792749712,0.01761658891338236,0.01754385964912286,0.001388888888888884,0.0,0.0,0.02876104458224793,-0.010294142602636058,0.019230828012472445,0.012328788025738335,0.004331664324577877,0.0039408515230914265,0.00505052451126109,0.004005279255697047
2021-01-20 00:00:00+00:00,-0.005395669879382892,0.0,0.01724137931034475,-0.001386962552011095,0.005154625998760709,0.0,0.0021505048198084964,-0.00817233702566833,0.05031441636894951,0.0033829498624902143,0.0006161570649347858,0.000981376740104789,-0.005025144893802347,0.0
2021-01-21 00:00:00+00:00,-0.0018082906962153533,-0.01629326399026665,0.0037664783427495685,0.005555555555555536,-0.008547008547008517,-0.07608695652173914,-0.021459228170476075,-0.01722850107404439,-0.017964055186050376,-0.008766035232676939,-0.0012315552983714895,0.0032679862818003613,0.00505052451126109,0.0
2021-01-22 00:00:00+00:00,-0.018115941778598432,-0.0062111249368659305,0.0,-0.013812154696132617,-0.008620689655172376,0.0,-0.010964912647612457,-0.016006100608134566,0.02134144324798215,-0.013605442176870763,-0.016029549088417805,0.0032572792063838563,0.0,-0.005319067988256432
2021-01-25 00:00:00+00:00,0.0,-0.010937551222739539,-0.0206378986866792,-0.0028011204481792618,-0.010434756071671214,0.0,-0.004434522284007314,-0.008520500230625228,-0.0447760779758305,-0.006896551724137945,-0.010025053072035384,-0.016233766635889046,-0.005025144893802347,-0.006684491705889695
2021-01-26 00:00:00+00:00,0.011070082392533154,0.007898874162094893,0.005747126436781658,0.0,0.008787345985792117,0.0,0.0,0.001562461233698409,0.03124996973201677,0.001388867696126228,0.025316491606066638,0.00825082529026,0.0,-0.0053836003963588785
2021-01-27 00:00:00+00:00,-0.0164233161261248,-0.012539173394538583,-0.00952380952380949,-0.005617977528089901,-0.0069686675129888576,0.055882352941176494,-0.007795150933717188,-0.0312012190368276,-0.012121200736670112,-0.01386962581363893,0.0,-0.018003248798557636,-0.009090828523378836,-0.005412740427871765
2021-01-28 00:00:00+00:00,0.0,0.021164001407603106,0.0,0.005649717514124353,0.0,0.0,0.006733989723864742,0.0008051714026091616,0.033742299207857984,-0.0028128966601170813,0.030864196077313943,0.0049999872843424775,-0.006116250463834683,0.0013605234574298741
2021-01-29 00:00:00+00:00,0.014842285981688574,-0.0051812682939942345,0.0,-0.002808988764044895,0.0,0.0,-0.007803756656157845,0.016090088845923667,0.0,0.01128343307681412,0.017964025350603707,0.00995028683930066,-0.009230784880809306,-0.010869503246587309
2021-02-01 00:00:00+00:00,-0.0036563210265064816,0.015624959642690062,0.0,0.016901408450704203,0.006140324107387629,0.0,0.01797751094518074,0.018210573250379447,0.008902139711311152,0.005578822076766077,0.01411763359518603,0.0,0.0,-0.002747315511711257
2021-02-02 00:00:00+00:00,0.0018348343875429496,0.012307680570162294,0.017307692307692246,0.011080332409972193,0.014821313189780083,0.0,0.011037527779712342,0.0031104170233984263,0.02941173583166079,0.026352310209283525,0.00116011937524374,0.006568106751387637,0.06521740418139799,-0.008264441966000402
2021-02-03 00:00:00+00:00,-0.0018314739361849908,0.03546103196838102,0.0,-0.005479452054794498,-0.00515462599876082,0.0,-0.006550201791658439,0.0,0.014285700661795575,-0.0033783783783783994,0.009269979449036958,-0.004893951725845613,0.01943632750306845,-0.01944446563720703
2021-02-04 00:00:00+00:00,0.0055045731570742,0.019569452450051816,-0.009451795841209809,0.005509641873278293,0.02072533534745835,0.0,0.019780253316019847,-0.006976682292633152,0.019718291319166026,0.015593241028866611,0.013777254309244702,0.001639319247886739,0.024785532369379748,-0.008498562140068944
2021-02-05 00:00:00+00:00,0.007299298019120881,-0.00479848276091821,0.001908396946564972,0.00273972602739736,0.008460237105064161,0.0027855153203342198,0.0010775697287996877,-0.015612861544733514,0.008287351037779445,-0.0013350930852323861,-0.0005662643809876133,0.014729976241490528,-0.000930253849473095,0.04000004359654019
2021-02-08 00:00:00+00:00,0.0018115665351263743,0.01542910792457386,0.017142857142857126,-0.001366120218579181,0.001677890794943293,0.0,-0.0010764098221595075,0.0023791187519677237,0.008219170029021727,0.0040106338251844065,-0.0016996475889653473,0.004838697371944312,0.014897565253434886,0.019230684585123337
2021-02-09 00:00:00+00:00,-0.0036166503742990352,0.006647735068724847,-0.0037453183520599342,0.001367989056087593,0.0025125244432955274,0.0,-0.007543152528198704,-0.03006329937654295,-0.021739174096029212,-0.003994612895586891,0.001134991456442469,0.012038523421904701,0.005504625845554889,0.07008092710925529
2021-02-10 00:00:00+00:00,-0.005444632402330285,-0.028301903767787184,-0.003759398496240629,-0.006830601092896127,-0.003341636647303581,0.0,-0.029315928262483637,-0.008972317153178033,-0.11388884952038791,-0.03475943846842566,-0.0005669064188122963,0.0055511862498585085,-0.009124122365115728,0.005037802496118848
2021-02-11 00:00:00+00:00,0.0,-0.0145631620802803,-0.01132075471698113,0.004126547455295837,-0.0025146944181355657,0.0,0.01118568213570481,0.01234572649498844,-0.08463949093523615,-0.013157853024886035,0.02098700265719744,0.020504659165231143,0.007366475712259124,0.020050105425226006
2021-02-12 00:00:00+00:00,-0.025547403844393468,-0.02463054279761645,0.005725190839694694,-0.013698630136986356,-0.01848736931295958,0.022222222222222143,-0.02654868899744267,0.018699149485345457,0.04109585014510864,-0.01754385964912286,0.0022222730848524552,0.009273665097629058,-0.008226618132138985,-0.03439807124410965
2021-02-15 00:00:00+00:00,0.018726591225196376,-0.010100952691779574,0.00189753320683117,0.002777777777777768,0.0,0.0,-0.020454580133611455,0.011971314876398687,-0.026315764707210976,-0.008571406773158485,-0.0011086727687722453,0.015696689871085523,0.0,-0.005089078036186079
2021-02-16 00:00:00+00:00,0.0,-0.003061197182379072,0.037878787878787845,0.0,0.00684927569743965,0.0,0.009280778191188999,-0.0023659846942797325,0.057432457467253784,-0.0014409001717933245,0.00665920803753739,0.007161796085513705,-0.0046083123481043264,0.0
2021-02-17 00:00:00+00:00,-0.007352969019469913,0.018423678921982933,0.07664233576642343,0.0,-0.006802682251218939,0.0,0.025287321244163108,0.10513833706032782,0.0031948850152176966,0.010100965619285418,0.027563396737781742,0.005987932308542776,0.009259206113829244,0.04092077624702073
2021-02-18 00:00:00+00:00,0.012962977091471428,0.010050289787604694,-0.005084745762711895,0.005540166204986097,0.00684927569743965,0.0,-0.006726440522965893,0.012160234753967103,-0.025477757787232713,0.0014285496303012568,0.009656669048806021,-0.0029761451982837084,0.004587173622452312,0.0036854473800951304
2021-02-19 00:00:00+00:00,0.0,-0.0079601912624645,0.005110732538330387,0.005509641873278293,0.002551046391584988,0.0,-0.0022573019377715164,0.014840992495290584,-0.01960782480441492,-0.007845869248717996,0.06269927334272474,0.011940344056086794,-0.007305929232835573,0.007344016229226202
2021-02-22 00:00:00+00:00,0.01279708872351093,0.0,0.0,0.0,0.0,0.0,0.0,0.008356538191369944,-0.013333320617675781,0.0,-0.00500001907348635,0.0,0.0027598650678042347,-0.015795905267953048
2021-02-23 00:00:00+00:00,-0.0072202439505719695,-0.009027096306659543,0.0,-0.005479452054794498,-0.009329927564756146,0.0,0.0,-0.0020718048287008406,0.02702700090373522,-0.0064702308826907196,-0.012060290237125626,-0.0014750162096494046,-0.015596337820502404,0.009876580885898933
2021-02-24 00:00:00+00:00,-0.0018181540749290237,0.0010121689034414683,0.003389830508474523,-0.0027548209366391463,-0.0051370384232759525,0.0,-0.018099529937821268,-0.015916923548251916,-0.019736823530408287,-0.01591893630117891,0.005086489432648111,-0.005908329608791174,-0.0027958745807121765,0.0036674255644399967
2021-02-25 00:00:00+00:00,0.00182146578035991,-0.003033436360370123,0.0033783783783782884,-0.02209944751381221,-0.001721144178095546,0.0,-0.009216624696208542,0.04781992536794433,-0.020134208857554126,-0.007352941176470562,-0.0030364101845852254,0.0,-0.008411229363757489,0.0438489469065686
2021-02-26 00:00:00+00:00,0.0,-0.008113582808481956,-0.0033670033670033517,-0.011299435028248594,-0.012068978671369912,0.0,0.00930236106695137,-0.003355653579907858,0.0034246541787590346,-0.02666671187789349,-0.00507616129933619,-0.0014859747248260335,0.002827586014729766,0.003500619165004215
2021-03-01 00:00:00+00:00,-0.02181819568980825,0.010224988159518666,-0.010135135135135087,-0.0028571428571428914,-0.006980762940794749,0.0,-0.025345673966450044,-0.0033670161246093233,0.0,0.001522162985706288,-0.003061197182379072,-0.007440476528370987,-0.00939853178975536,-0.009302361066951259
2021-03-02 00:00:00+00:00,-0.0018587077237764982,-0.019230823062431623,-0.022184300341296925,-0.011461318051575908,-0.008787345985792117,0.0,-0.007092180673083925,0.0013513178264603631,-0.023890843026106223,-0.03039519334253038,0.0020470320524359487,-0.010494707350367172,-0.003795062808140126,0.005868544811142851
2021-03-03 00:00:00+00:00,0.005586577891961486,0.0010320154091729705,0.01919720767888311,-0.008695652173912993,-0.012411360709241537,-0.07608695652173914,0.019047600882393878,-0.007422379145909375,-0.059440504933889304,0.014106547365894784,-0.002042850272449881,-0.012121258359966802,-0.014285677955264142,-0.002333686760373821
2021-03-04 00:00:00+00:00,-0.005555541427047173,0.004123707488614681,0.003424657534246478,-0.0029239766081871066,0.016157947914795523,0.0,0.030373814491446938,0.0006798252111421821,0.026022279462375897,0.007727975634990836,0.030706164074143283,-0.009202431015409296,0.0,0.002339145593475811
2021-03-05 00:00:00+00:00,0.0,-0.011293599513567343,0.0,-0.0058651026392961825,-0.012367437581508822,0.0,-0.009070243197771721,0.004076050601491854,0.028985479703797834,-0.004601157000075129,-0.011916572909208667,-0.00928790229556209,0.0,0.0
2021-03-08 00:00:00+00:00,-0.013035395772704517,0.011422601803741772,0.0,-0.002949852507374673,0.003577762840482279,0.0,-0.003432529136386586,0.00473617386760683,0.014084577986089863,-0.01078589462525037,-0.005025144893802347,-0.015625,-0.004830936124831653,-0.008167992685751746
2021-03-09 00:00:00+00:00,0.00566036296340644,0.006160207497603487,-0.0034129692832765013,0.014792899408283988,0.014260304340772079,0.0,0.019517848535230753,0.013468000277946368,-0.010416739102864003,0.012461107317540465,0.015151573533783491,-0.0031746152847532683,0.0,0.0
2021-03-10 00:00:00+00:00,0.007504719167064744,-0.008163257362146625,-0.013698630136986356,0.0,0.005272394183049478,0.0,0.006756739341229334,0.023255775638519882,-0.031578918309091875,0.004615431565504702,0.0,0.0031847255632038163,-0.0072815347452712675,-0.008235258214614016
2021-03-11 00:00:00+00:00,0.0037244089403716263,0.008230444599618192,-0.02777777777777779,-0.005830903790087438,0.005244741836698097,0.0,0.020134176640279167,0.0032467657125587746,-0.007246369925949403,0.0076569674828910195,0.000995047631049406,0.011111123221261066,0.0,-0.008303731343959009
2021-03-12 00:00:00+00:00,0.0,0.0,-0.0035714285714285587,-0.004398826979472137,-0.013913030209748656,0.10588235294117654,0.0,0.006472516679887352,0.007299263086460783,-0.013677834105432662,-0.013916534541068004,-0.0031397293648984803,-0.0024450436451716184,-0.009569323408671226
2021-03-15 00:00:00+00:00,0.0037105184152204096,-0.011224551858229459,-0.0035842293906810374,-0.004418262150220897,-0.007936521285438536,0.0,-0.0065789308574385474,-0.019292616530873885,-0.03260866466677248,-0.02927583175974624,-0.0110886749829886,-0.07559053916630787,0.0,-0.0024155141336371644
2021-03-16 00:00:00+00:00,0.003696871877642005,0.005159978627458983,0.02517985611510798,0.016272189349112454,-0.0008888753255208437,0.0,0.015452555733527884,0.009836040559362269,0.0599250347716076,0.01746029324001741,0.0030580766246657287,-0.005110719474640146,0.009803959150949337,0.0
2021-03-17 00:00:00+00:00,-0.014732951165762342,0.0020534351369265735,-0.007017543859649145,0.013100436681222627,0.014234861676160282,0.05319148936170204,0.0,0.0,0.060070699956528584,0.006240273563195231,0.017276430249773433,-0.0017123679144775972,0.0,0.004842633574675181
2021-03-18 00:00:00+00:00,-0.014953256767486822,0.0,0.03180212014134276,0.02011494252873569,0.010526289019668233,0.0,-0.010869565217391353,0.0,-0.026666641235351562,-0.003100727879723819,-0.006993071618176638,0.005145784579527746,-0.004854387360093471,-0.004819295492516917
2021-03-19 00:00:00+00:00,0.011385170122104382,0.01229506995337748,0.003424657534246478,0.005633802816901401,0.00347223555968168,0.0,0.0,-0.009740235210771275,-0.01369861671503625,-0.006609689449247891,0.005533230130545075,-0.002559687970774993,0.004878067388767171,0.0
2021-03-22 00:00:00+00:00,-0.013133222757210294,-0.012145737264080192,-0.010238907849829393,-0.01680672268907568,-0.012975778717988495,0.010101010101010166,-0.017582400814517563,-0.00655740206358868,-0.02777783296726144,-0.02935420743639927,-0.004502258810323956,-0.0025663220516845,-0.024271844210729476,0.0012106353022804939
2021-03-23 00:00:00+00:00,-0.02281363085652144,-0.014344297135205464,-0.020689655172413834,0.019943019943019946,0.011393541359710602,0.0,-0.008948579844556659,-0.01650165058052011,-0.007142850452539706,-0.009677394743888623,0.0,-0.012006874307032067,-0.004975143262281545,-0.008464292310437216
2021-03-24 00:00:00+00:00,-0.011673195933978087,-0.0228690508987488,-0.010563380281690127,0.005586592178770999,0.010398586935660425,0.0,-0.024830665757683668,0.0020134689539319517,-0.0647482261185841,-0.03583063042778911,-0.008040193491417047,0.0,0.0,0.0
2021-03-25 00:00:00+00:00,0.005905496881222216,0.008510630526872509,-0.017793594306049876,0.019444444444444375,0.0034305448637521607,0.0,0.0324073538531664,-0.0013396153620129914,0.05769234648823174,0.02364860968140503,0.011144848830058063,0.0017361508935331837,0.014999961853027433,0.0
2021-03-26 00:00:00+00:00,-0.017612480196793623,0.020042251395804955,0.0,0.013623978201634968,0.008547008547008517,0.0,0.020179407100229474,0.006036227599526933,-0.021818161010742188,0.016501650580520222,0.012024132739239413,0.01213172883333935,0.0,0.021951256728753865
2021-03-29 00:00:00+01:00,0.0,-0.017580152528716253,0.0036231884057971175,-0.021505376344086002,-0.023728839421676362,0.0,-0.015384632152515398,0.0049999872843424775,0.018587342473125545,-0.025974001846660322,0.0,0.0034246051886412943,-0.009852160744208027,0.0023865983407980185
2021-03-30 00:00:00+01:00,-0.012948237370521642,-0.011578911229183753,0.0,0.01098901098901095,0.0,0.0,0.0,0.0,0.029197052345843133,-0.015000025431315067,0.0,0.0,0.0,0.015476226806640625
2021-03-31 00:00:00+01:00,0.017154435961779013,0.0037273531557426853,-0.018050541516245522,0.008152173913043459,0.01388894223872672,0.0,0.0,0.0016584127708727525,-0.0070921919858044635,0.006768215502646058,0.0014850880279129175,0.0034129823915913793,0.004975143262281545,0.0005861127851654047
2021-04-01 00:00:00+01:00,0.0,0.0,0.0,0.0,0.0,0.0,0.0,0.0,0.0,0.0,0.0,0.0,0.0,0.0
2021-04-06 00:00:00+01:00,-0.007936537971601432,0.011140534759834564,0.011029411764705843,0.032345013477088846,0.008561643611917358,0.0,-0.013392823311138558,0.009933749320585994,0.04285718786473258,0.006722714720653888,0.00593182609731957,0.011904775034389026,0.00990093307113904,0.0287053851369381
2021-04-07 00:00:00+01:00,0.0024999999999999467,0.01259180366437107,0.0072727272727273196,0.010443864229765065,0.006791132441752001,0.0,0.020361938815536496,0.009836040559362269,0.006849308357518069,0.018363913958263423,0.006388165028486936,0.020168080049402626,0.034313763530839037,-0.009111651753431205
2021-04-08 00:00:00+01:00,0.013466318943851308,0.002590732973354992,0.0,0.003875968992248069,-0.003372694190769243,0.0,0.017738427468392493,0.022727298061006707,-0.03401365343703078,0.011475422343269814,-0.006835907850472056,0.036243834189252144,-0.009478708972683103,0.0034483109397449585
2021-04-09 00:00:00+01:00,0.0,0.02325575435242655,0.014440433212996373,-0.016731016731016735,-0.010152258707482376,0.0,0.013071861746732472,0.0063492305695065365,-0.014084494035883521,0.024311182843631096,-0.0068829591247876465,0.007949125403348134,-0.009569323408671226,-0.009163837615028592
2021-04-12 00:00:00+01:00,0.009842519832859109,0.010101049022522401,0.0,-0.002617801047120394,0.008547008547008517,0.0,0.04086024786836351,0.009463698102218254,-0.017857126131349377,0.05063292285300003,0.022772231044496216,0.010252389751340685,0.0,-0.00924859019373192
2021-04-13 00:00:00+01:00,0.003898650407678117,-0.00500001907348635,0.030249110320284656,0.002624671916010568,-0.010169465663069421,0.010000000000000009,0.012396662297629923,0.00937497615814209,0.039999961853027344,0.024096362008327654,0.0019361527503765075,0.014832114019955878,0.014492716232052283,-0.01166861185075585
2021-04-14 00:00:00+01:00,0.017475757784056523,0.005025144893802347,0.005181347150259086,0.005235602094240788,-0.0068493410175966,0.00990099009900991,0.018367378079161334,0.012383948462139527,-0.020979001741372683,0.03676470588235303,0.002898524817921855,0.010769183819110628,0.0,0.00708389758127459
2021-04-15 00:00:00+01:00,0.030534321136057585,-0.00500001907348635,0.0068728522336769515,0.0013020833333332593,-0.0017241116227775244,0.0,0.020040079547520406,-0.009174288381074036,-0.007142850452539706,-0.014184397163120588,0.010597269312570878,-0.0015220468609743465,0.0,0.0035169450366989707
2021-04-16 00:00:00+01:00,0.007407435664424256,0.005025144893802347,0.0,0.0039011703511053764,0.00863557835618578,0.0,-0.017681758328068398,0.0,0.043165512666415884,-0.012949662242861981,0.0,-0.0030487340380210837,0.0,0.0
2021-04-19 00:00:00+01:00,-0.0018382773164222765,-0.01450004577636721,-0.0068259385665528916,0.002590673575129543,0.0017123025943206471,0.0,0.0019999694824219816,-0.009259353013245764,-0.017241444513996895,-0.016034963536275648,-0.004766462519143921,-0.00611623113985138,-0.004761922927129847,0.00467291510524781
2021-04-20 00:00:00+01:00,0.0,-0.005580857844361131,0.04295532646048117,-0.01033591731266148,0.003418816460503571,0.0,-0.003991955176315898,0.0,-0.017543843505051004,0.0044444896556712354,-0.005747075512830602,0.01384617732121396,0.0,0.0023255459097928366
2021-04-21 00:00:00+01:00,-0.005524847905629349,0.03061226376490178,0.008237232289950658,0.0026109660574411553,0.006814270970745495,-0.019607843137254943,0.034068074073315247,0.0,0.12500005321843366,0.035398138472829244,0.010597269312570878,0.0,0.0,0.003480313948710956
2021-04-23 00:00:00+01:00,0.0092592592592593,0.005940540958044194,0.016339869281045694,0.015625,0.008460237105064161,0.030000000000000027,0.003875983892514201,0.009345889907118599,-0.003174600050953491,0.011396055363757984,0.010486235724658899,0.00455228247977324,0.0,-0.004624295096866016
2021-04-26 00:00:00+01:00,-0.00917431192660545,0.04527559498577571,0.0,0.028205128205128105,0.01510069712954265,0.0,0.027027056882218403,0.003086372512705715,0.03821652278662713,0.04084509191378749,0.0018867456009075134,0.006042319400583196,0.0,-0.002322844968485116
2021-04-27 00:00:00+01:00,-0.007407435664424145,-0.0018831924957504187,0.03536977491961424,-0.0024937655860348684,-0.008264462809917328,0.0,0.005639083322523719,-0.006153869628906294,0.0,0.014884958747069632,0.0009416411477964903,0.004504550429898169,0.0143541220040595,0.003492379709363558
2021-04-28 00:00:00+01:00,0.007462715247501972,-0.009433997912352998,-0.0031055900621117516,-0.0012499999999999734,0.0,-0.03883495145631066,-0.005607462374963457,0.00928790229556209,0.024539853969351322,0.0053333536783854996,-0.009407373508291461,-0.013452937299721301,-0.013207579083439835,0.015081242433667263
2021-04-29 00:00:00+01:00,-0.003703717832212128,-0.014285677955264142,-0.007788161993769416,-0.008760951188986232,-0.00916665395100913,0.0,-0.022556404994930057,-0.006134876000100209,-0.02694608277907551,-0.010610119835120058,-0.0052231104364849346,0.003030256791548336,0.0038240881173183805,0.005714285714285783
2021-04-30 00:00:00+01:00,-0.011152388152968262,-0.01642512753896197,-0.008634222919937207,-0.010101010101010055,-0.012615643235913021,0.07070707070707072,-0.011538432194636461,0.003086372512705715,-0.0030769201425405734,-0.008042875152728501,-0.007159977108175508,-0.0030211020764631114,-0.009523845854259694,0.0034091255881569804
2021-05-03 00:00:00+01:00,0.01127816664504766,0.0,0.002375296912114022,0.0,-0.01192505543170963,0.0,0.0,0.003076876126802963,0.018518500803375026,-0.007432473672402851,-0.01923075159625831,-0.006060629179983401,0.0,0.0
2021-05-04 00:00:00+01:00,-0.014869874505675895,-0.0294695659863915,-0.014218009478673022,-0.017857142857142905,-0.013793090294147325,-0.009433962264150941,-0.02140082210434424,-0.012269869015459345,-0.012121200736670112,-0.022464179238115833,-0.01470584522894025,-0.018292636831624076,0.0,0.0
2021-05-05 00:00:00+01:00,-0.009433962264150941,0.008097158176053387,0.0,0.0025974025974024872,-0.001748291739239849,0.0,-0.0059641996344109716,0.006211203670828613,0.01226992698467555,-0.008356630612997407,0.00995019163159827,-0.004658432370335586,0.0,0.014722484455649276
2021-05-06 00:00:00+01:00,-0.00952380952380949,0.005020099452144766,-0.009615384615384581,0.005181347150259086,0.015761848510150278,0.0,0.010000000000000009,0.006172745025411208,-0.012121200736670112,0.00983152538820442,0.004926127351136067,0.0015600386349692297,0.0,0.007812551222742492
2021-05-07 00:00:00+01:00,0.009615384615384581,0.007992000187495574,-0.01941747572815533,-0.0012886597938144284,0.024137957342739824,0.0,0.015841569050703885,0.003067555015309198,0.006134963492337775,-0.0013907993323908352,-0.007843129921765946,0.014018716022751176,-0.01923075159625831,-0.001107487266177598
2021-05-10 00:00:00+01:00,-0.007619076683407777,0.0009911029465416998,-0.00990099009900991,-0.001290322580645209,0.010100984153337045,0.0,0.007797300815356234,-0.0030581738986287244,0.0,0.0027854726983509437,-0.006916965969940958,-0.007680491731482331,0.0,-0.0033258917130054577
2021-05-11 00:00:00+01:00,-0.005758142914525477,-0.01980205498867016,-0.025000000000000022,-0.015503875968992276,-0.011666679382324241,0.0,-0.015473872828915214,-0.01840486203081859,-0.012195110427418387,-0.01388888888888884,-0.018905525418077107,-0.00928790229556209,-0.01960782480441492,0.0022246601206632466
2021-05-12 00:00:00+01:00,0.013513528441109202,0.0,-0.0017094017094017033,0.01049868766404205,0.006745388381538486,0.0,0.0,0.00625002384185791,0.03086416800562497,-0.019718331350407126,0.0010142220314444117,0.0031249523162841797,0.0,0.0
2021-05-14 00:00:00+01:00,0.04761904761904767,0.0,0.020547945205479534,0.0051948051948051965,-0.01005028946650921,-0.04761904761904767,0.0019646065053702255,0.018633492543629337,-0.01197603679070025,0.0028736290520334773,0.012158043257392004,0.018691660976310587,0.0,0.05327417461762218
2021-05-17 00:00:00+01:00,0.003636377507989952,0.00707077284806279,-0.006711409395973145,-0.0025839793281653423,0.009306312452760146,0.0,0.0,0.0,-0.006060600368335001,-0.005730680635963603,0.0,0.007645259760462597,0.02499999999999991,-0.009483682944235516
2021-05-18 00:00:00+01:00,0.02173914395568488,0.003009000217422342,-0.0016891891891891442,-0.005181347150259086,-0.00586759899187117,0.0,-0.023529426724303026,0.033536655926975634,-0.018292665641127526,-0.0028819102772229543,-0.016016001108897004,-0.0037936266192926116,0.0,-0.038297856107671224
2021-05-19 00:00:00+01:00,-0.003546112722136785,-0.00500001907348635,-0.0033840947546531774,0.01302083333333326,0.016863406625055033,0.0,0.0,0.017699069236414733,0.0,0.0014451749700281624,0.010172978865296445,-0.0068546011755891145,0.0,-0.015486742281504595
2021-05-20 00:00:00+01:00,0.04626331741681455,-0.005025144893802347,0.008488964346349714,0.005141388174807249,0.021558859925516538,0.0,0.008032159277248097,0.020289877186650873,0.0,0.010100965619285418,0.0060422421045758234,0.003067555015309198,0.0,-0.0011235783609111483
2021-05-21 00:00:00+01:00,0.025510204412631632,0.010101049022522401,0.006734006734006703,0.020460358056265893,0.0032467657125587746,0.04499999999999993,0.017928240986125,0.005681839733084004,0.006211174145593246,0.020000021798270096,0.0010010239350302097,0.004587085861833984,0.0,0.01687289059903274
2021-05-25 00:00:00+01:00,0.006633524559533699,0.02499999999999991,-0.0050167224080267525,0.015037593984962516,0.003236258339943676,0.0023923444976077235,0.048923680521558044,0.016949108707875915,0.024691334404499887,0.016806679588196483,0.0479999542236329,0.01674286384491319,0.0,0.002212355584805259
2021-05-26 00:00:00+01:00,-0.006589810887171033,-0.00780487060546875,0.008403361344537785,-0.012345679012345734,-0.009677394743888623,0.0,-0.00746264407777486,-0.005555576748318192,-0.006024090761646117,-0.008264441966000402,-0.010496150904771295,0.0044909492314071375,-0.005853699474799967,0.006622499825896577
2021-05-27 00:00:00+01:00,-0.0182420976457498,-0.0098328791267982,-0.00666666666666671,-0.0024999999999999467,-0.008143322273196696,0.0,-0.0018797422440645084,-0.008379867135583141,-0.030303001841675226,-0.008333312140570759,0.0,-0.004470870777724123,0.010794957299441243,0.0043859817901739095
2021-05-28 00:00:00+01:00,-0.01182433705942909,-0.02284007439985758,-0.003355704697986628,-0.02506265664160401,-0.026272614921667214,-0.0023866348448687846,-0.018832392254914287,-0.002816858425946256,-0.006249993946403354,-0.022408941735682975,-0.0163934501610441,-0.007485029598166215,0.0,-0.005458515374771156
2021-05-31 00:00:00+01:00,0.0,0.006097506606908221,-0.0033670033670033517,-0.0025706940874036244,0.01011808257230773,0.0,0.0,0.0,-0.012578604092237433,-0.0014327521367222262,0.007843129921766057,0.0,-0.024271844210729476,0.0010976781097258304
2021-06-01 00:00:00+01:00,0.0,0.02020209804504458,-0.0033783783783783994,0.0,-0.0008347754671793606,0.0,0.0,-0.005649738822560368,-0.01910833732279482,0.00573890306158753,-0.0019454771020286366,0.0,0.0,0.00657901451308307
2021-06-02 00:00:00+01:00,-0.005128192086505057,0.0049504193239715555,0.0,0.002577319587628857,0.00918969199298525,0.0023923444976077235,0.0,0.002840865680502347,0.0064935004616650804,-0.0014265117874148192,-0.003898631672582975,-0.006033205240829953,0.0,-0.014161252816351833
2021-06-03 00:00:00+01:00,-0.001718252362670758,-0.014778288095344094,-0.01016949152542368,-0.005141388174807249,-0.00827814548623429,0.0,-0.015355072178321105,0.0,-0.035483838219299235,-0.01714281354631697,-0.01663405791117145,-0.0015174274932576726,0.014925334893879816,-0.003314950848152587
2021-06-04 00:00:00+01:00,-0.001721144178095546,0.005000019073486239,-0.003424657534246589,0.0,-0.02671122283906957,-0.0023866348448687846,0.007797300815356234,-0.002832818024996131,0.0,-0.013081416947058,0.0,-0.009118633369115003,0.0,0.0
2021-06-07 00:00:00+01:00,-0.017241379310344862,0.012935334524746045,-0.0034364261168384758,-0.0025839793281653423,0.0008576198578877925,0.0,-0.0077369733070805635,0.005681839733084004,-0.0066889568102751484,0.0,0.016417906340453703,0.003834356007692108,-0.01960782480441492,-0.004434522284007314
2021-06-08 00:00:00+01:00,0.0,0.0,0.0,0.0,0.0,0.0,0.0,0.0,0.0,0.0,0.0,0.0,0.0,0.0
2021-06-09 00:00:00+01:00,-0.01754385964912286,0.026522543810934884,0.010344827586206806,0.005181347150259086,-0.0025706549289485903,0.0,0.021442540061943793,-0.005649738822560368,0.0033670001235441838,0.030927811884079448,0.0024473439213743564,-0.0007638720350562345,0.019999980926513672,-0.0055679285412920665
2021-06-10 00:00:00+01:00,0.014285700661795575,0.019138738078044115,-0.04095563139931746,0.019329896907216426,0.01374569117823743,0.0,0.0,0.005681839733084004,-0.020134208857554126,0.014285714285714235,0.016601570321654657,-0.001529028620611328,0.00490197957547478,-0.006718993090827352
2021-06-11 00:00:00+01:00,0.0,-0.014084471727988102,0.014234875444839812,0.006321112515802696,0.005084732831534655,0.0,0.0019083677711670965,-0.0028249232911827793,-0.01369861671503625,-0.01549293625522663,0.0038424555657385895,0.010719707741626783,0.004878067388767171,-0.013528714650829166
2021-06-14 00:00:00+01:00,-0.01408449379940424,0.0019048055013020093,0.0035087719298245723,0.0,-0.003372694190769243,0.0,-0.005714271182105657,0.0028329260900767927,-0.02777783296726144,0.001430593303836547,0.00669862677284172,0.007575757575757569,-0.029126231570822836,0.0
2021-06-15 00:00:00+01:00,-0.025000027247837564,0.0,0.0,0.005025125628140614,0.013536431005292116,0.0,0.007662791289950066,-0.008474662113743037,-0.01071427567880967,-0.0028570992606026246,0.021863073405723243,-0.004511324086583612,0.0,-0.006857125418526788
2021-06-16 00:00:00+01:00,-0.0018314739361849908,0.0028516855195621638,0.0034965034965035446,0.0024999999999999467,-0.005008398065369013,0.0,0.0,0.0,-0.01805052442619881,0.0,0.0,-0.013595074591740919,0.014999961853027433,-0.00690447023688967
2021-06-18 00:00:00+01:00,-0.0073394775390625,0.0,0.05226480836236935,-0.012468827930174564,-0.010067088749702191,0.0,-0.007604519444585844,0.005698027681878992,0.05882356034843128,-0.005730680635963603,-0.007906980292741617,0.0,0.0,-0.004635011723452709
2021-06-21 00:00:00+01:00,-0.005545272560479875,0.0047393544863414405,0.0298013245033113,0.007575757575757569,0.016949152542372836,0.0,0.0009578397764324897,-0.005665744115072924,0.010416656318638529,0.002881800343586649,0.007969998917112475,0.010719707741626783,0.0,0.0
2021-06-22 00:00:00+01:00,0.02788104128757518,0.0,0.03215434083601276,-0.0025062656641604564,0.02499999999999991,0.0,0.0,0.005698027681878992,-0.03780073205152623,-0.002873519434293592,-0.0023255459097928366,-0.009090885971531737,0.0,-0.0069848482358912944
2021-06-23 00:00:00+01:00,-0.014466532515327923,0.0,0.012461059190031154,0.005025125628140614,-0.001625991449123454,0.0023923444976077235,0.0009569231973309833,-0.005665744115072924,0.04285718786473258,0.01152731130798279,-0.0046620222803209765,0.007645259760462597,0.0,0.0011723150122329162
2021-06-24 00:00:00+01:00,-0.00366973876953125,0.004716908986904578,-0.003076923076923088,0.0024999999999999467,0.006514620541386407,0.0,0.0038241064217401366,-0.0028489595005202206,0.07534247358289559,0.018518562795897253,-0.0023419739351656643,0.0,0.01970450940454449,-0.0070257431311552265
2021-06-25 00:00:00+01:00,0.0,0.0,0.0,0.0,0.0,0.0,0.0,0.0,0.0,0.0,0.0,0.0,0.0,0.0
2021-06-28 00:00:00+01:00,0.003683255354503645,0.015962449050059835,0.1049382716049383,0.0174563591022443,0.03236245994644982,0.0,0.013333347865513323,-0.01142861502511161,0.0063694204644377805,0.004195846877731668,0.023474179244571625,0.0015174274932576726,0.0038647304713768094,-0.0058962262029026435
2021-06-29 00:00:00+01:00,0.0,-0.020332654303098496,0.06983240223463683,-0.009803921568627416,-0.006269556676566368,0.0,0.0,0.01445086768931425,0.012658215432457043,-0.005571051655674175,0.0018349044462047104,-0.001515128395774168,0.025986476916997736,0.002372442953761267
2021-06-30 00:00:00+01:00,-0.00917431192660545,-0.0018868355701793238,-0.01436031331592691,-0.004950495049504955,-0.003154586090314493,0.0,0.0,0.0028490681813586605,0.04374995762482348,0.008403339794098352,0.0,0.00455228247977324,-0.005628467804992376,-0.00591715976331364
2021-07-01 00:00:00+01:00,-0.003703717832212128,0.0,-0.014569536423841067,-0.0024875621890547706,-0.01582278461911668,0.0,-0.0075188255665883386,-0.008522705413586351,0.005988018395350014,0.0,-0.016483544314852216,0.0030212173241199736,-0.013207579083439835,0.0023809160505021687
2021-07-02 00:00:00+01:00,-0.0018587077237764982,-0.0023629129216020672,0.026881720430107503,0.0,0.0,0.0,0.0056818038143071625,-0.013180598253808795,0.005952446419502655,-0.004166709052191853,0.027932979248437073,0.01506024061776956,0.02294452870391006,-0.0023752607540488135
2021-07-05 00:00:00+01:00,0.0018621689515898598,0.006158178920319557,0.007853403141361293,0.0,0.012861723910736922,0.0,-0.0018832104895413204,0.004645756498028009,-0.01775153229781612,0.01673646623029801,0.0018116356732591488,-0.002967426900723824,0.002803713411771769,-0.009523845854259694
2021-07-06 00:00:00+01:00,0.01672865313460692,-0.0018831924957504187,0.029870129870129825,0.0,-0.0031746152847532683,0.0,-0.0018867636626621609,-0.005780258874628963,-0.01807227228493835,-0.01097397853241222,0.002712453149457561,-0.0022320521323817566,0.0,0.004807710823928835
2021-07-07 00:00:00+01:00,0.03473487540550346,0.017924488070344413,0.016393442622950838,0.007481296758104827,0.0,0.0,0.0,0.0,0.0,0.011095742977650147,-0.0036068495313494875,0.008202765060856487,0.0018639756399749796,-0.011961722706365308
2021-07-08 00:00:00+01:00,0.01766784499927554,0.01946246884980596,0.0,0.0,-0.007165617331311824,0.0,0.01890359113715334,-0.004360509279805136,0.018404890477013325,0.02263376531334038,-0.0009049980732327434,0.02218934961328789,0.013953452886537043,-0.014527808358472893
2021-07-09 00:00:00+01:00,0.012152791345193314,0.008181832053444582,-0.002481389578163795,0.0,0.00641542158248698,0.0,0.009276437585255648,0.0014598317389939997,0.024096434859411042,0.0033534539204034264,0.009963737052294697,0.027496404744357328,-0.015596337820502404,0.0
2021-07-12 00:00:00+01:00,-0.006861024295303331,-0.0036068495313494875,0.004975124378109541,0.0,-0.003984063745019917,0.0,0.0,0.0,-0.00588234716633218,-0.0013369799389770787,0.003587440647670581,-0.005633824308153623,0.0,0.0
2021-07-13 00:00:00+01:00,0.022452490549236037,0.0036199059875643425,0.0,0.0,-0.0015999755859374964,0.0,0.0018382071933127353,-0.002915407473626064,-0.011834378377890364,-0.0013386677136062453,0.0008936755368040838,0.004249335102574747,0.011183676081349292,0.007370988487393815
2021-07-14 00:00:00+01:00,-0.0016892278298915597,-0.008115432944055367,0.0024752475247524774,-0.004950495049504955,0.020833320597298366,0.0,0.0,0.0,-0.020958064383725383,0.0,0.022321428951560307,0.0,0.0,0.0
2021-07-15 00:00:00+01:00,0.0,-0.009090943769975102,-0.006172839506172867,0.004975124378109541,-0.001569894625127577,0.0,0.0,0.0,-0.033639111846312075,-0.004021386441011132,0.002620064058596494,0.014104372051882086,0.0,0.002438987173685181
2021-07-16 00:00:00+01:00,-0.015228388061223619,0.004587173622452312,0.003726708074534235,0.01980198019801982,0.0031446661593999004,0.0,0.0,0.005847975394087879,-0.025316506313829312,0.006729474824539228,-0.011323969159434122,0.0027815986647816704,0.004608224451857046,0.007299344596003232
2021-07-19 00:00:00+01:00,-0.015463943540908187,-0.013698595538180203,-0.012376237623762387,-0.024271844660194164,-0.012539173144626603,0.0,-0.01467888508367976,-0.02906976615241441,-0.025974001846660322,-0.02406421094010247,-0.00440530300038533,-0.015256567231633378,-0.012843981151195227,-0.0036232251292344086
2021-07-20 00:00:00+01:00,-0.015706766547381346,-0.009259294417005237,0.0,0.0,-0.019047631157769085,0.0,-0.014897564724294377,-0.008982126887789654,0.0,-0.0273972602739726,-0.006194747550175239,-0.014084507042253502,-0.005576247057657802,0.008484811493844724
2021-07-21 00:00:00+01:00,0.0,0.0009346008467381317,0.005012531328320913,0.0,-0.001618098306724991,0.0,0.007561393187974774,0.021148060278212366,-0.039999961853027344,-0.00845068273409988,0.002671477103153519,0.008571406773158374,0.0,0.0
2021-07-22 00:00:00+01:00,-0.003546112722136785,-0.0056022800563014785,-0.012468827930174564,-0.00497512437810943,-0.011345231025668201,0.0,-0.015009366763823362,-0.01479289974219189,-0.006944520329984494,-0.019886384879754138,-0.019538211594748334,-0.016997124280138,0.0,0.0
2021-07-23 00:00:00+01:00,-0.0017794001327541276,-0.010328606630732096,0.0,0.004999999999999893,0.0032787010317942844,-0.03579952267303099,-0.0019047328404018238,0.015015015359025385,0.05594408800680317,0.0,0.024456563287736932,0.0,0.0,0.0
2021-07-26 00:00:00+01:00,0.0017825720416817514,0.0,-0.008838383838383868,-0.00497512437810943,-0.006535972563600612,0.0,-0.003816808341898237,0.0,-0.04966890606450025,-0.002898506496263553,0.006189185873309633,0.0,0.0,-0.016826850334565435
2021-07-27 00:00:00+01:00,0.0,0.010436400102026955,-0.020382165605095537,0.012499999999999956,0.0016447745077832199,0.01980198019801982,0.0,-0.01479289974219189,0.020905987313805108,0.015988349205356522,0.016695920779666418,-0.005763710620809492,0.0,-0.006112469209611504
2021-07-28 00:00:00+01:00,-0.0035587323883337074,0.0,0.0013003901170351995,-0.012345679012345734,-0.001642073666876076,0.0,-0.003831432184220329,0.003003071805090629,0.003412965950654101,0.0,0.0,0.005797123563462403,0.0,-0.006150061269760143
2021-07-29 00:00:00+01:00,0.0035714421953474407,0.0,-0.0051948051948051965,0.004999999999999893,0.0,0.0,0.0,0.005987932308542776,0.02721085787382216,0.0,0.006914427468986295,-0.0028819102772229543,0.0,-0.00990102749433508
2021-07-30 00:00:00+01:00,0.0017793322555794688,0.0,0.0,-0.0012437810945273853,-0.0008223558830255939,0.0,-0.0019230475792517687,0.0029762587309454247,0.013245020564786714,0.0,0.0030043607066523315,0.002890239688685403,0.0,-0.002499961853027366
2021-08-03 00:00:00+01:00,0.0,0.004694853758291817,0.0,0.0037359900373599153,-0.0008230327088155631,0.0,0.0,-0.00890205431064739,0.00653594160147164,0.008583668970292724,0.004706833506752162,0.002881800343586649,0.0037383142585096785,0.0
2021-08-04 00:00:00+01:00,0.001776239612318431,0.032710316608292045,0.005221932114882533,0.012406947890818865,0.016474464372833397,0.00728155339805836,0.013487416717957945,0.005987932308542776,-0.00974025069249762,0.004255362436281107,0.005110768380448105,0.0028736290520334773,0.0,0.02882199667174845
2021-08-05 00:00:00+01:00,0.0,0.027149338059415218,0.010389610389610393,-0.007352941176470562,0.0032415034111246133,0.009638554216867545,0.005703480236894265,0.0,-0.029508169041433052,0.005649631062755178,0.011016958672847466,0.005730571332321688,0.03351961061672193,0.018270402288409482
2021-08-06 00:00:00+01:00,0.0,-0.0273128113830563,0.021208226221079762,-0.01728395061728394,-0.01615508845475433,0.0,0.0,0.00892866266017478,-0.0033783751129669026,-0.016853890444890163,-0.027242309692016797,-0.011395946682919544,-0.009009043066040445,0.015550276022555654
2021-08-09 00:00:00+01:00,-0.001773090179305603,0.014492739851898806,0.005663939584644506,-0.007537688442211032,-0.021346519198450098,0.0,0.017013188756551445,-0.0029499198913610636,-0.010169481662661628,0.0035714285714285587,-0.015079641875351935,0.0043227005153798626,0.0,0.009422796324914495
2021-08-10 00:00:00+01:00,0.001776239612318431,0.0,0.016270337922402955,0.0151898734177216,0.021812132299336984,0.0,0.014869874505675895,-0.005917182469050486,0.013698616715036138,0.006405650508785499,0.014873147135172404,-0.008608299862145508,-0.0027272484519265117,-0.008167992685751746
2021-08-11 00:00:00+01:00,-0.003546112722136785,0.040178555082909684,0.009852216748768461,0.007481296758104827,-0.004926158361922672,0.0,0.03296708978134788,0.0029762587309454247,0.04054050135560283,0.03253186918015838,0.01637927363233649,-0.0014471559526668676,0.04466725243306491,-0.008235258214614016
2021-08-12 00:00:00+01:00,0.0,0.006008639552845363,0.009756097560975618,0.0,0.011551167996124434,0.031026252983293645,0.03368790176911318,-0.002967426900723824,-0.025974001846660322,0.02602741816272469,0.011026303211326471,0.013043500375056638,0.012216434804252607,0.0
2021-08-13 00:00:00+01:00,0.0,0.011092159682507763,0.004830917874396157,0.004950495049504955,0.011419262180287992,0.0,0.02915953319359188,0.00892866266017478,0.0,0.021361794946936907,-0.005872457581894808,0.005722482362619408,-0.001724177336719812,0.015421060205242476
2021-08-16 00:00:00+01:00,-0.0035587323883337074,0.005907147052389927,0.004807692307692291,0.00738916256157629,0.018548411707724366,-0.01851851851851849,-0.0049999872843424775,0.001474903681711659,-0.013333320617675781,0.011111091164981657,-0.002109752860741221,0.0,0.0060448786947673305,0.0011682064942013515
2021-08-17 00:00:00+01:00,0.0035714421953474407,-0.010067104428777118,-0.004784688995215336,-0.007334963325183352,-0.007125902645545357,0.0,0.00502511278436657,0.004418194633603045,-0.02364862579076832,-0.004524867240148556,-0.008879454032131084,0.007112375224676448,0.0,0.003500619165004215
2021-08-18 00:00:00+01:00,0.0,-0.008474608462146094,-0.014423076923076872,-0.014778325123152691,-0.011164286354414354,0.018867924528301883,-0.009999974568684844,-0.005865013407374997,-0.003460204186943594,-0.012987012987012991,-0.017918091583816187,0.0070621465882492185,0.021459228170475964,-0.01337211076603384
2021-08-19 00:00:00+01:00,-0.0035587323883337074,-0.012820480425263736,-0.017073170731707332,0.007500000000000062,0.004838697371944312,0.0,0.0,0.005899614726846414,-0.020833395421502532,-0.013157894736842146,-0.0017376591977370515,0.0028050061666478054,-0.008403313529497414,0.004124908431528684
2021-08-20 00:00:00+01:00,0.0008928435189383688,0.00606057953837702,0.08933002481389574,-0.012406947890818865,-0.009630794245085172,0.0,-0.006734032249218647,0.02052788252969262,0.021276660503010802,0.001333312988281321,0.001740683913149077,0.013986013986013957,0.016949136104436047,-0.002347382105702178
2021-08-23 00:00:00+01:00,0.008028559662172308,0.0,0.02277904328018221,0.005025125628140614,0.0024310811884420414,0.0,0.0,0.0,-0.0034723015571050952,-0.003994612895586891,0.0026064059404546924,0.006896551724137945,-0.008333365122477177,-0.0023529052734374556
2021-08-24 00:00:00+01:00,0.0017698844977185324,-0.006884675085537251,0.00445434298440972,0.004999999999999893,0.00727567945095009,-0.05555555555555558,0.0,0.0028736290520334773,0.010453035193241922,-0.002673857880705288,0.0017331419263246772,0.020547945205479534,0.0,0.0
2021-08-25 00:00:00+01:00,0.0,-0.006932402423787232,-0.008869179600886956,0.03233830845771135,0.009630855476181699,0.0,0.006779686879303526,0.0,0.0,0.0,-0.0008650716711796624,0.005369147998374624,0.029411797704994802,-0.0011793172159980658
2021-08-26 00:00:00+01:00,-0.0035335150818710526,-0.0008726203183724301,-0.010067114093959773,-0.009638554216867434,0.004769463112606065,0.0,-0.01010104837382797,0.0,-0.01379317205385755,0.0,-0.004329020771356551,-0.002670288031537793,0.0,-0.003541858715137902
2021-08-27 00:00:00+01:00,0.04609926247835472,-0.003493446508240128,-0.003389830508474523,0.014598540145985384,0.022151862251283294,0.019607843137254832,0.0,-0.03151868884597875,0.006993083943600098,-0.008042875152728501,-0.006956515104874272,0.0,0.0,0.0
2021-08-30 00:00:00+01:00,0.015254263150489944,0.0,-0.01814058956916098,-0.007194244604316502,0.0061919742310698744,0.0,0.0,0.0,0.020833312637276835,0.0,0.007005247212924504,-0.0013386677136062453,0.0,0.0023696320453365782
2021-08-31 00:00:00+01:00,0.00500833438094217,0.005258581982392263,0.006928406466512715,0.01449275362318847,0.0015384380634013706,0.03846153846153855,0.0051020279073654695,0.0,-0.02380958173434755,0.008108087488122973,0.008695685345193604,0.0,0.004081648223254186,0.0
2021-09-01 00:00:00+01:00,-0.019933567238062277,-0.014821279192348435,-0.01834862385321101,-0.00952380952380949,0.006144416824186427,0.0,-0.01184428030990059,-0.005917182469050486,-0.003484317373521062,-0.014745288158453329,-0.0344828068146934,0.0026810265647136955,-0.016260146842582146,0.016548481691842643
2021-09-02 00:00:00+01:00,0.0,0.008849506735177037,0.004672897196261738,0.009615384615384581,0.0,-0.0092592592592593,0.00684927569743965,0.011904807858458266,0.0,0.0027210469148597483,0.0,0.01604273929523581,0.0743801314178929,0.0
2021-09-03 00:00:00+01:00,0.0,0.0,-0.013953488372092981,0.023809523809523725,0.007633587786259444,-0.028037383177570097,-0.003401373563511778,-0.005882375380572125,0.006993083943600098,0.004070597885756921,0.026785731771771015,0.00526317797209086,0.015384600712702756,0.004651180533475685
2021-09-06 00:00:00+01:00,0.004237288135593209,0.013157945370521729,0.01650943396226423,-0.0046511627906976605,-0.003030256791548336,0.0,0.0,0.005917182469050486,0.020833312637276835,0.005405426025390625,-0.017391287762185792,0.0013088805251819657,0.015151500920837613,0.0
2021-09-07 00:00:00+01:00,-0.03797468354430378,0.00432902077135644,0.006960556844547661,-0.014018691588784993,0.003039467157545106,0.0,-0.0034129172943666575,-0.005882375380572125,0.0,-0.005376364484882101,-0.008849591131132817,0.0013071695963542407,0.007462715247501972,0.0
2021-09-08 00:00:00+01:00,-0.00877192982456143,-0.008620722256998503,-0.018433179723502335,-0.004739336492891044,-0.018939393939393923,0.0,-0.0068493410175966,0.008875717273141515,0.020408143405366452,-0.006756756756756799,0.00446430282021093,-0.0026109262692708413,-0.022222236350730618,-0.004629647208502563
2021-09-09 00:00:00+01:00,0.0,-0.008695685345193604,0.0046948356807512415,0.0,-0.01158301158301156,0.0,-0.006896578032394962,0.005865125275335004,-0.013333320617675781,0.0,-0.004444461398654509,-0.005235621961910741,0.015151500920837613,-0.0023255459097928366
2021-09-10 00:00:00+01:00,0.0,0.0,-0.004672897196261627,-0.00952380952380949,0.0078125,0.0,-0.006944404891978451,0.008746333636544312,0.0,0.0,0.026785731771771015,0.0,0.0,0.0
2021-09-13 00:00:00+01:00,0.0,-0.008771879924703185,-0.0046948356807511304,0.004807692307692291,-0.007751937984496138,0.019230769230769162,-0.006993033575937835,-0.011560628000628848,-0.01351350045186761,-0.013605442176870763,-0.008695685345193604,0.0,0.0,0.0
2021-09-14 00:00:00+01:00,0.0,-0.008849591131132817,-0.004716981132075526,-0.02392344497607657,-0.0234375,0.0,-0.01408449379940424,0.005847975394087879,0.006849308357518069,-0.01379310344827589,-0.017543843505051004,-0.00526317797209086,0.0,-0.006993077880821041
2021-09-15 00:00:00+01:00,-0.026548672566371723,-0.008928520490927738,-0.009478672985781977,-0.009803921568627416,-0.016000000000000014,0.0,-0.010714258466448134,-0.005813975408954342,-0.01360542893691108,-0.006993006993006978,0.0,-0.010581950244841987,-0.029850718650553665,-0.014084471727988102
2021-09-16 00:00:00+01:00,0.018181818181818077,0.018018000215478835,0.01674641148325362,0.01980198019801982,0.04065040650406515,0.0,0.010830297068508576,0.005847975394087879,0.0034482724601392345,0.028169014084507005,0.017857126131349377,0.010695125531074101,-0.0076923370361328125,0.0023809160505021687
2021-09-17 00:00:00+01:00,0.02678571428571419,-0.008849591131132817,-0.007058823529411784,-0.004854368932038833,-0.0078125,0.0,-0.0035714421953473297,0.005813864516596823,-0.010309268214748757,0.0,0.0,-0.005291025581380615,0.015503935570057026,0.0
2021-09-20 00:00:00+01:00,-0.04347826086956519,-0.035714252262698754,-0.023696682464455,-0.014634146341463428,-0.03149606299212604,-0.07547169811320753,-0.02508956505956017,-0.011560628000628848,0.024305531410156345,-0.0273972602739726,-0.03508768701010212,-0.031914813748412985,-0.053435171187446784,-0.016627006499120855
2021-09-21 00:00:00+01:00,-0.018181818181818188,0.009259206113829244,0.029126213592232997,-0.01980198019801982,0.016260162601626105,0.0,-0.014705938038939936,-0.029239765429585618,-0.016949136104436047,-0.014084507042253502,-0.027272744612260258,-0.01648357867215422,0.024193564513223853,-0.014492808374494848
2021-09-22 00:00:00+01:00,0.0185185185185186,0.01834869448980969,0.009433962264151052,0.015151515151515138,0.008000000000000007,0.0,0.007462715247501972,0.024096362008327654,0.017241362300696395,0.021428571428571352,0.018691571292548614,0.0,0.0,-0.009803865653465582
2021-09-23 00:00:00+01:00,0.0,0.0,-0.004672897196261627,-0.00995024875621886,-0.007936507936507908,-0.010204081632653073,0.005555541427047173,0.0,-0.010169481662661628,0.0,-0.00917425975184516,-0.016759734271166393,0.00787404590327423,-0.00990102749433508
2021-09-24 00:00:00+01:00,0.0,0.00900895714943828,0.0,0.005025125628140614,0.016000000000000014,0.0,0.016574613969140506,-0.01176475076114425,0.0034246541787590346,0.0034965034965035446,0.018518500530834592,0.022727250560256484,-0.023437514551915006,0.0
2021-09-27 00:00:00+01:00,0.08181818181818179,0.026785731771771015,0.03755868544600949,0.040000000000000036,0.03937007874015741,0.09278350515463907,0.028985479203023967,0.01785721178768762,0.01706482975327095,0.03135888501742157,0.03181821649724781,0.0444444020589192,0.031999969482421786,0.0
2021-09-28 00:00:00+01:00,0.050420168067226934,-0.008695685345193604,-0.004524886877828038,0.0,-0.015151515151515138,0.0,-0.003521140239892029,-0.02339179003549785,0.0,0.006756756756756799,-0.00440530300038533,0.010638338885950116,0.007751967785028402,0.005000019073486239
2021-09-29 00:00:00+01:00,0.05600000000000005,0.0,0.00454545454545463,0.019230769230769162,0.01538461538461533,0.009433962264151052,-0.0035335150818710526,0.0,-0.0033557014762590764,0.006711409395973256,-0.017699097866309854,0.00526317797209086,-0.0076923370361328125,0.04477609957460427
2021-09-30 00:00:00+01:00,0.0,-0.008771879924703185,0.03619909502262453,0.009433962264151052,-0.007575757575757569,0.0,0.0,0.023952071871634395,0.02693600098835347,0.006666666666666599,0.0,0.005235621961910741,0.015503935570057026,0.023809523809523725
2021-10-01 00:00:00+01:00,0.09090909090909083,0.008849506735177037,0.04366812227074246,0.028037383177569986,0.01908396946564883,0.06542056074766345,0.007092157807799149,0.02339179003549785,-0.00327868544904808,-0.0066225165562914245,-0.004504521533020278,0.0,0.007633543884232319,0.0
2021-10-04 00:00:00+01:00,-0.01388888888888884,-0.008771879924703185,-0.01673640167364021,-0.018181818181818188,-0.011235955056179803,0.01754385964912286,-0.003521140239892029,-0.02857142857142858,0.06578949019519276,0.0,0.004524904060796864,0.005208253653516293,0.0075757865844463534,0.004651180533475685
2021-10-05 00:00:00+01:00,-0.021126760563380254,0.02654868899744267,-0.008510638297872353,-0.02314814814814814,-0.030303030303030276,0.01724137931034475,0.0,0.002941131591796875,-0.012345667202249944,0.010000000000000009,-0.013513564599060723,-0.0025906341469971172,-0.01503757942834183,0.004629647208502563
2021-10-06 00:00:00+01:00,-0.014388489208633115,-0.008620722256998503,-0.0042918454935622075,0.004739336492890933,0.0,0.0,-0.014134262519924334,-0.014662757254357506,0.01874998183921006,-0.0033003300330033403,0.004566227543908896,-0.0025973629641842244,0.05343509838788285,0.009216536799961261
2021-10-07 00:00:00+01:00,0.014598540145985384,0.008695685345193604,0.004310344827586299,0.0,0.0,0.0,0.0071684862248750925,0.005952403929229133,0.03680985408856041,0.0066225165562914245,-0.018181800842285156,0.0,-0.007246404354172786,0.004566227543908896
2021-10-08 00:00:00+01:00,0.0,0.008620640043698113,0.0,0.0,0.0,0.0,0.0,-0.005917182469050486,-0.01775153229781612,0.0,0.009259206113829244,0.0,0.007299298019120881,0.004545471884987551
2021-10-11 00:00:00+01:00,0.0,-0.004273520645296847,0.0,0.0,-0.015625,0.0,0.0035587323883337074,0.0,-0.012048181523292234,0.006578947368421018,0.02752295424165485,0.007812479821345031,0.0,0.004524904060796864
2021-10-12 00:00:00+01:00,-0.007194244604316502,0.0042918620061869195,0.0042918454935623185,-0.004716981132075526,0.003968253968253954,0.0,0.0035460450856623638,-0.005952290396567306,-0.018292665641127526,-0.006535947712418277,-0.004464302820210819,0.0025839398488296528,0.0,0.0
2021-10-13 00:00:00+01:00,0.032608695652173836,-0.008546959779967,0.0,0.014218009478673022,0.0,0.0,0.003533582479351205,0.0,0.031055870727966672,0.006578947368421018,0.013452966577263581,0.0,0.0,-0.009009043066040445
2021-10-14 00:00:00+01:00,0.01754385964912286,0.051724086902089406,0.02136752136752129,0.0,0.011857707509881354,0.0,0.01408449379940424,-0.011976093042061042,-0.006024090761646117,0.03267973856209161,0.008849506735177037,0.0,0.014492739601511984,0.03181821649724781
2021-10-15 00:00:00+01:00,0.02758620689655178,0.04918035990574876,0.008368200836819994,0.01869158878504673,0.0234375,-0.008474576271186418,0.0486111653807737,-0.006060629179983401,0.02424247372139554,0.03797468354430378,0.017543927160695638,0.015463976820011327,0.014285700661795575,0.0
2021-10-18 00:00:00+01:00,0.006711409395973256,-0.023437514551915006,-0.020746887966805017,-0.01834862385321101,-0.01526717557251911,0.0,-0.026490103450292568,0.006097584377790843,0.02366861567970302,-0.018292682926829285,0.0689654492027858,0.0,0.0,-0.00440530300038533
2021-10-19 00:00:00+01:00,-0.026666666666666616,-0.015999984741210893,-0.004237288135593209,0.0,0.0,0.0,-0.006802682251218939,-0.018181771943063474,-0.017341023733535632,0.006211180124223503,-0.008064470231593623,0.005076064479612397,0.0,0.017699097866309854
2021-10-20 00:00:00+01:00,-0.013698630136986356,0.0,-0.008510638297872353,-0.009345794392523366,-0.015503875968992276,0.0,0.00684927569743965,-0.01851858828892705,-0.01176476445577379,-0.01851851851851849,-0.016260146842582146,-0.011363559736909168,-0.01408449379940424,0.008695685345193604
2021-10-21 00:00:00+01:00,0.02083333333333326,-0.008130112188539096,-0.025751072961373356,0.009433962264151052,0.0,0.0,0.006802747127023556,0.0,0.05059526238142853,0.0062893081761006275,0.0,0.0012771196707999088,0.0,0.004310278915198751
2021-10-22 00:00:00+01:00,0.006802721088435382,0.01639342724524062,-0.004405286343612369,0.0,0.007874015748031482,0.0,-0.00675678244466027,-0.00628927233928156,0.025495726600212487,0.0,-0.016528988151582213,0.010204023045831345,0.0,0.0042918620061869195
2021-10-25 00:00:00+01:00,-0.006756756756756799,-0.008064470231593623,0.01327433628318575,0.009345794392523255,-0.00390625,-0.008547008547008517,0.006802747127023556,-0.012658215623466695,0.011049779429876505,0.0,0.008403393670198822,-0.005050428180518374,0.007142884390694659,0.0
2021-10-26 00:00:00+01:00,0.006802721088435382,0.0,-0.017467248908296984,0.0,0.0039215686274509665,0.0,-0.01351350045186761,-0.025641061693801315,-0.04098363165294494,0.0,0.0,0.0,0.0,0.03846152278641801
2021-10-27 00:00:00+01:00,-0.006756756756756799,0.02439025903112113,-0.004444444444444473,0.004629629629629539,0.0078125,0.0,0.04109585014510864,0.052631592156154205,0.008547000419168338,0.02499999999999991,0.025000015894572014,0.012690354838478468,-0.00709222544427357,0.0329218588282536
2021-10-28 00:00:00+01:00,0.0,0.0,0.0,0.004608294930875667,0.007751937984496138,0.0,0.019736854901274414,0.03125,-0.01694913656104502,0.018292682926829285,-0.008130112188539096,0.012531327841571738,0.007142884390694659,0.015936239539883656
2021-10-29 00:00:00+01:00,0.006802721088435382,-0.007936537971601432,-0.004464285714285698,0.00917431192660545,-0.01538461538461533,0.0,0.006451637514175879,0.006060629179983401,0.0057471209243953325,-0.0119760479041916,0.00819675270763387,-0.014851541241502675,0.014184383252072719,0.009803921568627416
2021-11-01 00:00:00+00:00,-0.013513513513513487,0.0,0.03587443946188351,0.027272727272727337,0.00390625,0.0,-0.006410280706692251,-0.0120482384544226,-0.0028571401323590484,0.003030303030302939,-0.016260146842582146,-0.005025144893802347,0.0,0.029126213592232997
2021-11-02 00:00:00+00:00,0.006849315068493178,0.015999984741210893,0.06493506493506485,0.008849557522123908,-0.0038910505836575737,0.0,0.0,0.01829275313337253,0.020057287407311275,0.0030211480362538623,0.008264415259734426,0.0,0.0,0.02358490566037741
2021-11-03 00:00:00+00:00,0.006802721088435382,-0.007873970810807207,0.03658536585365857,-0.00877192982456143,0.015625,0.0,0.0,-0.005988046521030466,0.0,0.012048192771084265,-0.004098376353816935,-0.005050428180518374,-0.006993033575937835,0.004608294930875667
2021-11-04 00:00:00+00:00,0.027027027027026973,-0.007936537971601432,-0.009803921568627416,0.0,-0.01538461538461533,0.0,0.032258064516129004,-0.018072357681633844,-0.028089861303337904,0.005952380952380931,0.004115242164996147,-0.0076142903588661826,0.0,0.10091743119266061
2021-11-05 00:00:00+00:00,0.013157894736842035,0.0,-0.013861386138613874,-0.008849557522123908,0.015625,0.0,0.01874995231628418,-0.012269869015459345,-0.017341023733535632,-0.011834319526627168,0.0,-0.00255750583180403,-0.01408449379940424,0.0
2021-11-08 00:00:00+00:00,0.0,-0.02400001525878903,0.004016064257028162,-0.017857142857142905,0.007692307692307665,0.0,-0.006134876000100209,0.0,0.03529408299799286,-0.014970059880239472,-0.008196674537606752,0.0,0.007142884390694659,-0.01666666666666672
2021-11-09 00:00:00+00:00,0.0,-0.008196674537606752,-0.0040000000000000036,0.009090909090909038,-0.007633587786259555,0.0,-0.01851858828892705,-0.024844755448886202,0.002840906397000742,-0.015197568389057725,-0.008264494075791107,-0.01025644938151038,-0.00709222544427357,-0.016949152542372836
2021-11-10 00:00:00+00:00,-0.00649350649350644,-0.016528988151582213,-0.012048192771084376,-0.018018018018018056,-0.007692307692307665,0.0,-0.00628927233928156,0.0,-0.024079331114982394,-0.006172839506172867,-0.016666650772094727,-0.0051812682939942345,0.0,0.0
2021-11-11 00:00:00+00:00,-0.006535947712418277,-0.008403313529497414,0.012195121951219523,-0.00917431192660545,-0.015503875968992276,0.0,-0.006329137991299971,0.006369451126407855,-0.01886787229650111,-0.006211180124223614,-0.008474608462146094,0.005208253653516293,0.0,0.008620689655172376
2021-11-12 00:00:00+00:00,0.0,0.0,-0.02208835341365467,0.0092592592592593,0.007874015748031482,0.0,0.006369451126407855,0.0,0.02366861567970302,0.0,-0.008546959779967,0.0,0.0,-0.03418803418803418
2021-11-15 00:00:00+00:00,0.006578947368421018,0.0,0.006160164271047153,0.00917431192660545,0.0234375,0.0,0.012658215623466695,0.0,-0.014450853111279693,0.012499999999999956,0.0,0.0051813671203522205,0.0,0.008849557522123908
2021-11-16 00:00:00+00:00,0.0,-0.008474608462146094,-0.01224489795918371,-0.004545454545454519,-0.007633587786259555,0.0,0.0,0.0,-0.008797645347408345,-0.006172839506172867,0.0,-0.005154658940003776,-0.021428585052490234,0.00877192982456143
2021-11-17 00:00:00+00:00,0.013071895424836555,0.008547041290593693,-0.012396694214875992,0.0,0.007692307692307665,0.0,-0.00625002384185791,0.00949364662781682,-0.005917224457964498,0.0,-0.008620722256998503,0.0,0.01459852642697701,-0.008695652173912993
2021-11-18 00:00:00+00:00,0.006451612903225712,-0.016949136104436047,0.046025104602510414,-0.013698630136986356,0.0,0.0,0.0,-0.006269556676566368,0.017857197342682873,0.006211180124223503,0.017391287762185792,-0.010362635414346344,0.0,0.00877192982456143
2021-11-19 00:00:00+00:00,0.03846153846153855,0.017241362300696395,0.010000000000000009,0.0092592592592593,0.007633587786259444,0.008620689655172376,0.006289332318799801,-0.003154586090314493,-0.023391859748531196,0.012345679012345734,0.008547041290593693,-0.010471243923821483,0.0,-0.017391304347826098
2021-11-22 00:00:00+00:00,0.006172839506172867,0.0,0.0,0.0,0.015151515151515138,0.0,0.0,-0.012658215623466695,0.017964126568860372,0.0,0.0,-0.002645462331730686,-0.01438847588157588,0.008849557522123908
2021-11-23 00:00:00+00:00,-0.030674846625766916,-0.016949136104436047,-0.00990099009900991,-0.004587155963302725,-0.02238805970149249,0.0,-0.012499988079071045,-0.025641061693801315,-0.01176476445577379,0.0030487804878047697,-0.016949136104436047,-0.00795753928353915,0.0,0.07894736842105265
2021-11-24 00:00:00+00:00,0.0,0.008620640043698113,-0.0040000000000000036,-0.004608294930875556,0.0,0.0,0.0,-0.013157882353605488,-0.002976187730794999,-0.003039513677811523,0.017241362300696395,0.005347511766912616,0.0,0.008130081300812941
2021-11-25 00:00:00+00:00,-0.012658227848101222,0.025641042361154165,0.0,0.0,0.007633587786259444,0.0,0.006329077632166724,0.0,0.008955286764893211,0.030487804878048808,0.008474527642289953,-0.005319067988256432,0.007299298019120881,-0.016129032258064502
2021-11-26 00:00:00+00:00,-0.02564102564102566,-0.025000015894571903,-0.032128514056224855,0.0,-0.007575757575757569,0.0,-0.00943393849868146,-0.020000012715657545,-0.047337301897445005,-0.029585798816568087,-0.008403313529497414,-0.021390455056646163,-0.02173914395568488,0.024590163934426146
2021-11-29 00:00:00+00:00,0.013157894736842035,-0.008546959779967,0.012448132780082943,0.0092592592592593,0.0,0.0,0.0031746152847531572,0.020408176505266162,0.024844696582373427,-0.0060975609756097615,-0.008474608462146094,-0.016393401615722336,0.007407435664424256,0.040000000000000036
2021-11-30 00:00:00+00:00,0.01298701298701288,0.0,-0.016393442622950838,-0.00917431192660545,0.0,0.0,-0.006329137991299971,-0.009999974568684844,-0.030303001841675226,0.012269938650306678,0.008547041290593693,0.005555576748318192,0.0,-0.007692307692307665
2021-12-01 00:00:00+00:00,0.0025640634390025063,0.025862002344394508,-0.01666666666666672,0.01388888888888884,0.0,0.0,0.012738841509227994,0.01683501640255569,0.0750000018626451,0.0060606060606061,0.008474527642289953,0.03314919164775221,0.022058766812190767,0.007751937984496138
2021-12-02 00:00:00+00:00,-0.00255750583180403,-0.016806707199696347,0.021186440677966045,-0.013698630136986356,-0.007633587786259555,0.0,-0.00628927233928156,0.0,-0.011627895694091173,-0.0060240963855421326,-0.016806707199696347,-0.021390455056646163,0.021582748127196183,-0.007692307692307665
2021-12-03 00:00:00+00:00,0.0,0.01709400107056047,0.0,0.0092592592592593,0.0,0.0,0.0,-0.006622541651882585,-0.014705938038939936,0.0121212121212122,0.008547041290593693,0.010929003894951883,-0.028168987598808592,-0.007751937984496138
2021-12-06 00:00:00+00:00,-0.012820512820512775,0.0,0.0,0.00917431192660545,0.007692307692307665,0.0,0.0,0.0,0.038806005415446876,0.0,0.021186440335509094,0.005405426025390625,0.02173914395568488,0.0078125
2021-12-07 00:00:00+00:00,0.025974025974025983,0.02521010086989528,0.024896265560165887,-0.009090909090909038,0.007633587786259444,0.0,0.025316491606066638,0.0,0.040229846470767994,0.03592814371257491,0.012448100925807948,0.005376364484882101,0.014184383252072719,0.007751937984496138
2021-12-08 00:00:00+00:00,-0.01898734177215189,0.00819675270763387,-0.0080971659919028,0.0183486238532109,0.0,-0.008547008547008517,0.006172745025411208,0.013333320617675781,0.03314920656665388,0.0,0.004098376353816935,0.0,0.0,-0.007692307692307665
2021-12-09 00:00:00+00:00,-0.006451612903225823,-0.016260146842582146,0.0,0.009009009009008917,-0.0037878787878787845,0.0,0.003067555015309198,0.0065789725476688155,-0.02139035387755628,-0.011560693641618491,0.004081648223254186,0.010695125531074101,0.0,0.007751937984496138
2021-12-10 00:00:00+00:00,0.01298701298701288,0.01652890933552542,0.008163265306122547,-0.013392857142857095,0.0038022813688212143,0.0,-0.0030581738986287244,0.0,-0.03278691835069325,0.020467836257309857,-0.008130112188539096,0.005291025581380504,-0.034965034498667724,-0.01538461538461533
2021-12-13 00:00:00+00:00,-0.012820512820512775,-0.016260146842582146,0.00809716599190291,-0.013574660633484115,-0.022727272727272707,0.0,0.0,-0.019607855359147774,0.0,0.002865329512893977,-0.008196674537606752,-0.00526317797209086,0.014492739601511984,0.0078125
2021-12-14 00:00:00+00:00,0.006493506493506551,-0.016528988151582213,-0.004016064257028162,0.0183486238532109,0.003875968992248069,0.0,-0.006134876000100209,-0.006666692097981763,-0.011299424374029976,-0.02857142857142858,0.0,0.0,-0.028571401323590928,-0.007751937984496138
2021-12-15 00:00:00+00:00,-0.006451612903225823,0.008403393670198822,0.008064516129032251,-0.0045045045045044585,0.0,-0.008620689655172376,0.006172745025411208,-0.013422806334599358,-0.011428560529436416,-0.002941176470588225,0.0,0.0,-0.007352969019469913,0.0
2021-12-16 00:00:00+00:00,0.0,0.0,-0.008000000000000007,0.004524886877828038,0.019305019305019266,0.0,-0.006134876000100209,0.020408176505266162,0.0375722180893272,0.01179941002949847,0.008264415259734426,-0.005291025581380615,0.007407435664424256,-0.0078125
2021-12-17 00:00:00+00:00,0.006493506493506551,0.008333365122477288,-0.008064516129032251,0.0,-0.007575757575757569,0.0,0.0,0.0,0.008356538191369944,0.014577259475218707,-0.01639342724524051,0.010638338885950116,-0.007352969019469913,-0.007874015748031482
2021-12-20 00:00:00+00:00,-0.012903225806451646,-0.016528988151582213,-0.012195121951219523,-0.013513513513513487,-0.007633587786259555,-0.12173913043478257,-0.006172862762975684,-0.026666641235351562,-0.04696128266565147,-0.017241379310344862,-0.016666650772094727,-0.01578943352950246,0.022222236350730507,-0.007936507936507908
2021-12-21 00:00:00+00:00,0.013071895424836555,0.0,0.039094650205761416,0.004566210045662045,0.023076923076922995,0.13861386138613851,0.0031055426009860554,-0.0068493410175966,0.0,0.0,0.008474527642289953,-0.005347613764161596,0.0,0.0
2021-12-22 00:00:00+00:00,-0.006451612903225823,0.0,-0.00990099009900991,0.018181818181818077,0.022556390977443552,-0.04347826086956519,-0.003095928064492215,0.020689668326542288,0.014492739601511984,0.0,0.008403393670198822,0.010752626424140876,0.0,0.0
2021-12-23 00:00:00+00:00,0.0,0.016806787340397866,0.010000000000000009,0.008928571428571397,0.0,0.045454545454545414,0.006211203670828613,0.0,-0.0028571401323590484,0.0029239766081872176,0.0,0.0,0.007246335247339308,0.008000000000000007
2021-12-27 00:00:00+00:00,0.0,0.008264415259734426,0.0,0.0,0.003676470588235281,0.0,0.0,-0.00675678244466027,0.002865326772472976,-0.005830903790087438,0.004166682561238533,-0.005319067988256432,0.0071942722456204145,0.023809523809523725
2021-12-28 00:00:00+00:00,0.0,0.01639342724524062,0.0,0.0,0.01098901098901095,0.0,0.012345607788387003,0.013605429378242606,0.051428590502057725,0.014662756598240456,0.0041493933563012675,0.010695125531074101,0.021428585052490234,0.0
2021-12-29 00:00:00+00:00,0.006493506493506551,0.00806454714081517,0.0,0.008849557522123908,0.0,0.008695652173912993,0.0,-0.03355704783899316,0.0027173886635465383,-0.005780346820809301,-0.008264494075791107,0.0,-0.020979034037302835,0.007751937984496138
2021-12-30 00:00:00+00:00,0.006451612903225712,-0.015999984741210893,0.0,-0.00877192982456143,-0.021739130434782594,0.0,0.012195168755581687,0.02777781825006853,-0.013550122368818363,-0.011627906976744207,0.0,0.005291025581380504,0.014285700661795575,0.007692307692307665
2022-01-03 00:00:00+00:00,0.0,0.03252029368516429,-0.00990099009900991,0.008849557522123908,0.014814814814814836,0.0,0.012048123553905166,0.05405406624492359,0.03846150067330312,0.0117647058823529,0.008333365122477288,0.0,0.007042280479784058,0.007633587786259444
2022-01-04 00:00:00+00:00,-0.02564102564102566,0.00787404590327423,0.0,0.01754385964912286,0.018978146740989965,-0.051724137931034475,0.0,0.02564100056083385,0.02910056464205768,0.011627906976744207,0.008264415259734426,0.015789433529502572,0.006992966885427165,0.0
2022-01-05 00:00:00+00:00,-0.013157894736842146,0.0,-0.008000000000000007,0.0,-0.00429803780288307,0.05454545454545445,0.0,-0.018750011920928955,-0.00257069156647316,0.0,-0.01639342724524051,-0.0025906341469971172,-0.02777775202268362,0.0
2022-01-06 00:00:00+00:00,0.0,0.0,0.0,0.0,0.0,0.0,0.0,0.0,0.0,0.0,0.0,0.0,0.0,0.0
2022-01-07 00:00:00+00:00,0.0,0.015624984866008385,-0.008064516129032251,-0.004310344827586188,0.007194244604316502,0.008620689655172376,-0.005952290396567306,0.0,0.03608243875162076,-0.02298850574712641,0.0,-0.00649350649350644,0.0714285714285714,0.015151515151515138
2022-01-10 00:00:00+00:00,0.026666666666666616,-0.015384600712702867,-0.04065040650406504,-0.0043290043290042934,-0.0071428571428571175,0.02564102564102555,0.0,-0.025477683018455766,-0.004975119657066318,0.0,0.0,-0.006535947712418277,0.04666665395100922,0.00746268656716409
2022-01-11 00:00:00+00:00,-0.01948051948051943,-0.007812529685906622,0.008474576271186418,0.0,-0.007194244604316502,0.02499999999999991,0.005987932308542776,0.006535910231946662,-0.019999980926513672,0.0,0.0,0.0,-0.006369390382820028,-0.007407407407407418
2022-01-12 00:00:00+00:00,0.0066225165562914245,0.0,-0.004201680672268893,0.008695652173912993,0.007246376811594235,-0.08943089430894313,-0.005952290396567306,0.0,-0.015306168375089801,0.0,0.016666650772094727,-0.00526317797209086,0.0,0.00746268656716409
2022-01-13 00:00:00+00:00,0.006578947368421018,0.0,0.00421940928270037,0.0,0.007194244604316502,0.0,0.0,0.006493531425117771,0.010362746465985007,0.0117647058823529,0.0,-0.010581950244841987,0.01923071985414171,-0.014814814814814836
2022-01-14 00:00:00+00:00,0.0,0.0,0.008403361344537785,0.0,0.0035714285714285587,0.1160714285714286,0.0,-0.012903213500976562,0.0,-0.011627906976744207,0.00819675270763387,-0.005347613764161596,-0.0031446061798816594,-0.007518796992481258
2022-01-17 00:00:00+00:00,0.0,0.00787404590327423,0.008333333333333304,0.008620689655172376,0.01067615658362997,0.0,0.0,0.013071882795547163,-0.007692361301217643,0.0,0.016260146842582035,0.005376364484882101,0.0,0.0
2022-01-18 00:00:00+00:00,0.0,-0.007812529685906622,-0.004132231404958664,0.0,0.0,0.008000000000000007,-0.0029940803667591886,0.0,0.0025840385471720406,0.01764705882352935,-0.008000030517578138,0.010695125531074101,0.0031545259215892685,0.007575757575757569
2022-01-19 00:00:00+00:00,0.0,0.015748016714081325,0.012448132780082943,0.008547008547008517,0.0,0.007936507936507908,0.003003071805090629,-0.012903213500976562,0.020618536429497514,0.005780346820809301,-0.008064470231593623,-0.005291025581380615,0.0,0.007518796992481258
2022-01-20 00:00:00+00:00,-0.019607843137254943,0.007751967785028402,-0.016393442622950838,-0.008474576271186418,0.0,0.0,0.0,0.006535910231946662,-0.005050500185316276,0.011494252873563315,0.0,-0.005319067988256432,0.0,0.0
2022-01-21 00:00:00+00:00,0.0,0.0,0.04166666666666674,0.008547008547008517,-0.014084507042253502,-0.015748031496062964,-0.005988046521030466,-0.01948047042154266,-0.015228411651818319,0.0,0.0,0.0,0.0,0.00746268656716409
2022-01-24 00:00:00+00:00,-0.00666666666666671,-0.015384600712702867,-0.01200000000000001,-0.03389830508474578,-0.014285714285714235,0.0,-0.0120482384544226,-0.03311258194493727,-0.015463963770208755,-0.022727272727272707,-0.016260146842582146,-0.02673796682355889,-0.04402514629304388,-0.029629629629629672
2022-01-25 00:00:00+00:00,-0.006711409395973145,-0.015624984866008385,-0.010121457489878583,-0.00877192982456143,-0.010869565217391353,-0.008000000000000007,-0.012195052453833122,-0.017123287223834494,0.00523559719267741,-0.011627906976744207,-0.004132247037895498,0.0054944214246803735,-0.013157882353605488,-0.007633587786259555
2022-01-26 00:00:00+00:00,0.020270270270270174,0.015873000254767344,0.0327198364008181,0.026548672566371723,0.04029304029304037,0.008064516129032251,0.006172745025411208,0.055749074271356225,0.031250032984341924,0.0235294117647058,0.016597494282109215,0.02732240551067444,0.026666641235351562,0.0038461538461538325
2022-01-27 00:00:00+00:00,0.0066225165562914245,0.0,-0.006930693069306937,-0.004310344827586188,-0.007042253521126751,0.0,0.006134993015359136,-0.0033002797570629294,0.03535350129721371,0.005747126436781658,-0.004081648223254186,-0.005319067988256432,0.006493531425117771,-0.003831417624521105
2022-01-28 00:00:00+00:00,-0.006578947368421018,0.0,-0.006979062811565351,-0.0043290043290042934,-0.010638297872340385,0.008000000000000007,0.0,0.019867498641171988,0.0,-0.008571428571428563,-0.008196674537606752,-0.005347613764161596,0.0,-0.007692307692307665
2022-01-31 00:00:00+00:00,0.0066225165562914245,0.0,0.014056224899598346,0.008695652173912993,-0.0035842293906810374,0.0,-0.006097584377790843,0.019480532348447932,0.004878044241882984,0.008645533141210304,0.004132168221838928,0.005376364484882101,0.006451637514175879,-0.007751937984496138
2022-02-01 00:00:00+00:00,-0.006578947368421018,0.0,0.0,0.0,0.007194244604316502,0.0,0.006134993015359136,-0.012738841509227883,0.004854364437391068,0.005714285714285783,0.0,-0.005347613764161596,0.0,-0.0078125
2022-02-02 00:00:00+00:00,-0.013245033112582738,0.03124996973201677,-0.017821782178217838,0.0,0.0,0.0,0.012195168755581687,0.01935485101515244,0.028985595716481738,0.03409090909090917,0.01234572649498844,0.0,-0.03846156197421824,-0.003937007874015741
2022-02-03 00:00:00+00:00,-0.01342281879194629,0.0075757865844463534,-0.01008064516129037,0.0,0.0,0.0,0.0,0.012658215623466695,0.0,0.0,-0.008130112188539096,0.0,0.03333333333333344,-0.011857707509881465
2022-02-04 00:00:00+00:00,0.006802721088435382,0.015037579428341719,-0.006109979633401208,0.0,0.0,0.0,0.0,-0.018750011920928955,-0.02347426668941155,-0.005494505494505475,0.0,-0.010752728969764092,-0.032258064516129004,0.008000000000000007
2022-02-07 00:00:00+00:00,0.0,0.007407435664424256,0.012295081967213184,-0.008620689655172376,0.0071428571428571175,0.0,0.024096362008327654,0.019108292635635626,0.0048076878990646055,0.0,0.00819675270763387,-0.005434803453420622,-0.013333320617675781,-0.003968253968253954
2022-02-08 00:00:00+00:00,0.0,0.0,0.00809716599190291,0.008695652173912993,-0.0035460992907800915,0.0,0.005882375380572125,-0.012499988079071045,0.00478468462867454,0.0,-0.016260146842582146,0.010929003894951883,0.06081078425213082,0.0
2022-02-09 00:00:00+00:00,-0.0033783783783783994,0.0,0.004016064257028162,0.0,0.003558718861210064,0.007936507936507908,-0.005847975394087768,0.025316491606066638,0.02857151615376763,0.011049723756906049,0.008264415259734426,0.005405426025390625,0.0,-0.003984063745019917
2022-02-10 00:00:00+00:00,0.003389830508474523,0.014705867915830284,0.010000000000000009,0.01724137931034475,-0.007092198581560294,0.0,0.005882375380572125,0.006172745025411208,0.03703700024404788,0.0,0.0,0.005376364484882101,0.006369451126407855,-0.008000000000000007
2022-02-11 00:00:00+00:00,0.027027027027026973,0.0,0.00990099009900991,0.012711864406779627,0.0071428571428571175,0.007874015748031482,0.014619882714792753,0.0,0.004464281437804418,0.005464480874316946,0.00819675270763387,0.021390353059397293,-0.012658215623466695,0.008064516129032251
2022-02-14 00:00:00+00:00,-0.013157894736842146,0.0,-0.009803921568627416,-0.004184100418409997,-0.0035460992907800915,0.0,-0.0028819102772229543,-0.01840486203081859,-0.0222222010294596,0.0027173913043478937,0.008130034654042939,-0.010471243923821483,0.012820500280416924,-0.008000000000000007
2022-02-15 00:00:00+00:00,0.01333333333333342,-0.007246404354172786,0.01980198019801982,0.0,0.017793594306049876,0.0234375,0.005780369125999885,0.01874995231628418,0.027272700672307915,0.01897018970189701,0.024193564513223853,0.01058205116276123,0.0,0.024193548387096753
2022-02-16 00:00:00+00:00,0.026315789473684292,0.01459852642697701,0.029126213592232997,0.0,0.006993006993007089,0.0,0.0,0.009202548030668334,0.013274323679807187,0.0026595744680850686,-0.007873970810807207,0.005235621961910741,-0.025316491606066638,0.027559055118110187
2022-02-17 00:00:00+00:00,0.0064102564102563875,0.0071942722456204145,0.009433962264151052,0.01680672268907557,0.02777777777777768,0.007633587786259444,0.0,-0.003039583105784893,-0.03493446508240117,0.0026525198938991412,0.0,-0.0052083529945868845,0.0,0.019157088122605304
2022-02-18 00:00:00+00:00,-0.01273885350318471,0.007142884390694659,0.009345794392523255,-0.016528925619834656,-0.013513513513513487,0.007575757575757569,0.0,0.0,-0.009049764968910634,0.0,-0.007936537971601432,0.0,0.02597406377356548,0.007518796992481258
2022-02-21 00:00:00+00:00,-0.02580645161290318,0.007092157807799149,0.0,0.008403361344537785,0.0,-0.015037593984962405,0.0,-0.018292636831624076,-0.0319635478686795,0.005291005291005346,0.0,-0.010471243923821483,-0.006329137991299971,-0.007462686567164201
2022-02-22 00:00:00+00:00,-0.019867549668874163,-0.007042213319620072,0.0,-0.008333333333333304,-0.013698630136986356,0.0,-0.0172413358412411,0.0,0.023584996902807465,-0.02631578947368418,-0.004000015258789014,-0.005291025581380615,-0.012738841509227883,-0.03007518796992481
2022-02-23 00:00:00+00:00,0.04054054054054057,0.0,0.0092592592592593,0.008403361344537785,0.00694444444444442,0.0,0.005847975394087879,-0.031055899885286564,0.009216580748085068,0.0,-0.004016079638624048,-0.01063823743123149,0.0,-0.007751937984496138
2022-02-24 00:00:00+00:00,-0.038961038961038974,-0.028368834140619748,-0.07339449541284404,-0.04166666666666663,-0.02758620689655178,-0.01526717557251911,-0.017441926226863136,-0.08974362422885351,-0.09132422030050324,-0.048648648648648596,-0.032258034744817476,-0.053763439757573916,-0.03870970203030499,-0.046875
2022-02-25 00:00:00+00:00,0.11486486486486491,0.02189782444609789,0.03960396039603964,0.034782608695652195,0.03191489361702127,0.04651162790697683,0.005917182469050486,0.05633804235778106,0.07035181117248634,0.045454545454545414,0.029166698455810547,0.02840909029334049,0.03355704783899305,0.024590163934426146
2022-02-28 00:00:00+00:00,-0.030303030303030276,-0.014285700661795464,-0.03809523809523807,-0.01680672268907568,-0.010309278350515427,0.0,-0.005882375380572125,-0.020000012715657545,-0.04694842144522393,-0.02717391304347827,-0.020242914354489105,-0.016574648513063672,-0.03896100276999048,-0.016000000000000014
2022-03-01 00:00:00+00:00,-0.018750000000000044,-0.007246404354172786,-0.017821782178217838,-0.02564102564102566,-0.02777777777777779,-0.022222222222222254,-0.011834252077232543,-0.06802721176701776,-0.03448272622135795,-0.025139664804469275,-0.02066115637342103,-0.016853890444890163,-0.02027028289652799,-0.016260162601625994
2022-03-02 00:00:00+00:00,0.01273885350318471,-0.007299228407856018,0.013104838709677491,0.013157894736842035,0.014285714285714235,0.0,0.005987932308542776,0.0,-0.04081634763179798,0.002865329512893977,0.012658195249076298,0.005714307512555861,0.04827584891483694,-0.004132231404958664
2022-03-03 00:00:00+00:00,0.0,0.0,0.0,0.0043290043290042934,0.0,0.0,-0.023809502184254927,0.0,0.01595743163077734,0.005714285714285783,0.0,0.005681839733084004,-0.006578909805936672,-0.004149377593360981
2022-03-04 00:00:00+00:00,-0.018867924528301883,-0.022058836935300308,-0.012935323383084563,-0.017241379310344862,-0.021126760563380254,0.0,0.0,-0.02919705285395402,-0.06544502732170865,-0.005681818181818232,-0.02083333333333337,-0.022598955290241363,-0.006622541651882585,-0.025000000000000022
2022-03-07 00:00:00+00:00,0.0,-0.030075230561518396,-0.028225806451612878,-0.01754385964912286,-0.014388489208633115,-0.02651515151515149,-0.02439022120941492,-0.03759398442327189,-0.0868347194891832,-0.017142857142857126,-0.012765924981299914,-0.017340997126628732,-0.033333333333333326,-0.05128205128205132
2022-03-08 00:00:00+00:00,-0.019230769230769273,0.0,-0.004149377593360981,0.0,0.010948905109489093,-0.0038910505836575737,0.0,-0.03906249941792339,-0.07975459853492517,-0.01744186046511631,-0.025862084557694898,0.0,0.006896578032394851,-0.009009009009009028
2022-03-09 00:00:00+00:00,0.03267973856209161,0.003875983892514201,0.029166666666666563,0.008928571428571397,0.0036101083032491488,0.0,0.015625,0.03252029368516429,0.039999961853027344,0.01775147928994092,0.02654868899744267,0.035294140086454595,0.020547892412475788,0.018181818181818077
2022-03-10 00:00:00+00:00,0.012658227848101333,0.011583055939295983,0.03238866396761142,0.008849557522123908,0.014388489208633004,0.0,0.021538485013521624,0.015748016714081325,0.019230828012472445,0.0,0.017241362300696395,0.005681839733084004,0.03355704783899305,-0.017857142857142905
2022-03-11 00:00:00+00:00,0.03750000000000009,0.03816793781985406,0.02941176470588225,0.03508771929824572,0.02127659574468077,0.015625,0.012048123553905166,0.031007797211870303,0.04088046329977146,0.04651162790697683,0.016949136104436047,0.028248586352996652,0.01298706285023532,0.018181818181818077
2022-03-14 00:00:00+00:00,0.06024096385542177,0.0073528988963604824,0.01904761904761898,0.012711864406779627,0.02083333333333326,0.0,0.0029762587309454247,0.015037579428341719,0.027190378895388667,0.016666666666666607,0.008333365122477288,-0.054945052641772074,0.0,0.02678571428571419
2022-03-15 00:00:00+00:00,0.045454545454545414,0.01459852642697701,-0.009345794392523366,-0.004184100418409997,0.020408163265306145,0.0,0.014836794916333051,-0.007407435664424145,0.02941173583166079,-0.010928961748633892,-0.008264494075791107,-0.005813975408954342,-0.01282056141338439,-0.008695652173912993
2022-03-16 00:00:00+00:00,-0.005434782608695676,0.021582748127196183,0.028301886792452935,0.025210084033613356,0.020000000000000018,0.007692307692307665,0.02339179003549785,0.022388074572778693,0.048571450369698566,0.03314917127071815,0.025000015894572014,0.02339179003549785,0.02597406377356548,0.01754385964912286
2022-03-17 00:00:00+00:00,-0.010928961748633892,0.01408449379940424,0.00917431192660545,0.0,-0.006535947712418277,0.0,0.02285712105887283,0.007299298019120881,-0.02997278780045287,-0.005347593582887722,-0.008130112188539096,0.0,0.0,-0.008620689655172376
2022-03-18 00:00:00+00:00,0.016574585635359185,0.0,0.0,0.0,0.013157894736842035,0.0,0.027932961489138597,0.0,0.03932587279618516,0.0,-0.01639342724524051,0.0114286150251115,0.0,0.0
2022-03-21 00:00:00+00:00,0.0,0.00694447111936336,-0.018181818181818188,-0.008196721311475419,-0.012987012987012991,-0.022900763358778664,0.0,-0.007246404354172786,-0.03243246552193535,-0.016129032258064502,0.0,0.0,-0.012658215623466695,-0.008695652173912993
2022-03-22 00:00:00+00:00,-0.010869565217391353,-0.006896578032394962,0.0,-0.008264462809917328,0.013157894736842035,0.0,0.005434803453420622,-0.01459852642697701,0.0,0.005464480874316946,0.0,-0.005649738822560368,0.012820500280416924,0.0
2022-03-23 00:00:00+00:00,-0.016483516483516536,0.01388894223872672,-0.0092592592592593,0.0,-0.00649350649350644,-0.015625,0.0,0.007407435664424256,0.0,0.010869565217391353,0.008333365122477288,0.014204545146670133,-0.006329137991299971,-0.00877192982456143
2022-03-24 00:00:00+00:00,-0.005586592178770999,0.0,0.009345794392523255,0.0,0.0,0.0,-0.01081085205078125,-0.007352969019469913,-0.00558658697003811,-0.010752688172043001,0.0,-0.008403339794098241,0.019108292635635626,0.0
2022-03-25 00:00:00+00:00,-0.016853932584269704,0.0,0.04629629629629628,0.0,0.0,0.0,-0.016393401615722336,0.0,-0.005617972260667625,0.008152173913043459,0.008264415259734426,-0.005649738822560368,0.01250004768371582,-0.008849557522123908
2022-03-28 00:00:00+01:00,0.017142857142857126,0.0,0.0,0.016666666666666607,0.016339869281045694,0.0,0.008333312140570648,0.0,0.01694913656104502,0.008086253369272267,0.0,0.014204545146670133,0.0,0.008928571428571397
2022-03-29 00:00:00+01:00,0.028089887640449396,0.00684927569743965,-0.008849557522123908,0.0,0.016077170418006492,0.0,0.008264441966000513,0.0,0.05000001986821556,0.0,0.00819675270763387,0.0028010776466118603,0.006172745025411208,0.0
2022-03-30 00:00:00+01:00,0.021857923497267784,0.0,0.008928571428571397,-0.008196721311475419,-0.012658227848101222,0.0,0.0,0.0,-0.01587300085546861,0.005347593582887722,-0.008130112188539096,0.0,0.012269986030718272,0.008849557522123908
2022-03-31 00:00:00+01:00,0.016042780748663166,0.006802747127023556,0.0,0.008264462809917328,0.0064102564102563875,-0.007936507936507908,0.010929003894951883,0.0,0.024193525128260562,0.015957446808510634,0.004098376353816935,0.005586613608986157,0.018181771943063474,-0.00877192982456143
2022-04-01 00:00:00+01:00,0.010526315789473717,0.00675671800720723,0.008849557522123908,0.0,-0.006369426751592355,0.0,0.016216174976245723,-0.029629601372612835,0.014173265104317823,0.010471204188481575,0.004081648223254186,0.02222220102945971,-0.01190469432579655,-0.008849557522123908
2022-04-04 00:00:00+01:00,0.02083333333333326,0.013422870339588666,0.0,0.008196721311475308,0.012820512820512775,0.0,0.021276677771900232,-0.007633616683796363,0.026397514474025163,0.02590673575129543,0.02439025903112113,0.016304410360261867,0.024096362008327654,0.0
2022-04-05 00:00:00+01:00,0.010204081632652962,0.013245020146527287,-0.00877192982456143,0.0,-0.006329113924050667,0.008000000000000007,0.010416606648103066,-0.0076923370361328125,0.0025214297179194656,0.005050505050504972,0.007936462283165913,0.005347511766912616,0.017647013944738,-0.0267857142857143
2022-04-06 00:00:00+01:00,0.02020202020202011,-0.03267973815469505,-0.026548672566371723,-0.024390243902439046,-0.01273885350318471,-0.023809523809523836,-0.015463878503069517,-0.031007723283626443,-0.02917509391778983,-0.015075376884422065,-0.015748016714081325,-0.021276576317181495,-0.011560628000628848,-0.02752293577981646
2022-04-07 00:00:00+01:00,-0.01980198019801982,0.00675671800720723,0.009090909090909038,0.008333333333333304,0.012903225806451646,0.024390243902439046,0.005235621961910741,-0.008000030517578138,0.03419694598145173,0.005102040816326481,0.0,0.016304410360261867,0.07017537010649355,0.009433962264151052
2022-04-08 00:00:00+01:00,0.010101010101010166,0.0402684830087876,0.009009009009008917,0.008264462809917328,0.0,0.0,0.005208253653516293,-0.032258034744817476,-0.01302606323515132,0.055837563451776706,0.008000030517578027,0.032085478590471395,-0.005464397720770453,-0.009345794392523366
2022-04-11 00:00:00+01:00,0.0,0.006451637514175879,0.0,0.0,0.006369426751592355,0.0,0.0051813671203522205,0.008333365122477288,-0.0010152153409888065,0.0,0.0,0.0051813671203522205,0.0,0.0
2022-04-12 00:00:00+01:00,0.0,0.0,0.0,0.0,0.0,0.0,-0.005154658940003776,-0.024793403411316528,0.006097542877332884,0.0,0.007936462283165913,0.0,-0.030219841832597294,0.04716981132075482
2022-04-13 00:00:00+01:00,0.0,0.003205079220378604,0.008928571428571397,0.0,0.0,0.0,0.01554410136105644,0.0,0.010101000370632551,0.009615384615384581,0.0,0.005154658940003776,0.008498562140069055,0.018018018018018056
2022-04-14 00:00:00+01:00,0.0,0.0,0.0,0.0,0.0,0.0,0.0,0.0,0.0,0.0,0.0,0.0,0.0,0.0
2022-04-19 00:00:00+01:00,0.0,-0.0031948395066633273,-0.017699115044247815,0.0,0.0,0.0,0.0,0.0,-0.019999980926513672,0.0,0.0,0.0,-0.011235891245119367,0.026548672566371723
2022-04-20 00:00:00+01:00,-0.0050000000000000044,0.006410219573724785,-0.009009009009009028,0.0,0.03797468354430378,-0.015873015873015928,-0.010204120359535218,0.0,-0.005102035851341613,-0.00952380952380949,0.0,0.01025644938151049,0.017045410827172702,0.0
2022-04-22 00:00:00+01:00,-0.005025125628140725,-0.006369390382820028,0.036363636363636376,0.0,0.018292682926829285,0.008064516129032251,0.005154658940003776,-0.008474608462146094,0.030769200673000707,0.0,-0.007873970810807207,-0.00507616129933619,-0.04469269576030488,0.034482758620689724
2022-04-25 00:00:00+01:00,0.005050505050504972,0.0,-0.01754385964912286,-0.008196721311475419,-0.005988023952095856,0.0,-0.005128224690755245,-0.05128200321168175,0.009950239314132636,0.0,0.0,0.0,0.005847975394087879,-0.025000000000000022
2022-04-26 00:00:00+01:00,-0.005025125628140725,0.03205128126752599,0.02678571428571419,0.0,0.0,0.0,0.0,-0.009009043066040445,-0.00985220749181659,0.009615384615384581,-0.007936537971601432,0.015306083225598899,0.011627839925551386,-0.008547008547008517
2022-04-27 00:00:00+01:00,0.005050505050504972,0.0,0.0,0.0,0.0,-0.016000000000000014,0.005154658940003776,0.009090943769975102,0.0,0.0,-0.008000030517578138,-0.02512562862234502,0.04022992978654916,0.008620689655172376
2022-04-28 00:00:00+01:00,-0.01005025125628145,-0.006211203670828613,0.0,0.0,0.006024096385542244,0.0,-0.005128224690755245,0.0,0.039800957256530545,0.02857142857142847,0.01612909428163012,-0.010309219563065741,0.011049660297000496,-0.008547008547008517
2022-04-29 00:00:00+01:00,-0.010152284263959421,-0.00625002384185791,-0.017391304347826098,-0.008264462809917328,-0.0359281437125748,-0.016260162601625994,-0.010309219563065741,0.0,-0.057416215544093485,-0.02777777777777779,-0.007936537971601432,-0.023437538805105684,-0.005464397720770453,-0.004310344827586188
2022-05-02 00:00:00+01:00,-0.01538461538461533,-0.01886787699736292,-0.017699115044247815,-0.008333333333333304,-0.03105590062111796,-0.008264462809917328,-0.010416705989173769,-0.045045043496998116,-0.010152274434545583,-0.02857142857142858,-0.02400001525878903,-0.013333333333333308,-0.054945052641772074,-0.0043290043290042934
2022-05-03 00:00:00+01:00,-0.02604166666666663,0.0,0.0,-0.012605042016806678,0.0064102564102563875,-0.008333333333333304,0.00526317797209086,0.009433907943081188,0.0,0.019607843137254832,0.00819675270763387,-0.005405426025390625,0.034883630669011456,0.0
2022-05-04 00:00:00+01:00,0.016042780748663166,-0.019230780987109175,-0.036036036036036,-0.03829787234042559,-0.031847133757961776,0.0,-0.005235621961910741,-0.04672897279559296,-0.04102566203030167,-0.028846153846153855,-0.02439025903112113,-0.038043416853436485,-0.02247188964466096,-0.008695652173912993
2022-05-05 00:00:00+01:00,-0.010526315789473717,-0.006535972563600612,0.0,0.0,-0.013157894736842146,0.0,-0.01578943352950246,0.009803959150949337,0.005347588469388986,0.00990099009900991,0.0,-0.016949216467680994,-0.0172413358412411,0.0
2022-05-06 00:00:00+01:00,-0.010638297872340385,-0.03289473725487979,-0.028037383177570097,-0.017699115044247815,-0.013333333333333308,-0.008403361344537785,-0.016042841292484677,0.0,-0.042553214424603025,-0.019607843137254943,-0.016666650772094727,-0.02298848432756806,0.0,0.0
2022-05-09 00:00:00+01:00,-0.016129032258064502,-0.020408176505266273,-0.038461538461538436,-0.022522522522522515,-0.030405405405405372,0.008474576271186418,-0.021739110153428554,-0.029126231570822836,-0.041111112730002786,-0.025000000000000022,-0.016949136104436047,-0.02941176470588236,-0.04678369161184903,-0.02631578947368418
2022-05-10 00:00:00+01:00,0.0,-0.006944404891978451,0.020000000000000018,-0.004608294930875556,-0.024390243902439046,0.0,-0.005555576748318192,0.0,0.025492485981339463,0.01538461538461533,0.008620640043698113,-0.006060629179983401,0.006134993015359136,0.0
2022-05-11 00:00:00+01:00,0.0,0.0,0.0,0.004629629629629539,0.0,0.0,0.005586613608986157,-0.019999980926513672,0.011299424374030087,0.0,0.008547041290593693,0.0,0.02439022120941492,-0.009009009009009028
2022-05-12 00:00:00+01:00,-0.005464480874316946,-0.020979034037302835,-0.019607843137254943,-0.01382488479262678,-0.014285714285714235,-0.008403361344537785,-0.0222222010294596,-0.0051020601797675535,-0.04357539168577118,-0.015151515151515138,-0.008474608462146094,-0.012195052453833122,-0.017857098255025683,-0.009090909090909038
2022-05-13 00:00:00+01:00,0.03846153846153855,0.03571428571428581,0.040000000000000036,0.028037383177569986,0.0253623188405796,0.0,0.011363571094088698,0.02564102564102555,0.01051402251481881,0.02564102564102555,0.025641042361154165,0.012345607788387003,0.0,0.0
2022-05-16 00:00:00+01:00,-0.015873015873015928,0.0,0.009615384615384581,-0.013636363636363669,0.010600706713780994,0.0,0.0,0.0,0.0,0.0,0.0,0.0,0.012121258359966802,0.0
2022-05-17 00:00:00+01:00,0.0,0.006896578032394851,0.0,0.004608294930875667,0.0034965034965035446,0.0,0.005617999199770685,0.030000019073486373,-0.005780341244511877,0.010000000000000009,0.008333365122477288,-0.012195052453833122,0.0,0.0
2022-05-18 00:00:00+01:00,-0.016129032258064502,-0.0342465744476691,-0.03809523809523807,-0.00917431192660545,-0.017421602787456414,0.008474576271186418,-0.011173120662180347,-0.04368930106136537,-0.037209307805727065,-0.03712871287128716,-0.012396741113686605,-0.012345725525951368,-0.035928164913695326,-0.01834862385321101
2022-05-19 00:00:00+01:00,-0.005464480874316946,-0.035460991948418785,-0.0217821782178218,-0.03703703703703709,-0.028368794326241176,-0.03361344537815125,-0.016949216467680994,-0.02538070967695716,-0.009661855223342841,-0.033419023136246784,-0.029288655513119433,-0.018750011920928955,-0.031055899885286564,-0.009345794392523366
2022-05-20 00:00:00+01:00,0.027472527472527375,0.014705867915830284,0.012145748987854255,0.009615384615384581,-0.007299270072992692,-0.02608695652173909,0.0,0.005208253653516293,0.017073169136104127,0.010638297872340496,0.008620640043698113,0.0,0.02564100056083385,0.004716981132075526
2022-05-23 00:00:00+01:00,0.010695187165775444,0.0,0.006000000000000005,0.0,-0.007352941176470562,-0.017857142857142905,0.005747148486326958,0.0051813671203522205,0.007194223523709464,0.0052631578947368585,0.008547041290593693,0.0,-0.012499988079071045,-0.0046948356807511304
2022-05-24 00:00:00+01:00,-0.010582010582010581,-0.014492739601511984,-0.03777335984095431,-0.01904761904761909,-0.03703703703703709,0.0,-0.01142861502511161,-0.020618537443073293,-0.06547613007749098,-0.02617801047120416,-0.02542374456658214,-0.012738841509227883,0.012658215623466695,-0.009433962264150941
2022-05-25 00:00:00+01:00,0.03208556149732611,0.0,0.012396694214876103,0.009708737864077666,0.007692307692307665,0.0,0.0,-0.01052635594418172,0.012738840928875783,0.0,-0.008695685345193604,0.0,-0.018750011920928955,-0.00952380952380949
2022-05-27 00:00:00+01:00,0.005181347150259086,-0.014705938038939936,0.020408163265306145,0.019230769230769162,0.022900763358778553,0.009090909090909038,0.0,0.015957508328925174,0.018867906138356094,0.016129032258064502,0.03508777066574664,0.012903213500976562,0.0,0.0
2022-05-30 00:00:00+01:00,-0.005154639175257714,0.022388074572778693,0.020000000000000018,0.028301886792452935,0.029850746268656803,0.0,0.0,-0.015706865885732224,0.0037037295950674842,0.010582010582010692,0.008474527642289953,0.047770761960883146,0.012738841509227994,-0.009615384615384581
2022-05-31 00:00:00+01:00,-0.015544041450777257,-0.007299228407856018,-0.027450980392156876,0.0,0.007246376811594235,0.0,0.0,0.010638338885950116,-0.034440339894560634,-0.005235602094240788,-0.008403313529497414,0.003039467157545106,-0.00628927233928156,0.0
2022-06-01 00:00:00+01:00,0.0,0.0,0.006048387096774244,0.0,0.0,0.0,0.0,-0.00526317797209086,0.0,0.0052631578947368585,0.004237304231073047,0.0,0.0,0.0
2022-06-02 00:00:00+01:00,-0.0052631578947368585,0.0,0.005010020040080221,0.0,-0.021582733812949617,0.009009009009008917,-0.011560628000628848,-0.0158729758262226,0.012738840928875783,-0.010471204188481686,0.004219344763797039,-0.006060629179983401,0.006329077632166724,0.01941747572815533
2022-06-03 00:00:00+01:00,-0.015873015873015928,0.0,-0.004985044865403743,-0.03669724770642202,0.0,0.0,0.0,0.0,-0.022641517355785012,-0.005291005291005346,0.008403393670198822,-0.006097584377790843,-0.00628927233928156,0.1333333333333333
2022-06-07 00:00:00+01:00,-0.010752688172043001,0.0,0.012024048096192397,0.0,-0.007352941176470562,0.0,0.005847975394087879,0.021505355393904857,0.010296031028781627,-0.010638297872340385,0.0,0.0,-0.025316491606066638,0.0
2022-06-08 00:00:00+01:00,0.005434782608695565,-0.014705938038939936,0.0,0.0,0.0,0.0,0.0,0.026315789473684292,0.012738840928875783,-0.005376344086021501,0.008333365122477288,0.0,0.0,0.008403361344537785
2022-06-09 00:00:00+01:00,0.0,0.0,0.0,-0.01904761904761909,-0.007407407407407418,-0.008928571428571397,-0.0029070431506559302,0.01025644938151049,-0.018867981112750454,0.0108108108108107,0.008264415259734426,0.006134993015359136,0.0,0.016666666666666607
2022-06-10 00:00:00+01:00,0.016216216216216273,0.022388074572778693,-0.008910891089108919,0.009708737864077666,-0.007462686567164201,0.0,0.0029155186892921847,0.035532935455905745,-0.015384570710521017,0.016042780748663166,0.0,0.006097584377790843,0.006493531425117771,0.008196721311475308
2022-06-13 00:00:00+01:00,-0.015957446808510634,-0.01459852642697701,-0.026973026973026948,0.0,0.0,-0.027027027027026973,-0.005813975408954342,-0.01960782480441492,-0.024739575046826112,-0.010526315789473717,-0.008196674537606752,0.0,-0.012903213500976562,-0.06504065040650409
2022-06-14 00:00:00+01:00,0.00540540540540535,0.007407435664424256,-0.01848049281314168,0.0,-0.007518796992481258,0.0,0.005847975394087879,-0.0100000381469727,-0.020026682826501552,-0.015957446808510634,-0.016528988151582213,-0.012121258359966802,0.0,-0.017391304347826098
2022-06-15 00:00:00+01:00,-0.010752688172043001,0.0,0.004184100418409997,-0.009615384615384581,-0.015151515151515138,0.0185185185185186,-0.005813975408954342,0.010101049022522401,0.0013623802293836196,-0.010810810810810811,0.0,0.0,0.0,0.008849557522123908
2022-06-16 00:00:00+01:00,-0.021739130434782594,-0.014705938038939936,-0.02083333333333337,-0.03398058252427183,-0.01538461538461533,0.009090909090909038,-0.011695950788175535,-0.039999961853027344,-0.05442179684239734,-0.02732240437158473,-0.02521002072919387,-0.04294471707699632,0.019607855359147885,-0.01754385964912286
2022-06-20 00:00:00+01:00,0.0,0.0,0.0,0.005025125628140614,0.0078125,0.0,-0.005917182469050486,-0.010416705989173769,0.028776951269557483,0.0,0.0,-0.006410280706692251,-0.01282056141338439,0.017857142857142794
2022-06-21 00:00:00+01:00,0.0,0.0,-0.021276595744680882,-0.0050000000000000044,0.007751937984496138,-0.027027027027026973,0.0,0.00526317797209086,-0.005594333773851989,0.0,0.017241362300696395,0.006451637514175879,0.006493531425117771,-0.01754385964912286
2022-06-22 00:00:00+01:00,-0.022222222222222254,0.0,0.0,0.035175879396984966,-0.0038461538461538325,0.0,0.0,-0.007853383012274673,-0.004922706359278828,0.00561797752808979,-0.008474608462146094,0.006410219573724785,-0.025806427001953125,0.017857142857142794
2022-06-23 00:00:00+01:00,-0.005681818181818232,0.0,0.01304347826086949,0.0,0.019305019305019266,0.0185185185185186,0.0,0.002638482060556502,0.007773878084698316,-0.005586592178770999,0.0,-0.0031847255632039273,0.013245020146527287,0.00877192982456143
2022-06-24 00:00:00+01:00,0.0,0.0,0.0,0.0,0.0,0.0,0.0,0.0,0.0,0.0,0.0,0.0,0.0,0.0
2022-06-27 00:00:00+01:00,0.0,0.022388074572778693,0.01716738197424883,0.04854368932038833,0.030303030303030276,0.009090909090909038,0.023809615716916754,0.021052611501593432,0.02734925270572064,0.028089887640449396,0.03418808365174786,0.06070292562912338,0.0,0.04347826086956519
2022-06-28 00:00:00+01:00,0.0,0.0,-0.00421940928270037,0.0,0.014705882352941124,0.009009009009008917,0.0,0.010309317880007551,-0.0006826257387415602,-0.005464480874316946,-0.008264494075791107,-0.006024119227211244,0.09150330423213848,-0.01666666666666672
2022-06-29 00:00:00+01:00,-0.005714285714285672,0.0,-0.016949152542372836,-0.01851851851851849,-0.036231884057971064,0.0,-0.005813975408954342,-0.0051020601797675535,-0.021857886565845752,-0.016483516483516536,-0.004166682561238644,0.006060629179983401,0.0,0.008474576271186418
2022-06-30 00:00:00+01:00,-0.005747126436781658,0.0,-0.012931034482758674,-0.018867924528301883,-0.022556390977443663,0.0,0.0,-0.020512800950270416,0.01256983670408962,0.0,-0.012552269533425031,-0.0120482384544226,-0.005988046521030466,-0.025210084033613467
2022-07-01 00:00:00+01:00,0.0,0.0,0.0065502183406114245,0.0,0.011538461538461497,0.02678571428571419,0.0,0.0,-0.0034482724601393455,0.0,0.0,0.006097584377790843,-0.036144600462750365,0.008620689655172376
2022-07-04 00:00:00+01:00,0.0,0.0,0.006507592190889477,-0.004807692307692291,0.011406844106463865,0.0,0.0,0.0,-0.01038069505860606,0.0,-0.004237304231073047,0.0,0.0,0.0
2022-07-05 00:00:00+01:00,0.005780346820809301,-0.01459852642697701,-0.004310344827586188,0.004830917874396157,0.0,0.0,-0.011695950788175535,-0.010471243923821483,0.013986084524057807,-0.011173184357541888,0.012765924981299914,-0.006060629179983401,0.00625002384185791,0.0
2022-07-06 00:00:00+01:00,0.005747126436781658,0.014814800686306473,0.017316017316017396,0.019230769230769162,0.015037593984962516,0.0,-0.005917182469050486,0.005291025581380504,0.1034482560174792,0.016949152542372836,0.0,0.02439022120941492,0.031055899885286564,0.008547008547008517
2022-07-07 00:00:00+01:00,0.005714285714285783,0.01459852642697701,0.0957446808510638,0.028301886792452935,0.029629629629629672,0.008695652173912993,0.005952403929229133,0.01052635594418172,0.002499967776239398,0.022222222222222143,0.0,0.02976190611348417,0.0,-0.008474576271186418
2022-07-08 00:00:00+01:00,0.022727272727272707,0.035971224008772174,0.058252427184465994,0.00917431192660545,0.02877697841726623,0.0,0.005917182469050486,0.0,-0.01870322438094596,0.0,0.0,0.017341107377999654,0.012048123553905166,0.0
2022-07-11 00:00:00+01:00,0.0,-0.006944404891978451,-0.00917431192660545,0.009090909090909038,0.006993006993007089,-0.008620689655172376,0.0,0.005208253653516293,-0.02160104134691654,0.005434782608695565,0.008403393670198822,0.022727250560256484,0.01785721178768762,0.0
2022-07-12 00:00:00+01:00,0.005555555555555536,0.04195800138409478,-0.0092592592592593,0.009009009009008917,0.01388888888888884,0.0,0.0,-0.015544002534698453,0.03246757971695691,0.0,0.0,0.005555576748318192,0.0,0.0
2022-07-13 00:00:00+01:00,-0.0055248618784530246,0.013422870339588666,0.01869158878504673,0.008928571428571397,0.013698630136986356,0.0,-0.005882375380572125,0.03157896744577515,0.05031441636894951,0.0108108108108107,0.008333365122477288,0.0,-0.005847975394087768,0.0
2022-07-14 00:00:00+01:00,-0.011111111111111072,-0.019867561798409983,-0.00917431192660545,-0.026548672566371723,-0.03378378378378377,0.0,-0.005917182469050486,-0.0051020601797675535,-0.005988018395350125,-0.016042780748663055,0.0,-0.005524882837687928,-0.005882375380572125,0.0
2022-07-15 00:00:00+01:00,-0.005617977528089901,0.02027028289652799,0.0,0.0,0.020979020979021046,0.0,0.0,0.0,0.018072344097764814,0.0,-0.008264494075791107,-0.011111153496636272,0.02958579948438378,-0.008547008547008517
2022-07-18 00:00:00+01:00,0.0,0.013245020146527287,0.0092592592592593,0.009090909090909038,0.013698630136986356,0.0,0.005952403929229133,0.0,0.04733723135940626,0.005434782608695565,-0.08333333333333337,0.022471996799083183,-0.011494187354914032,0.0
2022-07-19 00:00:00+01:00,0.005649717514124353,0.0,0.0,0.0,-0.006756756756756799,0.0,-0.005917182469050486,0.005128224690755134,0.011299424374030087,-0.010810810810810811,-0.004545471884987551,0.0,0.0,0.008620689655172376
2022-07-20 00:00:00+01:00,-0.011235955056179803,0.0,-0.00917431192660545,-0.009009009009009028,-0.013605442176870763,0.0,-0.005952290396567306,0.0051020601797675535,-0.024580956029219725,-0.016393442622950838,-0.022831050625997884,-0.021978104896205664,-0.005813975408954342,0.0
2022-07-21 00:00:00+01:00,-0.005681818181818232,-0.006535972563600612,0.0092592592592593,0.009090909090909038,0.006896551724137945,0.0,0.0,0.0,0.025200406103569994,0.0,0.00934583021049562,-0.011235891245119367,0.017543814641410194,0.0
2022-07-22 00:00:00+01:00,-0.011428571428571455,0.0,-0.00917431192660545,-0.009009009009009028,-0.0273972602739726,0.0,0.005987932308542776,0.0,0.030167609596627676,0.011111111111111072,-0.009259294417005237,0.005681839733084004,0.0,0.0
2022-07-25 00:00:00+01:00,0.0,-0.013157882353605488,0.0,0.0,0.014084507042253502,0.0,-0.01190469432579655,-0.00507616129933619,-0.022776538241066957,0.0,0.04672897279559285,0.0,0.02298848432756806,0.05982905982905984
2022-07-26 00:00:00+01:00,0.0,0.0,0.0,0.00454545454545463,0.0,0.034782608695652195,-0.0120482384544226,0.0051020601797675535,0.0,0.0,0.008928605640421639,0.0,-0.03932578008955112,0.0
2022-07-27 00:00:00+01:00,0.0,0.003333346048990826,-0.0092592592592593,-0.013574660633484115,0.0,0.0,-0.012195052453833122,-0.00507616129933619,0.012208631863729336,0.0,-0.017699097866309854,-0.0014125155254939292,0.008771907320705097,-0.016129032258064502
2022-07-28 00:00:00+01:00,0.01734104046242768,0.003322271767520979,0.028037383177569986,0.022935779816513735,0.0,0.0,0.012345607788387003,0.0,0.047149103959846395,-0.01098901098901095,0.018018000215478835,-0.004243216906825387,0.0,0.0
2022-07-29 00:00:00+01:00,0.005681818181818121,0.026490040293054573,0.0,0.013452914798206317,0.01388888888888884,0.008403361344537785,0.0,0.0051020601797675535,0.028272262288402628,0.016666666666666607,0.008849506735177037,0.0,0.01449275362318847,0.06557377049180335
2022-08-02 00:00:00+01:00,0.005649717514124353,-0.006451637514175879,-0.009090909090909038,-0.017699115044247815,-0.006849315068493178,0.0,0.0,0.0,-0.04786149822770258,0.0,-0.013157861714877095,0.005681839733084004,-0.00571430751255575,0.0
2022-08-03 00:00:00+01:00,0.0,-0.012987000923330161,0.05504587155963292,0.009009009009008917,-0.020689655172413834,0.0,0.0,0.0,0.03208553081633436,-0.005464480874316946,0.022222222222222143,0.0,0.0,0.0
2022-08-04 00:00:00+01:00,0.007865134249912309,0.03289473725487979,0.008695652173912993,-0.008928571428571397,0.021126760563380254,0.0,0.006097584377790843,-0.00507616129933619,0.023834199515466725,0.01098901098901095,0.008695685345193604,-0.005649738822560368,-0.011494187354914032,0.03076923076923066
2022-08-05 00:00:00+01:00,0.003344515740963949,0.012738841509227994,0.0,0.0,0.010344827586206806,-0.01666666666666672,0.018181771943063474,0.0,-0.003036398228776771,0.005434782608695565,0.008620640043698113,0.005681839733084004,0.0,0.014925373134328401
2022-08-08 00:00:00+01:00,0.016666666666666607,-0.02515720931616272,-0.008620689655172376,-0.009009009009009028,-0.0034129692832765013,0.0,0.005952403929229133,-0.025510203585134117,0.0,0.037837837837837895,0.01709400107056047,0.011299369885315658,0.02325579074346007,0.014705882352941124
2022-08-09 00:00:00+01:00,0.049180327868852514,0.0,-0.008695652173912993,-0.009090909090909038,-0.006849315068493178,0.0,0.0,-0.005235621961910741,-0.00812184375256797,-0.015625,-0.0672268287987855,0.005586613608986157,0.0,-0.01449275362318836
2022-08-10 00:00:00+01:00,-0.01041666666666663,0.0,0.01754385964912286,0.0183486238532109,0.0,0.0,0.017751547407151236,-0.01052635594418172,0.008188348237544885,0.031746031746031855,-0.08108112984455795,0.005555576748318192,0.022727250560256484,0.0
2022-08-11 00:00:00+01:00,-0.015789473684210575,-0.006451637514175879,-0.017241379310344862,0.018018018018018056,0.01379310344827589,0.0,0.005813864516596823,0.0,0.005076137217272736,-0.00512820512820511,0.01960782480441492,0.005524882837687928,0.0,0.007352941176470562
2022-08-12 00:00:00+01:00,0.005347593582887722,0.006493531425117771,0.00877192982456143,0.0,-0.006802721088435382,0.0,0.0,-0.021276576317181495,-0.015151500555948827,0.010309278350515427,0.03846159489197354,0.0,0.0,0.0
2022-08-15 00:00:00+01:00,0.0,0.0,-0.008695652173912993,0.0,0.006849315068493178,0.0,0.0,0.027173913606849176,0.0,-0.015306122448979553,-0.009259294417005237,0.0,-0.016666624281141518,0.021897810218978186
2022-08-16 00:00:00+01:00,0.02127659574468077,-0.006451637514175879,0.00877192982456143,0.008849557522123908,0.0,0.0,0.005780369125999885,0.01058205116276123,0.02564100056083385,0.010362694300518172,0.00934583021049562,0.010988947648731706,0.0,-0.0035714285714285587
2022-08-17 00:00:00+01:00,0.01041666666666674,-0.006493469498212501,-0.008695652173912993,0.0,0.0,0.0,-0.005747148486326958,0.02617800994837083,0.0,0.0,-0.009259294417005237,-0.005434803453420622,-0.011299477645120626,0.0035842293906809264
2022-08-18 00:00:00+01:00,0.015463917525773141,0.0,0.026315789473684292,-0.00877192982456143,-0.006802721088435382,0.0,0.0,-0.010204120359535218,0.03750002384185791,-0.01025641025641022,0.018691571292548614,0.0054645019474759415,0.01714281354631697,-0.0071428571428571175
2022-08-19 00:00:00+01:00,0.0050761421319796,0.0,0.02564102564102555,-0.017699115044247815,0.006849315068493178,0.008474576271186418,0.0,-0.02577319638307707,0.00722885115223959,-0.005181347150259086,0.0,0.0027174535568372793,0.0,-0.007194244604316502
2022-08-22 00:00:00+01:00,-0.02020202020202022,-0.058823566077443434,0.016666666666666607,-0.009009009009009028,-0.006802721088435382,0.0,-0.023121366252628617,0.005291025581380504,-0.03827747702939566,-0.00520833333333337,-0.00917425975184516,-0.01897020959331197,-0.016853890444890163,0.0
2022-08-23 00:00:00+01:00,0.010309278350515427,-0.01388887601134181,0.008196721311475308,0.009090909090909038,-0.006849315068493178,-0.008403361344537785,-0.005917182469050486,0.0,-0.02189056207595441,0.010471204188481575,0.009259206113829244,0.005524882837687928,-0.01142861502511161,-0.01449275362318836
2022-08-24 00:00:00+01:00,0.0,-0.03521126807859265,-0.024390243902439046,-0.018018018018018056,-0.020689655172413834,0.0,-0.01190469432579655,-0.0368421454178659,0.004069184319212216,-0.015544041450777257,-0.018348606996750005,-0.021978104896205664,0.02312147650399954,0.022058823529411686
2022-08-25 00:00:00+01:00,0.015306122448979664,0.007299298019120881,0.008333333333333304,0.0,0.014084507042253502,0.0,-0.006024119227211244,0.0054645019474759415,0.00810538632747937,0.015789473684210575,0.0,0.011235998399541591,0.011299369885315658,-0.007194244604316502
2022-08-26 00:00:00+01:00,-0.015075376884422065,-0.007246404354172786,0.0,-0.01834862385321101,-0.02777777777777779,-0.09322033898305082,-0.006060629179983401,-0.01630430670000793,-0.020100483246901613,0.0,-0.009345741082053105,0.0,-0.02234634788015244,-0.007246376811594235
2022-08-29 00:00:00+01:00,-0.005102040816326481,-0.007299228407856018,-0.016528925619834656,-0.01869158878504673,-0.014285714285714235,0.009345794392523255,0.0,-0.005524882837687928,-0.030769261805968173,-0.005181347150259086,-0.009433997912352998,-0.016666624281141518,-0.01714281354631697,0.0
2022-08-30 00:00:00+01:00,-0.02051282051282055,-0.007352969019469913,0.0,-0.00952380952380949,0.0,0.0,-0.030487805587205763,-0.005555576748318192,-0.005291000285156167,-0.00520833333333337,0.0,0.011299369885315658,0.02325579074346007,-0.007299270072992692
2022-08-31 00:00:00+01:00,-0.010471204188481686,-0.007407435664424145,0.0,0.009615384615384581,-0.021739130434782594,-0.0092592592592593,-0.01257860465808136,0.0,-0.00531914387692578,0.0,0.0,0.0,-0.022727250560256596,-0.03676470588235292
2022-09-01 00:00:00+01:00,-0.015873015873015928,-0.014925359325276832,-0.03361344537815125,-0.00952380952380949,0.0,-0.03738317757009346,-0.019108292635635737,-0.02234634788015244,-0.010695176938778084,-0.015706806282722474,-0.01904760088239399,-0.016759734271166393,-0.005813975408954342,-0.04580152671755722
2022-09-02 00:00:00+01:00,0.037634408602150504,0.0075757865844463534,0.0,0.009615384615384581,0.029629629629629672,0.01941747572815533,0.006493531425117771,-0.00571430751255575,0.010810800361494177,0.015957446808510634,0.009708682130449064,0.011363571094088698,0.0,0.02400000000000002
2022-09-05 00:00:00+01:00,-0.015544041450777257,-0.011278238349882397,-0.008695652173912993,-0.00952380952380949,0.0,0.0,0.0,-0.011494187354914032,0.005347588469388986,-0.005235602094240788,0.0,-0.011235891245119367,-0.005847975394087768,-0.03125
2022-09-06 00:00:00+01:00,0.0,0.026615999362959997,0.0,0.019230769230769162,0.03597122302158273,-0.00952380952380949,-0.006451637514175879,0.014534883076207317,0.02340427110399146,0.021052631578947434,0.00961542164785767,0.0,0.035294140086454595,-0.024193548387096753
2022-09-07 00:00:00+01:00,0.0,-0.014814800686306473,0.00877192982456143,0.0,0.01388888888888884,0.0,-0.003246703785653615,0.008595966302124447,0.030145513399830293,0.0,0.03809520176478798,0.0,0.0,0.008264462809917328
2022-09-08 00:00:00+01:00,-0.015789473684210575,0.022556404994930057,0.017391304347825987,0.009433962264151052,0.013698630136986356,0.0,0.029315947757784455,0.02840909029334049,0.009081739019347834,0.005154639175257714,0.009174347244904846,0.017045410827172702,0.0,0.024590163934426146
2022-09-09 00:00:00+01:00,0.02673796791443861,0.011029383406095494,-0.017094017094017144,0.01869158878504673,0.006756756756756799,0.019230769230769162,0.006329077632166724,0.016574543134688424,-0.004999995231628418,0.01538461538461533,0.018181800842285156,0.011173227217972093,-0.008522705413586351,0.008000000000000007
2022-09-12 00:00:00+01:00,-0.015625,0.003636377507989952,0.026086956521739202,0.0,-0.006711409395973145,0.0,-0.00628927233928156,0.0,-0.002010084267189405,0.0,-0.008928520490927738,0.011049660297000496,-0.002865394969802648,0.0
2022-09-13 00:00:00+01:00,-0.005291005291005346,-0.014492739601511984,-0.016949152542372836,0.0,-0.013513513513513487,-0.028301886792452824,-0.006329137991299971,-0.010869503246587309,-0.0030211092286660524,-0.015151515151515138,-0.009009043066040445,-0.005464397720770453,-0.0172413358412411,-0.023809523809523836
2022-09-14 00:00:00+01:00,-0.015957446808510634,0.0,0.0,-0.00917431192660545,-0.006849315068493178,0.01941747572815533,0.0,0.0,-0.015151500555948827,0.0,0.0,-0.010989052448102776,-0.005847975394087768,0.016260162601626105
2022-09-15 00:00:00+01:00,0.0,0.0,0.008620689655172376,0.0,0.0,0.0,-0.012738841509227883,0.0054944214246803735,0.02564100056083385,0.0,0.03636360168457031,-0.005555576748318192,-0.017647013944738,0.008000000000000007
2022-09-16 00:00:00+01:00,-0.01621621621621616,-0.04411767387060073,-0.02564102564102566,-0.03703703703703709,-0.020689655172413834,0.0,-0.045161278017105566,0.0,-0.02499997615814209,-0.02051282051282055,-0.03508768701010212,-0.050279309369290925,0.005987932308542776,-0.031746031746031744
2022-09-19 00:00:00+01:00,-0.005494505494505475,-0.0076923370361328125,-0.031140350877193024,-0.028846153846153855,-0.021126760563380254,-0.00952380952380949,0.00675671800720723,0.0,-0.020512861581634567,-0.03141361256544506,0.018181800842285156,-0.017647013944738,0.0,0.016393442622950838
2022-09-20 00:00:00+01:00,-0.002762430939226568,-0.038759691068654956,-0.040289723856948845,-0.01980198019801982,-0.014388489208633115,-0.009615384615384581,-0.0067113711648050245,-0.04371580712639678,-0.03141358315606413,-0.032432432432432434,-0.026785731771771126,-0.017964139563091508,-0.035714196510051366,-0.008064516129032251
2022-09-21 00:00:00+01:00,-0.0027700831024930483,0.01612909428163012,-0.028301886792452824,0.010101010101010166,-0.007299270072992692,-0.029126213592232997,0.0,-0.01142861502511161,-0.016216200542241155,0.005586592178770999,0.0,-0.018292636831624076,-0.012345725525951368,0.0
2022-09-22 00:00:00+01:00,-0.02777777777777779,-0.007936537971601432,-0.03300970873786413,-0.030000000000000027,-0.014705882352941124,0.0,-0.01351350045186761,-0.017340997126628732,-0.03296706607672484,-0.033333333333333326,-0.03669721399350001,-0.024844755448886202,-0.02499997615814209,-0.024390243902439046
2022-09-23 00:00:00+01:00,-0.005714285714285672,0.015999984741210893,0.034136546184738936,0.015463917525773141,0.03731343283582089,0.0,0.00684927569743965,-0.017647013944738,0.02727271495771788,0.028735632183908066,0.04761904761904767,0.012738841509227994,0.012820500280416924,0.0
2022-09-26 00:00:00+01:00,0.005747126436781658,-0.007873970810807207,0.0,-0.005076142131979711,0.0,0.0,-0.013605429378242606,-0.035928164913695326,-0.0044247878051532075,-0.016759776536312887,-0.018181800842285156,-0.00628927233928156,0.006329077632166724,0.0
2022-09-27 00:00:00+01:00,-0.017142857142857126,-0.015873075943202752,-0.009708737864077666,-0.015306122448979553,0.0,-0.040000000000000036,-0.013793090294147325,-0.024844755448886202,-0.005555550404536702,-0.011363636363636354,0.018518500530834592,-0.018987353614766667,0.012578664637599601,0.0
2022-09-28 00:00:00+01:00,-0.01744186046511631,-0.024193487604002417,-0.03137254901960784,-0.015544041450777257,-0.007194244604316502,0.0,-0.020979034037302835,-0.012738841509227883,-0.0011173040745336982,-0.011494252873563204,0.0,0.0,-0.006211203670828613,-0.01666666666666672
2022-09-29 00:00:00+01:00,-0.023668639053254448,-0.008264494075791107,-0.02429149797570851,-0.010526315789473717,0.0,0.0,0.0,-0.025806427001953125,-0.03243846137075612,0.0,-0.013636328957297605,-0.012903213500976562,0.01250004768371582,0.0
2022-09-30 00:00:00+01:00,0.009090909090909038,0.016666650772094727,0.020746887966804906,0.01196808510638303,0.021739130434782705,0.0,0.021428585052490234,0.026490040293054573,0.021965310510565716,0.023255813953488413,0.041474635340444044,0.03921564838664171,0.0,0.008474576271186418
2022-10-03 00:00:00+01:00,0.0030030030030030463,0.00819675270763387,0.004065040650406582,0.003942181340341744,0.0,-0.02083333333333337,-0.006993033575937835,-0.03870970203030499,-0.03280541193990261,-0.005681818181818232,-0.008849591131132817,0.0,-0.012345725525951368,-0.01680672268907568
2022-10-04 00:00:00+01:00,-0.0119760479041916,0.03252029368516429,0.012145748987854255,0.02617801047120416,0.028368794326241176,0.0,0.03521126807859276,0.02013424150439369,0.05146195202070203,0.040000000000000036,0.026785731771771015,0.03773587395376232,0.0,0.008547008547008517
2022-10-05 00:00:00+01:00,-0.012121212121212088,-0.007873970810807207,0.010000000000000009,-0.005102040816326481,-0.01379310344827589,-0.010638297872340385,0.0,0.013157882353605599,0.0022247317906978203,0.0,-0.008695685345193604,-0.012121258359966802,0.0,-0.025423728813559365
2022-10-06 00:00:00+01:00,0.018404907975460016,0.0,0.02970297029702973,0.01025641025641022,0.013986013986013957,0.0,0.006802747127023556,0.006493531425117771,0.0377358253410629,0.0,0.008771963580347819,0.024539972061436766,0.0,0.04347826086956519
2022-10-07 00:00:00+01:00,-0.01807228915662651,0.0,-0.014423076923076872,-0.010152284263959421,-0.006896551724137945,0.0,-0.01351350045186761,0.01935485101515244,-0.0021390098884424003,-0.005494505494505475,-0.017391287762185792,-0.005988046521030466,0.01874995231628418,-0.008333333333333304
2022-10-10 00:00:00+01:00,0.012269938650306678,-0.023809538226368665,-0.028292682926829293,-0.008974358974358942,-0.00694444444444442,0.0,-0.0136986820351932,-0.025316491606066638,-0.028938916612465615,-0.016574585635359074,0.0,-0.006024119227211244,0.0,0.008403361344537785
2022-10-11 00:00:00+01:00,-0.018181818181818188,-0.016260146842582146,-0.016064257028112428,-0.001293661060802087,-0.020979020979020935,0.0,-0.01388887601134181,-0.025974001846660322,0.004415019896503614,-0.022471910112359605,0.008849506735177037,0.0,-0.006134876000100209,0.008333333333333304
2022-10-12 00:00:00+01:00,-0.006172839506172867,0.0,-0.01632653061224487,-0.020725388601036232,-0.014285714285714235,0.0,-0.02112677427918841,-0.013333320617675781,-0.016483565788166232,-0.005747126436781658,-0.017543843505051004,-0.018181771943063474,0.0,-0.016528925619834656
2022-10-13 00:00:00+01:00,-0.006211180124223614,0.0,-0.016597510373444035,-0.005291005291005346,0.007246376811594235,0.0,0.0,0.0,0.0335195884175985,0.005780346820809301,0.0,0.012345607788387003,0.0,-0.004201680672268893
2022-10-14 00:00:00+01:00,0.0,0.0,0.08649789029535859,0.005319148936170137,0.014388489208633004,0.0,0.014388544491240829,0.01351350045186761,0.0151351333935823,0.02298850574712641,0.0,0.0,0.0,0.012658227848101333
2022-10-17 00:00:00+01:00,0.0,0.0,-0.004854368932038833,0.005291005291005346,0.0,0.0,0.0,0.013333320617675781,0.022364182979021097,-0.005617977528089901,0.0,0.006097584377790843,-0.012345725525951368,0.0
2022-10-18 00:00:00+01:00,0.018750000000000044,0.008264415259734426,0.024390243902439046,0.026315789473684292,0.028368794326241176,0.0,-0.00709222544427357,0.0,0.026041704501647,0.0,0.0,0.018181771943063474,0.0625,-0.008333333333333304
2022-10-19 00:00:00+01:00,0.006134969325153339,0.0,-0.01904761904761909,0.0,0.0,0.0,-0.00714288439069477,0.0,-0.015228411651818319,-0.005649717514124242,0.0,-0.017857098255025683,-0.005882375380572125,0.008403361344537785
2022-10-20 00:00:00+01:00,-0.012195121951219523,0.0,0.0,-0.00512820512820511,-0.01379310344827589,0.010752688172043001,0.0,0.0,-0.0020618905118010566,-0.011363636363636354,-0.008928520490927738,-0.018181771943063474,0.005917182469050486,0.0
2022-10-21 00:00:00+01:00,0.012345679012345734,0.00819675270763387,-0.009708737864077666,-0.010309278350515427,-0.027972027972028024,0.0,-0.01438847588157588,0.0,-0.049586754468578076,-0.02298850574712641,-0.018018086132081,-0.01851858828892705,-0.005882375380572125,-0.008333333333333304
2022-10-24 00:00:00+01:00,-0.0060975609756097615,0.016260146842582035,0.004901960784313708,0.0,-0.007194244604316502,0.0,0.0,-0.052631592156154094,-0.010869554654186486,0.002941176470588225,0.004587173622452312,0.0,0.014792899742192,0.008403361344537785
2022-10-25 00:00:00+01:00,0.0,0.008000030517578027,0.01073170731707318,0.01041666666666674,0.01449275362318847,0.0,0.007299298019120881,-0.006944404891978451,0.020879113465428922,0.014662756598240456,0.013698682631726689,0.02515720931616272,0.014577259799462672,0.0
2022-10-26 00:00:00+01:00,0.012269938650306678,0.015873000254767344,0.02316602316602312,0.015463917525773141,0.021428571428571352,-0.04255319148936165,0.028985479203023967,0.020979034037302835,0.017222790608566685,0.023121387283236983,0.00900895714943828,0.01840497904607763,0.034482781300221976,0.0
2022-10-27 00:00:00+01:00,-0.0060606060606061,0.007812455180101763,-0.009433962264150941,-0.050761421319796995,-0.006993006993006978,0.016666666666666607,0.01408449379940424,0.0,-0.01587300085546861,0.011299435028248483,0.017857126131349377,-0.0030121170638643946,0.0,0.008333333333333304
2022-10-28 00:00:00+01:00,0.0,0.0,0.03809523809523818,0.0,0.0,0.0,0.02777781825006853,0.0,0.0,0.022346368715083775,-0.008771879924703185,0.0030212173241199736,0.0,-0.008264462809917328
2022-10-31 00:00:00+00:00,0.012195121951219523,0.015503935570057026,0.00917431192660545,0.021390374331550888,0.021126760563380254,0.0,-0.01351350045186761,0.0,0.016129016752173708,0.010928961748633892,0.008849506735177037,0.024096362008327654,-0.011111153496636272,0.0
2022-11-01 00:00:00+00:00,0.0,0.007633543884232319,0.0,-0.005235602094240788,-0.01379310344827589,0.010928961748633892,0.0,-0.0068493410175966,-0.03174600171093711,0.00540540540540535,-0.008771879924703185,-0.01176475076114425,-0.011235891245119367,0.008333333333333304
2022-11-02 00:00:00+00:00,-0.01807228915662651,-0.030303001841675226,-0.045454545454545414,0.010526315789473717,0.006993006993007089,0.0,-0.0136986820351932,0.006896578032394851,-0.02295084935965397,-0.032258064516129004,0.0,-0.017857098255025683,-0.005681839733083893,0.0
2022-11-03 00:00:00+00:00,-0.012269938650306789,0.0,0.0,-0.02604166666666663,-0.00694444444444442,-0.010810810810810811,0.00694447111936336,-0.0068493410175966,-0.004474282029046095,-0.005555555555555536,0.008849506735177037,-0.006060629179983401,-0.02285712105887272,0.0
2022-11-04 00:00:00+00:00,0.012422360248447228,0.0,0.03809523809523818,0.016042780748663166,0.0,0.016393442622950838,0.006896578032394851,0.0,0.006741620290010797,0.0,-0.008771879924703185,0.0,-0.011695950788175535,-0.008264462809917328
2022-11-07 00:00:00+00:00,0.012269938650306678,-0.007812529685906622,-0.01834862385321101,-0.015789473684210575,-0.013986013986013957,0.0,-0.0068493410175966,0.0,-0.012276826845718292,-0.016759776536312887,-0.02654868899744267,-0.012195052453833122,-0.005917182469050486,0.0
2022-11-08 00:00:00+00:00,0.06060606060606055,0.0,0.009345794392523255,0.016042780748663166,0.028368794326241176,-0.005376344086021501,0.013793090294147436,0.0,-0.03389827312208993,0.022727272727272707,0.009090943769975102,-0.015432156907439154,0.0,-0.008333333333333304
2022-11-09 00:00:00+00:00,-0.011428571428571455,0.00787404590327423,-0.0092592592592593,-0.0052631578947368585,-0.006896551724137945,0.0,-0.013605429378242606,0.0,-0.014035115849118651,0.005555555555555536,0.00900895714943828,-0.0031348082340301175,0.0,0.0
2022-11-10 00:00:00+00:00,0.028901734104046284,0.007812455180101763,0.03738317757009346,0.010582010582010692,0.02083333333333326,0.0,0.02758618058829465,-0.013793090294147325,0.003558743771650441,0.022099447513812098,-0.017857126131349377,0.03773587395376232,-0.005952290396567306,0.0
2022-11-11 00:00:00+00:00,0.0,0.015503935570057026,0.03603603603603611,0.005235602094240788,0.006802721088435382,0.0,0.02013424150439369,0.020979034037302835,0.05200941978824858,0.00540540540540535,0.0,0.030303030303030276,-0.017964139563091508,0.0
2022-11-14 00:00:00+00:00,0.00561797752808979,0.007633543884232319,-0.013043478260869601,0.0,-0.013513513513513487,0.0108108108108107,-0.019736854901274303,-0.0136986820351932,0.005056215217507987,-0.010752688172043001,-0.009090943769975102,-0.017647013944738,0.01829275313337253,0.0
2022-11-15 00:00:00+00:00,0.03910614525139655,-0.007575714336391148,0.004405286343612369,-0.00520833333333337,0.006849315068493178,0.016042780748663166,-0.013422806334599358,0.02083334713070517,0.021799840343514676,-0.016304347826086918,-0.00917425975184516,0.0,0.005987932308542776,-0.008403361344537785
2022-11-16 00:00:00+00:00,0.021505376344086002,-0.015267233367592836,0.0,-0.015706806282722474,-0.013605442176870763,-0.021052631578947323,-0.003401373563511778,0.0,0.0010941430609332503,0.0,0.0,0.0,-0.01190469432579655,-0.008474576271186418
2022-11-17 00:00:00+00:00,0.0052631578947368585,0.0,-0.03508771929824561,-0.010638297872340385,0.0,0.19354838709677424,-0.017064846860731953,0.020408176505266162,-0.028415324894488392,-0.013812154696132617,-0.037037089364844955,-0.005988046521030466,-0.024096362008327765,0.0
2022-11-18 00:00:00+00:00,0.0,0.0,0.018181818181818077,0.0,0.0,-0.04504504504504503,0.0,-0.07333335876464842,0.006749136520449728,0.0,0.019230843295715117,0.006024119227211244,0.0,0.0
2022-11-21 00:00:00+00:00,-0.020942408376963373,-0.007751893856784764,-0.0267857142857143,0.0,0.01379310344827589,0.018867924528301883,0.01388894223872672,-0.007194203635955465,0.0279330014475605,0.019607843137254832,0.0,-0.011976093042061042,0.018518470551362576,0.0
2022-11-22 00:00:00+00:00,-0.010695187165775444,-0.007812529685906622,-0.01834862385321101,0.010752688172043001,0.0,0.03703703703703698,-0.02054795773263285,-0.05072462315870885,-0.005434777327093299,0.01098901098901095,0.009433907943081188,0.024242401123046875,-0.030303030303030276,-0.017094017094017144
2022-11-23 00:00:00+00:00,-0.00540540540540535,0.00787404590327423,0.01869158878504673,0.005319148936170137,0.006802721088435382,0.02678571428571419,0.006992966885427165,0.007633543884232319,0.01639342660450316,0.010869565217391353,0.028037401503044235,0.035502981953434265,0.03750002384185791,0.008695652173912993
2022-11-24 00:00:00+00:00,-0.005434782608695676,0.0,-0.00917431192660545,-0.005291005291005346,0.006756756756756799,-0.017391304347826098,0.0,0.0075757865844463534,0.0,0.005376344086021501,0.0,-0.01142861502511161,-0.024096362008327765,0.008620689655172376
2022-11-25 00:00:00+00:00,-0.016393442622950838,-0.007812529685906622,0.0,-0.010638297872340385,-0.006711409395973145,0.008849557522123908,-0.006944404891978451,0.015037579428341719,-0.005376338917391199,-0.010695187165775444,0.0,0.0,0.0,0.0
2022-11-28 00:00:00+00:00,0.005555555555555536,0.0,-0.0092592592592593,-0.026881720430107503,-0.006756756756756799,-0.01754385964912286,0.0,-0.007407435664424145,-0.017297332128352938,-0.00540540540540535,-0.009090943769975102,-0.005780258874628963,0.018518470551362576,-0.008547008547008517
2022-11-29 00:00:00+00:00,-0.011049723756906049,-0.007873970810807207,0.009345794392523255,-0.011049723756906049,-0.006802721088435382,0.0,-0.013986000461365,0.0,-0.00990099399435651,-0.016304347826086918,-0.00917425975184516,-0.034883741561368864,0.0,0.034482758620689724
2022-11-30 00:00:00+00:00,0.0,0.0,-0.0092592592592593,0.022346368715083775,0.013698630136986356,-0.008928571428571397,0.0,0.0,-0.02222220161814692,0.011049723756906049,-0.009259294417005237,0.01807224278111641,0.006060629179983401,0.0
2022-12-01 00:00:00+00:00,0.011173184357541999,0.011904731268966628,0.009345794392523255,-0.005464480874316946,-0.006756756756756799,0.009009009009008917,0.007092157807799149,-0.00746264407777486,-0.006818161806291689,0.005464480874316946,0.018691571292548614,0.011834364938100972,-0.006024119227211244,-0.004166666666666652
2022-12-02 00:00:00+00:00,0.0,0.0,-0.02777777777777779,0.0,-0.020408163265306145,-0.008928571428571397,0.0,-0.0075188255665883386,0.0,0.0,0.0,-0.005847975394087768,0.0,0.0
2022-12-05 00:00:00+00:00,0.005524861878453136,0.0,0.00952380952380949,0.027472527472527375,0.0,0.009009009009008917,0.0,0.022727287505283966,-0.004576668246348836,-0.016304347826086918,-0.00917425975184516,-0.005882375380572125,0.0,-0.004184100418409997
2022-12-06 00:00:00+00:00,0.0,-0.019607843137254943,-0.009433962264150941,-0.021390374331550777,0.0,0.0,0.0,0.0,-0.00919542088346692,-0.0055248618784530246,0.0,-0.023668617015333404,0.0,-0.008403361344537785
2022-12-07 00:00:00+00:00,-0.01098901098901095,-0.02400001525878903,0.0,0.0,-0.01388888888888884,0.0,-0.007042213319620072,0.0,-0.0046403806952861615,-0.005555555555555536,0.0,0.006060629179983401,-0.012121258359966802,-0.008474576271186418
2022-12-08 00:00:00+00:00,-0.005555555555555536,-0.008196674537606752,0.0,0.0,0.007042253521126751,-0.017857142857142905,-0.00709222544427357,0.0,0.020979029237607305,0.0,0.009259206113829244,0.0,0.0,0.0
2022-12-09 00:00:00+00:00,0.0,-0.008264494075791107,0.0,0.016393442622950838,0.0,0.018181818181818077,-0.00714288439069477,0.0,0.014840195930540423,0.011173184357541999,0.009174347244904846,0.0,0.0,0.0
2022-12-12 00:00:00+00:00,0.005586592178770999,0.008333365122477288,0.0,0.0,0.034965034965035,0.0,0.0071942722456204145,-0.029629601372612835,-0.0011248449122674975,0.016574585635359185,0.009090943769975102,0.024096362008327654,0.0,0.0
2022-12-13 00:00:00+00:00,-0.005555555555555536,0.0,0.01904761904761898,0.010752688172043001,0.013513513513513598,0.02678571428571419,0.0,0.0,-0.009009027150183813,0.010869565217391353,0.0,0.017647013944738,-0.030674789553907456,0.02564102564102555
2022-12-14 00:00:00+00:00,0.0,-0.016528988151582213,0.0,-0.010638297872340385,-0.013333333333333308,0.008695652173912993,-0.00714288439069477,0.0,0.0,-0.010752688172043001,0.0,-0.017340997126628732,-0.006329137991299971,-0.012499999999999956
2022-12-15 00:00:00+00:00,0.0027932960893854997,-0.008403313529497414,-0.028037383177570097,-0.016129032258064502,-0.006756756756756799,-0.025862068965517238,0.0,-0.04580155450365042,-0.03295452775171959,-0.010869565217391353,-0.045045043496998116,-0.005882375380572125,0.0,0.012658227848101333
2022-12-16 00:00:00+00:00,0.0,-0.008474608462146094,-0.009615384615384581,-0.016393442622950838,-0.013605442176870763,0.0,-0.007194203635955465,-0.015999984741210893,-0.0011750729876726096,-0.01098901098901095,-0.009433997912352998,-0.023668617015333404,0.0,0.0
2022-12-19 00:00:00+00:00,-0.0027855153203342198,0.01709400107056047,0.009708737864077666,0.008333333333333304,0.0,0.0,-0.007246404354172786,0.0,-0.01176476445577379,0.0,0.0,-0.018181771943063474,-0.006369390382820028,-0.008333333333333304
2022-12-20 00:00:00+00:00,-0.005586592178770999,-0.008403313529497414,0.0,-0.011019283746556474,-0.010344827586206917,0.0,-0.007299228407856018,-0.016260146842582146,-0.04761900369272076,-0.005555555555555536,0.0,-0.006172862762975684,-0.01282056141338439,-0.008403361344537785
2022-12-21 00:00:00+00:00,0.00561797752808979,0.008474527642289953,0.009615384615384581,0.01949860724233976,0.010452961672473782,-0.017699115044247815,0.0,0.008264415259734426,0.04000000596046438,0.011173184357541999,0.019047600882393878,0.018633492543629337,0.0,0.025423728813559254
2022-12-22 00:00:00+00:00,0.0,0.0,0.0,-0.016393442622950838,0.006896551724137945,0.0,0.0073528988963604824,0.0,-0.014423105854694751,0.0,0.0,0.02439022120941492,0.019480532348447932,-0.008264462809917328
2022-12-23 00:00:00+00:00,0.0,-0.008403313529497414,-0.014285714285714235,0.0,-0.013698630136986356,0.027027027027026973,0.0,-0.008196674537606752,-0.018292665641127526,0.0,-0.018691571292548725,-0.005952290396567306,-0.006369390382820028,0.0
2022-12-27 00:00:00+00:00,0.011173184357541999,0.0,0.004830917874396157,0.0,-0.00694444444444442,0.00877192982456143,0.0,0.0,0.012422348291186713,0.0,0.0,0.0,0.006410219573724785,0.0
2022-12-28 00:00:00+00:00,-0.0055248618784530246,0.0,0.004807692307692291,0.011111111111111072,0.0,0.0,0.0036496490095605516,0.0,-0.023312875897790408,-0.0055248618784530246,0.019047600882393878,-0.011976093042061042,0.0,0.0
2022-12-29 00:00:00+00:00,-0.005555555555555536,0.0,0.004784688995215225,0.005494505494505475,0.020979020979021046,0.008695652173912993,0.0,-0.016528988151582213,-0.020100543151066907,-0.01666666666666672,0.00934583021049562,0.0,0.0,0.0
2022-12-30 00:00:00+00:00,0.011173184357541999,0.0,0.0,-0.005464480874316946,0.0,0.01724137931034475,-0.003636377507990063,0.016806787340397866,0.033333363899819,0.011299435028248483,-0.009259294417005237,0.006060629179983401,0.0,0.0
2023-01-02 00:00:00+00:00,0.0,-0.016949136104436047,-0.01904761904761909,0.005494505494505475,-0.013698630136986356,0.0,-0.0036496490095604406,-0.016528988151582213,0.029776661542343374,-0.022346368715083775,0.00934583021049562,0.0030120021633468497,-0.012738841509227883,-0.008333333333333304
2023-01-03 00:00:00+00:00,-0.0055248618784530246,0.0,0.009708737864077666,0.005464480874316946,-0.00694444444444442,0.0,-0.018315018826859042,0.0,0.024096434859411042,-0.017142857142857126,0.006944426661166014,0.003003071805090629,-0.01935485101515244,0.0
2023-01-04 00:00:00+00:00,0.005555555555555536,-0.008620722256998503,0.019230769230769162,0.0,0.006993006993007089,-0.016949152542372836,0.0,0.0,-0.002352980940398597,0.008720930232558155,-0.006896534185299896,0.011975978829573242,0.0,0.008403361344537785
2023-01-05 00:00:00+00:00,0.0,0.008695685345193604,0.0,-0.005434782608695676,-0.01388888888888884,0.022068944470635676,-0.011194001701525846,0.008403393670198822,0.02004719310267422,-0.008645533141210415,0.004629647208502563,-0.005917182469050486,-0.013157882353605488,0.0
2023-01-06 00:00:00+00:00,0.0,0.0,0.0,0.0,0.0,0.0,0.0,0.0,0.0,0.0,0.0,0.0,0.0,0.0
2023-01-09 00:00:00+00:00,0.0,0.0,0.009433962264151052,0.010928961748633892,0.01760563380281699,0.012145769830119946,0.00377359930074439,0.008333365122477288,-0.02312136497804762,0.005813953488372103,0.004608224451857046,0.0,0.03333333333333344,0.008333333333333304
2023-01-10 00:00:00+00:00,0.0,0.0,-0.005607476635513975,0.00540540540540535,0.0034602076124568004,0.04166666666666674,0.0037594127832940583,0.0,0.0,0.0,-0.00917425975184516,0.0,-0.012903213500976562,0.0
2023-01-11 00:00:00+00:00,0.022099447513812098,-0.0344828068146934,0.02443609022556381,-0.010752688172043001,0.0,-0.016000000000000014,0.0,-0.008264494075791107,0.018934878436154712,0.0,-0.004629647208502563,0.005952403929229133,0.0016339619750731504,0.016528925619834656
2023-01-12 00:00:00+00:00,0.0,0.008928605640421639,0.0,0.016304347826086918,0.006896551724137945,0.08130081300813008,-0.011235997596883651,0.0,0.02787455167580788,-0.011560693641618491,0.013953452886537043,0.011834364938100972,0.004893951725845502,0.0
2023-01-13 00:00:00+00:00,0.00540540540540535,0.008849506735177037,-0.01834862385321101,-0.03208556149732622,-0.03082191780821919,0.0,-0.007575714336391148,0.0,-0.011299424374029976,-0.01754385964912286,-0.00917425975184516,0.0,-0.006493469498212501,-0.016260162601625994
2023-01-16 00:00:00+00:00,-0.021505376344086002,-0.017543843505051004,-0.009345794392523366,-0.0055248618784530246,-0.010600706713780883,0.007518796992481258,0.007633543884232319,0.04166666666666674,0.018285683223179472,0.017857142857142794,-0.037037089364844955,0.005847975394087879,-0.019607855359147774,-0.024793388429752095
2023-01-17 00:00:00+00:00,-0.005494505494505475,0.017857126131349377,-0.018867924528301883,0.0,0.014285714285714235,0.0,-0.0037878932922231767,0.0880000305175781,0.010101014155334154,-0.005847953216374324,0.019230843295715117,-0.011627950817908794,0.0,0.008474576271186418
2023-01-18 00:00:00+00:00,0.027624309392265234,0.0,0.009615384615384581,0.0,0.007042253521126751,0.0,-0.007604519444585844,0.044117603747491074,0.07222222148636237,0.0,0.0,0.01176475076114425,0.020000012715657656,-0.025210084033613467
2023-01-19 00:00:00+00:00,0.0,0.0,0.05714285714285716,0.011111111111111072,-0.027972027972028024,0.00746268656716409,-0.007662864368440658,0.01408449379940424,-0.03626939644829197,-0.00588235294117645,0.009433907943081188,-0.005813975408954342,-0.026143827922748386,0.008620689655172376
2023-01-20 00:00:00+00:00,-0.005376344086021501,-0.008771879924703185,-0.036036036036036,-0.016483516483516536,-0.03597122302158273,0.022222222222222143,-0.0038610186464319574,-0.006944404891978451,-0.005376338917391199,-0.00591715976331364,-0.009345741082053105,-0.005847975394087768,-0.0067113711648050245,0.0
2023-01-23 00:00:00+00:00,0.0,0.0,0.009345794392523255,0.0,0.003731343283582156,0.007246376811594235,0.0,-0.08391606945870045,0.02702700090373522,-0.017857142857142905,-0.018867995824705996,0.0,0.0,0.0
2023-01-24 00:00:00+00:00,0.00540540540540535,0.0,0.02777777777777768,-0.011173184357541888,-0.0037174721189591198,-0.06474820143884896,0.007751967785028402,-0.007633616683796363,0.02631582744894323,0.030303030303030276,0.019230843295715117,0.005882375380572125,0.02702700090373522,0.017094017094017033
2023-01-25 00:00:00+00:00,0.0,-0.004424795565566408,0.009009009009008917,0.005649717514124353,0.0,-0.023076923076923106,-0.02307693774883568,0.015384600712702756,0.03846156197421835,-0.00588235294117645,-0.009433997912352998,-0.0029240434674705496,0.02631582744894323,-0.025210084033613467
2023-01-26 00:00:00+00:00,0.0,-0.004444461398654509,-0.008928571428571397,-0.016853932584269704,-0.02238805970149249,0.0,0.0,0.0,-0.012345725525951368,0.0,-0.009523845854259694,-0.0029325067036874986,0.006410219573724785,0.0
2023-01-27 00:00:00+00:00,0.005376344086021501,0.0,0.0,0.017142857142857126,0.01526717557251911,0.015748031496062964,0.003937022951637115,0.0,-0.004999995231628418,0.0,0.004807710823928835,0.0,0.006369451126407855,0.008620689655172376
2023-01-30 00:00:00+00:00,0.0,-0.017857126131349377,0.009009009009008917,-0.005617977528089901,0.0,0.0,-0.011764675963158666,0.0,0.0,-0.00591715976331364,0.023923445412730615,0.0,0.012658215623466695,0.0
2023-01-31 00:00:00+00:00,0.0,0.009090943769975102,0.0,-0.005649717514124242,-0.022556390977443663,0.0,0.0,0.0075757865844463534,-0.004020108630213404,0.017857142857142794,-0.009345741082053105,0.002941131591796875,0.0625,0.017094017094017033
2023-02-01 00:00:00+00:00,-0.010695187165775444,0.00900895714943828,-0.008928571428571397,-0.017045454545454586,0.003076876126802963,0.015503875968992276,-0.007936537971601432,-0.0075188255665883386,-0.01311807415527555,-0.005847953216374324,-0.018867995824705996,-0.0029325067036874986,-0.02941176470588236,-0.008403361344537785
2023-02-02 00:00:00+00:00,0.00540540540540535,0.026785731771771015,0.027027027027026973,-0.011560693641618491,-0.003067438000050049,0.0,0.014000015258789134,0.0,0.0582821904548827,0.020588235294117574,0.00961542164785767,0.01176475076114425,0.018181771943063474,-0.008474576271186418
2023-02-03 00:00:00+00:00,-0.032258064516129004,-0.008695685345193604,-0.00877192982456143,0.01754385964912286,0.0,0.03816793893129766,-0.005917144626156334,0.0,0.014492740269210325,-0.0028818443804035088,0.009523845854259694,0.011627839925551386,0.0,0.0
2023-02-06 00:00:00+00:00,-0.005555555555555536,-0.008771879924703185,0.008849557522123908,0.005747126436781658,-0.007692307692307665,-0.02941176470588236,-0.007936537971601432,0.0,0.016666708295309363,0.0028901734104045396,-0.018867995824705996,0.0,-0.01190469432579655,-0.008547008547008517
2023-02-07 00:00:00+00:00,0.011173184357541999,0.0,-0.02631578947368418,0.0,0.0,0.037878787878787845,0.004000015258789125,0.0,-0.025761155504861688,0.008645533141210304,0.014423132471786282,0.0028736290520334773,0.01807224278111641,0.01724137931034475
2023-02-08 00:00:00+00:00,-0.0055248618784530246,0.0,-0.013513513513513487,-0.017142857142857126,-0.007751937984496138,-0.014598540145985384,-0.011952236647400971,-0.015151500920837613,0.0192307515962582,-0.02285714285714291,0.023696682036039585,-0.010028718438846673,-0.011834252077232543,-0.016949152542372836
2023-02-09 00:00:00+00:00,0.005555555555555536,-0.017699097866309854,0.013698630136986356,-0.0029069767441860517,0.0078125,0.022222222222222143,0.01612909428163012,-0.0076923370361328125,-0.00943395377648304,0.01754385964912286,0.018518500530834592,0.0043415782689224525,-0.023952186084122085,-0.008620689655172376
2023-02-10 00:00:00+00:00,0.005524861878453136,0.004504435616418112,0.0,-0.002915451895043719,0.0,0.007246376811594235,0.023809462537933257,0.007751967785028402,-0.014285701310552956,0.005747126436781658,0.0,0.020172932206015126,0.024539972061436766,0.008695652173912993
2023-02-13 00:00:00+00:00,0.0,0.0,0.04504504504504503,0.01754385964912286,0.0,0.014388489208633004,0.007751967785028402,-0.015384600712702867,-0.0024153991225044358,-0.005714285714285672,0.0,-0.005649738822560368,0.005987932308542776,0.0
2023-02-14 00:00:00+00:00,-0.01098901098901095,0.00448432219242112,0.0,0.0,0.0,0.02127659574468077,-0.0076923370361328125,-0.015624984866008385,-0.03147702441614009,0.005747126436781658,0.0,0.0,-0.02976190611348406,0.02586206896551735
2023-02-15 00:00:00+00:00,-0.011111111111111072,0.0,0.02586206896551735,-0.011494252873563204,-0.007751937984496138,0.0,0.0,0.0,0.02499997615814209,0.0,0.009090943769975102,0.005681839733084004,0.012269986030718272,0.0
2023-02-16 00:00:00+00:00,0.00561797752808979,-0.004464302820210819,-0.008403361344537785,0.011627906976744207,-0.0078125,0.02083333333333326,0.005814012802893176,0.007936462283165913,-0.027317071014894445,-0.005714285714285672,0.00900895714943828,-0.005649738822560368,0.0,0.01680672268907557
2023-02-17 00:00:00+00:00,0.005586592178770999,-0.013452881045931897,0.0,0.0,-0.015748031496062964,0.020408163265306145,-0.036608891522508125,0.0,0.018054169563201272,-0.011494252873563204,0.0,0.008522705413586351,0.0,-0.008264462809917328
2023-02-20 00:00:00+00:00,-0.022222222222222254,0.0,0.0,0.01724137931034475,0.02400000000000002,-0.020000000000000018,0.015999984741210893,0.0,0.00985220749181659,0.023255813953488413,0.008928605640421639,0.00845068273409999,-0.018181771943063474,0.0
2023-02-21 00:00:00+00:00,-0.011363636363636354,-0.03636360168457031,0.008474576271186418,0.0,0.0234375,0.006802721088435382,-0.023622062617355444,-0.023622062617355444,-0.029268265451297903,-0.017045454545454586,0.017699097866309854,0.0,0.0,0.0
2023-02-22 00:00:00+00:00,0.028735632183908066,0.018867905855434186,-0.008403361344537785,-0.011299435028248594,-0.007633587786259555,-0.006756756756756799,0.0,0.01612909428163012,-0.0070352050789147524,-0.017341040462427793,0.0,-0.005586613608986046,0.0,-0.008333333333333304
2023-02-23 00:00:00+00:00,0.011173184357541999,-0.009259294417005237,0.0,0.017142857142857126,0.03076923076923066,-0.013605442176870763,-0.004032196661186149,-0.04761907645273733,0.03744939411696113,0.0,-0.008695685345193604,0.0,0.0,0.0
2023-02-24 00:00:00+00:00,-0.016574585635359074,0.018691571292548614,-0.008474576271186418,0.0393258426966292,0.02238805970149249,-0.02758620689655178,0.012145717724457494,0.008333365122477288,0.004878044241882984,0.00588235294117645,-0.008771879924703185,0.0,-0.012345725525951368,0.0
2023-02-27 00:00:00+00:00,-0.005617977528089901,-0.018348606996750005,-0.017094017094017144,-0.00540540540540535,0.007299270072992803,0.0,-0.02400001525878903,-0.016528988151582213,-0.02912618662434696,-0.03508771929824561,-0.017699097866309854,-0.011235891245119367,-0.00625002384185791,-0.008403361344537785
2023-02-28 00:00:00+00:00,-0.011299435028248594,-0.03271022747984964,-0.017391304347826098,-0.010869565217391353,0.0,-0.028368794326241176,-0.008196674537606752,0.0,-0.009999990463256836,-0.012121212121212088,-0.02702704328151928,-0.005681839733083893,-0.02515720931616272,0.008474576271186418
2023-03-01 00:00:00+00:00,-0.005714285714285672,0.004830843982388977,-0.026548672566371723,-0.016483516483516536,-0.021739130434782594,0.0,-0.016528988151582213,0.0,0.010101000370632551,0.006134969325153339,0.0,-0.01142861502511161,-0.012903213500976562,-0.008403361344537785
2023-03-02 00:00:00+00:00,-0.011494252873563204,0.00961542164785767,0.027272727272727337,0.005586592178770999,0.022222222222222143,-0.007299270072992692,0.008403393670198822,0.0,-0.019999980926513672,-0.012195121951219523,0.009259206113829244,0.0,0.013071882795547163,0.008474576271186418
2023-03-03 00:00:00+00:00,0.011627906976744207,0.009523845854259694,0.008849557522123908,0.005555555555555536,-0.01449275362318836,-0.007352941176470562,0.008333365122477288,0.0,0.035714250959391514,0.012345679012345734,0.01834869448980969,0.005780369125999885,0.0,0.008403361344537785
2023-03-06 00:00:00+00:00,-0.005747126436781658,0.009433907943081188,0.0,-0.0055248618784530246,0.007352941176470562,0.0,0.01652890933552542,0.008403393670198822,0.002463110596742979,-0.0060975609756097615,0.027026957364917115,0.0,0.0,0.0
2023-03-07 00:00:00+00:00,0.005780346820809301,0.0,0.0,-0.005555555555555536,-0.007299270072992692,0.022222222222222143,0.0,0.0,-0.01228505863046514,0.012269938650306678,-0.017543843505051004,0.005747148486326958,0.006451637514175879,0.0
2023-03-08 00:00:00+00:00,-0.011494252873563204,-0.009345741082053105,-0.01754385964912286,0.0,0.0,0.0,-0.016260146842582146,0.016666650772094727,-0.004975119657066318,0.0,0.008928605640421639,-0.00571430751255575,0.0,-0.01666666666666672
2023-03-09 00:00:00+00:00,-0.005813953488372103,0.0,0.008928571428571397,-0.011173184357541888,0.0,0.007246376811594235,0.0,0.00819675270763387,-0.009999990463256836,-0.042424242424242475,0.0,-0.0172413358412411,-0.006410280706692251,-0.008474576271186418
2023-03-10 00:00:00+00:00,-0.005847953216374324,-0.028301903767787184,-0.026548672566371723,-0.011299435028248594,-0.014705882352941124,-0.021582733812949617,-0.016528988151582213,0.0,-0.010101000370632551,0.006329113924050667,-0.008849591131132817,-0.005847975394087768,-0.032258064516129004,-0.02564102564102566
2023-03-13 00:00:00+00:00,-0.00588235294117645,-0.019417456850636006,-0.018181818181818188,-0.02285714285714291,-0.02985074626865669,-0.02941176470588236,0.0,-0.008130112188539096,-0.010204071702683226,-0.03144654088050314,-0.017857126131349377,-0.04705877865062036,-0.033333333333333326,-0.02631578947368418
2023-03-14 00:00:00+00:00,0.00591715976331364,0.00990093307113904,-0.0092592592592593,0.023391812865497075,0.03846153846153855,0.022727272727272707,0.0336134945400941,0.00819675270763387,0.03092780464424627,0.032467532467532534,-0.009090943769975102,0.006172745025411208,0.020689668326542288,0.009009009009008917
2023-03-15 00:00:00+00:00,0.0,0.0,0.0,-0.005714285714285672,-0.014814814814814836,-0.022222222222222254,-0.008130112188539096,-0.016260146842582146,-0.0339999794960022,0.0062893081761006275,0.0,-0.012269869015459345,-0.0337837833483956,-0.017857142857142905
2023-03-16 00:00:00+00:00,0.00588235294117645,-0.004901979575474669,0.009345794392523255,-0.005747126436781658,-0.007518796992481258,0.0,0.0,0.008264415259734426,0.014492751834709328,-0.012499999999999956,-0.027522866748595165,0.0,0.0,0.0
2023-03-17 00:00:00+00:00,0.005847953216374213,0.004926127351136067,0.0092592592592593,0.034682080924855585,-0.015151515151515138,0.015151515151515138,0.00819675270763387,0.00819675270763387,-0.005102035851341613,0.06329113924050622,0.009433907943081188,0.031055899885286564,-0.006993033575937835,0.0
2023-03-20 00:00:00+00:00,0.0,-0.009803865653465582,-0.01834862385321101,0.0,-0.007692307692307665,0.0,0.0,-0.016260146842582146,0.0,-0.017857142857142905,0.0,-0.018072357681633844,0.007042280479784058,0.0
2023-03-21 00:00:00+00:00,-0.005813953488372103,0.01980196056547401,0.01869158878504673,-0.005586592178770999,0.0,0.014925373134328401,-0.008130112188539096,-0.008264494075791107,0.0051282001121668586,0.0060606060606061,0.0,0.006134993015359136,0.020979034037302835,0.009090909090909038
2023-03-22 00:00:00+00:00,-0.023391812865497075,0.029126231570822947,-0.00917431192660545,-0.016853932584269704,-0.03100775193798455,0.0,-0.01639342724524051,0.008333365122477288,0.0030611850181661016,-0.02409638554216864,-0.009345741082053105,0.006097584377790843,-0.02054795773263285,-0.009009009009009028
2023-03-23 00:00:00+00:00,-0.0119760479041916,0.018867905855434186,0.0,0.02857142857142847,0.016000000000000014,0.0,0.025000015894572014,0.008264415259734426,-0.0010172809209408884,0.030864197530864113,0.018867905855434186,0.009090885971531737,-0.013986000461365,-0.018181818181818188
2023-03-24 00:00:00+00:00,-0.036363636363636376,-0.027777794947839718,-0.01851851851851849,-0.02777777777777779,0.007874015748031482,-0.014705882352941124,-0.008130112188539096,-0.008196674537606752,-0.028513235569575746,-0.0239520958083832,0.0,-0.02102104441373087,0.014184383252072719,0.0
2023-03-27 00:00:00+01:00,-0.0062893081761006275,0.019047600882393878,0.0,0.02285714285714291,0.0,0.00746268656716409,0.0,0.0,-0.009433965800679123,0.012269938650306678,-0.009259294417005237,0.012269986030718272,-0.006993033575937835,0.0092592592592593
2023-03-28 00:00:00+01:00,-0.006329113924050667,-0.018691571292548725,0.028301886792452935,-0.011173184357541888,-0.0078125,-0.03703703703703709,-0.008196674537606752,0.024793324595259847,0.005291000285156278,0.0121212121212122,0.04205605769034526,0.012121258359966802,0.0,0.04587155963302747
2023-03-29 00:00:00+01:00,0.0,0.028571446736653572,0.0,0.016949152542372836,0.023622047244094446,-0.01538461538461533,0.008264415259734426,0.00806454714081517,0.0,0.0,0.022421525430774247,0.005987932308542776,0.01408449379940424,0.0
2023-03-30 00:00:00+01:00,0.07006369426751591,0.04629629547867431,0.0,-0.011111111111111072,-0.007692307692307665,0.0,0.00819675270763387,0.0,0.01052630588288439,-0.005988023952095856,-0.008771879924703185,0.04761911790117157,0.02083334713070517,0.0
2023-03-31 00:00:00+01:00,0.029761904761904656,0.02654868899744267,0.03669724770642202,0.016853932584269593,0.023255813953488413,0.0,0.03252029368516429,0.008000030517578027,0.0208333760189523,0.024096385542168752,0.008849506735177037,0.022727250560256484,0.013605429378242606,0.0
2023-04-03 00:00:00+01:00,-0.010404641917675206,-0.017241444513996895,0.001769911504424737,0.005524861878453136,-0.011363636363636354,0.015625,0.03149610852062956,-0.007936537971601432,-0.022959222152102332,0.00588235294117645,0.026315807085398824,0.005555576748318192,0.0,0.0
2023-04-04 00:00:00+01:00,-0.002336412988402703,0.017543927160695638,-0.0035335689045936647,0.0,0.0,0.01538461538461533,0.007633543884232319,0.015999984741210893,0.018276807586367294,0.023391812865497075,0.0,0.005524882837687928,0.006711435169794333,0.01754385964912286
2023-04-05 00:00:00+01:00,-0.0023419739351656643,0.0,-0.0035460992907800915,-0.005494505494505475,0.003831417624521105,0.0,-0.007575714336391148,0.04724412523471089,-0.010256461357301072,-0.017142857142857126,-0.008546959779967,-0.00824184173576259,-0.026666641235351562,0.008620689655172376
2023-04-06 00:00:00+01:00,0.0,0.0,0.0,0.0,0.0,0.0,0.0,0.0,0.0,0.0,0.0,0.0,0.0,0.0
2023-04-11 00:00:00+01:00,0.011737089622285923,0.017241362300696395,-0.010676156583629859,0.0,-0.007633587786259555,0.0,-0.022900777251825155,0.007518753861753602,0.014248722345065357,-0.011627906976744207,-0.004310361128499252,0.002770146621752456,0.0273972334300725,0.008547008547008517
2023-04-12 00:00:00+01:00,0.013921167286783609,0.02542374456658214,0.010791366906474753,0.03038674033149169,0.023076923076922995,0.030303030303030276,0.015624984866008385,0.022388074572778693,0.026819928504874913,0.00588235294117645,0.012986979744866067,0.008287271567344101,0.013333320617675781,0.0
2023-04-13 00:00:00+01:00,-0.013730029252704279,0.008264415259734426,0.02313167259786475,0.024128686327077764,0.0,0.02941176470588225,0.0,0.0364963508730749,-0.009950239314132636,0.00877192982456143,-0.008546959779967,0.01863014534728169,-0.013157882353605488,0.0
2023-04-14 00:00:00+01:00,-0.013921078778723284,-0.01639342724524051,-0.01565217391304352,0.002617801047120505,-0.022556390977443663,-0.02857142857142858,-0.0076923370361328125,-0.007042213319620072,-0.02512560405862696,-0.020289855072463725,-0.021551723429195646,-0.029047924211672016,-0.013333320617675781,-0.016949152542372836
2023-04-17 00:00:00+01:00,-0.02352941176470591,-0.025000015894571903,-0.010600706713780883,-0.0026109660574412663,0.0,-0.007352941176470562,-0.007751893856784764,0.0,-0.015463963770208755,-0.023668639053254448,-0.00440530300038533,-0.01385041609789639,-0.05405406624492348,-0.017241379310344862
2023-04-18 00:00:00+01:00,0.012048192771084265,-0.017094001070560583,-0.0035714285714285587,0.007853403141361293,0.0,0.0,-0.015624984866008385,-0.01418445088854714,0.0,-0.0060606060606061,0.0,-0.0028089460226743412,0.028571401323590928,0.00877192982456143
2023-04-19 00:00:00+01:00,0.007142838977632016,-0.017391287762185792,0.010752688172043001,0.018181818181818077,0.01538461538461533,0.0,-0.007936537971601432,-0.007194203635955465,-0.005235597192677299,0.009146341463414531,0.017699097866309854,0.011267648616307246,0.0,0.0
2023-04-21 00:00:00+01:00,-0.002364030163704678,0.008849506735177037,0.0,0.0,0.0,0.0,-0.008000030517578138,0.007246335247339308,-0.005263152941442195,0.0,0.0,-0.008356630612997407,-0.03472222314204698,0.0
2023-04-24 00:00:00+01:00,0.0,0.0,-0.014184397163120588,-0.005102040816326481,-0.015151515151515138,0.0,0.0,-0.01438847588157588,0.013227500712890583,-0.0030211480362537513,0.008695685345193604,-0.0056178920453485715,-0.021582679517531345,0.0
2023-04-25 00:00:00+01:00,-0.0023697224410048623,0.017543927160695638,0.03597122302158273,0.012820512820512775,0.01538461538461533,0.051851851851851816,0.01612909428163012,0.04379564889219578,0.039164516541892125,0.024242424242424176,0.025862002344394508,0.0028248155313777,0.036764704851130814,0.017391304347825987
2023-04-26 00:00:00+01:00,0.009501224236974526,0.017241362300696395,-0.00694444444444442,0.0,0.030303030303030276,-0.014084507042253502,0.015873000254767344,0.0,0.020100483246901613,0.00591715976331364,-0.021008404034795758,0.014084507042253502,0.014184383252072719,0.0
2023-04-27 00:00:00+01:00,0.0070588055778952885,-0.016949136104436047,0.0,-0.0025316455696202667,-0.007352941176470562,0.0,-0.015624984866008385,0.013986000461365,0.014778311237724884,-0.0117647058823529,-0.012875504158102014,0.005555576748318192,0.0,-0.017094017094017144
2023-04-28 00:00:00+01:00,-0.00467291510524781,0.025862002344394508,0.0,-0.0025380710659898,-0.007407407407407418,0.02857142857142847,0.0,0.013793090294147436,-0.0436892799365205,0.0029761904761904656,0.008695685345193604,-0.019337037242720068,0.0,0.0
2023-05-02 00:00:00+01:00,-0.002347382105702178,-0.008403313529497414,-0.03321678321678323,-0.007633587786259555,-0.007462686567164201,0.0,0.007936462283165913,-0.006802682251218939,-0.030456883815965563,-0.008902077151335286,-0.021551723429195646,-0.001408429212973128,-0.02797206761324067,0.0
2023-05-03 00:00:00+01:00,0.0117647058823529,0.008474527642289953,-0.001808318264014508,-0.02051282051282055,0.0,0.0,-0.007873970810807207,0.00684927569743965,0.0,-0.0029940119760478723,0.004405218976219372,-0.001410415683624433,0.021582748127196183,0.0
2023-05-04 00:00:00+01:00,0.0,-0.033613414399392694,-0.021739130434782594,-0.0680628272251309,-0.022556390977443663,-0.04166666666666663,-0.007936537971601432,-0.03401360588350888,-0.03664918034874143,-0.027027027027026973,-0.03508768701010212,-0.016949216467680994,-0.028168987598808592,-0.02608695652173909
2023-05-05 00:00:00+01:00,-0.009302361066951259,0.008695685345193604,0.0,0.016853932584269593,0.0,0.0,0.0,0.0,0.005434777327093299,0.012345679012345734,0.009090943769975102,-0.00862066792062055,0.0,0.0
2023-05-08 00:00:00+01:00,-0.0011736910528511446,-0.017241444513996895,0.0,-0.027624309392265234,-0.03076923076923077,0.0,0.0,-0.01408449379940424,0.0,-0.018292682926829285,0.0,-0.01449275362318836,0.0,-0.0535714285714286
2023-05-09 00:00:00+01:00,-0.0011750702222574905,-0.008771879924703185,-0.007407407407407418,-0.008522727272727293,0.0,0.007246376811594235,-0.02400001525878903,-0.0357142857142857,0.0,0.0031055900621117516,-0.009009043066040445,-0.002941131591796875,-0.04347828791136965,-0.028301886792452824
2023-05-10 00:00:00+01:00,0.003529447667738994,0.008849506735177037,0.011194029850746245,0.014326647564469885,0.031746031746031855,0.02877697841726623,0.02459017995287449,-0.007407435664424145,0.005405400180747089,0.021671826625387025,0.0,0.002949807363423096,0.022727287505283966,0.029126213592232997
2023-05-11 00:00:00+01:00,0.008206294527532965,0.008771963580347819,-0.014760147601476037,-0.012711864406779627,0.0,0.0,0.0,-0.00746264407777486,0.00537633891739131,-0.0060606060606061,0.009090943769975102,0.002941131591796875,-0.03703703703703709,-0.037735849056603765
2023-05-12 00:00:00+01:00,0.0,0.0,0.0074906367041198685,0.0,0.011538461538461497,0.0,-0.015999984741210893,0.0,0.0,-0.012195121951219523,-0.02702704328151928,0.002932618571647616,0.02307693774883557,-0.039215686274509776
2023-05-15 00:00:00+01:00,-0.0023255459097928366,0.0,0.0,-0.010014306151645225,-0.011406844106463865,-0.006993006993006978,-0.016260146842582146,0.0,-0.01604276540816718,0.0,-0.018518500530834592,-0.005847975394087768,0.0,-0.012244866818797884
2023-05-16 00:00:00+01:00,0.00699298896014211,-0.008695685345193604,-0.0074349442379182396,0.020231213872832443,0.007692307692307665,-0.014084507042253502,-0.008264494075791107,-0.01503757942834183,-0.016304396768935914,0.012345679012345734,-0.018867995824705996,0.002941131591796875,-0.052631563851613716,-0.012396741113686605
2023-05-17 00:00:00+01:00,-0.0011573897263317257,0.017543927160695638,0.02621722846441954,-0.005665722379603388,0.01526717557251911,-0.014285714285714235,0.008333365122477288,0.0,0.030386778174556595,0.0,0.02884617324411587,0.00879774384698262,0.03174600050953447,0.04184100485192799
2023-05-19 00:00:00+01:00,-0.017381227658826215,0.0,0.0,0.0,-0.007518796992481258,0.01449275362318847,0.0,-0.06870233175547558,0.0026809625769763645,0.0,-0.018691571292548725,-0.0029070431506559302,0.0,0.0
2023-05-22 00:00:00+01:00,-0.0023585444627242103,-0.008620722256998503,0.0,-0.002849002849002802,0.0,0.0,-0.008264494075791107,-0.01639342724524051,-0.00802138270408359,0.0,0.009523845854259694,0.0058309261629183595,0.015384600712702756,0.014056240435010414
2023-05-23 00:00:00+01:00,-0.002364030163704678,-0.008695685345193604,-0.0036496350364964014,-0.005714285714285672,-0.015151515151515138,-0.014285714285714235,-0.008333365122477177,-0.008333365122477177,-0.008086245574475681,-0.0060975609756097615,-0.018867995824705996,0.0,-0.015151500920837613,-0.02178214800239786
2023-05-24 00:00:00+01:00,-0.008293892950014703,-0.008771879924703185,-0.02564102564102566,-0.017241379310344862,-0.01538461538461533,-0.02898550724637683,-0.02521002072919387,-0.008403313529497414,-0.016304396768935914,-0.018404907975460127,0.0,-0.002898506496263553,0.0,-0.004048598315015806
2023-05-25 00:00:00+01:00,0.003584265982032653,-0.017699097866309854,-0.003759398496240629,0.005847953216374213,0.015625,-0.07462686567164178,0.0,0.016949136104436047,-0.005524856784194343,-0.025000000000000022,0.0,-0.0029070431506559302,-0.0076923370361328125,-0.016260146842582146
2023-05-26 00:00:00+01:00,0.0023809160505021687,-0.009009043066040445,0.007547169811320753,-0.011627906976744207,0.01538461538461533,0.032258064516129004,0.017241362300696395,0.008333365122477288,0.0,0.0064102564102563875,0.00961542164785767,0.0058309261629183595,0.007751967785028402,0.0
2023-05-30 00:00:00+01:00,-0.0023752607540488135,0.0,-0.0074906367041198685,0.0117647058823529,0.0,0.0078125,0.0,-0.008264494075791107,0.047222244665947155,0.006369426751592355,-0.009523845854259694,0.0,-0.015384600712702867,0.008264415259734426
2023-05-31 00:00:00+01:00,-0.011904761904761862,0.0,-0.0037735849056603765,-0.005813953488372103,0.0,-0.007751937984496138,-0.008474608462146094,0.0,-0.013262586888394656,-0.025316455696202556,-0.01923075159625831,0.0,0.015624984866008385,-0.004098376353816935
2023-06-01 00:00:00+01:00,0.004819295492517028,-0.018181800842285156,0.0037878787878788955,0.014619883040935644,-0.007575757575757569,0.015625,-0.008546959779967,0.0,-0.01075267783478251,0.0,0.009803959150949337,-0.011594247126924806,0.0,0.0
2023-06-02 00:00:00+01:00,-0.01918463363126699,-0.009259294417005237,-0.015094339622641506,0.0,-0.03816793893129766,0.01538461538461533,0.0,0.016666650772094727,0.010869554654186597,0.009740259740259827,0.0,0.0,0.0,-0.008230405838276611
2023-06-05 00:00:00+01:00,-0.014669982064394738,-0.014018656187300915,0.0,-0.01729106628242072,0.0,0.022727272727272707,-0.017241444513996895,-0.01639342724524051,-0.005376338917391199,-0.01607717041800638,-0.00970877472018683,-0.0029325067036874986,-0.030769201425405623,-0.0041493933563011565
2023-06-06 00:00:00+01:00,0.0,0.0,0.0,0.0,0.0,0.0,0.0,0.0,0.0,0.0,0.0,0.0,0.0,0.0
2023-06-07 00:00:00+01:00,-0.007444149943920175,-0.014218063459024544,0.00766283524904221,-0.0014662756598240456,0.007936507936507908,-0.03703703703703709,0.008771963580347819,0.008333365122477288,0.005405400180747089,0.0,0.009803959150949337,0.005882375380572125,0.0,0.0
2023-06-08 00:00:00+01:00,0.002499961853027255,0.03846159489197354,0.0076045627376426506,0.010279001468428861,0.007874015748031482,0.0,0.06956523397694458,0.0,0.026881694586956106,0.03267973856209161,0.004854387360093471,0.0,0.007936462283165913,-0.008333365122477177
2023-06-09 00:00:00+01:00,0.007481373146470904,0.0,0.015094339622641506,0.005813953488372103,-0.0078125,0.0,0.016260146842582035,0.008264415259734426,0.015706853991273695,0.006329113924050667,0.014492716232052283,0.011695839247322315,0.0,-0.004201616694398003
2023-06-12 00:00:00+01:00,-0.0012376992541889287,0.009259206113829244,-0.0037174721189591198,-0.0014450867052022698,0.007874015748031482,-0.01538461538461533,-0.01199996948242188,0.0,-0.005154695555459998,0.0,0.009523845854259694,-0.0028901294373144815,0.015748016714081325,0.0
2023-06-13 00:00:00+01:00,-0.008674064122841774,-0.027522866748595165,-0.014925373134328401,0.0,0.0,0.0,-0.020242914354489105,0.0,-0.01036268469951196,-0.018867924528301883,-0.004716998956176499,-0.011594247126924806,-0.02325575549859793,-0.03375532146227478
2023-06-14 00:00:00+01:00,-0.00500001907348635,0.0,0.011363636363636465,-0.02026049204052094,0.0,-0.00390625,-0.004132247037895498,-0.008196674537606752,0.047120437147337935,-0.0032051282051281937,-0.023696682036039474,0.0,0.007936462283165913,-0.030567636124517406
2023-06-15 00:00:00+01:00,0.010050289787604694,0.028301813798515152,-0.011235955056179803,0.007385524372230501,0.00390625,0.0117647058823529,0.012448100925807948,0.0,0.0,-0.003215434083601254,-0.00970877472018683,0.005865125275335004,-0.015748016714081325,0.004504435616418112
2023-06-16 00:00:00+01:00,0.0,-0.00917425975184516,0.037878787878787845,0.0058651026392961825,0.027237354085603016,0.003875968992248069,0.00819675270763387,0.008264415259734426,0.009999990463256836,-0.006451612903225823,0.0,0.0,0.008000030517578027,0.00448432219242112
2023-06-19 00:00:00+01:00,-0.002487619077623293,-0.009259294417005237,-0.014598540145985384,-0.002915451895043719,-0.007575757575757569,-0.0038610038610038533,0.0,-0.01639342724524051,0.0049504903750889895,-0.012987012987012991,-0.01960782480441492,-0.002915407473626064,0.0,0.0
2023-06-20 00:00:00+01:00,0.0,0.0,-0.011111111111111072,0.0,0.0,-0.007751937984496138,0.008130034654042939,0.0,0.0,0.0,0.0100000381469727,0.0,0.0,0.0
2023-06-21 00:00:00+01:00,-0.004987455258165574,0.0,0.0074906367041198685,0.00877192982456143,0.0,0.0078125,0.00806454714081517,0.0,0.01970441498363318,0.009868421052631637,0.0049504193239715555,0.002923931926617218,-0.023809538226368665,0.00446430282021093
2023-06-22 00:00:00+01:00,-0.0025063229321807823,0.018691571292548614,-0.014869888475836479,0.0,0.0,0.011627906976744207,-0.02400001525878903,0.016666650772094727,-0.004830913423070071,-0.009771986970684043,-0.004926033393071849,0.0029155186892921847,-0.008130112188539096,-0.004444461398654509
2023-06-23 00:00:00+01:00,0.0,0.0,0.0,0.0,0.0,0.0,0.0,0.0,0.0,0.0,0.0,0.0,0.0,0.0
2023-06-26 00:00:00+01:00,0.010050289787604694,-0.00917425975184516,0.0,-0.0028985507246376274,0.0,-0.011494252873563204,-0.03278685449048113,0.0,-0.02912618662434696,-0.006578947368421018,-0.022277264650655937,-0.011627950817908794,-0.008196674537606752,-0.013392823311138558
2023-06-27 00:00:00+01:00,-0.007462667446939908,-0.009259294417005237,-0.018867924528301883,0.0029069767441860517,0.0,-0.007751937984496138,-0.008474608462146094,0.0,-0.02499997615814209,-0.0066225165562914245,0.0,-0.014705882352941124,-0.008264494075791107,-0.027149338059415218
2023-06-28 00:00:00+01:00,0.007518777583654268,0.018691571292548614,0.0,-0.008695652173912993,0.0,-0.015625,0.0,-0.01639342724524051,0.0,0.0,-0.0025316069397745,0.0,0.0,-0.009302361066951259
2023-06-29 00:00:00+01:00,-0.004975143262281545,-0.018348606996750005,0.0,-0.011695906432748537,-0.007633587786259555,0.007936507936507908,-0.008546959779967,-0.025000015894571903,-0.007692361301217643,-0.010000000000000009,0.0,-0.014925373134328401,-0.04166666666666663,-0.014084471727988102
2023-06-30 00:00:00+01:00,0.012499999999999956,0.04672897279559285,0.019230769230769162,0.01183431952662728,0.01538461538461533,0.023622047244094446,0.025862002344394508,0.025641042361154165,0.04909562347261165,0.030303030303030276,0.02538070967695716,0.012121258359966802,0.06086954863175098,0.07619049435570124
2023-07-03 00:00:00+01:00,0.0,0.035714337412192876,0.0037735849056603765,0.01023391812865504,0.007575757575757569,-0.007692307692307665,0.0,-0.008333365122477177,0.014778311237724884,0.045751633986928164,-0.00990102749433508,0.0,0.02459017995287449,0.013274302300743557
2023-07-04 00:00:00+01:00,-0.009876580885898933,0.0689654492027858,0.003759398496240518,0.01013024602026058,0.007518796992481258,0.007751937984496138,0.008403393670198822,0.042016808069591516,0.03398066679891576,0.006250000000000089,0.0100000381469727,0.002993966154271277,0.031999969482421786,0.0218340614990844
2023-07-05 00:00:00+01:00,0.0,-0.04032258188563265,0.0,-0.014326647564469885,-0.02238805970149249,-0.005769230769230749,0.0,0.0,-0.014084604787086619,-0.006211180124223614,-0.00990102749433508,0.0,0.0,0.004273520645296847
2023-07-06 00:00:00+01:00,0.0,-0.008403313529497414,-0.011235955056179803,0.008720930232558155,-0.007633587786259555,0.0019342359767891004,0.008333365122477288,-0.024193487604002417,0.05238101833802267,0.006250000000000089,0.0100000381469727,0.04477611940298498,0.007751967785028402,-0.008510670763380968
2023-07-07 00:00:00+01:00,0.006234414202318295,0.016949136104436047,0.030303030303030276,0.008645533141210304,0.019230769230769162,0.01158301158301156,0.03305781867105084,0.03305781867105084,-0.0045248824844553726,0.024844720496894457,0.0,0.01714281354631697,0.03846153846153855,0.0042918620061869195
2023-07-10 00:00:00+01:00,0.0012392330520132333,0.0,0.0,0.0,0.01132075471698113,-0.007633587786259555,-0.004000015258789014,-0.008000030517578138,0.0,-0.0060606060606061,0.0,0.0,0.0,0.0
2023-07-11 00:00:00+01:00,-0.0024753040851818175,-0.008333365122477177,-0.007352941176470562,0.0,-0.02238805970149249,0.01538461538461533,0.004016079638624159,0.00806454714081517,0.004545450112051208,0.0,0.0,0.0,-0.014814800686306473,0.004273520645296847
2023-07-12 00:00:00+01:00,0.002481446419641431,0.0,0.0,0.017142857142857126,0.0,0.0,0.0,-0.008000030517578138,-0.011312260151992382,0.018292682926829285,0.01980196056547401,0.005617999199770685,0.0,0.0
2023-07-13 00:00:00+01:00,-0.004950513747167595,0.0,0.007407407407407307,0.008426966292134797,0.01526717557251911,0.022727272727272707,0.0,0.0,0.006865036749196918,-0.005988023952095856,-0.019417456850636006,-0.008379867135583141,-0.01503757942834183,-0.021276595744680882
2023-07-14 00:00:00+01:00,-0.002487619077623293,0.016806787340397866,0.003676470588235281,0.03064066852367686,0.007518796992481258,0.0,0.004000015258789125,0.0,0.004545450112051208,0.009036144578313143,-0.014851541241502675,0.0,-0.007633616683796363,-0.008695685345193604
2023-07-17 00:00:00+01:00,-0.0024937276290828425,-0.008264494075791107,0.0,0.018918918918918948,-0.007462686567164201,0.007407407407407307,-0.00398407888246699,0.03225811165403902,0.018099529937821268,0.005970149253731405,0.0,-0.002816858425946256,0.0,0.0
2023-07-18 00:00:00+01:00,0.0,0.008333365122477288,-0.01831501831501836,-0.007957559681697646,0.007518796992481258,0.022058823529411686,0.008000030517578027,0.03124996973201677,0.017777760823567634,0.0029673590504450953,-0.01005019394093798,0.0028248155313777,-0.0076923370361328125,-0.013157861714877095
2023-07-19 00:00:00+01:00,0.005000019073486239,-0.008264494075791107,-0.007462686567164201,0.008021390374331583,-0.007462686567164201,0.043165467625899234,0.0,0.03030307408973054,-0.004366808135300104,-0.00591715976331364,0.015228387078284777,0.002816858425946256,0.02325582942684168,0.008888922797309018
2023-07-20 00:00:00+01:00,-0.007462667446939908,0.008333365122477288,0.009398496240601517,0.0026525198938991412,-0.007518796992481258,0.0,0.0,-0.014705938038939936,-0.004385960784535126,0.008928571428571397,0.0100000381469727,0.005617999199770685,0.022727287505283966,0.00881052197660459
2023-07-21 00:00:00+01:00,0.007518777583654268,0.024793324595259847,0.005586592178770999,0.015873015873015817,0.007575757575757569,0.01379310344827589,0.003968193297365197,0.0,-0.03083697525593232,0.03834808259587019,0.00990093307113904,-0.005586613608986046,0.014814800686306473,0.0
2023-07-24 00:00:00+01:00,0.0,0.0,-0.022222222222222254,0.0,0.0,-0.006802721088435382,-0.003952508977731917,0.007462715247501972,-0.03636370926848953,-0.0028409090909090606,0.0,0.0,0.0,0.004366828957883762
2023-07-25 00:00:00+01:00,0.002487524184658252,0.0,0.011363636363636465,0.0026041666666667407,0.0,0.013698630136986356,0.0,0.007407435664424256,0.004717089349841386,-0.002849002849002802,-0.009803865653465582,-0.014044944422215822,0.0,0.0
2023-07-26 00:00:00+01:00,-0.004962798181780803,-0.016129017372408794,0.0,-0.0025974025974025983,-0.003759398496240629,-0.013513513513513487,-0.0317460761979701,0.0,-0.014084604787086619,-0.02285714285714291,0.0,0.0028490681813586605,0.0,0.0
2023-07-27 00:00:00+01:00,0.009975100775553747,0.0,-0.014981273408239737,-0.00520833333333337,0.01132075471698113,0.006849315068493178,0.00819675270763387,0.0,0.0,0.0,-0.00990102749433508,0.0,-0.01459852642697701,-0.008695685345193604
2023-07-28 00:00:00+01:00,-0.0024690981264468004,0.00819675270763387,0.0038022813688212143,0.005235602094240788,0.00746268656716409,0.006802721088435382,0.020325202936851694,-0.014705938038939936,-0.00952380087370197,0.00877192982456143,0.0,0.0,0.03703703703703698,-0.004385898134529276
2023-07-31 00:00:00+01:00,0.012376237156320746,0.0,0.007575757575757569,-0.00520833333333337,0.0,-0.006756756756756799,-0.00398407888246699,0.0,-0.01923075159625831,-0.005797101449275366,0.0100000381469727,0.0,0.007142884390694659,0.004405218976219372
2023-08-01 00:00:00+01:00,0.002444950376293331,-0.008130112188539096,-0.011278195488721776,-0.002617801047120394,-0.014814814814814836,-0.013605442176870763,0.008000030517578027,-0.0447760779758305,-0.01960782480441492,-0.002915451895043719,0.00990093307113904,0.004261298520753742,-0.042553217392692355,0.008771963580347819
2023-08-02 00:00:00+01:00,-0.004878067388767171,-0.008196674537606752,-0.0038022813688213253,-0.005249343832021025,-0.007518796992481258,-0.0034482758620689724,-0.023809538226368665,0.0,0.034999966621398926,-0.01754385964912286,-0.029411783955364257,-0.007072136090275016,-0.007407435664424145,-0.004347842672596802
2023-08-03 00:00:00+01:00,0.0,-0.008264494075791107,-0.003816793893129722,0.0026385224274405594,0.0,-0.0034602076124568004,0.0,0.0,-0.014492740269210325,-0.011904761904761862,0.0,-0.005697919001040552,0.022388074572778693,0.008733657915767745
2023-08-04 00:00:00+01:00,0.014705938726424117,0.008333365122477288,0.015325670498084198,0.0,0.0,0.0,0.0,0.03124996973201677,0.0,0.009036144578313143,0.0,0.0,0.0036496490095605516,0.0
2023-08-08 00:00:00+01:00,0.0024154219911944885,0.0,-0.015094339622641506,0.010526315789473717,0.015151515151515138,0.0,-0.008130112188539096,0.0,-0.01960782480441492,0.0,0.02020209804504458,0.0,0.0,0.0
2023-08-09 00:00:00+01:00,0.007831343685287928,0.008264415259734426,0.0,0.0026041666666667407,0.00746268656716409,0.0,0.00819675270763387,0.0,0.0,0.008955223880596996,0.00990093307113904,0.005730571332321688,0.0,0.012986979744866067
2023-08-10 00:00:00+01:00,0.013747776508086895,0.0,0.0,0.0,0.0,0.0,0.0,0.0075757865844463534,-0.004999995231628418,0.0,0.009803959150949337,0.0,0.010909063165838173,0.012820561935890318
2023-08-11 00:00:00+01:00,0.0,-0.01639342724524051,-0.019157088122605415,0.0025974025974024872,0.0,0.00694444444444442,-0.008130112188539096,-0.0075188255665883386,-0.0075376812175881325,0.0,0.009708682130449064,-0.0028489595005202206,-0.007194203635955465,0.00843877000643678
2023-08-14 00:00:00+01:00,-0.004716998956176499,0.0,0.01171875,0.010362694300518172,0.0,-0.006896551724137945,0.0,-0.007575714336391148,0.0,0.0,0.0,0.0028570992606027357,-0.007246404354172786,-0.004184116446269481
2023-08-15 00:00:00+01:00,0.007108986531678241,0.0,0.007722007722007707,0.007692307692307665,0.022222222222222143,0.0,0.0,0.0,0.007594929374080017,0.0,0.0,-0.005697919001040552,0.01459852642697701,0.0
2023-08-16 00:00:00+01:00,0.0,0.016666650772094727,0.03065134099616862,-0.007633587786259555,0.03623188405797095,-0.00694444444444442,0.00819675270763387,-0.015267233367592836,-0.005025120811725348,0.01183431952662728,0.0,0.0,-0.021582679517531345,-0.004201616694398003
2023-08-17 00:00:00+01:00,0.0023529052734374556,0.004098376353816935,-0.0037174721189591198,0.00512820512820511,0.0,0.006993006993007089,-0.004065056094269548,-0.015503861641813277,-0.010101000370632551,-0.005847953216374324,0.0,-0.002865394969802648,0.014705867915830284,-0.0042194252426397405
2023-08-18 00:00:00+01:00,-0.002347382105702178,0.0,0.0,0.0025510204081633514,-0.013986013986013957,-0.00694444444444442,0.0,0.0,-0.005102035851341613,0.0,0.0,-0.002873519434293592,-0.007246404354172786,-0.004237304231073047
2023-08-21 00:00:00+01:00,-0.01647060618681062,-0.004081648223254186,0.0,0.0,0.0,-0.006993006993006978,0.0,-0.023622062617355444,0.012820500280416924,-0.0117647058823529,0.0,-0.008645510964396141,-0.007299228407856018,0.008510670763381079
2023-08-22 00:00:00+01:00,-0.0023923080369923078,0.0,-0.003731343283582045,-0.010178117048346036,0.014184397163120588,0.0035211267605634866,0.004081648223254186,-0.016129017372408794,0.002531643124693339,0.0,0.0,-0.0029070431506559302,0.014705867915830284,0.0
2023-08-23 00:00:00+01:00,-0.002398136378626514,0.0,0.0,-0.0025706940874036244,0.0,0.0035087719298245723,-0.008130112188539096,-0.01639342724524051,-0.015151500555948827,0.0,0.0,-0.002915407473626064,0.0,-0.00843885048527937
2023-08-24 00:00:00+01:00,0.0,-0.03278685449048113,-0.0037453183520599342,-0.010309278350515427,-0.020979020979020935,-0.0034965034965035446,0.0,0.008333365122477288,-0.020512861581634567,-0.005952380952380931,-0.01923075159625831,-0.0029240434674705496,0.007246335247339308,-0.004255335381690539
2023-08-25 00:00:00+01:00,-0.04086531275475258,0.008474527642289953,0.007518796992481258,-0.00520833333333337,0.0,0.0035087719298245723,-0.008196674537606752,-0.008264494075791107,-0.007853395789016004,0.0,-0.009803865653465582,0.0,-0.032374087885961966,-0.017094001070560583
2023-08-28 00:00:00+01:00,-0.012531327841571738,0.0,0.003731343283582156,0.0,0.0,0.0,-0.008264494075791107,0.0,-0.021108159501653567,-0.0119760479041916,0.00990093307113904,0.002932618571647616,-0.011152388152968262,-0.021739130434782594
2023-08-29 00:00:00+01:00,0.015228387078284777,0.0,0.0,0.0,0.0071428571428571175,0.0,-0.008333365122477177,0.008333365122477288,-0.0026954151914918567,0.0,0.0,0.008771907320705097,0.0,-0.004444461398654509
2023-08-30 00:00:00+01:00,-0.002499961853027366,0.0336134945400941,0.0,-0.010471204188481686,-0.028368794326241176,0.0,0.0,0.008264415259734426,0.024324300813361788,0.0121212121212122,-0.01960782480441492,0.0,0.0,0.022321428951560307
2023-08-31 00:00:00+01:00,-0.007518873190098363,-0.008130112188539096,-0.01115241635687736,0.0,0.0,0.0,0.02521010086989528,-0.07377046168859613,-0.01319259968853348,-0.0119760479041916,0.0100000381469727,0.0,0.0,-0.01746723254120064
2023-09-01 00:00:00+01:00,-0.02272721580456105,-0.008196674537606752,0.0,-0.005291005291005346,0.014598540145985384,-0.010489510489510523,0.00819675270763387,-0.008849591131132817,-0.005347588469389097,-0.0060606060606061,-0.00990102749433508,0.002898506496263664,0.015037579428341719,0.006666649712456563
2023-09-04 00:00:00+01:00,0.0,0.008264415259734426,-0.018796992481203034,-0.0026595744680850686,0.014388489208633004,0.007067137809187329,0.008130034654042939,0.0,-0.002688169458695655,0.0,-0.00500001907348635,-0.005780258874628963,0.0,0.0022075560817349515
2023-09-05 00:00:00+01:00,0.0,-0.008196674537606752,-0.01532567049808431,-0.01866666666666672,-0.028368794326241176,-0.0035087719298245723,-0.008064470231593623,0.0,-0.01886790634044322,0.012195121951219523,-0.005025144893802347,0.0,-0.03703703703703709,-0.02202643097776069
2023-09-06 00:00:00+01:00,0.0,0.0,-0.015564202334630295,-0.005434782608695676,-0.021897810218978075,-0.014084507042253502,0.0,-0.035714252262698754,-0.010989065691980104,0.0,0.0,-0.005813975408954342,0.015384600712702756,0.004504435616418112
2023-09-07 00:00:00+01:00,-0.010335956537291913,-0.024793403411316528,-0.011857707509881465,-0.010928961748633892,-0.014925373134328401,0.0,-0.008130112188539096,0.0,-0.019444426415878624,-0.01807228915662651,-0.010100952691779574,-0.0029240434674705496,-0.030303001841675226,-0.035874406476706144
2023-09-08 00:00:00+01:00,-0.0026109262692708413,0.016949136104436047,-0.0040000000000000036,-0.0055248618784530246,0.015151515151515138,0.0,0.0,0.018518500530834592,-0.008498575533404162,0.0030674846625766694,0.0,-0.005865013407374997,0.007812455180101763,0.013953452886537043
2023-09-11 00:00:00+01:00,-0.00261786091154681,-0.016666650772094727,-0.002008032128514081,-0.005555555555555536,0.0,0.0,-0.008196674537606752,-0.018181800842285156,-0.02285712105887272,-0.00917431192660545,0.00765304161279956,-0.01769918176435259,-0.02325575549859793,0.004587173622452312
2023-09-12 00:00:00+01:00,-0.01049862801053214,0.0,-0.014084507042253502,0.011173184357541999,0.0,0.0,0.0,0.0,-0.014619938485219475,-0.012345679012345734,-0.010126620908326722,0.0,0.0,0.009132455087817792
2023-09-13 00:00:00+01:00,-0.010610119835120058,-0.02542374456658214,0.0020408163265306367,0.0,0.0,0.0071428571428571175,-0.008264494075791107,-0.009259294417005237,-0.01186942528527457,-0.018750000000000044,-0.017902735947815773,-0.024024001663345507,-0.007936537971601432,-0.013574712182390813
2023-09-14 00:00:00+01:00,-0.0026809242940074585,0.04347826086956519,-0.008146639511201648,-0.016574585635359074,-0.02238805970149249,-0.007092198581560294,0.004166682561238533,-0.009345741082053105,-0.0630630759634545,0.0,-0.0052083529945868845,-0.006153869628906294,-0.048000030517578174,-0.018348606996750005
2023-09-15 00:00:00+01:00,0.008064495454511489,0.0,0.01642710472279263,0.0,-0.007633587786259555,0.014285714285714235,0.0,0.009433907943081188,-0.006410250532086104,0.0,-0.005235621961910741,-0.003095928064492215,-0.016806707199696347,-0.00467291510524781
2023-09-18 00:00:00+01:00,0.0,0.008333365122477288,-0.004040404040404066,0.0070224719101124045,0.007692307692307665,-0.007042253521126751,-0.0041493933563011565,0.0,0.0,0.006369426751592355,0.0,-0.003105661069842447,0.05982904450227533,0.004694853758291817
2023-09-19 00:00:00+01:00,0.00266662597656242,0.0,0.0020283975659229903,0.001394700139470073,-0.007633587786259555,-0.021276595744680882,0.0,0.0,0.009677487332666601,0.012658227848101333,0.01052635594418172,0.003115336248348477,0.06451614639885639,0.028037401503044235
2023-09-20 00:00:00+01:00,-0.01063823743123149,0.0,-0.014170040485829927,0.0,-0.007692307692307665,0.0,0.008333365122477288,0.0,-0.009584731217720188,-0.018750000000000044,-0.010416705989173769,0.0031055426009860554,-0.022727287505284077,0.009090943769975102
2023-09-21 00:00:00+01:00,-0.0026882335152527137,-0.016528988151582213,0.006160164271047153,-0.011142061281337101,-0.015503875968992276,-0.007246376811594235,-0.016528988151582213,-0.009345741082053105,-0.02580642779585396,0.0,0.0,-0.00928790229556209,0.007751967785028402,0.00900895714943828
2023-09-22 00:00:00+01:00,0.002695479593836536,0.0,0.0,0.025352112676056304,0.055118110236220375,0.0,0.0,0.0,-0.006622510282393357,-0.006369426751592355,-0.02105261150159332,0.00937497615814209,0.0076923370361328125,0.0
2023-09-25 00:00:00+01:00,0.0,0.0,0.008163265306122547,-0.005494505494505475,0.02238805970149249,0.0,-0.008403313529497414,0.03773581171086837,-0.03333330154418945,0.0,0.010752626424140876,0.0,0.015267160568028793,0.0
2023-09-26 00:00:00+01:00,-0.0026882335152527137,-0.016806707199696347,-0.02429149797570851,-0.0055248618784530246,-0.021897810218978075,0.0,-0.02542374456658214,0.018181800842285156,-0.00689654492027858,0.0,-0.002659533994128216,-0.012383889411096916,-0.01503757942834183,0.0
2023-09-27 00:00:00+01:00,-0.002695376771803537,0.0,0.0,0.005555555555555536,0.0,0.007299270072992803,0.0,0.0,0.006944437545759019,-0.0032051282051281937,-0.0053333536783853885,-0.0031348082340301175,-0.007633616683796363,0.0
2023-09-28 00:00:00+01:00,-0.0027026614627322365,0.0,0.004149377593360981,-0.0055248618784530246,-0.007462686567164201,0.0,0.0,-0.008928520490927738,-0.0034482724601393455,0.0,-0.0187667768701707,0.006289332318799801,-0.0076923370361328125,-0.013392823311138558
2023-09-29 00:00:00+01:00,-0.002710089015801942,0.012820561935890318,0.012396694214876103,0.005555555555555536,0.007518796992481258,0.009057971014492683,0.0130434450895891,0.03603600043095767,0.003460204186943594,0.012861736334405238,0.016393505842428047,0.01250004768371582,0.007751967785028402,0.02488684287633358
2023-10-02 00:00:00+01:00,0.0,0.004219344763797039,-0.004081632653061273,0.0013812154696133394,0.00746268656716409,-0.0017953321364452268,0.0042918620061869195,0.0,-0.008620722256998503,0.01904761904761898,0.0,0.0,-0.015384600712702867,0.0
2023-10-03 00:00:00+01:00,0.0,0.0,-0.008196721311475419,-0.0013793103448276334,0.0,-0.007194244604316502,0.004273520645296847,-0.008695685345193604,-0.019130458002505124,-0.009345794392523366,0.0,0.0,-0.007812529685906622,0.0022075560817349515
2023-10-04 00:00:00+01:00,0.008152153350003966,0.0,-0.004132231404958664,-0.0055248618784530246,0.0,0.01449275362318847,0.012765924981299914,0.026315807085398824,-0.014184383971608927,0.012578616352201255,-0.016129093454646193,-0.006172862762975684,0.0,0.0
2023-10-05 00:00:00+01:00,-0.00808623313744361,0.0,0.0,-0.002777777777777768,-0.014814814814814836,-0.0071428571428571175,-0.008403313529497414,-0.008546959779967,0.003597118908694741,-0.012422360248447228,-0.010928899668246395,0.0,0.0,-0.05286346795629193
2023-10-06 00:00:00+01:00,0.0,0.008403393670198822,0.008298755186721962,0.0055710306406684396,0.0,0.0,0.0,0.06034480915908791,0.053763475777184766,0.01572327044025168,0.005524882837687928,-0.003105661069842447,0.015748016714081325,0.00930236106695137
2023-10-09 00:00:00+01:00,0.0,-0.016666650772094727,-0.026748971193415683,-0.0013850415512465242,0.0,0.0,0.0,0.0,-0.027210938968575293,-0.003095975232198178,-0.005494526224051444,0.0015577275431375437,-0.04263560103292541,-0.009216624696208542
2023-10-10 00:00:00+01:00,-0.01902176025684521,0.0,-0.014799154334038,-0.001386962552011095,-0.007518796992481258,0.0,0.0,0.016260146842582035,-0.010489500870686341,-0.006211180124223614,-0.022099425972376352,0.0015551861489120355,0.012145717724457494,0.013953452886537043
2023-10-11 00:00:00+01:00,0.002770146621752456,0.008474527642289953,0.023605150214592197,0.0,0.030303030303030276,0.0,0.016949136104436047,0.024000015258789142,0.0035335656299810836,0.0,0.028248586352996652,0.006211203670828613,0.011999969482421768,0.013761520867357158
2023-10-12 00:00:00+01:00,-0.0027624941080316434,0.0,0.0,0.005555555555555536,0.0,0.0,0.0,0.0,0.00704224701794165,-0.006249999999999978,-0.005494526224051444,0.0,-0.015810262078756798,0.0
2023-10-13 00:00:00+01:00,0.0,0.0,0.01048218029350112,0.0,0.0,0.003597122302158251,0.0,0.0,-0.006993000580457598,0.0,0.0,0.0015431862563528576,0.004016079638624159,0.004524904060796864
2023-10-16 00:00:00+01:00,-0.011080269476143823,-0.008403313529497414,-0.008298755186721962,-0.0055248618784530246,0.007352941176470562,-0.0035842293906810374,-0.008333365122477177,0.0,-0.010563370526912585,-0.0062893081761006275,0.0,-0.004622543061700624,-0.008000030517578138,-0.013513564599060723
2023-10-17 00:00:00+01:00,-0.022408941735682975,-0.008474608462146094,-0.006276150627615107,0.0,-0.007299270072992692,-0.007194244604316502,-0.02521002072919387,0.0,-0.0035587155398179027,-0.006329113924050667,-0.005524882837687928,0.0,-0.016129017372408794,0.0
2023-10-18 00:00:00+01:00,-0.002865394969802648,0.0,-0.001052631578947416,0.005555555555555536,-0.003676470588235281,-0.007246376811594235,0.0,-0.007812529685906622,-0.035714252262698754,-0.0031847133757961776,-0.002777735392252567,0.0,-0.008196674537606752,0.004566227543908896
2023-10-19 00:00:00+01:00,0.005747148486326958,-0.025641042361154165,-0.00737618545837726,0.016574585635359185,0.0036900369003689537,0.007299270072992803,-0.008620722256998503,0.0,0.037037001061669184,-0.015974440894568676,0.0027854726983509437,0.0030960461665776595,-0.016528988151582213,0.0
2023-10-20 00:00:00+01:00,-0.008571406773158485,-0.008771879924703185,0.002123142250530785,0.0,-0.007352941176470562,-0.007246376811594235,-0.004347842672596802,0.0,0.0,-0.0032467532467532756,0.005555576748318192,0.0,-0.008403313529497414,0.0
2023-10-23 00:00:00+01:00,-0.005763710620809492,0.017699097866309854,0.006355932203389925,0.0,0.0,-0.06569343065693434,-0.013100403583316766,0.0,-0.01071427567880967,0.009771986970684043,0.0,0.006172745025411208,0.0,0.0
2023-10-24 00:00:00+01:00,0.01449275362318847,0.0,-0.0052631578947368585,-0.008152173913043459,0.0,0.015625,0.008849506735177037,-0.007873970810807207,0.0036101048852397177,-0.003225806451612856,0.0,-0.003067438000050049,-0.008474608462146094,0.0
2023-10-25 00:00:00+01:00,-0.0028570992606026246,-0.04347826086956519,0.0,0.0,-0.007407407407407418,-0.007692307692307665,-0.017543843505051004,0.0,-0.010791356726084111,-0.016181229773462813,0.0,-0.003076876126802852,-0.004273520645296847,0.0
2023-10-26 00:00:00+01:00,-0.005730680635963603,0.03636360168457031,-0.0010582010582010914,0.010958904109588996,0.014925373134328401,0.0,0.00446430282021093,0.0,0.03272724151611328,0.03289473684210531,-0.005524882837687928,0.01697528429500994,0.01287558601856098,0.0
2023-10-27 00:00:00+01:00,-0.011527421241619096,0.0,0.010593220338983134,-0.005420054200542035,0.0,-0.007751937984496138,0.004444461398654509,0.0,-0.014084494035883521,-0.006369426751592355,-0.016666624281141518,0.013657078983912774,0.008474527642289953,0.0
2023-10-30 00:00:00+00:00,0.0029155186892921847,-0.008771879924703185,-0.014675052410901501,-0.0027247956403270157,0.0,-0.0078125,-0.004424795565566408,-0.007936537971601432,-0.007142850452539706,0.0,0.0,0.0014969830771356385,-0.004201616694398003,0.0
2023-10-31 00:00:00+00:00,-0.005813975408954342,0.0,0.0,0.005464480874316946,0.003676470588235281,0.0,-0.004444461398654509,0.0,-0.014388475634778741,-0.012820512820512775,-0.005649738822560368,0.004484236405394304,-0.02109704573435578,0.004545471884987551
2023-11-01 00:00:00+00:00,-0.011695950788175535,-0.008849591131132817,-0.006382978723404209,-0.005434782608695676,-0.01831501831501836,-0.023622047244094446,-0.008928520490927738,0.008000030517578027,-0.036496315432303805,-0.0032467532467532756,-0.022727250560256596,-0.0044642177974254516,0.0,-0.004524904060796975
2023-11-02 00:00:00+00:00,0.0,0.008928605640421639,-0.008565310492505307,0.002732240437158362,0.014925373134328401,0.016129032258064502,0.00900895714943828,-0.015873075943202752,0.030303000199675578,0.0032573289902280145,0.005813864516596823,0.0,0.03448272460139301,-0.009090943769975102
2023-11-03 00:00:00+00:00,0.0,0.008849506735177037,-0.021598272138228958,0.0027247956403269047,0.007352941176470562,-0.007936507936507908,0.0,-0.008064470231593623,0.025735269303862385,0.0,-0.028901735378628612,0.007473841384093127,0.025000015894572014,0.0
2023-11-06 00:00:00+00:00,0.0,0.0,-0.013245033112582738,-0.005434782608695676,-0.014598540145985384,0.008000000000000007,-0.008928520490927738,-0.004065056094269548,-0.025089582150498058,-0.00649350649350644,0.01785721178768762,-0.002967426900723824,0.0,0.0
2023-11-07 00:00:00+00:00,0.0,0.0,0.006711409395973256,-0.002732240437158473,0.007407407407407307,-0.007936507936507908,0.00900895714943828,-0.012244866818797884,0.0,0.0,0.011695839247322315,0.0029762587309454247,0.016260146842582035,0.004587173622452312
2023-11-08 00:00:00+00:00,-0.005917182469050486,-0.017543843505051004,-0.008888888888888835,0.00273972602739736,0.0,-0.016000000000000014,0.0,0.0,-0.025735269303862496,0.0,0.005780369125999885,0.0,-0.008000030517578138,0.004566227543908896
2023-11-09 00:00:00+00:00,0.0,0.0,0.010089686098654793,0.002732240437158362,-0.014705882352941124,0.0,-0.008928520490927738,0.0,-0.003773581171086837,0.0,-0.002873519434293592,0.0,0.0,-0.004545471884987551
2023-11-10 00:00:00+00:00,0.0,-0.008928520490927738,0.0011098779134295356,0.0027247956403269047,0.0,0.008130081300812941,0.00900895714943828,0.0,-0.01893946543486147,-0.006535947712418277,-0.014409221585205634,-0.002967426900723824,0.01612909428163012,-0.013698595538180203
2023-11-13 00:00:00+00:00,-0.014880953056742086,-0.018018086132081,-0.009977827050997812,-0.010869565217391353,-0.007462686567164201,-0.016129032258064502,-0.008928520490927738,0.0,-0.042471003374957794,-0.019736842105263164,-0.011695950788175535,-0.02976190611348406,-0.0396825384811359,0.004629647208502563
2023-11-14 00:00:00+00:00,-0.0030211020764631114,0.0,0.0011198208286673506,-0.009615384615384581,-0.007518796992481258,0.0,0.00900895714943828,-0.016528988151582213,-0.008064508376086854,0.0,0.0,-0.003067438000050049,0.008264415259734426,-0.0046083123481043264
2023-11-15 00:00:00+00:00,0.0,-0.00917425975184516,-0.006711409395973145,-0.009708737864077666,0.0,0.0,-0.017857126131349377,-0.02521002072919387,0.008130073421291018,-0.006711409395973145,-0.011834252077232543,-0.012307739257812478,0.01639342724524062,-0.018518500530834592
2023-11-16 00:00:00+00:00,0.003030256791548336,0.027777794947839718,0.018018018018018056,0.012605042016806678,0.022727272727272707,0.016393442622950838,0.018181800842285156,0.025862002344394508,0.0645161631452178,0.03716216216216206,0.023952071871634395,0.006230553658770122,0.024193564513223853,0.004716908986904578
2023-11-17 00:00:00+00:00,0.04833843995700793,0.03603600043095767,-0.00553097345132747,-0.0013831258644536604,-0.014814814814814836,0.008064516129032251,0.008928605640421639,0.008403393670198822,0.00757575004991895,0.02931596091205213,0.0,0.01083598442989353,0.0,0.0
2023-11-20 00:00:00+00:00,0.014409221585205634,-0.026086973107379396,-0.0011123470522803602,-0.0027700831024930483,-0.007518796992481258,0.0,-0.017699097866309854,-0.04166666666666663,-0.007518789579387564,-0.025316455696202556,-0.005847975394087768,-0.001531486965419604,-0.03149603342816265,-0.009389617969696284
2023-11-21 00:00:00+00:00,0.011363571094088698,0.008928605640421639,0.00222717149220486,0.008333333333333304,0.0,-0.02400000000000002,0.00900895714943828,-0.008695685345193604,-0.015151590409901994,0.0025973629641842244,0.0,0.006134993015359136,0.016260146842582035,0.0
2023-11-22 00:00:00+00:00,0.019662943621986617,0.0,0.011111111111111072,-0.0027548209366391463,0.015151515151515138,0.024590163934426146,-0.008928520490927738,0.0,-0.03846150319251662,-0.01878234463162376,-0.01176475076114425,0.006097584377790843,0.0,0.0047393544863414405
2023-11-23 00:00:00+00:00,0.02203854693869478,-0.008849591131132817,-0.007692307692307665,0.0,-0.014925373134328401,0.016000000000000014,0.0,0.0,0.003999996185302779,0.013201320132013139,0.01785721178768762,0.003030256791548336,-0.0319999694824219,0.0
2023-11-24 00:00:00+00:00,0.053908358012334956,0.035714337412192876,0.013289036544850585,-0.011049723756906049,0.030303030303030276,-0.023622047244094446,0.018018000215478835,0.017543927160695638,0.03187247968526474,0.04234527687296419,0.02339179003549785,0.03927501847996173,0.049586728006576486,0.007075453449628899
2023-11-27 00:00:00+00:00,-0.00255750583180403,0.0,-0.02732240437158473,0.005586592178770999,-0.011029411764705843,0.0,-0.004424795565566408,-0.025862084557694898,0.0,0.006250000000000089,0.0,-0.008721018559610272,-0.03149603342816265,-0.0023419739351656643
2023-11-28 00:00:00+00:00,-0.01538457625951517,0.0,-0.0022471910112359383,-0.002777777777777768,-0.0074349442379182396,-0.0040322580645161255,0.0,0.008849506735177037,0.00772200061362871,0.0,-0.01714281354631697,-0.0029325067036874986,0.0,0.004694853758291817
2023-11-29 00:00:00+00:00,0.010416606648103066,0.0,0.0,-0.013927576601671321,-0.011235955056179803,0.004048582995951344,0.013333299424913125,0.0,-0.034482727121338486,-0.012422360248447228,0.0,0.007352941176470562,0.0,0.0
2023-11-30 00:00:00+00:00,0.0025773786284728484,-0.008620722256998503,0.018018018018018056,0.005649717514124353,0.007575757575757569,0.008064516129032251,0.0,-0.017543843505051004,0.007936500427734305,0.012578616352201255,0.034883630669011456,0.007299270072992803,-0.016260146842582146,-0.00467291510524781
2023-12-01 00:00:00+00:00,0.007712062346860504,0.017391287762185792,0.0,0.022471910112359605,0.03007518796992481,0.016000000000000014,-0.008771879924703185,0.008928605640421639,0.0,0.0,0.011235998399541591,0.005797123563462403,0.01652890933552542,-0.004694764211404467
2023-12-04 00:00:00+00:00,0.020408143405366452,0.01709400107056047,-0.0022123893805309214,0.0027472527472527375,0.007299270072992803,-0.023622047244094446,0.008849506735177037,-0.008849591131132817,0.0,0.01863354037267073,0.05555555555555558,0.020172932206015126,0.008130034654042939,0.004716908986904578
2023-12-05 00:00:00+00:00,0.0,-0.008403313529497414,-0.0022172949002217113,-0.013698630136986356,-0.01449275362318836,0.032258064516129004,0.008771963580347819,-0.008928520490927738,0.01181101253556105,0.0060975609756097615,0.0,0.016949108707875915,0.06451614639885639,0.004694853758291817
2023-12-06 00:00:00+00:00,0.005000019073486239,-0.008474608462146094,-0.011111111111111072,-0.008333333333333304,0.0,0.0,0.0,0.00900895714943828,0.0,-0.012121212121212088,-0.02105261150159332,0.016666624281141518,0.0075757865844463534,0.037383231713539855
2023-12-07 00:00:00+00:00,0.00995019163159827,0.008547041290593693,0.006741573033707926,-0.008403361344537785,0.007352941176470562,0.0,-0.008695685345193604,0.008928605640421639,0.0,-0.018404907975460127,0.0026881309696293876,0.019125704702813273,0.04511273828502538,0.0
2023-12-08 00:00:00+00:00,0.014778382053408423,-0.016949136104436047,-0.006696428571428603,-0.0028248587570621764,-0.014598540145985384,0.0078125,-0.008771879924703185,-0.017699097866309854,-0.0038910469739347198,-0.012499999999999956,-0.016085750305457003,0.008042875152728612,0.0,0.004504435616418112
2023-12-11 00:00:00+00:00,-0.004854387360093471,0.0,0.004494382022471877,-0.0028328611898017497,0.0,0.011627906976744207,0.008849506735177037,0.018018000215478835,-0.015624985448084439,0.0,-0.008174365962506869,-0.013297872880078332,-0.02877695176315176,-0.004484236661089436
2023-12-12 00:00:00+00:00,-0.007317054562452352,-0.008620722256998503,-0.004474272930648726,-0.0028409090909090606,0.0,-0.019157088122605415,0.008771963580347819,0.0,0.007936500427734305,-0.006329113924050667,-0.005494526224051444,-0.012129298295148971,0.0,-0.004504521533020278
2023-12-13 00:00:00+00:00,-0.02211305918938533,0.004347842672596913,-0.005617977528089901,0.005698005698005604,0.007407407407407307,0.0078125,-0.008695685345193604,0.0,0.027559029249642375,0.0,0.011049660297000496,0.012278224543167848,0.0,0.011312216999309177
2023-12-14 00:00:00+00:00,0.0,0.00432902077135644,0.023728813559322104,0.019830028328611915,-0.007352941176470562,0.007751937984496138,0.017543927160695638,0.008849506735177037,0.007662919597304585,0.006369426751592355,0.01366120275533711,0.029649658600003903,0.025925954182942634,0.01118568213570481
2023-12-15 00:00:00+00:00,0.010050289787604694,-0.017241444513996895,-0.0066225165562914245,-0.011111111111111072,-0.014814814814814836,0.0,0.0,-0.017543843505051004,-0.007604645807912647,-0.012658227848101222,-0.05121287841849842,0.0,-0.018050541019080546,0.017699097866309854
2023-12-18 00:00:00+00:00,-0.004975143262281545,0.0,0.015555555555555545,0.03651685393258419,0.022556390977443552,-0.007692307692307665,0.0,0.017857126131349377,0.01915716197108419,-0.0032051282051281937,0.005681839733084004,0.007853383012274673,0.014705867915830284,0.004347842672596913
2023-12-19 00:00:00+00:00,-0.00500001907348635,0.008771963580347819,0.017505470459518557,0.023035230352303593,0.007352941176470562,0.007751937984496138,0.0,0.0,0.015037579158775127,0.009646302250803762,0.0,-0.005194825011414328,-0.007246404354172786,-0.004329020771356551
2023-12-20 00:00:00+00:00,0.012562814311172454,0.0,0.01505376344086029,0.019867549668874274,0.051094890510948954,0.0,0.008620640043698113,0.0,-0.00740740021233377,0.01273885350318471,0.028248586352996652,0.031331613233513744,0.02189782444609789,-0.004347842672596802
2023-12-21 00:00:00+00:00,0.007444149943920175,0.0,0.02754237288135597,0.01298701298701288,0.04861111111111116,0.04615384615384621,0.01709400107056047,0.0,0.0,0.037735849056603765,0.04395600019366919,0.007594917393937806,0.04285717010498047,0.013100486873651507
2023-12-22 00:00:00+00:00,-0.007389144047672103,0.0,-0.006185567010309256,0.02051282051282044,0.0,-0.014705882352941124,0.0,-0.008771879924703185,0.018656698160751883,0.024242424242424176,0.01052635594418172,-0.017587959204974912,0.020547892412475788,0.008620640043698113
2023-12-27 00:00:00+00:00,0.01488839454534241,0.0,0.010373443983402453,0.0201005025125629,0.0331125827814569,0.029850746268656803,0.004201696835099522,0.008849506735177037,-0.018315000720495744,0.00591715976331364,0.0,0.015345327678605303,0.0,0.004273520645296847
2023-12-28 00:00:00+00:00,0.01466988879551634,0.0,-0.006160164271047264,0.009852216748768461,0.02564102564102555,0.021739130434782705,-0.004184116446269481,0.0,0.0018656253349980112,0.0,0.010416606648103066,0.007556655700132975,0.026845676674188024,0.008510670763381079
2023-12-29 00:00:00+00:00,0.007228897278567459,0.017391287762185792,0.0,0.0,0.0,-0.007092198581560294,0.008403393670198822,0.0,-0.005586542571791475,-0.00588235294117645,0.025773196383076957,0.0,0.019607855359147885,0.0021096723818985197
2024-01-02 00:00:00+00:00,-0.016746430041051807,0.0,-0.008264462809917328,-0.02195121951219514,-0.03125,0.0,0.004166682561238533,-0.017543843505051004,-0.003745314673225475,-0.00591715976331364,-0.01005019394093798,-0.012499999999999956,0.006410219573724785,-0.0021052310341282965
2024-01-03 00:00:00+00:00,-0.014598503561962128,-0.017094001070560583,0.008333333333333304,0.007481296758104827,0.019354838709677358,-0.0035714285714285587,0.0041493933563012675,0.008928605640421639,0.003759394789693671,0.005952380952380931,0.0,-0.0037975069842760556,-0.019108292635635737,0.004219344763797039
2024-01-04 00:00:00+00:00,0.009876580885898933,0.026086973107379396,0.012396694214876103,0.004950495049504955,0.012658227848101333,0.06810035842293916,0.049586728006576486,-0.008849591131132817,0.033707832059029164,0.035502958579881616,0.005076064479612397,0.006353240398838,0.03896106469689564,0.004201696835099522
2024-01-05 00:00:00+00:00,0.0,0.03389827220887209,-0.003061224489795955,0.014778325123152802,0.02187500000000009,0.006711409395973256,0.03937007933143666,0.008928605640421639,0.018115924814873674,0.02857142857142847,0.0,0.007575834932263215,0.03750002384185791,0.020920502425963994
2024-01-08 00:00:00+00:00,0.0,0.04918035990574876,0.0,-0.004854368932038833,0.003058103975535076,-0.00666666666666671,0.03787878842612158,-0.017699097866309854,0.010676146619453597,0.03888888888888897,0.010101049022522401,0.007518777583654268,0.01506024061776956,0.0
2024-01-09 00:00:00+00:00,0.004889900752586662,-0.023437514551915006,-0.0010235414534288667,-0.004878048780487809,-0.0060975609756097615,-0.006711409395973145,-0.007299228407856018,0.0,0.014084577986089863,-0.04278074866310155,-0.019999980926513672,0.007462667446939797,0.002967313704961727,-0.004098376353816935
2024-01-10 00:00:00+00:00,0.007299344596003232,0.0,-0.012295081967213073,-0.014705882352941124,-0.012269938650306789,-0.020270270270270285,0.0,0.0,-0.0034723015571050952,0.0,0.0051020601797675535,-0.004938290442949467,-0.017751434546282918,-0.016460890168269016
2024-01-11 00:00:00+00:00,-0.0024155141336371644,0.0,-0.004149377593360981,0.0,-0.012422360248447228,-0.01379310344827589,-0.007352969019469913,0.00900895714943828,-0.031358856361689114,0.0,-0.00507616129933619,0.009925596363561606,0.0,0.0
2024-01-12 00:00:00+00:00,0.02421307550782359,-0.008000030517578138,-0.01041666666666663,-0.00497512437810943,-0.012578616352201255,-0.0034965034965035446,-0.007407435664424145,-0.008928520490927738,0.0,0.0,-0.0051020601797675535,0.0024569649200634203,0.0,0.0
2024-01-15 00:00:00+00:00,0.0,-0.008064470231593623,-0.008421052631578996,-0.0050000000000000044,0.009554140127388644,0.01754385964912286,-0.00746264407777486,0.00900895714943828,-0.03597118908694685,-0.005586592178770999,-0.005128224690755245,-0.009803865653465582,-0.024096362008327765,-0.004184116446269481
2024-01-16 00:00:00+00:00,0.02127663220122189,0.0,0.002123142250530785,0.002512562814070307,0.003154574132492094,0.020689655172413834,0.022556404994930057,0.0,0.03731339632150399,0.016853932584269593,-0.005154658940003776,0.024752474312641715,0.0,0.0
2024-01-17 00:00:00+00:00,0.0,-0.02439025903112113,-0.02330508474576276,-0.01253132832080206,-0.0062893081761006275,-0.020270270270270285,-0.014705938038939936,0.0,-0.03237407017825222,-0.01933701657458564,-0.0051812682939942345,-0.0024155141336371644,0.003086372512705715,-0.008403313529497414
2024-01-18 00:00:00+00:00,0.0,0.008333365122477288,-0.006507592190889366,-0.015228426395939132,0.0,0.0,0.0,-0.008928520490927738,-0.01486987397850048,0.014084507042253502,-0.0052083529945868845,0.0,-0.003076876126802852,-0.0063559159366815
2024-01-19 00:00:00+00:00,0.0023147794526634513,0.03305781867105084,0.0065502183406114245,0.02319587628865971,0.025316455696202445,0.006896551724137945,0.014925430495003944,0.018018000215478835,0.011320743513260512,0.016666666666666607,0.020942387986460087,0.009685267149350585,0.018518470551362576,0.0021321635579460985
2024-01-22 00:00:00+00:00,-0.009237822591906197,0.015999984741210893,-0.01193058568329719,0.010075566750629816,0.006172839506172867,0.013698630136986356,0.0073528988963604824,0.0,0.04104473595365432,0.010928961748633892,0.02564102564102555,0.03597122236345651,0.07878783254912403,0.008510670763381079
2024-01-23 00:00:00+00:00,-0.02097905580110504,-0.015748016714081325,-0.01207464324917673,0.0024937655860348684,-0.006134969325153339,0.013513513513513598,-0.007299228407856018,0.0,-0.01792113010749863,0.00540540540540535,0.030000019073486373,-0.004629647208502563,0.03370788804420255,-0.00843885048527937
2024-01-24 00:00:00+00:00,-0.014285677955264142,0.008000030517578027,0.01333333333333342,-0.00995024875621886,0.012345679012345734,0.0,-0.007352969019469913,0.008849506735177037,0.04379557851876448,0.0,0.029126231570822947,-0.0023255459097928366,0.016304410360261867,0.017021260362990454
2024-01-25 00:00:00+00:00,0.009661780107220741,-0.007936537971601432,-0.002192982456140302,-0.01005025125628145,-0.024390243902439046,0.006666666666666599,0.0,0.0,0.020979085104515294,0.005376344086021501,0.018867905855434186,0.0023309666798210227,-0.010695227528323081,-0.004184116446269481
2024-01-26 00:00:00+00:00,0.007177015371678808,0.0,0.0,0.0,0.02499999999999991,0.0,0.007407435664424256,0.0,0.023972579251313464,-0.008021390374331583,0.0,0.0011627729548964183,0.005405426025390625,0.008403393670198822
2024-01-29 00:00:00+00:00,0.0,0.0,0.007692307692307665,0.011421319796954377,-0.0060975609756097615,0.0,0.0,-0.017543843505051004,0.016722392025688038,-0.0026954177897574594,0.0,0.010452979579894217,0.005376364484882101,0.0
2024-01-30 00:00:00+00:00,-0.009501133626584779,0.015999984741210893,0.007633587786259444,0.008782936010037545,0.012269938650306678,0.0,0.0073528988963604824,0.0,-0.026315764707210976,-0.00540540540540535,-0.018518500530834592,-0.002298815497036588,-0.021390455056646163,-0.004166682561238644
2024-01-31 00:00:00+00:00,0.002398044899077467,0.0,0.0,0.00995024875621886,0.0060606060606061,0.0,-0.01459852642697701,-0.017857126131349377,0.0,-0.010869565217391353,0.009433907943081188,0.027649698296131175,0.0,0.004184116446269481
2024-02-01 00:00:00+00:00,0.0,0.0,-0.01948051948051943,-0.009852216748768461,-0.01807228915662651,0.0,0.0,0.009090943769975102,-0.020270250677801416,0.0,-0.009345741082053105,0.0,0.021858007789903988,0.004166682561238533
2024-02-02 00:00:00+00:00,0.002392399297694192,-0.015748016714081325,-0.008830022075055233,0.00995024875621886,0.006134969325153339,0.0066225165562914245,-0.003703717832212128,0.00900895714943828,-0.08275862125664346,-0.01098901098901095,0.0,-0.011210762715387124,0.005347511766912616,0.0041493933563012675
2024-02-05 00:00:00+00:00,0.0023865983407980185,0.0,-0.015590200445434244,-0.0024630541871921707,-0.012195121951219523,-0.019736842105263164,0.003717486352707633,-0.008928520490927738,-0.033834642738285736,0.0,-0.009433997912352998,0.006802790524672364,-0.021276576317181495,0.0
2024-02-06 00:00:00+00:00,0.009523845854259694,0.0,0.004524886877828038,-0.007407407407407418,0.0,0.01342281879194629,0.0,0.00900895714943828,-0.0077820939478694395,0.0,0.0,-0.006756825257831389,0.010869606906841245,-0.012396741113686605
2024-02-07 00:00:00+00:00,0.002358454493452289,0.0,0.013513513513513598,0.00995024875621886,0.0,-0.0066225165562914245,0.0,0.0,0.0,-0.011111111111111072,0.0,0.005668934436510398,-0.013440859939393479,0.004184116446269481
2024-02-08 00:00:00+00:00,-0.0117647058823529,-0.0319999694824219,-0.046666666666666634,0.009852216748768461,-0.01851851851851849,-0.00666666666666671,-0.022222236350730618,0.0,-0.023529389765297948,-0.022471910112359605,0.0,-0.01691093632027152,-0.0027248579493039937,-0.016666650772094727
2024-02-09 00:00:00+00:00,0.014285677955264031,0.024793324595259847,-0.009324009324009341,0.0,0.012578616352201255,0.006711409395973256,0.0075757865844463534,-0.017857126131349377,0.0240963624697752,0.02298850574712641,0.009523845854259694,0.03211012786410716,-0.005464397720770453,0.004237304231073047
2024-02-12 00:00:00+00:00,-0.01877932548627992,0.0,0.0,0.0,0.0,0.0,-0.0075188255665883386,0.0,0.03137261318454776,0.0,0.0,-0.01555557250976558,0.01648347387278326,-0.00632917810338085
2024-02-13 00:00:00+00:00,-0.014354030743357615,-0.032258034744817476,0.0,-0.019512195121951237,-0.018633540372670843,-0.013333333333333308,-0.022727287505284077,-0.018181800842285156,-0.01901147853960916,-0.028089887640449396,-0.009433997912352998,-0.024830665757683668,-0.021621601001636348,-0.002123109922732569
2024-02-14 00:00:00+00:00,0.008495108437860166,-0.016666650772094727,-0.05882352941176472,-0.00497512437810943,0.0,0.0,0.007751967785028402,-0.018518500530834592,-0.023255792462719804,-0.005780346820809301,-0.01904760088239399,0.004629647208502563,-0.033149191647752096,-0.02978726650806185
2024-02-15 00:00:00+00:00,0.008423641281470218,0.0,0.007500000000000062,0.010000000000000009,0.012658227848101333,0.020270270270270174,-0.0038461685180664062,0.0,0.003968250213867153,0.005813953488372103,0.009708682130449064,0.009216536799961261,0.005714307512555861,-0.004385898134529276
2024-02-16 00:00:00+00:00,-0.004773287724486708,0.0,-0.012406947890818865,-0.004950495049504955,-0.012499999999999956,-0.0066225165562914245,-0.011582982296490463,0.018867905855434186,-0.02766795811635747,-0.011560693641618491,0.019230843295715117,0.0,0.008522705413586351,-0.00440530300038533
2024-02-19 00:00:00+00:00,0.0,-0.008474608462146094,-0.005025125628140725,0.0,0.0,0.046666666666666634,0.0,-0.009259294417005237,-0.016260146842582146,-0.005847953216374324,-0.018867995824705996,-0.0011415351125906303,0.00845068273409999,0.0
2024-02-20 00:00:00+00:00,-0.004796181277703981,-0.017094001070560583,-0.03282828282828287,0.0,0.0,0.006369426751592355,-0.007812529685906622,0.0,-0.00826445466776271,-0.0117647058823529,0.019230843295715117,0.00342860630580355,0.005586613608986157,-0.013274386696699225
2024-02-21 00:00:00+00:00,-0.004819295492516917,-0.026086973107379396,-0.02872062663185382,0.0,0.0,-0.01898734177215189,-0.015748016714081325,-0.009345741082053105,0.00833332505491069,-0.017857142857142905,0.018867905855434186,-0.009111651753431205,0.0,0.008968644384842461
2024-02-22 00:00:00+00:00,-0.00242127060456121,0.0,0.037634408602150504,0.0,-0.006329113924050667,-0.02580645161290318,0.0,0.0,-0.00826445466776271,-0.00303030303030305,0.0,0.012643660622081443,-0.016666624281141518,-0.004444461398654509
2024-02-23 00:00:00+00:00,0.004854387360093471,0.0,-0.007772020725388629,0.004975124378109541,-0.006369426751592355,0.0066225165562914245,0.011999969482421768,-0.009433997912352998,0.00833332505491069,0.015197568389057725,-0.009259294417005237,0.0011350564796033247,0.016949108707875915,0.0
2024-02-26 00:00:00+00:00,-0.014492808374494848,0.008928605640421639,-0.0026109660574412663,0.004950495049504955,0.0,0.013157894736842035,0.011857753101024882,0.019047600882393878,0.0,0.011976047904191711,0.00934583021049562,0.006802790524672364,0.0,0.0
2024-02-27 00:00:00+00:00,-0.01225490218994485,-0.0353982801285756,-0.04973821989528793,-0.022167487684729092,-0.04487179487179482,-0.051948051948051965,-0.015624984866008385,0.00934583021049562,-0.04132237185888454,-0.029585798816568087,-0.023148147739337155,-0.018018086132081,-0.04444440205891931,-0.008928520490927738
2024-02-28 00:00:00+00:00,0.001240675881069686,0.0,0.02754820936639124,0.0012594458438286438,-0.01342281879194629,-0.013698630136986356,0.0,-0.018518500530834592,0.017241363363798445,0.0,-0.0047393544863415515,-0.002293543064696424,-0.023255901635817477,0.0
2024-02-29 00:00:00+00:00,-0.013630712710269277,0.009174347244904846,0.03217158176943702,-0.0037735849056603765,0.03401360544217691,0.00694444444444442,0.0,0.08490562133408952,-0.008474568565903118,0.0,0.0,0.009195437376526616,0.035714310042713304,-0.009009043066040445
2024-03-01 00:00:00+00:00,0.0,0.018181800842285156,0.01558441558441559,0.010101010101010166,0.006578947368421018,0.006896551724137945,0.0,0.09565220708432398,0.012820501064172207,0.0060975609756097615,0.0,-0.004555825876715547,-0.03448278130022209,0.0
2024-03-04 00:00:00+00:00,-0.005025144893802347,0.0,-0.010230179028132946,0.0024999999999999467,-0.006535947712418277,0.006849315068493178,0.0,-0.0396825384811359,-0.008438810925003759,0.0060606060606061,0.0,0.0022882945623630135,0.0,-0.004545471884987551
2024-03-05 00:00:00+00:00,0.002525310421001903,-0.004464302820210819,0.012919896640826822,-0.0024937655860348684,-0.019736842105263164,-0.006802721088435382,0.0,-0.024793403411316528,-0.0042553152634362545,0.0,0.009523845854259694,-0.004566227543908896,0.023809615716916754,-0.009132367994271307
2024-03-06 00:00:00+00:00,0.0,-0.004484236661089436,0.0,-0.030000000000000027,-0.006711409395973145,0.0,0.0,0.02542374456658214,-0.03418800283779255,0.0,0.0,-0.002293543064696424,0.0,-0.009216624696208542
2024-03-07 00:00:00+00:00,0.005037802496118848,0.0,0.020408163265306145,-0.028350515463917536,-0.013513513513513487,0.0,0.0,0.0,0.026548647359614375,-0.01807228915662651,0.0,0.006896534185300007,0.0,-0.009302361066951259
2024-03-08 00:00:00+00:00,0.0,-0.004504521533020278,-0.040000000000000036,0.021220159151193574,0.020547945205479534,0.0,0.0,0.0,0.017241363363798445,-0.006134969325153339,-0.018867995824705996,-0.050228328795904775,-0.040697716970323206,-0.004694764211404467
2024-03-11 00:00:00+00:00,-0.0025063229321807823,-0.004524904060796975,-0.015625,-0.0025974025974025983,0.0,0.0,-0.013888903606084635,-0.008264494075791107,-0.025423705697709242,-0.012345679012345734,-0.009615329948400753,-0.009615329948400753,0.018181771943063474,-0.004716998956176499
2024-03-12 00:00:00+00:00,0.0,-0.009090943769975102,-0.005291005291005346,-0.0026041666666666297,-0.020134228187919434,0.006849315068493178,-0.0020121184564031447,0.008333365122477288,0.004347822030685622,0.0,0.0,0.0,-0.02083324345330939,-0.018957327549697922
2024-03-13 00:00:00+00:00,0.0,-0.027522866748595165,-0.010638297872340385,-0.007832898172323799,-0.020547945205479423,0.006802721088435382,-0.008064470231593623,-0.008264494075791107,-0.00432900030777672,-0.03749999999999998,0.0,-0.012135922105364738,-0.003039583105784893,-0.004830936124831653
2024-03-14 00:00:00+00:00,-0.0025125245235677607,0.028301813798515152,0.018817204301075252,0.010526315789473717,0.034965034965035,0.006756756756756799,0.0,-0.008333365122477177,0.008695644061371466,0.032467532467532534,0.009708682130449064,0.007370988487393815,0.0,-0.019417456850636006
2024-03-15 00:00:00+00:00,0.007556655700132975,0.01834869448980969,0.01055408970976246,-0.0026041666666666297,-0.013513513513513487,0.006711409395973256,-0.016260146842582146,0.008403393670198822,-0.008620681681899223,0.018867924528301883,-0.028846081544659063,0.0,-0.0030487340380210837,0.0
2024-03-18 00:00:00+00:00,0.0,-0.013513564599060723,0.0,0.0,0.0,-0.046666666666666634,-0.006198409964871643,-0.008333365122477177,0.004347822030685622,-0.012345679012345734,0.0,0.0,0.003058057241222656,0.0
2024-03-19 00:00:00+00:00,-0.0100000381469727,-0.004566227543908896,-0.023498694516971286,-0.0026109660574412663,0.006849315068493178,-0.006993006993006978,0.0,-0.008403313529497414,-0.012987000923330161,0.0,0.00990093307113904,-0.007317054562452352,-0.018292636831624076,-0.014851541241502675
2024-03-20 00:00:00+00:00,0.002525310421001903,-0.03669721399350001,-0.018716577540106916,-0.01832460732984298,-0.006802721088435382,-0.028169014084507005,-0.018710971720006575,-0.016949136104436047,-0.03508768627628134,-0.012499999999999956,-0.009803865653465582,-0.0024570586472670852,-0.01863355177805759,0.010050289787604694
2024-03-21 00:00:00+00:00,0.0,0.014285677955264031,-0.008174386920980936,0.002666666666666595,0.0,0.021739130434782705,-0.008474608462146094,0.008620640043698113,0.0,0.0,0.00990093307113904,0.004926127351136067,-0.025316491606066638,-0.029850764680724562
2024-03-22 00:00:00+00:00,-0.025188916392503313,0.004694853758291817,0.008241758241758212,0.010638297872340496,0.0,0.014184397163120588,0.0,0.0,0.0,0.012658227848101333,-0.004901979575474669,-0.004901979575474669,0.03896106469689564,0.0
2024-03-25 00:00:00+00:00,-0.005167978268646012,0.0,-0.016348773841961872,0.0,-0.013698630136986356,-0.006993006993006978,-0.017094001070560583,-0.008546959779967,-0.03181815078435912,0.0,-0.009852160744208027,-0.004926033393071849,-0.012499988079071045,0.005128224690755134
2024-03-26 00:00:00+00:00,0.0,0.0,-0.024930747922437657,-0.015789473684210575,0.0,-0.014084507042253502,-0.008695685345193604,0.0,-0.014084604787086619,-0.018750000000000044,-0.004975143262281545,-0.030940592890801977,0.0,0.0
2024-03-27 00:00:00+00:00,0.0,0.00934583021049562,0.02556818181818188,0.008021390374331583,0.01736111111111116,0.014285714285714235,0.008771963580347819,0.008620640043698113,0.014285814843214784,0.02547770700636942,0.0100000381469727,0.00638569579198478,0.025316491606066638,0.06122443021609958
2024-03-28 00:00:00+00:00,0.0,0.0,0.0,0.0,0.0,0.0,0.0,0.0,0.0,0.0,0.0,0.0,0.0,0.0
2024-04-02 00:00:00+01:00,-0.0038961435293222157,-0.027777794947839718,-0.01939058171745156,-0.0053050397877983935,-0.0068259385665528916,-0.010563380281690127,-0.008695685345193604,-0.017094001070560583,-0.009389773835924098,-0.018633540372670843,0.0,-0.03553303227562954,-0.024691392183120553,0.0
2024-04-03 00:00:00+01:00,-0.003911283367660667,0.019047600882393878,0.005649717514124353,-0.002666666666666706,0.0,0.01067615658362997,-0.008771879924703185,0.0,-0.004739332208735791,0.0,-0.014851541241502675,0.0,0.012658215623466695,0.03846159489197354
2024-04-04 00:00:00+01:00,-0.0013088805251819657,0.0,0.014044943820224809,0.002673796791443861,0.04467353951890041,0.0,0.0,0.0,0.0,-0.0031645569620253333,0.005025144893802347,0.0,0.02499997615814209,0.013888853322332029
2024-04-05 00:00:00+01:00,0.00917427156283801,0.018691571292548614,0.013850415512465464,0.02400000000000002,0.013157894736842035,0.0,0.02654868899744267,0.008695685345193604,0.033333416590618725,0.015873015873015817,0.030000019073486373,0.01052635594418172,0.012195168755581687,0.041095873708087094
2024-04-08 00:00:00+01:00,0.0,0.009174347244904846,-0.06557377049180324,-0.01041666666666663,-0.012987012987012991,0.0,0.0,0.0,-0.027649852114563944,0.006250000000000089,0.0,0.005208253653516293,-0.024096362008327765,0.0043859817901739095
2024-04-09 00:00:00+01:00,0.01298701298701288,-0.009090943769975102,0.0,-0.0026315789473684292,-0.013157894736842146,0.0,0.0,0.0,0.009478777412064598,-0.024844720496894457,-0.00970877472018683,0.0,0.0,0.0
2024-04-10 00:00:00+01:00,0.0,0.02752295424165485,-0.005847953216374324,0.0026385224274405594,-0.013333333333333308,-0.0035211267605633756,-0.008620722256998503,0.0,0.009389661902325042,0.0,0.0,-0.0051812682939942345,0.0,0.008733657915767745
2024-04-11 00:00:00+01:00,-0.005128224690755245,-0.017857126131349377,-0.00588235294117645,0.010526315789473717,-0.006756756756756799,-0.010600706713780883,0.0,0.0,0.004651158148692103,-0.01273885350318471,0.00490197957547478,-0.0052083529945868845,0.0,0.01731600051622273
2024-04-12 00:00:00+01:00,0.007731939251534703,-0.07272729006680578,0.00591715976331364,0.0,0.013605442176870763,-0.0071428571428571175,0.008695685345193604,-0.0344828068146934,-0.03703711062301529,-0.01935483870967747,-0.004878067388767171,0.005235621961910741,0.012345607788387003,0.012765924981299914
2024-04-15 00:00:00+01:00,0.0,0.01960782480441492,-0.00588235294117645,0.0,-0.010067114093959773,0.014388489208633004,-0.008620722256998503,0.008928605640421639,0.009615375798129211,0.03947368421052633,0.009803959150949337,-0.0052083529945868845,0.006097584377790843,-0.004201616694398003
2024-04-16 00:00:00+01:00,-0.007672615058005872,-0.03846150319251662,-0.017751479289940808,-0.00520833333333337,0.003389830508474523,-0.024822695035460973,-0.008695685345193604,0.0,-0.00952380087370197,-0.025316455696202556,0.0,-0.007853383012274673,-0.024242401123046875,0.0
2024-04-17 00:00:00+01:00,-0.005154658940003776,0.0100000381469727,0.015060240963855387,0.005235602094240788,0.013513513513513598,0.021818181818181737,0.008771963580347819,0.0,0.0048076878990646055,0.006493506493506551,0.004854387360093471,0.005276964121113004,0.02484469621445795,0.0
2024-04-18 00:00:00+01:00,0.0038860500468536063,0.00990093307113904,-0.0029673590504450953,0.0,0.0,0.003558718861210064,0.0,0.008849506735177037,0.03827759110527551,-0.006451612903225823,0.0,0.007874096162013844,-0.003030256791548336,-0.00632917810338085
2024-04-19 00:00:00+01:00,0.006451612903225712,-0.01960782480441492,-0.017857142857142905,-0.00520833333333337,0.0,-0.0035460992907800915,-0.017391287762185792,0.0,-0.03225814248860648,0.0,-0.014492808374494848,0.0,0.0,0.010615711596566602
2024-04-22 00:00:00+01:00,0.0,0.0,-0.018181818181818188,0.005235602094240788,0.006666666666666599,0.003558718861210064,0.0,-0.008771879924703185,0.0,-0.01948051948051943,-0.009803865653465582,0.0,0.003039467157545106,-0.021008404034795758
2024-04-23 00:00:00+01:00,0.0,0.0,0.0,-0.00520833333333337,0.0,-0.014184397163120588,0.008849506735177037,-0.02654868899744267,-0.00952380087370197,0.0066225165562914245,-0.00990102749433508,0.0,-0.018181771943063474,-0.0042917801457279525
2024-04-24 00:00:00+01:00,-0.0025640634390023953,0.019999980926513672,0.0185185185185186,-0.005235602094240788,0.0,0.0,0.0,0.018181800842285156,0.0,0.013157894736842035,0.019999980926513672,-0.0052083529945868845,0.030864196077313943,0.025862002344394508
2024-04-26 00:00:00+01:00,0.0,0.0,0.0,0.0,-0.0066225165562914245,0.010791366906474753,0.0,0.0,-0.0096153757981291,-0.00649350649350644,-0.009803865653465582,-0.005235621961910741,-0.017964139563091508,-0.037815111234492216
2024-04-29 00:00:00+01:00,-0.0025707528250823453,-0.03431367003335528,0.0,0.0,-0.00666666666666671,0.0,-0.008771879924703185,0.0,-0.019417457749564604,-0.006535947712418277,-0.00990102749433508,0.0,-0.006097584377790843,-0.013100403583316766
2024-04-30 00:00:00+01:00,0.0,-0.015228483898008571,0.0,0.0052631578947368585,0.0,0.003558718861210064,-0.008849591131132817,0.0,0.0,-0.013157894736842146,-0.00500001907348635,-0.00526317797209086,0.030674848061536863,0.008849506735177037
2024-05-02 00:00:00+01:00,-0.003865920467296502,-0.010309219563065741,-0.012121212121212088,-0.010471204188481686,-0.01342281879194629,-0.007092198581560294,0.0,0.0,-0.0049504903750891005,-0.00666666666666671,0.0,-0.0079364879131113,-0.02976190611348406,0.0
2024-05-03 00:00:00+01:00,-0.003881022508588239,-0.0052083529945868845,-0.006134969325153339,-0.010582010582010581,0.0,-0.017857142857142905,0.0,0.0,0.034825837599464116,-0.006711409395973145,-0.015075338834740326,0.00799997965494792,0.0,-0.013157861714877095
2024-05-06 00:00:00+01:00,0.0025973629641842244,-0.010471243923821483,-0.006172839506172867,0.0,0.0,-0.018181818181818188,-0.004464302820210819,0.0,0.0048076878990646055,-0.013513513513513487,-0.015306180539302772,0.0,-0.006134876000100209,0.0
2024-05-07 00:00:00+01:00,0.0,0.015873076744141734,-0.012422360248447228,-0.005347593582887722,0.0,-0.0037037037037036535,0.0,0.0,-0.023923423143372258,0.013698630136986356,0.0,-0.005291025581380615,0.0,-0.013333299424913236
2024-05-08 00:00:00+01:00,-0.0025906341469971172,-0.010416705989173769,-0.018867924528301883,-0.005376344086021501,-0.013605442176870763,-0.01115241635687736,-0.004484236661089436,0.0,-0.004901956201103785,-0.006756756756756799,-0.0051812682939942345,-0.005319067988256432,0.0,-0.040540607880580004
2024-05-10 00:00:00+01:00,0.010389650022828656,0.0,0.0,0.00540540540540535,0.01379310344827589,0.007518796992481258,0.0,0.0,-0.014778311237724773,0.020408163265306145,-0.0052083529945868845,-0.005347613764161596,-0.012345725525951368,0.018779415033167268
2024-05-13 00:00:00+01:00,-0.01028281517194285,0.026315789473684292,0.019230769230769162,0.0,0.027210884353741527,-0.003731343283582045,-0.004504521533020278,0.0,0.004999995231628418,0.01333333333333342,0.0,0.0,0.01874995231628418,0.0
2024-05-14 00:00:00+01:00,0.0,0.01025644938151049,0.0,0.016129032258064502,-0.019867549668874163,-0.011235955056179803,0.0,-0.05357137839404824,0.009950239314132636,0.0,0.0,0.0,-0.006134876000100209,-0.013824937044312868
2024-05-15 00:00:00+01:00,-0.010389650022828767,-0.015228483898008571,0.012578616352201255,0.005291005291005346,0.013513513513513598,0.0,0.004524904060796864,-0.009433997912352998,0.0,0.019736842105263053,-0.010471243923821483,-0.008064495454511378,0.0,-0.018691571292548725
2024-05-16 00:00:00+01:00,-0.01049862801053214,0.025773196383076957,0.0,0.015789473684210575,0.026666666666666616,0.018939393939394034,0.004504435616418112,0.0,0.00985220749181659,0.03870967741935494,0.02645502698898361,0.0,0.006172745025411208,0.009523845854259694
2024-05-17 00:00:00+01:00,-0.0026525805515809076,0.02512562862234513,0.006211180124223503,0.010362694300518172,0.01298701298701288,-0.0037174721189591198,0.013452966577263581,0.0,0.004878044241882984,0.01863354037267073,0.0,0.00813006028875507,-0.006134876000100209,-0.03301890272396368
2024-05-21 00:00:00+01:00,-0.002659533994128216,0.014705938726424117,-0.0092592592592593,-0.00512820512820511,0.0,-0.011194029850746245,0.008849506735177037,0.0,0.0,0.0,0.0025773786284728484,0.0,-0.006172862762975684,-0.029268311291206217
2024-05-22 00:00:00+01:00,0.0,-0.004830936124831653,-0.0031152647975077885,-0.005154639175257714,-0.01602564102564108,0.0,0.017543927160695638,0.0,0.0,-0.018292682926829285,0.0,0.0026881309696293876,-0.015527949942643282,-0.06030145118562802
2024-05-23 00:00:00+01:00,0.0,0.029126231570822947,-0.006249999999999978,0.010362694300518172,0.02931596091205213,0.007547169811320753,0.017241362300696395,0.0,0.019417457749564715,0.006211180124223503,-0.0025707528250823453,0.0026810265647136955,0.028391094306654763,0.01604273929523581
2024-05-24 00:00:00+01:00,-0.034666646321614536,-0.04716980962322126,0.0062893081761006275,0.0,0.0,-0.02621722846441943,0.0,0.0,-0.00952380087370197,-0.012345679012345734,0.0,-0.005347613764161596,-0.006134876000100209,0.00526317797209086
2024-05-27 00:00:00+01:00,-0.005524882837687928,-0.0297029880598092,0.018750000000000044,0.0,0.006329113924050667,-0.007692307692307665,-0.004237304231073047,0.0,-0.0096153757981291,0.006250000000000089,0.0,0.0,-0.01851858828892705,-0.005235621961910741
2024-05-28 00:00:00+01:00,-0.01388888888888884,-0.0051020601797675535,-0.006134969325153339,-0.00512820512820511,-0.0062893081761006275,-0.003875968992248069,-0.004255335381690539,0.004761922927129847,0.009708728874782357,-0.006211180124223614,-0.015463878503069517,-0.0026882335152527137,0.012578664637599601,-0.0368421454178659
2024-05-29 00:00:00+01:00,-0.005633824308153623,-0.020512800950270416,0.0,-0.005154639175257714,-0.006329113924050667,-0.046692607003890996,-0.008546959779967,0.0,-0.033653815293452016,-0.006249999999999978,0.010471144062638604,-0.00808623313744361,-0.024844755448886202,0.002732303087090715
2024-05-30 00:00:00+01:00,-0.016997124280138,-0.015706865885732224,-0.0092592592592593,-0.010362694300518172,-0.01273885350318471,0.004081632653061273,-0.008620722256998503,-0.0047393544863415515,-0.05870648312310789,0.0,-0.020725369655050563,-0.01494563175171626,-0.03184713414486362,-0.021798343880919058
2024-05-31 00:00:00+01:00,0.0,0.026595745760156664,0.015576323987538832,0.010471204188481575,0.0,0.0,0.008695685345193604,0.0,0.0,-0.0062893081761006275,0.0,0.00965513032058185,0.02631582744894323,-0.008356630612997407
2024-06-03 00:00:00+01:00,-0.005763710620809492,0.01554410136105644,0.036809815950920255,-0.005181347150259086,-0.006451612903225823,-0.012195121951219523,0.0,0.0,0.014799153135172771,-0.006329113924050667,-0.005291025581380615,0.0054645019474759415,0.0,0.011235998399541591
2024-06-04 00:00:00+01:00,0.0,-0.0051020601797675535,0.041420118343195256,0.0,0.022727272727272707,0.004115226337448652,0.0,0.0,0.031250032984341924,0.0,0.010638338885950116,-0.005434803453420622,0.0,0.0
2024-06-05 00:00:00+01:00,0.005797123563462403,0.005128224690755134,-0.02840909090909094,-0.01041666666666663,0.0031746031746031633,0.012295081967213184,0.0,0.0,0.0,0.006369426751592355,-0.01052635594418172,0.0,-0.01282056141338439,0.0
2024-06-07 00:00:00+01:00,0.0,0.04081628681073313,0.011695906432748648,0.015789473684210575,0.012658227848101333,-0.01619433198380571,0.0,0.0,-0.02020200074126499,0.05696202531645578,0.0,0.010929003894951883,0.02597406377356548,-0.016666624281141518
2024-06-10 00:00:00+01:00,0.0,0.0,-0.011560693641618491,0.002590673575129543,0.0,0.016460905349794164,0.0,0.009523845854259694,0.0,-0.008982035928143728,-0.005319067988256432,-0.0027026614627322365,0.0,-0.005649738822560368
2024-06-11 00:00:00+01:00,0.005763710620809492,0.01960782480441492,-0.005847953216374324,0.023255813953488413,0.043749999999999956,0.0,0.0,0.0,0.0,0.009063444108761365,0.0,0.0027099856364765085,-0.025316491606066638,-0.01704551919925168
2024-06-12 00:00:00+01:00,0.008595966302124447,-0.014423040772329476,0.0,0.010101010101010166,-0.017964071856287456,0.0161943319838056,0.0,-0.018867995824705996,0.0,0.011976047904191711,0.0,0.01081085205078125,0.02597406377356548,0.01156073825199977
2024-06-13 00:00:00+01:00,0.011363571094088698,0.014634109124904704,0.01764705882352935,0.0,-0.018292682926829285,-0.003984063745019917,0.0,0.0,0.006185548639232152,0.0,0.0,0.005347511766912616,0.0,-0.02285712105887272
2024-06-14 00:00:00+01:00,0.0028090531770965654,-0.01923075159625831,0.0,0.030000000000000027,-0.012422360248447228,-0.016000000000000014,0.0,0.0,-0.0061475228377086966,-0.00591715976331364,0.0,0.0,-0.012658215623466695,-0.029239765429585618
2024-06-18 00:00:00+01:00,-0.005602262147486492,0.0,-0.005780346820809301,0.00728155339805836,0.0,0.0,0.056034448030588546,0.0,-0.0020618905118010566,-0.017857142857142905,0.0,-0.026595745760156553,0.0,-0.006024119227211244
2024-06-19 00:00:00+01:00,0.004225395095180495,0.0,0.0029069767441860517,0.002409638554216942,0.012578616352201255,0.0,0.012244866818797773,0.019230843295715117,0.00826447960311194,0.0060606060606061,0.0,-0.005464397720770453,-0.025641061693801315,0.012121258359966802
2024-06-20 00:00:00+01:00,0.0014025030833237917,0.009803959150949337,-0.008695652173912993,0.009615384615384581,0.006211180124223503,0.0,0.01612909428163012,0.0,-0.0061475228377086966,0.012048192771084265,0.0,0.01648347387278326,0.0,0.005987932308542776
2024-06-24 00:00:00+01:00,0.01120441744070999,0.009708682130449064,-0.005847953216374324,-0.004761904761904745,-0.01851851851851849,-0.008130081300813052,0.003968193297365197,0.0,-0.010309329662834377,0.005952380952380931,-0.021390455056646163,0.0,0.03289473725487979,0.011904807858458266
2024-06-25 00:00:00+01:00,-0.0055400819029274295,-0.009615329948400753,-0.00588235294117645,-0.014354066985645897,0.018867924528301883,0.0,-0.00790509334474021,0.0,-0.0010416532789043753,0.00591715976331364,0.03278690745815038,0.0,0.0,-0.005882375380572125
2024-06-26 00:00:00+01:00,-0.0027855789573232315,-0.029126231570822836,0.0,0.009708737864077666,0.006172839506172867,-0.016393442622950838,-0.011952236647400971,0.0,-0.028154338118071887,-0.03529411764705881,-0.013227513494491805,0.0,0.0,-0.02958579948438389
2024-06-27 00:00:00+01:00,0.0027933600823888405,0.0,0.0,-0.009615384615384581,-0.006134969325153339,-0.004166666666666652,0.0,0.0,0.00858370855374635,0.0060975609756097615,0.0,0.0,-0.012738841509227883,0.006097584377790843
2024-06-28 00:00:00+01:00,-0.016713154967022525,0.019999980926513672,-0.017751479289940808,-0.009708737864077666,0.006172839506172867,0.004184100418409997,-0.004032196661186149,0.0,-0.006382959970471558,0.0121212121212122,0.0,0.0,0.0,-0.012121258359966802
2024-07-01 00:00:00+01:00,0.005665744115072924,0.0,0.0,0.009803921568627416,0.0,0.0,-0.020242914354489105,0.0,0.01070662773007136,-0.017964071856287456,0.0,-0.005405426025390625,0.0,-0.006134876000100209
2024-07-02 00:00:00+01:00,0.002816858425946256,0.0,-0.012048192771084376,0.0,0.012269938650306678,0.0,0.008264415259734426,0.0,-0.0042372966970187775,0.0060975609756097615,-0.008042875152728501,0.0,-0.009677394743888623,0.006172745025411208
2024-07-03 00:00:00+01:00,-0.0028089460226743412,-0.01960782480441492,0.018292682926829285,0.0,0.036363636363636376,-0.012499999999999956,0.0,0.009433907943081188,0.0,-0.012121212121212088,0.0027026614627323475,0.0,0.009771961876388735,0.012269986030718272
2024-07-04 00:00:00+01:00,0.005633824308153512,0.0100000381469727,0.0029940119760478723,0.014563106796116498,-0.005847953216374324,0.012658227848101333,-0.008196674537606752,0.0,-0.014893615537231564,0.006134969325153339,-0.013477089503083683,0.005434803453420622,0.0,-0.006060629179983401
2024-07-05 00:00:00+01:00,0.0,0.0,0.0029850746268655914,-0.004784688995215336,0.0,0.0,0.0,0.00934583021049562,-0.008639326372248957,0.0,0.0,0.0,0.0,0.0
2024-07-08 00:00:00+01:00,-0.0028011845008746317,0.0,0.011904761904761862,0.0,-0.0117647058823529,0.0,-0.004132247037895498,0.0,-0.0348583941651337,0.0,0.0,-0.005405426025390625,0.0,-0.018292636831624076
2024-07-09 00:00:00+01:00,0.011235998399541591,0.0,0.0,0.0,0.005952380952380931,-0.008333333333333304,0.0,0.0,-0.018058660524831738,0.0060975609756097615,0.010929003894951883,0.0,-0.012903213500976562,0.03726710355611518
2024-07-10 00:00:00+01:00,-0.002777735392252567,-0.00990102749433508,0.00588235294117645,-0.019230769230769273,-0.00591715976331364,0.004201680672268893,-0.0041493933563011565,0.0,-0.004597710441733405,-0.018181818181818188,0.0,0.0027174535568372793,0.0,0.005987932308542776
2024-07-11 00:00:00+01:00,-0.008356630612997407,-0.007499980926513716,0.01754385964912286,0.004901960784313708,-0.011904761904761862,0.004184100418409997,-0.008333365122477177,0.0,-0.002309439097577415,-0.006172839506172867,0.0,0.0,-0.013071882795547274,0.005952403929229133
2024-07-12 00:00:00+01:00,0.00842705237686725,-0.007556655700132864,-0.008620689655172376,0.004878048780487809,0.01807228915662651,0.0,0.0,0.0,-0.02314819445876881,0.024844720496894457,-0.005405426025390625,-0.002710089015801942,0.013245020146527287,0.017751547407151236
2024-07-15 00:00:00+01:00,0.0027854726983509437,0.0,0.0,0.0,-0.011834319526627168,0.0,0.0,0.0,0.018957384796719268,0.009090909090909038,0.010869606906841245,0.0,0.0,0.0
2024-07-16 00:00:00+01:00,-0.005555576748318192,0.015228387078284777,-0.0028985507246376274,0.013349514563106846,0.0,0.0,0.008403393670198822,0.0,0.023255791388182345,0.01501501501501501,0.0,0.005434803453420622,0.0,0.008720907667252753
2024-07-17 00:00:00+01:00,0.005586613608986157,0.0100000381469727,0.008720930232558155,0.010778443113772518,0.008982035928143617,0.004166666666666652,0.025000015894572014,0.0,-0.004545463781711501,0.00591715976331364,0.026881719878786958,0.008108087488122973,0.0,0.020172932206015126
2024-07-18 00:00:00+01:00,-0.002777735392252567,0.00990093307113904,0.020172910662824117,0.004739336492890933,-0.008902077151335286,0.0,0.0,0.0,0.020547953128158714,0.0,0.005235621961910741,0.013404826011449655,0.019607855359147885,-0.011299477645120626
2024-07-19 00:00:00+01:00,0.0,0.0,0.0,0.0,0.0029940119760478723,0.0,-0.008130112188539096,0.0,-0.011185671736684055,0.0117647058823529,0.0,0.005291025581380504,0.0,0.0114286150251115
2024-07-22 00:00:00+01:00,0.0,-0.01960782480441492,-0.005649717514124242,-0.009433962264150941,0.008955223880596996,0.0,0.00819675270763387,0.0,-0.004524896030688064,-0.01744186046511631,-0.002604226167828738,-0.00526317797209086,0.0,-0.016949216467680994
2024-07-23 00:00:00+01:00,0.0013927363491754718,0.0,0.0,0.0,0.0,0.0,-0.004065056094269548,-0.009259294417005237,-0.01136362558800319,-0.00591715976331364,-0.0026109262692708413,-0.005291025581380615,0.006410219573724785,0.0
2024-07-24 00:00:00+01:00,-0.004172504108359898,-0.0100000381469727,-0.0028409090909090606,-0.004761904761904745,-0.00887573964497046,-0.012448132780082943,-0.004081648223254186,-0.028037401503044235,-0.012643652331452815,0.0,-0.005235621961910741,0.0,-0.057324817163319386,-0.02298848432756806
2024-07-25 00:00:00+01:00,0.005586613608986157,0.0,-0.008547008547008517,-0.004784688995215336,0.0,0.0,0.0,0.0,0.0011641293291688726,-0.011904761904761862,0.0,-0.005319067988256432,0.0,0.0
2024-07-26 00:00:00+01:00,-0.005555576748318192,0.0,0.0,0.0,0.0029850746268655914,0.0,0.00819675270763387,0.0,0.004651172139181536,0.012048192771084265,0.01052635594418172,0.0,0.02702700090373522,0.0
2024-07-29 00:00:00+01:00,0.0,0.010101049022522401,0.02298850574712641,-0.009615384615384581,0.011904761904761862,-0.012605042016806678,0.008130034654042939,-0.009615329948400753,-0.004629638891753718,0.011904761904761862,-0.0052083529945868845,-0.010695227528323081,-0.013157882353605488,-0.01176475076114425
2024-07-30 00:00:00+01:00,0.0,0.0,-0.016853932584269704,-0.009708737864077666,0.0,0.012765957446808418,0.00806454714081517,0.0,0.006976723554909636,0.0,-0.010471243923821483,0.0,0.013333320617675781,0.0
2024-07-31 00:00:00+01:00,0.0,-0.0100000381469727,0.0,0.0,-0.00588235294117645,0.0,0.008000030517578027,0.0,-0.002309439097577415,0.0117647058823529,-0.005291025581380615,0.0,0.0,0.005952403929229133
2024-08-01 00:00:00+01:00,0.0,0.02020209804504458,0.03428571428571425,0.02450980392156854,0.0,0.0,-0.007936537971601432,0.0,0.0023147849524491892,0.0,0.0,0.0,0.013157882353605599,-0.005917182469050486
2024-08-02 00:00:00+01:00,0.0,0.0,0.0027624309392264568,-0.014354066985645897,0.00591715976331364,0.0,0.0,0.0,-0.023094666285912724,-0.005813953488372103,0.0,-0.01081085205078125,0.0,0.0
2024-08-06 00:00:00+01:00,-0.002793253526597095,-0.01980205498867016,-0.008264462809917328,0.004854368932038833,0.0,-0.008403361344537785,-0.015999984741210893,0.0,0.004728141881597425,-0.0292397660818714,-0.026595745760156553,0.0054645019474759415,0.0,-0.01190469432579655
2024-08-07 00:00:00+01:00,0.008403339794098352,0.0,0.0,0.0,0.0,0.004237288135593209,0.0,0.0,0.0,0.006024096385542244,-0.005464397720770453,-0.002717349896583343,0.0,0.006024119227211244
2024-08-08 00:00:00+01:00,-0.005555576748318192,0.0,0.03333333333333344,-0.004830917874396157,-0.008823529411764675,-0.008438818565400852,0.0,-0.00970877472018683,0.021176407724930124,-0.017964071856287456,0.0,-0.008174365962506869,0.0,0.0
2024-08-09 00:00:00+01:00,0.02513970796254128,-0.007575738601520388,0.0,0.009708737864077666,0.0,0.0,0.008130034654042939,-0.009803865653465582,-0.009216540179609156,0.012195121951219523,0.0054944214246803735,0.0054944214246803735,0.0,-0.0029940803667591886
2024-08-12 00:00:00+01:00,0.008174365962506869,0.007633568521234091,-0.005376344086021501,0.0,0.0029673590504450953,0.008510638297872353,0.0,-0.0297029880598092,0.004651172139181536,0.006024096385542244,0.021858007789903988,0.0,0.0,-0.003002957249614635
2024-08-13 00:00:00+01:00,0.0027026614627323475,0.0,0.0,-0.009615384615384581,0.0,0.016877637130801704,0.0,0.0,-0.0023148539393046397,0.0,-0.016042841292484677,0.0,0.0,0.0
2024-08-14 00:00:00+01:00,0.005390856365640184,0.010101049022522401,0.016216216216216273,-0.009708737864077666,0.0,0.016597510373443924,0.02016129094281638,0.01632651472429325,0.0023202249211033976,0.017964071856287456,0.010869606906841245,0.0,-0.01948047042154266,0.006024119227211244
2024-08-15 00:00:00+01:00,0.02680965202289931,0.0100000381469727,0.0,0.019607843137254832,0.0,0.03265306122448974,0.019762846445765092,0.0,0.027777764363666968,0.0235294117647058,0.0026881309696293876,0.0054645019474759415,0.04635760209146467,-0.005988046521030466
2024-08-16 00:00:00+01:00,0.010443904277988914,0.03960392113094824,0.005319148936170137,-0.009615384615384581,0.01183431952662728,0.015810276679841806,0.007751967785028402,0.0,0.027027014328204757,0.02298850574712641,0.013404826011449655,0.021739110153428554,0.031645508879100115,0.01807224278111641
2024-08-19 00:00:00+01:00,0.007751918117475443,0.028571446736653572,0.010582010582010692,0.009708737864077666,-0.005847953216374324,0.011673151750972721,0.02307693774883557,0.014056259315918584,0.028508797011611353,0.016853932584269593,0.015873076744141734,0.026595745760156664,0.012269986030718272,0.011834364938100972
2024-08-20 00:00:00+01:00,0.005128224690755134,0.018518500530834592,0.0,-0.019230769230769273,-0.02941176470588236,-0.0038461538461538325,0.037593984423272,0.00990093307113904,0.002132168657756228,0.011049723756906049,-0.0052083529945868845,-0.007772001267349227,0.0,0.0
2024-08-21 00:00:00+01:00,0.002550981433031785,0.009090943769975102,-0.023560209424083767,-0.009803921568627416,-0.015151515151515138,-0.015444015444015413,0.014492739601511984,-0.009803865653465582,-0.004255327783380003,-0.016393442622950838,-0.00261786091154681,0.0,0.0,0.0
2024-08-22 00:00:00+01:00,-0.010178059006281992,-0.009009043066040445,-0.013404825737265424,0.00990099009900991,0.021538461538461506,-0.015686274509803977,-0.014285700661795464,0.0,-0.01068375061467286,-0.022222222222222254,-0.007873996038722075,-0.007832878408265298,0.006060629179983401,-0.005847975394087768
2024-08-23 00:00:00+01:00,-0.0077121604110537145,0.009090943769975102,0.0,0.004901960784313708,0.0,0.0,0.0398550857342832,0.0,-0.006479462595253227,0.022727272727272707,0.0,0.00526317797209086,0.012048123553905166,0.0
2024-08-26 00:00:00+01:00,0.0,0.0,0.0,0.004878048780487809,-0.012048192771084376,0.003984063745019917,-0.010453001269483342,0.0,-0.026086944127578837,-0.011111111111111072,0.0,-0.005235621961910741,0.005952403929229133,0.0
2024-08-27 00:00:00+01:00,0.010362734240704219,0.0,0.0,-0.004854368932038833,0.012195121951219523,0.001984126984126977,0.0,-0.00990102749433508,0.002232114050291223,0.00561797752808979,0.015873076744141734,0.0,-0.011834252077232543,0.0
2024-08-28 00:00:00+01:00,-0.003846192971253992,0.0,-0.04347826086956519,-0.004878048780487809,-0.015060240963855387,0.0,0.0,0.0100000381469727,-0.011135846817390771,-0.005586592178770999,0.02604166563186383,-0.01052635594418172,-0.005988046521030466,-0.017647013944738
2024-08-29 00:00:00+01:00,-0.003860945098403512,0.00900895714943828,-0.005681818181818232,0.0,-0.003058103975535187,0.013861386138613874,0.02112677427918852,-0.00990102749433508,-0.009009027150183813,0.022471910112359605,0.015228387078284777,0.005319169442975058,-0.006024119227211244,-0.07185632982739065
2024-08-30 00:00:00+01:00,-0.02583979277224291,-0.017857126131349377,0.0,-0.009803921568627416,-0.018404907975460127,-0.046875,0.0,-0.007999992370605447,-0.006818161806291689,-0.005494505494505475,0.0,-0.005291025581380615,-0.018181771943063474,-0.012903213500976562
2024-09-02 00:00:00+01:00,0.0,0.0,0.0,0.0,-0.006249999999999978,-0.032786885245901676,-0.013793090294147325,0.008064508376086854,-0.011441636517105613,-0.011049723756906049,-0.0100000381469727,0.0,-0.012345725525951368,-0.03267973815469505
2024-09-03 00:00:00+01:00,0.00795753928353915,0.0,0.005714285714285783,-0.004950495049504955,0.02515723270440251,0.0,-0.03146851771069881,0.0,0.006944423844202907,0.005586592178770999,0.02020209804504458,0.010638338885950116,0.01874995231628418,0.0337837833483956
2024-09-04 00:00:00+01:00,-0.0039474085757607025,0.0,0.0,0.014925373134328401,-0.006134969325153339,-0.012711864406779627,0.010830297068508576,0.0,0.0,0.0,-0.00990102749433508,-0.01052635594418172,0.0,0.006535910231946662
2024-09-05 00:00:00+01:00,0.006605020081333235,0.004545471884987551,-0.005681818181818232,-0.009803921568627416,0.0185185185185186,-0.02145922746781115,0.014285700661795575,0.0,0.0459770359062488,0.0,-0.00500001907348635,0.005319169442975058,-0.009202431015409296,0.0
2024-09-06 00:00:00+01:00,0.0,0.0,0.0,-0.00990099009900991,-0.0060606060606061,-0.015350877192982448,0.026408451058944626,0.0,0.03296700057711699,0.005555555555555536,-0.005025144893802347,0.0,0.0,0.006493531425117771
2024-09-09 00:00:00+01:00,0.0,-0.004524904060796975,0.005714285714285783,-0.010000000000000009,-0.024390243902439046,-0.006681514476614692,0.008576329443279906,-0.019999980926513672,-0.01063828775385156,0.0,0.0,0.0,0.05263160381096532,0.0
2024-09-10 00:00:00+01:00,-0.01049862801053214,0.009090943769975102,-0.017045454545454586,-0.010101010101010055,0.0,0.008968609865470878,0.0,0.0,-0.00215057402156571,0.0,-0.007575738601520388,-0.005291025581380615,0.0,0.0
2024-09-11 00:00:00+01:00,0.0,-0.018018086132081,-0.00867052023121384,-0.005102040816326481,0.0,0.01777777777777767,-0.020408176505266273,0.0,-0.015086205789152651,-0.016574585635359074,0.0,-0.01063823743123149,-0.005882375380572125,0.01935485101515244
2024-09-12 00:00:00+01:00,0.00530505991756014,0.0,-0.005830903790087438,0.01538461538461533,0.009374999999999911,-0.004366812227074246,0.008680555785511856,0.0,0.0021882209089056914,0.011235955056179803,0.0,0.0,0.005917182469050486,0.0
2024-09-13 00:00:00+01:00,0.002638482060556502,0.0,0.0058651026392961825,0.010101010101010166,0.0,-0.00877192982456143,0.00516356384917005,-0.01632651472429325,-0.0021834430531633142,0.0,0.007633568521234091,0.0,0.0,0.0
2024-09-16 00:00:00+01:00,0.0,0.009174347244904846,0.0,0.0,0.009287925696594534,0.0,0.0273972334300725,0.004149373488428809,-0.004376311391889098,-0.002777777777777768,0.00505052451126109,0.005376364484882101,0.005882375380572125,0.006329077632166724
2024-09-17 00:00:00+01:00,-0.002631538792660315,0.0,0.0,0.0,0.0,-0.013274336283185861,0.013333320617675781,0.0,0.015384613369242794,-0.0027855153203342198,0.01507543468140704,0.005347511766912616,-0.005847975394087768,-0.00628927233928156
2024-09-18 00:00:00+01:00,0.005276964121113004,0.018181800842285156,0.020408163265306145,-0.010000000000000009,0.0,0.008968609865470878,-0.013157882353605488,0.0,-0.030303026393503685,0.005586592178770999,0.00990093307113904,0.0,0.023529389325310124,0.0
2024-09-19 00:00:00+01:00,0.00524936406691201,0.0,-0.005714285714285672,-0.005050505050505083,0.0,0.01777777777777767,0.0,0.0,0.015624997921155126,-0.005555555555555536,0.009803959150949337,0.010638338885950116,-0.005747148486326958,0.0
2024-09-20 00:00:00+01:00,0.0,0.0,0.01724137931034475,0.015228426395939021,-0.018404907975460127,0.0,0.0066666920979818745,0.0,0.021978000384744734,0.005586592178770999,0.0,0.0,0.0,-0.006329137991299971
2024-09-23 00:00:00+01:00,0.005221952138994457,0.0,-0.03389830508474578,0.010000000000000009,0.0,0.0,0.0016556038343515933,0.012396682001644121,0.06451613109971022,0.0,0.004854387360093471,0.0,-0.005780258874628963,0.006369451126407855
2024-09-24 00:00:00+01:00,0.02337666300984176,0.0,0.029239766081871288,0.02970297029702973,0.012499999999999956,0.02183406113537112,0.004958665075381008,0.03061226376490178,0.008080824379190554,-0.005555555555555536,0.004830843982388977,0.021052611501593432,0.011627839925551386,0.0
2024-09-25 00:00:00+01:00,0.0025380322398060873,-0.008928520490927738,0.0028409090909091717,-0.009615384615384581,0.0,0.0,0.0065789725476688155,0.0,0.03206407296086122,-0.005586592178770999,-0.009615329948400753,0.02061853744307318,0.011494296972653917,0.0
2024-09-26 00:00:00+01:00,0.0025316069397745,-0.009009043066040445,-0.0028328611898017497,0.009708737864077666,0.0185185185185186,0.0,0.006535910231946662,0.0,0.08737867561021839,0.011235955056179803,0.0,0.0,-0.005681839733083893,0.0
2024-09-27 00:00:00+01:00,-0.002525214090259187,0.03636360168457031,-0.005681818181818232,0.019230769230769162,0.036363636363636376,0.008547008547008517,0.006493531425117771,0.0,0.026785688626827175,0.02777777777777768,0.009708682130449064,0.025252526225562955,0.02285712105887283,0.006329077632166724
2024-09-30 00:00:00+01:00,-0.010126620908326722,0.061403577751145466,0.011428571428571344,0.028301886792452935,0.005847953216374213,0.0,-0.006451637514175879,0.00990093307113904,0.03043475421480002,0.016216216216216273,0.0,0.009852254702272356,0.005586613608986157,0.0
2024-10-01 00:00:00+01:00,0.0025576033943977006,0.03305781867105084,-0.02259887005649719,0.0183486238532109,-0.005813953488372103,-0.010593220338983023,-0.006493469498212501,0.0,0.025316533373572758,0.0,-0.009615329948400753,-0.004878067388767171,0.03888893127441406,-0.00628927233928156
2024-10-02 00:00:00+01:00,0.017857161972334668,-0.008000030517578138,-0.011560693641618491,0.03603603603603611,0.00877192982456143,-0.0021413276231263545,0.013071882795547163,0.049019608759779176,-0.004115222299809096,0.03191489361702127,0.009708682130449064,0.029411783955364257,0.021390353059397293,0.025316491606066638
2024-10-03 00:00:00+01:00,-0.0025063229321807823,-0.024193487604002417,0.005847953216374213,-0.008695652173912993,-0.01449275362318836,0.0,-0.012903213500976562,-0.009345741082053105,-0.049586826526647365,0.005154639175257714,0.0,-0.009523845854259694,-0.010471243923821483,-0.012345725525951368
2024-10-04 00:00:00+01:00,0.0,0.0,-0.008720930232558155,0.0,-0.002941176470588225,0.0,0.0,0.0,-0.026086932184114286,-0.00512820512820511,0.00961542164785767,-0.004807619124471918,0.0,-0.00625002384185791
2024-10-07 00:00:00+01:00,0.005025144893802347,0.01652890933552542,0.008797653958944274,0.03508771929824572,0.026548672566371723,0.0042918454935623185,0.0032679862818003613,0.0,0.04464281437804529,0.0,0.009523845854259694,0.004830843982388977,0.0,0.0
2024-10-08 00:00:00+01:00,0.0,0.03252029368516429,0.0,-0.008474576271186418,0.0,0.0,-0.009772024005007096,0.0,0.02564110401662978,0.0,0.0,0.0,-0.0158729758262226,-0.01886787699736292
2024-10-09 00:00:00+01:00,0.0,-0.007873970810807207,0.0,0.0,-0.011494252873563204,-0.008547008547008517,0.0065789725476688155,-0.018867995824705996,0.00833332505491069,-0.015463917525773141,0.0,0.0,-0.005376364484882101,0.006410219573724785
2024-10-10 00:00:00+01:00,-0.00500001907348635,0.0,0.0,-0.008547008547008517,0.011627906976744207,0.004310344827586299,0.0,-0.009615329948400753,-0.012396682001644121,-0.010471204188481686,-0.014150996868529497,0.004807710823928835,-0.01081085205078125,-0.012738841509227883
2024-10-11 00:00:00+01:00,-0.030150773516147478,0.0,-0.01744186046511631,-0.017241379310344862,-0.011494252873563204,-0.012875536480686733,-0.006535972563600612,-0.00970877472018683,0.0,-0.010582010582010581,0.0,-0.009569323408671226,0.0,-0.025806427001953125
2024-10-14 00:00:00+01:00,-0.02331600380204768,-0.007936537971601432,0.0,0.00877192982456143,0.0,0.0,-0.006578909805936672,0.0,-0.02092058097916616,0.0,-0.009569323408671226,-0.009661872249663306,-0.02732240551067433,-0.01324508330376517
2024-10-15 00:00:00+01:00,-0.015915179752680086,0.0,0.0,0.008695652173912993,0.0,-0.019565217391304346,0.006622478494644701,-0.009803865653465582,0.02564110401662978,0.016042780748663166,-0.004830936124831653,0.004878067388767171,-0.02247188964466096,0.013422870339588666
2024-10-16 00:00:00+01:00,0.002695479593836536,-0.015999984741210893,-0.023668639053254448,0.0,0.0,0.0,0.0,0.0,0.029166637692187747,-0.010526315789473717,0.0,0.0,0.017241445458981097,0.013245020146527287
2024-10-17 00:00:00+01:00,-0.008064495454511378,0.008130034654042939,-0.024242424242424288,-0.0193965517241379,0.01744186046511631,-0.006651884700665134,0.0,0.0,-0.02024289544013369,0.010638297872340496,0.009708682130449064,0.0,-0.005649738822560368,-0.006535972563600612
2024-10-18 00:00:00+01:00,0.004064978454714874,0.0,-0.024844720496894457,-0.00659340659340657,-0.040000000000000036,-0.008928571428571397,0.0032894862738344077,0.0,-0.012396682001644121,-0.0052631578947368585,-0.009615329948400753,-0.004854387360093471,0.0,-0.019736854901274303
2024-10-21 00:00:00+01:00,-0.004048521302845276,0.03225811165403902,0.01273885350318471,0.008849557522123908,0.017857142857142794,0.0,0.022950844686539407,-0.00990102749433508,-0.012552388490189026,-0.005291005291005346,0.029126231570822947,0.026829231076124227,0.011363571094088698,-0.0067113711648050245
2024-10-22 00:00:00+01:00,0.00813006028875507,0.015624984866008385,0.04402515723270439,0.01754385964912286,0.03508771929824572,0.0045045045045044585,-0.006410280706692251,0.0,-0.03389827426361236,0.02127659574468077,0.004716908986904578,0.03087893346497217,0.0,-0.00675678244466027
2024-10-23 00:00:00+01:00,-0.0026882335152527137,0.03846153846153855,0.03915662650602414,0.01724137931034475,0.05084745762711873,0.004484304932735439,0.01935485101515244,0.0,-0.03508768627628134,0.0078125,0.021126797138869557,0.04608294768854848,0.022471996799083183,0.020408176505266162
2024-10-24 00:00:00+01:00,0.005390856365640184,0.022222236350730507,0.0028985507246377384,-0.016949152542372836,0.010752688172043001,-0.008928571428571397,0.0031645689956498746,-0.007999992370605447,-0.03181815078435912,-0.007751937984496138,0.011494252873563315,-0.00881060600077066,0.0,0.0
2024-10-25 00:00:00+01:00,-0.0026809242940074585,0.0,0.0,0.0,-0.005319148936170248,0.009009009009008917,0.0031545259215892685,-0.012096762564130281,-0.02816909764057407,0.0,-0.009090943769975102,0.008888922797309018,-0.010989052448102776,0.0
2024-10-28 00:00:00+00:00,-0.005376364484882101,0.007246335247339308,0.0028901734104045396,-0.004310344827586188,-0.002673796791443861,0.044642857142857206,0.02515720931616272,0.0,0.0386474225626221,0.0,-0.00917425975184516,-0.006607996512660974,-0.011111153496636272,0.0066666920979818745
2024-10-29 00:00:00+00:00,0.0013513307313661738,0.0,-0.0028818443804035088,0.008658008658008587,0.0,0.008547008547008517,0.012269986030718272,-0.02857140076751319,-0.009302316297383983,-0.00520833333333337,0.018518500530834592,-0.015520997160207273,0.016853997599312276,0.0
2024-10-30 00:00:00+00:00,0.0,-0.021582679517531345,0.005780346820809301,-0.012875536480686733,-0.013404825737265424,0.0,0.0,0.0,0.004694830951162521,0.010471204188481575,0.045454545454545414,0.006756739341229334,-0.005524882837687928,0.0
2024-10-31 00:00:00+00:00,0.004048624263637279,0.0073528988963604824,0.034482758620689724,0.07826086956521738,0.032608695652173836,0.008474576271186418,0.012121258359966802,0.0084033529263976,0.028037355064628677,0.010362694300518172,0.017391287762185792,0.020134176640279167,-0.03333335452609587,0.0
2024-11-01 00:00:00+00:00,-0.005376364484882101,0.0,0.0,0.048387096774193505,0.021052631578947434,0.0,0.0,-0.016666749450892193,-0.004545450112051319,0.0,0.0,0.0043859817901739095,0.005747148486326958,0.0
2024-11-04 00:00:00+00:00,0.005405426025390625,-0.007299228407856018,0.005555555555555536,0.023076923076922995,0.0,-0.006302521008403339,-0.005988046521030466,0.0,-0.0091324111433575,0.002564102564102555,-0.017094001070560583,-0.004366828957883873,-0.02857142857142858,0.0
2024-11-05 00:00:00+00:00,-0.005376364484882101,0.0,0.03314917127071815,-0.015037593984962405,-0.005154639175257714,-0.0021141649048626032,0.0,0.0,0.0,0.0,0.017391287762185792,-0.0065789308574385474,-0.005882375380572125,0.019867498641171988
2024-11-06 00:00:00+00:00,0.01486484424487955,-0.022058836935300308,0.050802139037433136,0.007633587786259444,-0.002590673575129543,0.012711864406779627,0.01807224278111641,0.004237284282951448,0.05990777486255228,0.002557544757033181,0.0,-0.002207471872080813,0.035502981953434265,0.0
2024-11-07 00:00:00+00:00,0.0026631768535338995,0.0,-0.0025445292620864812,0.007575757575757569,-0.0025974025974025983,-0.03765690376569042,0.005917182469050486,0.012658316986067009,0.0,0.005102040816326481,0.025641042361154165,-0.013274386696699225,0.0,-0.006493469498212501
2024-11-08 00:00:00+00:00,0.003984002791568075,0.0,0.005102040816326481,0.015037593984962516,-0.0078125,0.008695652173912993,0.0,0.0,0.004347822030685622,0.002538071065989911,-0.008333365122477177,0.006726526054297688,0.0,-0.006535972563600612
2024-11-11 00:00:00+00:00,-0.005291025581380615,0.0,-0.005076142131979711,0.007407407407407307,0.0,-0.004310344827586188,0.0,0.0,0.00432900030777672,0.012658227848101333,0.0,-0.006681582217428206,0.0,-0.013157882353605488
2024-11-12 00:00:00+00:00,0.002659635448846842,0.0,0.0,0.007352941176470562,0.007874015748031482,0.0,0.005882375380572125,-0.016666749450892193,0.0,0.040000000000000036,0.016806787340397866,0.0,-0.01714281354631697,0.020000012715657656
2024-11-13 00:00:00+00:00,-0.0026525805515809076,0.007518753861753602,0.0,0.014598540145985384,0.0,0.0043290043290042934,0.017543814641410194,-0.016949137131806236,0.04741385201707771,0.019230769230769162,0.008264415259734426,0.0,-0.011627950817908794,0.026143765591094548
2024-11-14 00:00:00+00:00,0.0,-0.00746264407777486,0.0,0.014388489208633004,0.0,0.004310344827586299,-0.005747148486326958,0.0,0.016460889199236384,0.0,0.0,0.0,0.017647013944738,-0.057324817163319386
2024-11-15 00:00:00+00:00,0.0,-0.0075188255665883386,-0.015306122448979553,-0.007092198581560294,0.005208333333333259,-0.012875536480686733,-0.011560628000628848,0.004310340840949722,0.0283400536161873,0.0,-0.01639342724524051,-0.008968558853510666,0.0,0.04054050135560283
2024-11-18 00:00:00+00:00,0.0079788048918219,0.0,-0.005181347150259086,0.021428571428571352,-0.005181347150259086,-0.004347826086956497,0.0,0.0,0.007874008357040552,-0.004716981132075526,0.0,0.004524904060796864,-0.005780258874628963,0.01298706285023532
2024-11-19 00:00:00+00:00,-0.010554129545503499,0.0075757865844463534,0.005208333333333259,0.006993006993007089,0.01041666666666674,0.008733624454148492,0.005847975394087879,-0.012875524623216728,-0.023437478172126713,0.018957345971563955,0.008333365122477288,0.011261260874249501,-0.017441926226863136,0.006410219573724785
2024-11-20 00:00:00+00:00,0.00799997965494792,-0.0075188255665883386,-0.010362694300518172,-0.02083333333333337,-0.014433005421432,-0.0043290043290042934,-0.0029070431506559302,0.03043475421480002,-0.015999984741210893,-0.0046511627906976605,0.01652890933552542,0.011135857082584133,-0.011834252077232543,0.006369451126407855
2024-11-21 00:00:00+00:00,0.0,-0.007575714336391148,0.0,0.007092198581560183,0.009414242052760535,-0.013043478260869601,0.008746333636544312,0.00843891152356524,-0.024390220263873164,0.0,-0.016260146842582146,0.004405218976219372,-0.011976093042061042,-0.006329137991299971
2024-11-22 00:00:00+00:00,-0.031746052570364225,-0.007633616683796363,-0.010471204188481686,-0.014084507042253502,-0.010362694300518172,-0.03964757709251099,-0.005780258874628963,0.0,0.004166662527455456,-0.01869158878504673,0.0,-0.017543843505051004,0.0,0.031847194888451336
2024-11-25 00:00:00+00:00,0.0,-0.015384600712702867,0.015873015873015817,-0.0071428571428571175,0.0,0.0,-0.005813975408954342,-0.012552388490189026,-0.045643207301583555,0.00952380952380949,0.0,0.0,-0.018181771943063474,0.006172745025411208
2024-11-26 00:00:00+00:00,0.002732303087090715,0.015624984866008385,-0.0078125,0.0,-0.01308900523560208,0.00917431192660545,0.013157916751484144,0.0,0.026086932184114398,0.02358490566037741,0.01652890933552542,0.00446430282021093,-0.0030864902502700797,0.0
2024-11-27 00:00:00+00:00,-0.0027248579493039937,0.02307693774883557,0.0,0.007194244604316502,0.02652519893899208,0.018181818181818077,0.010100965619285418,-0.016949137131806236,0.05084751242024477,0.041474654377880116,0.02439025903112113,0.008888922797309018,0.021671850757701616,0.006134993015359136
2024-11-28 00:00:00+00:00,0.008196805034566879,0.0,0.023622047244094446,-0.0071428571428571175,0.023255813953488413,-0.008928571428571397,0.005714307512555861,-0.004310340840949611,-0.008064508376086854,0.0,0.015873000254767344,0.0,-0.012121258359966802,0.0
2024-11-29 00:00:00+00:00,0.0,0.052631563851613716,0.0,0.014388489208633004,0.010101010101010166,0.009009009009008917,0.0,-0.00432900030777672,0.0,0.0,0.023437514551915006,-0.0077093012567158725,0.0,0.006097584377790843
2024-12-02 00:00:00+00:00,0.0,-0.00714288439069477,0.0,0.02127659574468077,0.030000000000000027,-0.0022321428571429047,-0.005681839733083893,0.0,0.012195110131936637,0.01327433628318575,0.015267160568028793,-0.0011098609968325235,0.006134993015359136,-0.003030256791548336
2024-12-03 00:00:00+00:00,0.0,0.0071942722456204145,-0.00512820512820511,-0.00694444444444442,0.009708737864077666,0.0,0.0114286150251115,0.004347822030685622,0.0361445437046628,0.004366812227074135,0.03007515885668366,0.013333299424913125,0.04268297434278745,0.003039467157545106
2024-12-04 00:00:00+00:00,-0.004065081834040196,0.0,-0.005154639175257714,-0.006993006993006978,-0.004807692307692291,-0.004474272930648726,0.0,0.0,-0.0058139019105275525,-0.004347826086956497,-0.007299228407856018,-0.008771879924703185,0.005847975394087879,0.006060629179983401
2024-12-05 00:00:00+00:00,-0.01224491871944089,-0.028571401323590928,-0.005181347150259086,0.007042253521126751,-0.004830917874396157,-0.013483146067415741,-0.016949216467680994,0.0,-0.001949362311646996,-0.02183406113537123,-0.007352969019469913,0.0,-0.040697716970323206,-0.006024119227211244
2024-12-06 00:00:00+00:00,-0.005509663006693977,-0.007352969019469913,0.0,0.0,-0.009708737864077666,-0.006833712984054663,-0.002873519434293592,0.0,0.01953123181010552,0.0044642857142858094,-0.007407435664424145,-0.004424795565566408,0.04848480224609375,0.0
2024-12-09 00:00:00+00:00,0.0,0.0,0.0,0.0,0.009803921568627416,0.0,0.002881800343586649,-0.01731600123110688,-0.02298848474755899,-0.004444444444444473,0.007462715247501972,0.004444461398654509,0.01156073825199977,0.006060629179983401
2024-12-10 00:00:00+00:00,0.002770146621752456,0.014814800686306473,0.0026041666666667407,0.006993006993007089,0.0,0.00917431192660545,0.011494296972653917,-0.0044052821794189345,0.01960782480441492,0.017857142857142794,-0.007407435664424145,0.004424795565566519,0.0,0.0
2024-12-11 00:00:00+00:00,0.0,0.0,-0.012987012987012991,-0.02083333333333337,-0.01941747572815533,0.0,0.0,0.0,-0.0038461503192516178,0.00877192982456143,0.0261194321965299,-0.00440530300038533,0.005714307512555861,-0.006024119227211244
2024-12-12 00:00:00+00:00,0.005524882837687928,0.007299298019120881,0.0,-0.007092198581560294,0.024752475247524774,0.0,0.011363571094088698,0.08407082213372608,0.0231660938943945,-0.008695652173912993,-0.003636377507990063,0.002212355584805259,0.03409093002642427,-0.006060629179983401
2024-12-13 00:00:00+00:00,-0.005494526224051444,0.02173914395568488,0.026315789473684292,0.0071428571428571175,0.009661835748792313,0.0,0.04494388644374414,0.04081628681073313,0.03773581171086837,0.013157894736842035,0.02189782444609789,0.03752761129295257,0.0329669477455663,-0.006097584377790843
2024-12-16 00:00:00+00:00,-0.0027624941080316434,-0.00709222544427357,0.0,0.0,0.004784688995215225,-0.004545454545454519,0.016128990909022756,-0.009803865653465582,0.0072727203369140625,-0.008658008658008698,0.0,0.0,-0.005319067988256432,0.0
2024-12-17 00:00:00+00:00,0.03324101976900895,0.014285700661795575,0.01025641025641022,0.007092198581560183,0.0,0.022831050228310446,0.005291025581380504,0.0,0.032490943967157904,0.004366812227074135,0.007142884390694659,0.008510670763381079,0.010695125531074101,-0.012269869015459345
2024-12-18 00:00:00+00:00,0.0,0.0,0.0,-0.007042253521126751,-0.014285714285714235,-0.0267857142857143,-0.00526317797209086,0.00990093307113904,0.0034965002902287434,-0.008695652173912993,-0.01418445088854714,0.0,-0.005291025581380615,0.006211203670828613
2024-12-19 00:00:00+00:00,-0.005361950858721154,-0.03521126807859265,-0.015228426395939132,-0.014184397163120588,0.004830917874396157,-0.022935779816513735,-0.005291025581380615,-0.01470584522894025,-0.017421586867605088,-0.02631578947368418,-0.01438847588157588,-0.0042194252426397405,0.005319169442975058,-0.012345725525951368
2024-12-20 00:00:00+00:00,-0.013477089503083683,-0.007299228407856018,0.005154639175257714,0.0,0.0,0.0046948356807512415,-0.01063823743123149,-0.004975143262281545,0.014184383971608927,0.009009009009008917,0.0,-0.004237304231073047,0.005291025581380504,0.0
2024-12-23 00:00:00+00:00,-0.005464397720770453,0.0,-0.01025641025641022,0.021582733812949728,0.009615384615384581,-0.0210280373831776,0.010752626424140876,0.005000019073486239,0.0034965002902287434,0.008928571428571397,0.01459852642697701,0.012765924981299914,0.013157894736842035,0.0
2024-12-27 00:00:00+00:00,0.0,0.036764704851130814,0.0,0.0,0.00952380952380949,-0.011933174224343701,0.021276677771900232,0.004975143262281545,-0.003484317373521062,0.026548672566371723,-0.021582679517531345,0.008403393670198822,0.0,0.00625002384185791
2024-12-30 00:00:00+00:00,0.01648347387278326,0.0,-0.005181347150259086,0.0,0.0,-0.009661835748792313,0.015624959642690062,0.0,0.020979085104515294,0.008620689655172376,-0.007352969019469913,0.0,0.007792187975598663,0.0
2025-01-02 00:00:00+00:00,-0.008108087488122862,0.014184383252072719,0.005208333333333259,-0.0035211267605633756,0.0,0.014634146341463428,-0.005128224690755245,0.0,-0.02054800672275059,-0.008547008547008517,0.007407435664424256,0.0,-0.005154658940003776,-0.01863355177805759
2025-01-03 00:00:00+00:00,0.0027247540066013265,0.0,0.0,0.0035335689045936647,0.0,0.0,-0.007731939251534703,-0.013861419607429926,0.0,0.0,-0.007352969019469913,0.018750031789143806,0.01554410136105644,-0.012658215623466695
2025-01-07 00:00:00+00:00,0.005434803453420622,-0.020979034037302835,-0.015544041450777257,0.0,-0.009433962264150941,0.04807692307692313,-0.02337666300984176,-0.004016060411629163,0.01748258481428655,-0.017241379310344862,-0.014814800686306473,0.00613495353168414,0.0,-0.01282056141338439
2025-01-08 00:00:00+00:00,0.0,-0.014285700661795464,0.0,-0.014084507042253502,-0.02857142857142858,0.03669724770642202,-0.021276576317181495,0.0,-0.010309268214748757,-0.02631578947368418,0.0,-0.004065056094269548,-0.020408143405366563,0.0
2025-01-09 00:00:00+00:00,0.01081085205078125,0.007246335247339308,0.03684210526315779,0.0071428571428571175,0.03921568627450989,-0.004424778761061954,-0.01630430670000793,0.038306462854674095,-0.010416739102864003,0.009009009009008917,0.015037579428341719,0.012244866818797773,0.031249919285380123,-0.012987000923330161
2025-01-10 00:00:00+00:00,0.002673755883456419,0.0,0.060913705583756306,-0.007092198581560294,0.0,0.026666666666666616,0.0,0.029126231570822947,-0.031578918309091875,-0.008928571428571397,-0.014814800686306473,0.028225838083631327,0.010101049022522401,0.013157882353605599
2025-01-13 00:00:00+00:00,0.0,-0.021582679517531345,0.019138755980861344,0.0,0.0,-0.008658008658008698,-0.016574648513063672,0.018867905855434186,-0.03260866466677248,-0.009009009009009028,0.007518753861753602,-0.009803921568627416,-0.030000019073486373,-0.006493469498212501
2025-01-14 00:00:00+00:00,-0.0053333536783853885,0.0036764143866254706,0.028169014084507005,-0.0035714285714285587,-0.018867924528301883,0.004366812227074135,-0.011235891245119367,-0.037037089364844955,0.0149812586929019,-0.018181818181818188,-0.014925359325276832,0.0,0.0,0.0
2025-01-15 00:00:00+00:00,0.0,-0.0036629478723699815,0.0,-0.0035842293906810374,-0.019230769230769273,0.0,0.005681839733084004,0.0,-0.0036900333293332643,0.0185185185185186,0.0075757865844463534,-0.00990099009900991,-0.010309219563065741,0.006535910231946662
2025-01-16 00:00:00+00:00,0.005361950858721043,0.0073528988963604824,0.0,0.02877697841726623,0.03921568627450989,0.026086956521739202,0.011299369885315658,0.0,0.0,0.018181818181818077,0.0,-0.004000015258789014,-0.0052083529945868845,0.0
2025-01-17 00:00:00+00:00,-0.0053333536783853885,-0.007299228407856018,-0.004566210045662156,-0.006993006993006978,0.0,0.0,0.011173227217972093,0.0,0.0,-0.008928571428571397,0.007518753861753602,-0.004016079638624048,0.0,0.0
2025-01-20 00:00:00+00:00,0.008042875152728612,-0.007352969019469913,0.0,0.0,-0.009433962264150941,0.0,0.0,0.0,0.007407400212333881,-0.0045045045045044585,0.0,0.023185515347927232,0.0,-0.006493469498212501
2025-01-21 00:00:00+00:00,0.015957508328925174,0.0,0.03669724770642202,0.01760563380281699,-0.00952380952380949,-0.016949152542372836,0.0027623887296563954,-0.009615329948400753,-0.0018382773486487203,0.004524886877828038,0.014925430495003944,0.0,0.0,0.0
2025-01-22 00:00:00+00:00,0.018324626936096156,0.011111082854094345,0.03982300884955747,0.0034602076124568004,0.0,0.004310344827586299,0.008264441966000513,0.009708682130449064,0.02394108997250055,0.027027027027026973,0.0,0.009852216748768461,0.010471144062638604,0.006535910231946662
2025-01-23 00:00:00+00:00,0.0,0.02564105430410346,0.025531914893617058,0.01379310344827589,0.009615384615384581,0.012875536480686733,0.03278690745815038,0.019230843295715117,0.028776951269557483,0.013157894736842035,0.02941173583166079,0.029268292682926855,0.01554410136105644,0.0
2025-01-24 00:00:00+00:00,0.00514130952177827,-0.028571401323590928,-0.0456431535269709,0.0,-0.00952380952380949,-0.0021186440677966045,-0.010581950244841987,0.0,0.013986084524057807,-0.012987012987012991,-0.00714288439069477,-0.004739336492891044,0.03061226376490178,-0.006493469498212501
2025-01-27 00:00:00+00:00,-0.024296598089919574,-0.014705938038939936,-0.021739130434782594,-0.006802721088435382,-0.004807692307692291,-0.04033970276008492,-0.010695227528323081,0.0,-0.02068971697413624,-0.00877192982456143,0.0,-0.014285714285714235,-0.00990102749433508,-0.019607855359147774
2025-01-28 00:00:00+00:00,-0.003931887808108048,0.0,0.0,0.010273972602739656,-0.004830917874396157,-0.013274336283185861,0.005405426025390625,-0.018867995824705996,0.010563370526912585,0.0,-0.007194203635955465,-0.004830917874396157,-0.00500001907348635,-0.006666692097981763
2025-01-29 00:00:00+00:00,0.0,0.007462715247501972,-0.008888888888888835,0.003389830508474523,0.004854368932038833,0.013452914798206317,-0.005376364484882101,0.0,-0.010452952120563075,-0.013274336283185861,-0.014492739601511984,-0.004854368932038833,-0.005025144893802347,0.006711435169794333
2025-01-30 00:00:00+00:00,-0.002631538792660315,0.0,0.004484304932735439,0.0,0.004830917874396157,-0.013274336283185861,0.016216174976245723,-0.01923075159625831,0.014084577986089863,0.013452914798206317,0.0,0.004878048780487809,0.0,0.0
2025-01-31 00:00:00+00:00,0.0,0.0,-0.004464285714285698,0.0,0.0,-0.008968609865470878,0.010638338885950116,0.0,-0.03472227051302046,0.0,0.0,0.009708737864077666,0.02020209804504458,0.0066666920979818745
2025-02-03 00:00:00+00:00,-0.015831194318255193,0.014814800686306473,-0.013452914798206317,0.0,0.0,-0.022624434389140302,0.01052635594418172,-0.01960782480441492,-0.014388475634778741,0.004424778761061843,0.014705867915830284,-0.014423076923076872,-0.00990102749433508,-0.026490103450292568
2025-02-04 00:00:00+00:00,0.008042875152728612,0.02189782444609789,-0.004545454545454519,0.006756756756756799,0.0,0.0092592592592593,0.010416606648103066,0.0,0.018248157716151958,0.022026431718061623,0.0,0.014634146341463428,0.0100000381469727,-0.006802682251218939
2025-02-05 00:00:00+00:00,-0.002659533994128216,-0.00714288439069477,0.03196347031963476,0.0,0.0,-0.00917431192660545,0.005154658940003776,0.0,-0.01792113010749863,-0.017241379310344862,0.014492739601511984,0.014423076923076872,-0.004950513747167595,0.0
2025-02-06 00:00:00+00:00,0.0,-0.01438847588157588,0.0022123893805310324,0.04026845637583887,0.028846153846153744,0.0,0.0,0.0100000381469727,-0.007299263086460783,0.00877192982456143,0.0,0.033175355450236976,0.004975143262281545,0.0
2025-02-07 00:00:00+00:00,0.0,0.007299298019120881,0.0331125827814569,0.0,0.0,0.04629629629629628,0.01025644938151049,0.00990093307113904,-0.007352934086817808,0.026086956521739202,0.0,-0.032110091743119296,0.03960392113094824,0.00684927569743965
2025-02-10 00:00:00+00:00,0.00799997965494792,0.007246335247339308,0.02136752136752129,0.0,0.009345794392523255,-0.013274336283185861,0.0025380322398060873,-0.009803865653465582,0.007407400212333881,0.008474576271186418,0.0,-0.004739336492891044,-0.01904760088239399,-0.17687071166876334
2025-02-11 00:00:00+00:00,0.0,-0.007194203635955465,0.004184100418409997,-0.003225806451612856,0.0,0.013452914798206317,0.0,-0.00990102749433508,-0.018382335217044576,-0.004201680672268893,-0.010714258466448134,0.01904761904761898,0.0,0.0
2025-02-12 00:00:00+00:00,-0.010581950244841987,0.007246335247339308,-0.004166666666666652,-0.003236245954692518,-0.0092592592592593,-0.008849557522123908,-0.0025316069397745,0.019999980926513672,0.018726573366127264,-0.008438818565400852,0.0,0.0,0.0,0.008264415259734426
2025-02-13 00:00:00+00:00,-0.005347613764161596,0.010791408368430622,-0.004184100418409997,0.022727272727272707,0.01869158878504673,0.0044642857142858094,0.010152225778948587,0.009803959150949337,-0.014705868173635728,0.025531914893617058,0.010830297068508576,-0.014018691588784993,-0.03883500629100978,-0.040983607198115
2025-02-14 00:00:00+00:00,-0.005376364484882101,-0.01779359406449399,0.0,-0.0031746031746031633,-0.00917431192660545,-0.004444444444444473,-0.005025144893802347,0.0,0.007462679264300887,-0.020746887966805017,-0.0035714421953473297,0.004739336492890933,0.0,-0.05128200321168175
2025-02-17 00:00:00+00:00,0.008108087488122973,-0.02173914395568488,0.008403361344537785,-0.006369426751592355,-0.0092592592592593,-0.013392857142857095,-0.015151477203040775,0.009708682130449064,-0.014814800424667651,0.0,0.0,-0.009433962264150941,0.010101049022522401,-0.02702704328151928
2025-02-18 00:00:00+00:00,-0.005361950858721154,0.022222236350730507,-0.025000000000000022,0.0,-0.009345794392523366,-0.004524886877828038,0.0,0.0,0.0,-0.006355932203389814,-0.0035842431124375462,-0.004761904761904745,-0.014999961853027322,0.05555550159250355
2025-02-19 00:00:00+00:00,-0.002695376771803537,-0.02173914395568488,0.004273504273504258,0.0,-0.009433962264150941,-0.004545454545454519,-0.007692288129757641,0.00961542164785767,-0.007518789579387564,-0.02771855010660984,0.02517988425000639,0.0,0.0,0.017543927160695638
2025-02-20 00:00:00+00:00,0.0,-0.003703717832212128,-0.012765957446808529,-0.019230769230769273,-0.00952380952380949,0.004566210045662045,-0.002584038419816359,0.0,-0.007575840359983155,0.0,0.003508785314727314,-0.014354066985645897,-0.00507616129933619,0.0
2025-02-21 00:00:00+00:00,-0.01081085205078125,0.0,0.012931034482758674,0.013071895424836555,0.009615384615384581,0.0,0.0051813671203522205,0.0,0.022900833518668895,0.00877192982456143,0.0034965167879690284,0.009708737864077666,-0.0051020601797675535,-0.07758625367308469
2025-02-24 00:00:00+00:00,0.0,-0.018587360858383528,-0.004255319148936176,-0.01935483870967747,-0.00952380952380949,0.00454545454545463,-0.005154658940003776,0.0,0.0037313396321503323,-0.017391304347826098,-0.010453001269483342,-0.009615384615384581,0.0,0.00934583021049562
2025-02-25 00:00:00+00:00,0.0,-0.007575714336391148,-0.008547008547008517,0.013157894736842035,0.0,-0.004524886877828038,-0.0051812682939942345,0.028571446736653572,-0.018587342473125656,-0.008849557522123908,-0.012323957259540275,0.0,0.01025644938151049,-0.018518500530834592
2025-02-26 00:00:00+00:00,0.0013662036568982128,0.007633543884232319,-0.012931034482758674,-0.00649350649350644,0.0,0.0,0.005208253653516293,0.018518500530834592,0.0,0.008928571428571397,0.012477732299090327,0.009708737864077666,-0.00507616129933619,0.0
2025-02-27 00:00:00+00:00,0.009549753330131638,-0.015151500920837613,0.0,-0.013071895424836555,0.0,0.0,0.0,0.0,-0.007575840359983155,0.0,-0.007042213319620072,-0.009615384615384581,-0.010204120359535218,0.018867905855434186
2025-02-28 00:00:00+00:00,-0.01081085205078125,-0.015384600712702867,-0.004366812227074246,-0.0066225165562914245,-0.019230769230769273,0.0,-0.020725369655050563,-0.04090907356955786,-0.026717532939075084,-0.02212389380530977,0.0,-0.004854368932038833,-0.005154658940003776,0.009259206113829244
2025-03-03 00:00:00+00:00,-0.010928899668246395,0.0,0.0,0.0,0.009803921568627416,-0.009090909090909038,0.005291025581380504,0.014217973063356482,-0.003921564960883028,0.004524886877828038,-0.021276608696346178,-0.014634146341463428,0.0,-0.00917425975184516
2025-03-04 00:00:00+00:00,-0.01381215440503214,-0.03125004423782163,-0.03508771929824561,-0.026666666666666616,-0.029126213592232997,-0.01834862385321101,-0.0368421454178659,-0.03738314258509734,-0.06299206685632519,-0.027027027027026973,-0.02173914395568488,-0.04950495049504955,-0.025906736775402672,-0.009259294417005237
2025-03-05 00:00:00+00:00,0.005602262147486492,0.024193564513223853,-0.004545454545454519,0.0,0.020000000000000018,0.01869158878504673,0.010929003894951883,0.03883491370127201,0.0252100587791928,0.02777777777777768,0.007407435664424256,0.014583349227905273,0.010638338885950116,0.00934583021049562
2025-03-06 00:00:00+00:00,-0.005571051655674175,-0.015748016714081325,-0.004566210045662156,0.0,0.0,0.0,-0.005405426025390625,0.0,-0.028688594270410817,-0.018018018018018056,0.0,-0.00205343505650335,-0.00526317797209086,0.0
2025-03-07 00:00:00+00:00,0.0,0.015999984741210893,-0.006880733944954143,0.0,0.004901960784313708,0.041284403669724856,0.005434803453420622,-0.009345741082053105,0.021097127911070768,0.00917431192660545,0.05514705727669611,0.01234572649498844,-0.06878302980418993,0.037037001061669184
2025-03-10 00:00:00+00:00,0.0,-0.015748016714081325,0.01616628175519641,0.0,0.004878048780487809,-0.004405286343612369,0.005405426025390625,-0.009433997912352998,-0.012396682001644121,0.0,0.010452934811344683,-0.012195168282808644,-0.005681839733083893,-0.008928520490927738
2025-03-11 00:00:00+00:00,-0.0028011845008746317,-0.02400001525878903,-0.03863636363636369,-0.013698630136986356,-0.01941747572815533,-0.030973451327433676,-0.021505355393904968,-0.01904760088239399,-0.037656965957120425,0.0,-0.020689668326542288,-0.016460890168269016,-0.00571430751255575,0.06306304371247706
2025-03-12 00:00:00+00:00,-0.0028089460226743412,0.0,0.02127659574468077,0.003472222222222321,0.00990099009900991,0.0,-0.005494526224051444,0.0,0.008695644061371466,0.0,0.02112677427918852,0.016736385979694512,0.017241445458981097,0.16101691422192665
2025-03-13 00:00:00+00:00,0.0,0.0,0.0,0.0,0.0,-0.013698630136986356,-0.016574648513063672,0.0,-0.02586204504569778,-0.018181818181818188,0.006896578032394851,-0.004115163673280464,0.011299369885315658,0.01459852642697701
2025-03-14 00:00:00+00:00,0.002816858425946256,-0.01639342724524051,-0.01851851851851849,0.0034602076124568004,0.009803921568627416,0.004629629629629539,0.016853997599312276,-0.00970877472018683,0.013274323679807187,0.0,-0.0068493410175966,-0.057851300898424274,-0.005586613608986046,0.021582748127196183
2025-03-17 00:00:00+00:00,-0.011235891245119367,-0.008333365122477177,-0.009433962264150941,0.0,-0.01941747572815533,0.0,0.0,0.0,-0.03493446508240117,-0.01851851851851849,-0.006896578032394962,0.0,0.0,0.01408449379940424
2025-03-18 00:00:00+00:00,0.0,0.016806787340397866,-0.00952380952380949,-0.0034482758620689724,0.00990099009900991,0.004608294930875667,-0.005524882837687928,0.01960782480441492,0.013574647453366007,0.004716981132075526,0.01388894223872672,-0.004385898134529276,-0.011235891245119367,0.02083334713070517
2025-03-19 00:00:00+00:00,-0.005681839733083893,0.008264415259734426,-0.004807692307692291,-0.01038062283737029,-0.019607843137254943,-0.004587155963302725,-0.0222222010294596,0.0,-0.017857125751218117,-0.023474178403755874,0.0,0.0,-0.005681839733083893,0.02721092363228994
2025-03-20 00:00:00+00:00,0.0028570992606027357,0.02459017995287449,0.02898550724637672,0.034965034965035,0.030000000000000027,-0.009216589861751112,0.022727250560256484,-0.01923075159625831,0.05909085145666704,0.028846153846153744,-0.0068493410175966,0.01762112797737525,-0.01142861502511161,0.013245020146527287
2025-03-21 00:00:00+00:00,-0.017093974364798536,0.0,-0.018779342723004744,-0.04054054054054057,-0.04854368932038833,-0.0046511627906976605,0.03333335452609587,-0.009803865653465582,-0.0042918415410722055,-0.01869158878504673,-0.013793090294147325,0.00432902077135644,-0.017340997126628732,-0.006535972563600612
2025-03-24 00:00:00+00:00,0.0,0.008000030517578027,0.009569377990430672,0.028169014084507005,0.030612244897959107,0.01869158878504673,-0.010752728969764092,0.0,-0.017241363363798556,0.004761904761904745,-0.006993033575937835,-0.004310361128499252,-0.005882375380572125,0.0
2025-03-25 00:00:00+00:00,-0.04347826086956519,-0.015873075943202752,0.023696682464454888,0.013698630136986356,0.00990099009900991,0.032110091743119185,-0.005434803453420622,-0.00990102749433508,0.008771921569070251,0.004739336492890933,0.02112677427918852,0.0,-0.005917182469050486,0.0
2025-03-26 00:00:00+00:00,0.006060629179983401,0.00806454714081517,0.0092592592592593,0.0,0.009803921568627416,-0.004444444444444473,0.0054645019474759415,0.0,0.01739128812274293,0.018867924528301883,0.020689668326542288,0.01731600051622273,0.01785721178768762,0.0065789725476688155
2025-03-27 00:00:00+00:00,0.012048123553905166,-0.008000030517578138,-0.004587155963302725,0.0,-0.009708737864077666,-0.013392857142857095,0.0,0.0,-0.021367501773620345,-0.01851851851851849,0.0,0.0,0.0,-0.006535972563600612
2025-03-28 00:00:00+00:00,-0.0029761451982837084,-0.020161290942816268,-0.027649769585253448,0.0,-0.019607843137254943,-0.004524886877828038,-0.01630430670000793,-0.011999988555908225,-0.021834040676500743,-0.004716981132075526,-0.0337837833483956,-0.012765924981299914,0.005847975394087879,0.0065789725476688155
2025-03-31 00:00:00+01:00,-0.002985029078241608,0.004115242164996147,0.0,-0.0008445945945946276,0.0,-0.027272727272727226,-0.011049765675375856,0.0,-0.04017853294024065,-0.014218009478673022,0.0,-0.012931083385497644,-0.005813975408954342,0.006535910231946662
2025-04-01 00:00:00+01:00,0.005987932308542776,0.02459017995287449,-0.014218009478673022,-0.00591715976331364,0.0,0.014018691588784993,0.0,0.02226723324701685,0.004651158148692103,0.009615384615384581,-0.020979034037302835,0.004366828957883762,0.0,0.0
2025-04-02 00:00:00+01:00,0.0,0.0,-0.004807692307692291,0.0,0.010000000000000009,-0.004608294930875556,-0.005586613608986046,-0.00990102749433508,-0.01851861050099135,0.01904761904761898,0.0,-0.021739130434782594,0.0,-0.012987000923330161
2025-04-03 00:00:00+01:00,-0.017857098255025683,-0.015999984741210893,-0.048309178743961345,-0.006802721088435382,-0.02970297029702973,0.0,-0.02247188964466096,-0.011999988555908225,-0.028301861329449007,-0.03738317757009346,0.0,-0.026666683620876763,-0.04093571621776115,-0.019736854901274303
2025-04-04 00:00:00+01:00,-0.015151515151515138,-0.02439025903112113,-0.035532994923857864,-0.0273972602739726,-0.015306122448979553,-0.01851851851851849,-0.04597696865513612,-0.03643721179224069,-0.03495141237549859,-0.029126213592232997,-0.028571401323590928,-0.03652964616417809,-0.04878044241882984,-0.05369122533839754
2025-04-07 00:00:00+01:00,-0.023076923076923106,0.008333365122477288,-0.015789473684210575,-0.028169014084507005,-0.015544041450777257,-0.028301886792452824,-0.024096362008327765,-0.0042017766390675115,0.01609655184737524,-0.030000000000000027,0.0,-0.028436036522381025,-0.025641061693801315,-0.07092198389683757
2025-04-08 00:00:00+01:00,0.0,0.024793324595259847,0.005347593582887722,0.01449275362318847,0.026315789473684292,0.03883495145631066,0.030864196077313943,0.00843891152356524,0.04950490375089078,0.010309278350515427,-0.007352969019469913,0.024390243902439046,0.0065789725476688155,0.0
2025-04-09 00:00:00+01:00,-0.015748031496062964,-0.016129017372408794,-0.03191489361702127,0.0,-0.00512820512820511,-0.009345794392523366,0.0,-0.05439335093507458,-0.047169768882415086,0.0,-0.022222236350730618,-0.028571446736653683,-0.04575162095024232,-0.04580155450365042
2025-04-10 00:00:00+01:00,0.008000000000000007,0.01639342724524062,0.0,0.021428571428571352,0.010309278350515427,0.018867924528301883,0.0,0.017699098239742916,0.03960392300071258,0.005102040816326481,0.0075757865844463534,0.034313763530839037,0.020547892412475788,0.008000030517578027
2025-04-11 00:00:00+01:00,-0.003968253968253954,-0.016129017372408794,0.027472527472527375,0.006993006993007089,0.020408163265306145,0.0,0.02994011839266486,-0.01739128812274282,0.00952380087370197,0.045685279187817285,0.0,0.0047393544863414405,0.006711435169794333,-0.015873075943202752
2025-04-14 00:00:00+01:00,-0.01195219123505975,0.00819675270763387,0.0,0.00694444444444442,0.040000000000000036,0.0092592592592593,0.0,0.004424774559935729,-0.004716976888241464,-0.009708737864077666,0.007518753861753602,0.018867905855434186,0.03333333333333344,0.01612909428163012
2025-04-15 00:00:00+01:00,0.0,0.02439025903112113,0.016042780748663166,0.034482758620689724,0.019230769230769162,0.0183486238532109,0.02906976615241441,0.0,0.0047393322087359024,0.019607843137254832,0.014925430495003944,0.018518500530834592,0.025806427001953125,-0.007936537971601432
2025-04-16 00:00:00+01:00,-0.008064516129032251,-0.007936537971601432,-0.010526315789473717,0.0,0.037735849056603765,-0.018018018018018056,-0.005649738822560368,0.0,0.0,-0.009615384615384581,0.0,0.0,0.006289332318799801,0.0
2025-04-17 00:00:00+01:00,0.0,0.0,0.0,0.0,0.0,0.0,0.0,0.0,0.0,0.0,0.0,0.0,0.0,0.0
2025-04-22 00:00:00+01:00,0.0,-0.015999984741210893,0.0,0.0,-0.027272727272727226,-0.00917431192660545,-0.005681839733083893,0.0,-0.047169768882415086,0.0,-0.014705938038939936,-0.009090943769975102,-0.012499988079071045,0.0
2025-04-23 00:00:00+01:00,0.0,0.02439025903112113,0.015957446808510634,-0.00666666666666671,0.009345794392523255,0.0,0.01714281354631697,0.0044052821794189345,0.02475245187544539,0.029126213592232997,0.011194072871252958,0.01834869448980969,0.0,0.0
2025-04-25 00:00:00+01:00,-0.008130081300813052,0.007936462283165913,-0.020942408376963373,0.02684563758389258,0.02777777777777768,-0.0092592592592593,0.022471996799083183,0.0,0.004830913423070182,0.009433962264151052,0.011070082392533154,0.00900895714943828,0.025316491606066638,0.015999984741210893
2025-04-28 00:00:00+01:00,-0.020491803278688492,0.0,0.0,-0.013071895424836555,-0.018018018018018056,-0.01869158878504673,-0.005494526224051444,0.0,-0.0096153757981291,-0.004672897196261627,0.0,0.0,0.006172745025411208,0.0
2025-04-29 00:00:00+01:00,0.004184100418409997,-0.023622062617355444,-0.021390374331550777,-0.0033112582781457123,0.00917431192660545,0.0,-0.005524882837687928,0.0,0.014563093312173425,0.0,0.0,-0.008928520490927738,0.0,0.0
2025-04-30 00:00:00+01:00,0.0,0.00806454714081517,-0.010928961748633892,-0.0033222591362126463,-0.027272727272727226,0.0,-0.005555576748318192,0.0,-0.028708107772046687,0.0,0.007299298019120881,-0.022522521748499114,0.0,0.003937022951637115
2025-05-02 00:00:00+01:00,-0.008333333333333304,0.008000030517578027,-0.02209944751381221,0.006666666666666599,0.009345794392523255,0.0,0.005586613608986157,0.0,0.03448272622135784,-0.014084507042253502,0.0,0.009216536799961261,0.012269986030718272,0.003921583587048083
2025-05-05 00:00:00+01:00,0.008403361344537785,0.015873000254767344,0.0,-0.026490066225165587,-0.0092592592592593,-0.00952380952380949,0.0,0.008771921569070251,0.01904771528006588,0.0,0.0,0.0,-0.006060629179983401,0.0
2025-05-06 00:00:00+01:00,-0.008333333333333304,-0.015624984866008385,-0.005649717514124242,-0.013605442176870763,-0.01869158878504673,0.0,-0.005555576748318192,-0.01739128812274282,-0.028037466475174244,-0.00952380952380949,-0.014492739601511984,-0.009132367994271307,0.012195168755581687,0.0
2025-05-07 00:00:00+01:00,0.0,0.0,-0.011363636363636354,0.01379310344827589,0.01904761904761898,0.019230769230769162,0.011173227217972093,0.017699098239742916,0.009615375798129211,0.009615384615384581,-0.007352969019469913,0.0,0.0,0.0
2025-05-08 00:00:00+01:00,0.008403361344537785,0.0,0.0,-0.006802721088435382,-0.009345794392523366,-0.009433962264150941,-0.005524882837687928,0.013043466092057088,0.0,-0.00952380952380949,0.007407435664424256,0.027649698296131175,0.006024119227211244,-0.03125004423782163
2025-05-09 00:00:00+01:00,0.0,0.015873000254767344,0.005747126436781658,-0.013698630136986356,-0.009433962264150941,0.0,0.011111153496636383,0.0,0.0,0.019230769230769162,0.0,0.017937288769684923,0.023952071871634395,0.0
2025-05-12 00:00:00+01:00,0.0,0.007812455180101763,0.040000000000000036,0.01736111111111116,0.00952380952380949,0.0,0.00824173693639163,0.0,0.01904771528006588,0.009433962264151052,0.0,0.01762112797737525,0.02339179003549785,0.0
2025-05-13 00:00:00+01:00,0.0,0.0,-0.0027472527472527375,-0.010238907849829393,-0.018867924528301883,0.0,-0.008174365962506869,0.0,-0.014018788942859906,-0.009345794392523366,0.0,0.0,-0.00571430751255575,0.0
2025-05-14 00:00:00+01:00,0.0,-0.007751893856784764,-0.0027548209366391463,0.0034482758620688614,0.019230769230769162,0.0,0.002747210712340298,-0.017167366164289044,-0.014217996626207485,0.009433962264151052,0.0,0.012986979744866067,-0.005747148486326958,0.0
2025-05-15 00:00:00+01:00,0.0,-0.007812529685906622,-0.0055248618784530246,-0.0034364261168384758,-0.009433962264150941,0.00952380952380949,-0.0027396842224957085,0.008733616270600209,-0.024038439495322916,0.0,-0.007352969019469913,0.0,-0.034681994253257575,0.00806454714081517
2025-05-16 00:00:00+01:00,0.008333333333333304,0.04724412523471089,0.04444444444444451,0.02758620689655178,0.00952380952380949,0.0,0.04945052641772074,-0.00865800061555344,0.04926115490666039,0.05607476635514019,0.029629601372612946,0.03846152278641801,0.02994011839266486,-0.02400001525878903
2025-05-19 00:00:00+01:00,0.0,-0.0075188255665883386,0.0,-0.006711409395973145,0.0,0.004716981132075526,-0.005235621961910741,0.0,-0.004694942884761688,0.008849557522123908,0.0,0.0,0.0,-0.008196674537606752
2025-05-20 00:00:00+01:00,0.0,0.015151500920837613,0.037234042553191404,-0.020270270270270285,-0.009433962264150941,0.0046948356807512415,0.0,0.008733616270600209,-0.014150930664724504,-0.00877192982456143,0.0,0.0,-0.011627950817908794,-0.008264494075791107
2025-05-21 00:00:00+01:00,0.02066115702479343,0.0,0.01538461538461533,-0.006896551724137945,0.0,0.01869158878504673,0.00526317797209086,0.051948106904829316,0.00478468462867454,0.0,0.021582748127196183,0.0,0.0,0.008333365122477288
2025-05-22 00:00:00+01:00,0.004048582995951344,0.0,0.0,0.01388888888888884,-0.00952380952380949,0.0,0.0026177610503639315,0.02057611149904548,-0.014285701310552956,0.0,-0.01408449379940424,-0.008230405838276611,0.002941131591796875,-0.008264494075791107
2025-05-23 00:00:00+01:00,0.032258064516129004,-0.00746264407777486,-0.010101010101010055,-0.013698630136986356,0.0,-0.013761467889908285,-0.007832878408265298,0.004032254188043316,0.004830913423070182,-0.004424778761061954,-0.0035714421953473297,0.012448100925807948,0.005865125275335004,0.008333365122477288
2025-05-26 00:00:00+01:00,0.0078125,0.015037579428341719,0.010204081632652962,-0.00694444444444442,-0.009615384615384581,-0.0046511627906976605,0.01052635594418172,0.004016060411629274,0.0,0.0,-0.017921147198436405,0.004098376353816935,0.008746333636544312,0.0
2025-05-27 00:00:00+01:00,0.007751937984496138,0.03333331920482485,-0.010101010101010055,-0.020979020979020935,0.009708737864077666,0.0,0.0,0.030000019073486373,0.009615375798129211,0.040000000000000036,0.007299298019120881,-0.002040785186144811,0.0,0.0
2025-05-28 00:00:00+01:00,0.01538461538461533,0.017921147198436405,0.0,0.0071428571428571175,-0.028846153846153855,0.0,0.010416606648103066,0.009708682130449064,-0.004761900436850985,0.0,-0.007246404354172786,0.02249485561956366,0.005780369125999885,0.0
2025-05-30 00:00:00+01:00,-0.007575757575757569,0.007042280479784058,-0.015306122448979553,0.010638297872340496,0.00990099009900991,0.07476635514018692,-0.015463878503069517,0.0,0.002392399352277197,0.008547008547008517,-0.02189782444609789,0.0,0.011494296972653917,0.0
2025-06-02 00:00:00+01:00,0.0,0.0,0.005181347150259086,-0.0035087719298245723,0.0,0.0,0.005235621961910741,0.0,0.0023865756343954825,0.0,0.007462715247501972,0.004999999999999893,-0.011363679466167786,0.0
2025-06-03 00:00:00+01:00,0.007633587786259444,0.006992966885427165,-0.010309278350515427,0.021126760563380254,0.0,-0.017391304347826098,-0.010416705989173769,0.00961542164785767,0.05238101833802267,0.0,0.0,-0.012935353748833922,-0.011494187354914032,0.0
2025-06-04 00:00:00+01:00,0.007575757575757569,-0.01041664045166013,0.0078125,-0.006896551724137945,0.019607843137254832,0.008849557522123908,0.0,-0.028571446736653683,0.02262441242227653,0.0,-0.014814800686306473,-0.004032196661186149,0.011627839925551386,0.008264415259734426
2025-06-05 00:00:00+01:00,0.007518796992481258,-0.003508785314727203,0.007751937984496138,0.00694444444444442,0.004807692307692291,0.030701754385964897,-0.002631538792660315,-0.01960782480441492,-0.008849549119871458,0.0,0.022556404994930057,0.0,0.005747148486326958,0.0
2025-06-10 00:00:00+01:00,-0.03731343283582089,-0.01408449379940424,-0.01025641025641022,0.0,-0.004784688995215336,-0.012765957446808529,0.002638482060556502,0.039999961853027344,-0.04464281437804518,-0.008474576271186418,0.0073528988963604824,0.0,0.005714307512555861,0.0
2025-06-11 00:00:00+01:00,-0.007751937984496138,0.014285700661795575,0.015544041450777257,-0.006896551724137945,0.019230769230769162,0.01724137931034475,-0.00526317797209086,0.004807710823928835,0.028037355064628677,0.008547008547008517,0.02189782444609789,-0.004048598315015806,0.0,0.02459017995287449
2025-06-12 00:00:00+01:00,-0.0078125,-0.007042213319620072,-0.020408163265306145,-0.01388888888888884,-0.018867924528301883,-0.016949152542372836,-0.0158729758262226,-0.0047847073346865,-0.027272700672307915,-0.025423728813559365,-0.00714288439069477,-0.008130112188539096,-0.005681839733083893,0.0
2025-06-13 00:00:00+01:00,-0.03149606299212604,-0.00709222544427357,-0.01041666666666663,0.0,0.0,-0.008620689655172376,-0.010752728969764092,-0.028846081544659063,-0.023364573964402724,0.0,-0.007194203635955465,0.0,-0.00571430751255575,-0.008000030517578138
2025-06-16 00:00:00+01:00,0.0,0.0,-0.010526315789473717,-0.007042253521126751,-0.009615384615384581,0.0,-0.005434803453420622,0.00990093307113904,0.00478468462867454,-0.008695652173912993,-0.007246404354172786,-0.008196674537606752,0.0,-0.008064470231593623
2025-06-18 00:00:00+01:00,-0.016260162601625994,0.0,0.0,0.0,0.0,0.004347826086956497,-0.010928899668246395,-0.01960782480441492,0.0,-0.02631578947368418,0.0,0.0,0.005747148486326958,-0.016260146842582146
2025-06-19 00:00:00+01:00,-0.008264462809917328,-0.028571401323590928,-0.010638297872340385,-0.014184397163120588,-0.03398058252427183,-0.012987012987012991,-0.016574648513063672,0.0010000228881836826,-0.028571402621105912,-0.009009009009009028,-0.02189782444609789,-0.024793403411316528,-0.01142861502511161,0.0
2025-06-23 00:00:00+01:00,0.0,0.0,-0.037634408602150504,-0.010791366906474864,-0.005025125628140725,0.00877192982456143,-0.008426945222445026,-0.004995023935224108,-0.00980391240220746,-0.013636363636363669,-0.029850718650553665,-0.03389835302872812,-0.017340997126628732,0.004132168221838928
2025-06-24 00:00:00+01:00,0.0,0.0,0.033519553072625774,0.01090909090909098,0.005050505050504972,0.0,0.008498562140069055,0.0,0.03960392300071258,0.004608294930875667,0.0076923370361328125,0.017543927160695638,0.0,0.0
2025-06-25 00:00:00+01:00,-0.008333333333333304,0.0036764143866254706,0.00540540540540535,0.0,-0.002512562814070307,0.008695652173912993,0.0,0.0,0.033333416590618725,0.004587155963302836,0.0,-0.008620722256998503,0.0,0.004115242164996147
2025-06-26 00:00:00+01:00,-0.01680672268907568,-0.0036629478723699815,0.010752688172043001,0.0,0.027707808564231717,-0.008620689655172376,-0.0056178920453485715,-0.0240963624697752,-0.009216580748084957,0.004566210045662045,-0.007633616683796363,0.0,0.005882375380572125,0.00819675270763387
2025-06-27 00:00:00+01:00,-0.008547008547008517,-0.007352969019469913,-0.005319148936170248,-0.003597122302158251,0.009803921568627416,0.0,0.005649631062755178,0.006172784392394215,0.03255810704084405,0.018181818181818077,-0.0038461685180664062,0.0,-0.005847975394087768,0.008130034654042939
2025-06-30 00:00:00+01:00,0.0,0.014814800686306473,0.0,0.028880866425992746,0.01941747572815533,0.0,0.011235998399541591,0.006135012398253981,0.009009000301245074,0.0,-0.0038610186464319574,0.0,-0.005882375380572125,0.0
2025-07-01 00:00:00+01:00,0.008620689655172376,0.01459852642697701,-0.005347593582887722,-0.0035087719298245723,-0.0023809523809523725,0.021739130434782705,0.02222220102945971,0.00406503671064562,0.0,0.0,0.005814012802893176,0.0,0.005917182469050486,0.012096820711222644
2025-07-02 00:00:00+01:00,0.008547008547008517,0.0,-0.005376344086021501,0.007042253521126751,0.01193317422434359,-0.004255319148936176,0.005434803453420622,0.0,-0.017857125751218117,0.008928571428571397,-0.0057804054515917525,0.0,0.005882375380572125,0.011952160657416666
2025-07-03 00:00:00+01:00,-0.016949152542372836,-0.017985612004386087,0.0,0.0,-0.009433962264150941,0.0,0.0027026614627323475,0.0,0.0,0.017699115044247815,-0.011627877749298965,0.008695685345193604,0.005847975394087879,0.015748016714081325
2025-07-04 00:00:00+01:00,-0.008620689655172376,0.01098905321586674,0.00540540540540535,0.013986013986013957,0.03809523809523818,0.0,0.002695479593836536,0.0,0.0,0.0,0.003921583587048083,0.004310278915198751,-0.011627950817908794,0.0
2025-07-07 00:00:00+01:00,0.008695652173912993,0.007246335247339308,-0.005376344086021501,0.01379310344827589,0.0183486238532109,0.008547008547008517,0.0,0.0,0.022727250560256484,0.008695652173912993,0.007812455180101763,0.0,0.0,0.02325582942684168
2025-07-08 00:00:00+01:00,-0.008620689655172376,0.0071942722456204145,0.0108108108108107,-0.006802721088435382,0.0,0.0,0.016128990909022756,0.02226723324701685,0.06222226884629989,0.0,0.003875983892514201,-0.0042917801457279525,0.005882375380572125,0.022727287505283966
2025-07-09 00:00:00+01:00,-0.004347826086956497,0.0,0.0,0.006849315068493178,-0.009009009009009028,0.008474576271186418,-0.010581950244841987,-0.00990102749433508,-0.012552388490189026,-0.004310344827586188,0.0038610186464320684,-0.008620722256998503,-0.0029240434674705496,0.07407407407407418
2025-07-10 00:00:00+01:00,0.004366812227074135,-0.021428585052490234,0.0,-0.006802721088435382,-0.009090909090909038,-0.01680672268907568,0.0,0.0,0.0762712181179539,0.0,-0.019230769230769273,0.0,-0.0029325067036874986,0.062068939208984375
2025-07-11 00:00:00+01:00,-0.008695652173912993,0.0,0.0,0.013698630136986356,0.0,0.0,-0.004010735822433387,0.019999980926513672,0.007874008357040552,-0.0043290043290042934,0.0,0.008695685345193604,0.0,-0.012987000923330161
2025-07-14 00:00:00+01:00,0.0,0.01459852642697701,0.0,0.0,-0.00917431192660545,0.0,-0.001342261397598521,-0.01960782480441492,-0.015624985448084439,-0.008695652173912993,-0.003921583587048083,-0.012931083385497644,0.0,-0.026315764707210976
2025-07-15 00:00:00+01:00,-0.01754385964912286,0.0,-0.016042780748663055,0.006756756756756799,0.0092592592592593,-0.008547008547008517,-0.0026882335152527137,0.0,0.009920672839941913,-0.00877192982456143,-0.015748016714081325,0.010917030749542311,0.0,0.0
2025-07-16 00:00:00+01:00,0.0,-0.021582679517531345,0.0027173913043478937,0.006711409395973256,-0.00917431192660545,0.0,-0.002695376771803537,0.0100000381469727,0.005893856988577584,0.008849557522123908,0.008000030517578027,0.010799136247064522,0.005882375380572125,0.0337837833483956
2025-07-17 00:00:00+01:00,0.008928571428571397,0.0,0.0,0.016666666666666607,0.0,0.0,0.005405426025390625,0.0,0.0,0.0,0.04761900076430181,0.0,-0.005847975394087768,0.0032679862818003613
2025-07-18 00:00:00+01:00,0.0,0.0,0.0027100271002709064,0.016393442622950838,0.0,0.0,0.0,0.0,-0.13671871580299844,-0.00877192982456143,0.04166668171834487,-0.012820480425263736,0.0,-0.0032573413350023284
2025-07-21 00:00:00+01:00,0.0,0.022058766812190767,-0.010810810810810811,0.006451612903225712,0.0,0.0,0.008064495454511489,-0.00990102749433508,-0.031674177391187275,0.008849557522123908,0.0,0.00432902077135644,0.0,0.03267973815469505
2025-07-22 00:00:00+01:00,0.0,0.0,0.0,-0.012820512820512775,0.0,-0.008620689655172376,-0.00799997965494792,0.0,-0.009345896432088385,-0.00877192982456143,0.0,0.0,-0.005882375380572125,0.012658215623466695
2025-07-23 00:00:00+01:00,0.0,0.0,-0.021857923497267784,-0.00649350649350644,-0.0092592592592593,0.0,0.005376364484882101,0.0,-0.004716976888241464,0.0,-0.010909063165838062,-0.008620722256998503,0.005917182469050486,0.03125
2025-07-24 00:00:00+01:00,0.008849557522123908,0.0,0.0,-0.006535947712418277,0.004672897196261738,0.017391304347825987,0.0,0.019999980926513672,0.0,0.0,0.0,0.0,0.0,-0.006060629179983401
2025-07-25 00:00:00+01:00,0.00877192982456143,0.0,0.0,-0.006578947368421018,-0.013953488372092981,-0.017094017094017144,0.005347511766912616,0.0,-0.014217996626207485,0.008849557522123908,0.0,0.0,0.0,0.0
2025-07-28 00:00:00+01:00,0.0,-0.007194203635955465,0.027932960893854775,0.013245033112582849,0.018867924528301883,0.0,-0.005319067988256432,-0.009803865653465582,-0.014423063697193705,0.0,0.0,0.008695685345193604,0.0,-0.030487805587205763
2025-07-29 00:00:00+01:00,0.0,0.014492739601511984,-0.010869565217391353,0.0,-0.0092592592592593,0.0,0.005347511766912616,0.0,-0.009756088483765968,0.0,0.0,0.0,0.005882375380572125,0.006289332318799801
2025-07-30 00:00:00+01:00,0.008695652173912993,0.007142884390694659,0.0,0.0,-0.009345794392523366,-0.017391304347826098,0.005319169442975058,0.00990093307113904,0.014778311237724884,0.0,-0.007352969019469913,-0.008620722256998503,-0.011695950788175535,-0.012499988079071045
2025-07-31 00:00:00+01:00,-0.004310344827586188,0.0,0.016483516483516425,-0.013071895424836555,0.009433962264151052,0.0,0.015873076744141734,0.009803959150949337,0.024271822186955783,0.00877192982456143,0.014814800686306473,-0.004347842672596802,0.005917182469050486,0.012658215623466695
2025-08-01 00:00:00+01:00,-0.0043290043290042934,0.0,0.0,0.0066225165562914245,0.0,-0.008849557522123908,-0.0052083529945868845,-0.00970877472018683,-0.014217996626207485,-0.017391304347826098,-0.01459852642697701,-0.008733574625433005,0.0,-0.03125
2025-08-05 00:00:00+01:00,0.017391304347825987,0.0,-0.013513513513513487,-0.006578947368421018,-0.01869158878504673,0.008928571428571397,-0.005235621961910741,-0.009803865653465582,0.0048076878990646055,-0.008849557522123908,0.0,-0.00440530300038533,0.0,-0.032258064516129004
2025-08-06 00:00:00+01:00,0.008547008547008517,0.0,-0.008219178082191747,-0.013245033112582738,0.0,0.008849557522123908,-0.01052635594418172,0.01980196056547401,0.009569369257348859,-0.008928571428571397,-0.007407435664424145,0.0,-0.005882375380572125,-0.05333334604899087
2025-08-07 00:00:00+01:00,0.0,0.0,-0.011049723756906049,0.006711409395973256,0.0,0.0,-0.015957406874206548,-0.019417456850636006,0.014218109620800279,-0.0045045045045044585,0.007462715247501972,-0.017699097866309854,0.0,-0.02112677427918841
2025-08-08 00:00:00+01:00,0.008474576271186418,-0.01418445088854714,0.0027932960893854997,0.006666666666666599,0.0,0.026315789473684292,-0.005405426025390625,0.00990093307113904,0.0,-0.004524886877828038,-0.007407435664424145,0.004504435616418112,-0.005917182469050486,-0.021582679517531345
2025-08-11 00:00:00+01:00,0.008403361344537785,-0.01438847588157588,0.013927576601671321,0.0,0.00952380952380949,0.02564102564102555,0.005434803453420622,0.0,-0.018691681453631315,0.018181818181818077,0.0,-0.004484236661089436,0.005952403929229133,-0.022058836935300308
2025-08-12 00:00:00+01:00,0.0,0.01459852642697701,-0.016483516483516536,-0.0066225165562914245,-0.009433962264150941,0.02499999999999991,-0.005405426025390625,0.0,0.014285814843214784,-0.008928571428571397,0.007462715247501972,0.004504435616418112,0.0,-0.022556404994930057
2025-08-13 00:00:00+01:00,-0.008333333333333304,-0.007194203635955465,0.016759776536312776,0.010000000000000009,0.01904761904761898,-0.008130081300813052,0.0,0.0,-0.009389773835924098,0.0,-0.007407435664424145,0.0,0.0,0.0
2025-08-14 00:00:00+01:00,0.0,0.007246335247339308,-0.005494505494505475,-0.02310231023102305,-0.01869158878504673,-0.008196721311475419,0.0,0.009803959150949337,0.0,0.0,0.007462715247501972,-0.013452881045931897,-0.005917182469050486,0.0
2025-08-15 00:00:00+01:00,0.008403361344537785,-0.007194203635955465,0.0,0.013513513513513598,0.00952380952380949,0.04958677685950419,0.0,-0.00970877472018683,-0.009478664417471583,-0.018018018018018056,-0.022222236350730618,-0.004545471884987551,-0.01190469432579655,0.0076923370361328125
2025-08-18 00:00:00+01:00,-0.008333333333333304,0.0,0.0,-0.013333333333333308,0.018867924528301883,-0.015748031496062964,0.0,0.01960782480441492,0.00478468462867454,0.0,0.0,0.0,0.0,0.0
2025-08-19 00:00:00+01:00,0.0,-0.014492739601511984,-0.016574585635359074,0.006756756756756799,-0.01851851851851849,0.016000000000000014,-0.010869503246587309,-0.01923075159625831,-0.002380893452094579,0.0,-0.015151500920837613,0.0022831573187276355,-0.0120482384544226,-0.015267233367592836
2025-08-20 00:00:00+01:00,0.0,0.0,-0.008426966292134797,0.0,-0.009433962264150941,-0.007874015748031482,-0.005494526224051444,0.0,-0.01193321958282556,0.0,0.0,-0.0022779563859333107,0.0030488503397696487,-0.007751893856784764
2025-08-21 00:00:00+01:00,0.0,-0.007352969019469913,0.0056657223796034994,0.003355704697986628,0.00952380952380949,-0.007936507936507908,0.005524882837687928,0.0,-0.004830913423070071,0.00917431192660545,0.0,0.0,0.003039467157545106,0.0
2025-08-22 00:00:00+01:00,0.0,0.0,-0.008450704225352101,0.0033444816053511683,0.0,0.0,0.01648347387278326,-0.009803865653465582,0.009708728874782357,0.018181818181818077,0.030769201425405734,0.004566227543908896,0.006060629179983401,0.054687484283931775
2025-08-25 00:00:00+01:00,0.0,0.029629601372612946,0.0,0.0,0.004716981132075526,0.0,0.0,0.0,-0.01923075159625831,0.008928571428571397,0.0,0.0,0.012048123553905166,-0.014814800686306473
2025-08-26 00:00:00+01:00,0.0,0.0,-0.017045454545454586,-0.00666666666666671,-0.014084507042253502,-0.016000000000000014,-0.016216174976245723,0.0,0.0,-0.03539823008849563,0.0,-0.013636328957297605,0.0,-0.052631563851613716
2025-08-27 00:00:00+01:00,-0.008403361344537785,-0.021582679517531345,-0.034682080924855474,0.0,0.00952380952380949,0.0,0.0054944214246803735,0.0,-0.014705868603311245,0.00917431192660545,0.007462715247501972,-0.013824937044312868,-0.017857098255025683,0.0
2025-08-28 00:00:00+01:00,0.0,0.014705867915830284,-0.0119760479041916,-0.01342281879194629,-0.028301886792452824,0.0,-0.005464397720770453,-0.00990102749433508,-0.004975119657066318,-0.009090909090909038,-0.011111082854094345,-0.009345741082053105,0.012121258359966802,0.007936462283165913
2025-08-29 00:00:00+01:00,0.016949152542372836,0.0,0.0121212121212122,0.0,0.009708737864077666,0.0,0.0,0.0,-0.008000016212463379,0.00917431192660545,0.0037452610960182486,0.0,0.0,0.04724412523471089
2025-09-01 00:00:00+01:00,0.008333333333333304,0.007246335247339308,0.011976047904191711,0.020408163265306145,0.009615384615384581,0.008130081300812941,0.0054944214246803735,0.0,0.01814516831642954,-0.009090909090909038,-0.00746264407777486,0.009433907943081188,0.0,0.015037579428341719
2025-09-02 00:00:00+01:00,-0.008264462809917328,0.0,-0.011834319526627168,0.0,-0.014285714285714235,-0.008064516129032251,0.0,0.0,-0.009900980750178201,0.013761467889908285,0.0,-0.009345741082053105,0.005987932308542776,0.0
2025-09-03 00:00:00+01:00,0.004166666666666652,0.028777020372816597,-0.005988023952095856,0.0,0.004830917874396157,0.0,0.0,0.0100000381469727,0.009999990463256836,0.004524886877828038,0.0,0.0,0.005952403929229133,0.029629601372612946
2025-09-04 00:00:00+01:00,-0.004149377593360981,0.0,0.006024096385542244,0.006666666666666599,0.009615384615384581,0.008130081300812941,-0.005464397720770453,0.0,0.0049504903750889895,-0.009009009009009028,-0.0075188255665883386,-0.009433997912352998,0.0,0.0
2025-09-05 00:00:00+01:00,0.008333333333333304,0.006992966885427165,0.0059880239520957446,0.009933774834437026,0.00952380952380949,-0.008064516129032251,0.0,0.00990093307113904,0.004926103745908295,0.009090909090909038,-0.007575714336391148,0.004761922927129847,0.0,-0.02877695176315176
2025-09-08 00:00:00+01:00,0.0,-0.02777775202268362,-0.005952380952380931,-0.003278688524590123,0.0,0.008130081300812941,0.010988947648731706,-0.009803865653465582,-0.004901956201103785,0.009009009009008917,-0.007633616683796363,0.009478618577014819,0.0,0.029629601372612946
2025-09-09 00:00:00+01:00,0.016528925619834656,-0.014285700661795464,0.0,0.0,-0.018867924528301883,0.0,-0.01630430670000793,0.00990093307113904,0.004926103745908295,-0.017857142857142905,0.0,0.0,0.0,0.0071942722456204145
2025-09-10 00:00:00+01:00,0.04065040650406515,0.014492739601511984,0.0,0.006578947368421018,0.019230769230769162,0.008064516129032251,0.0013811943648280867,-0.01960782480441492,-0.004901956201103785,0.027272727272727337,0.015384600712702756,0.014084561274875451,0.017751547407151236,-0.00714288439069477
2025-09-11 00:00:00+01:00,0.0,-0.0035714421953473297,0.041916167664670656,0.013071895424836555,0.0,0.03200000000000003,-0.001379289298221953,0.0,-0.00985220749181659,-0.008849557522123908,0.0075757865844463534,0.004629647208502563,0.0,0.014388544491240829
2025-09-12 00:00:00+01:00,0.0,-0.0035842431124375462,-0.005747126436781658,-0.012903225806451646,0.0,0.015503875968992276,-0.005524882837687928,0.019999980926513672,0.009950239314132636,-0.008928571428571397,0.0,-0.0046083123481043264,0.0,0.0
2025-09-15 00:00:00+01:00,-0.0078125,-0.007194203635955465,0.0,0.0,-0.009433962264150941,0.01526717557251911,0.0,-0.01960782480441492,0.0,0.009009009009008917,-0.0075188255665883386,0.004629647208502563,0.0,0.0
2025-09-16 00:00:00+01:00,0.007874015748031482,0.014492739601511984,0.0028901734104045396,-0.006535947712418277,-0.00952380952380949,-0.022556390977443663,0.016666624281141518,0.0,0.0,0.02678571428571419,0.0037878932922232877,-0.009216624696208542,-0.017441926226863136,0.0
2025-09-17 00:00:00+01:00,-0.0234375,0.007142884390694659,-0.0028818443804035088,-0.006578947368421018,0.0,-0.007692307692307665,-0.010928899668246395,0.019999980926513672,-0.018719205979209175,0.0,-0.00377359930074439,-0.009302361066951259,-0.005917182469050486,-0.00709222544427357
2025-09-18 00:00:00+01:00,0.008000000000000007,-0.00709222544427357,0.0,0.0066225165562914245,0.009615384615384581,0.0,0.0,-0.01960782480441492,0.002008066136261144,-0.008695652173912993,0.0,0.0,0.005952403929229133,0.0
2025-09-19 00:00:00+01:00,0.0,-0.014285700661795464,-0.023121387283236983,-0.006578947368421018,-0.01904761904761909,-0.007751937984496138,0.005524882837687928,0.0,-0.012024072153391518,-0.00877192982456143,-0.015151500920837613,0.0,-0.011834252077232543,0.0
2025-09-22 00:00:00+01:00,0.0,0.02173914395568488,0.0,0.0,0.0,-0.0078125,0.0,0.0,0.0,0.008849557522123908,0.0038461685180664062,0.004694853758291817,-0.0029940803667591886,0.0
2025-09-23 00:00:00+01:00,0.0,0.0,-0.023668639053254448,0.019867549668874274,0.029126213592232997,0.0,0.0,0.0,-0.01217041004187136,0.0,0.003831432184220329,0.0,0.003003071805090629,0.0
2025-09-24 00:00:00+01:00,0.0,0.007092157807799149,-0.0060606060606061,-0.009740259740259716,0.0,-0.007874015748031482,-0.01648357867215422,0.0,-0.01848050010134017,-0.00877192982456143,-0.003816808341898237,0.0,0.0,0.0
2025-09-25 00:00:00+01:00,-0.003968253968253954,-0.01408449379940424,0.0,0.003278688524590123,-0.018867924528301883,-0.015873015873015928,-0.02234634788015244,0.0,-0.00627613236670721,-0.008849557522123908,0.0,0.0,-0.005988046521030466,0.0
2025-09-26 00:00:00+01:00,-0.003984063745019917,-0.014285700661795464,0.018292682926829285,0.0,0.028846153846153744,-0.008064516129032251,0.0028570992606027357,0.0,-0.01052630588288439,0.03571428571428581,0.003831432184220329,-0.023364486397796425,0.0,0.0
2025-09-29 00:00:00+01:00,0.008000000000000007,0.0,0.0,-0.006535947712418277,-0.009345794392523366,0.0,-0.0028489595005202206,0.0,0.20212765755077022,0.008620689655172376,-0.007633616683796363,0.0047847073346865,0.006024119227211244,0.0
2025-09-30 00:00:00+01:00,-0.007936507936507908,0.0,0.041916167664670656,-0.006578947368421018,0.009433962264151052,-0.008130081300813052,-0.00571430751255575,0.0,-0.008849549119871458,-0.008547008547008517,0.0,-0.009523845854259694,0.0,-0.014285700661795464
2025-10-01 00:00:00+01:00,0.0,-0.007246404354172786,-0.017241379310344862,0.0,-0.01869158878504673,0.0,0.0,0.039999961853027344,-0.017857125751218117,0.0,0.0,-0.004807619124471918,-0.005988046521030466,0.0
2025-10-02 00:00:00+01:00,0.0,0.0,0.03508771929824572,0.013245033112582849,0.0,0.0,-0.011494187354914032,0.019230843295715117,-0.013636350336153957,0.0,0.0,0.0,-0.006024119227211244,0.0
2025-10-03 00:00:00+01:00,-0.008000000000000007,0.0364963508730749,0.01412429378531077,-0.006535947712418277,0.00952380952380949,0.024590163934426146,0.011627839925551386,-0.018867995824705996,0.04147461336638236,0.008620689655172376,0.0,0.009661780107220741,0.006060629179983401,0.007246335247339308
2025-10-06 00:00:00+01:00,0.0,0.03521126807859276,0.025069637883008422,0.006578947368421018,0.009433962264151052,-0.008000000000000007,0.017241445458981097,0.0,0.017699098239742916,0.03418803418803429,-0.0076923370361328125,0.0,0.012048123553905166,-0.007194203635955465
2025-10-07 00:00:00+01:00,0.008064516129032251,0.020408176505266162,0.032608695652173836,0.0,0.009345794392523255,0.008064516129032251,-0.005649738822560368,0.0,0.0,0.008264462809917328,0.0,0.0,-0.005952290396567306,0.0
2025-10-08 00:00:00+01:00,-0.008000000000000007,-0.013333320617675781,0.010526315789473717,0.019607843137254832,0.0092592592592593,0.016000000000000014,0.017045410827172702,-0.009615329948400753,-0.008695644061371466,0.0,-0.003875909964270452,0.0047847073346865,-0.005988046521030466,0.0
2025-10-09 00:00:00+01:00,0.0,-0.00675678244466027,-0.02083333333333337,0.0064102564102563875,-0.00917431192660545,-0.015748031496062964,0.01675984082695825,0.009708682130449064,-0.030701725491746212,0.016393442622950838,0.01945525234073231,0.0023809160505021687,0.006024119227211244,0.0
2025-10-10 00:00:00+01:00,-0.008064516129032251,-0.013605429378242606,-0.015957446808510634,0.006369426751592355,0.0,0.0,0.0,-0.009615329948400753,-0.02262441242227664,0.0,-0.007633616683796363,0.0023753513644384494,0.0,0.0
2025-10-13 00:00:00+01:00,0.008130081300812941,0.0,0.0,-0.015822784810126556,-0.0092592592592593,-0.008000000000000007,0.0,-0.019417456850636006,-0.011574117765748682,-0.012096774193548376,0.0038461685180664062,-0.0047393544863415515,-0.08383236576320785,-0.014492739601511984
2025-10-14 00:00:00+01:00,-0.008064516129032251,0.0,0.00540540540540535,0.009646302250803762,0.009345794392523255,0.0,0.0,-0.00990102749433508,-0.016393482897905765,0.020408163265306145,0.019157087842611054,0.009523845854259694,0.006535910231946662,0.0
2025-10-15 00:00:00+01:00,0.0,0.013793090294147436,-0.005376344086021501,0.0,-0.0092592592592593,0.008064516129032251,0.010988947648731706,0.0,-0.00952380087370197,0.0,0.015037579428341719,0.021226360348886475,0.006493531425117771,0.0
2025-10-16 00:00:00+01:00,0.0,0.0,-0.008108108108108136,0.006369426751592355,0.009345794392523255,-0.0040000000000000036,-0.010869503246587309,-0.007999992370605447,-0.08653843949532292,0.0,0.007407435664424256,0.006928388968741039,-0.0032258187570879393,0.0
2025-10-17 00:00:00+01:00,0.0,-0.013605429378242606,-0.0027247956403270157,-0.006329113924050667,0.0092592592592593,-0.012048192771084376,0.010988947648731706,0.0,-0.02105261176576878,-0.016000000000000014,-0.007352969019469913,-0.004587086129392737,-0.009708713293337445,-0.17647062535929325
2025-10-20 00:00:00+01:00,0.008130081300812941,0.0,-0.049180327868852514,0.0,0.0,0.016260162601626105,0.005434803453420622,0.0,-0.055913963195478034,-0.008130081300813052,0.007407435664424256,0.0,0.019607855359147885,-0.07142858967489152
2025-10-21 00:00:00+01:00,-0.008064516129032251,0.0,-0.02011494252873558,0.006369426751592355,0.02752293577981657,-0.016000000000000014,-0.005405426025390625,-0.016129016752173708,-0.04555810991096232,0.008196721311475308,0.014705867915830284,-0.013824937044312868,-0.00961542106003832,-0.05769225478877493
2025-10-22 00:00:00+01:00,0.008130081300812941,0.0,-0.07917888563049857,0.0,-0.008928571428571397,-0.008130081300813052,0.005434803453420622,0.00819671330225158,0.035799488552316294,0.0,-0.007246404354172786,-0.00467291510524781,0.003236258339943676,0.0
2025-10-23 00:00:00+01:00,-0.008064516129032251,-0.013793090294147325,-0.01273885350318471,-0.006329113924050667,0.022522522522522515,0.008196721311475308,0.013513513513513598,0.008130073421291018,-0.020737266905831442,0.016260162601626105,-0.0036496490095604406,0.007042325410881345,0.0,0.0
2025-10-24 00:00:00+01:00,0.0,0.020979034037302835,0.0,0.006369426751592355,0.004405286343612369,-0.008130081300813052,0.04533335367838531,-0.004032254188043427,-0.03764706393839157,0.02400000000000002,0.01465207095448906,0.02097896688042611,0.0,0.0
2025-10-27 00:00:00+00:00,0.016260162601626105,0.0,0.006451612903225712,-0.0031645569620253333,-0.00877192982456143,-0.008196721311475419,-0.015306180539302772,-0.012145737264080192,0.0073349415899996995,-0.0078125,0.003610053117936607,0.04566210125199577,-0.006451637514175879,-0.03061226376490178
2025-10-28 00:00:00+00:00,-0.008000000000000007,0.00684927569743965,0.0,-0.0031746031746031633,0.008849557522123908,-0.008264462809917328,0.0,0.0,-0.004854378764080347,0.0,-0.003597067513145258,-0.002183372833774566,-0.006493469498212501,0.03157896744577515
2025-10-29 00:00:00+00:00,0.0,-0.013605429378242606,-0.009615384615384581,-0.0031847133757961776,-0.00877192982456143,-0.008333333333333304,-0.025906736775402672,0.0,0.004878058708685629,-0.007874015748031482,0.010830297068508576,-0.015317303090881418,0.0,0.0
2025-10-30 00:00:00+00:00,0.0,-0.020689668326542288,0.003236245954692629,-0.0031948881789137795,-0.008849557522123908,0.0,0.005319169442975058,-0.00819671330225158,-0.004854378764080347,0.0,-0.0035714421953473297,-0.006666649712456563,-0.006535972563600612,0.0
2025-10-31 00:00:00+00:00,-0.016129032258064502,0.0,-0.006451612903225823,0.012820512820512775,-0.008928571428571397,-0.01680672268907568,0.0,0.0041322273338813,0.0024390656986388315,-0.007936507936507908,-0.0035842431124375462,-0.002237187631130233,-0.006578909805936672,-0.020408143405366563
2025-11-03 00:00:00+00:00,-0.008196721311475419,-0.03521126807859265,-0.016233766233766267,-0.01898734177215189,-0.009009009009009028,0.008547008547008517,-0.021164001407603106,-0.02880665421330264,-0.018248229698600626,-0.020000000000000018,-0.007194203635955465,-0.040358728669127375,-0.006622541651882585,-0.010416705989173769
2025-11-04 00:00:00+00:00,0.004132231404958775,-0.02919705285395402,-0.02970297029702973,0.012903225806451646,0.009090909090909038,-0.016949152542372836,-0.005405426025390625,-0.04237284282951548,-0.016108986541536807,0.004081632653061273,-0.007246404354172786,-0.009345741082053105,-0.013333320617675781,-0.02105261150159332
2025-11-05 00:00:00+00:00,0.028806584362139898,0.022556404994930057,-0.013605442176870763,-0.009554140127388533,-0.0045045045045044585,0.0,-0.01630430670000793,-0.013274323679807187,0.007556652561235611,0.0,-0.01459852642697701,-0.004716998956176499,0.0,-0.016129093454646193
2025-11-06 00:00:00+00:00,0.008000000000000007,0.02941173583166079,0.01724137931034475,0.016077170418006492,0.02262443438914019,0.02586206896551735,0.016574543134688424,0.03139010432469913,0.05999997168779414,0.03252032520325199,0.0185185185185186,0.0023696320453365782,0.01351350045186761,-0.016393401615722336
2025-11-07 00:00:00+00:00,0.0,0.007142884390694659,0.0,-0.006329113924050667,-0.008849557522123908,0.0,0.0,-0.004347822030685733,-0.0259434139643141,-0.007874015748031482,0.003636377507989952,-0.007092180673083925,0.013333320617675781,0.0
2025-11-10 00:00:00+00:00,0.007936507936507908,0.014184383252072719,0.003389830508474523,0.0,0.0,-0.008403361344537785,0.010869606906841245,0.019650688665309834,-0.0048425528107270965,0.007936507936507908,-0.0036232021770864486,0.014285677955264031,-0.013157882353605488,0.0
2025-11-11 00:00:00+00:00,-0.007874015748031482,0.0,0.006756756756756799,0.0,-0.017857142857142905,0.0,0.0,0.014989227768871904,0.0,-0.011811023622047223,0.0,0.0,0.020000012715657656,0.005555576748318192
2025-11-12 00:00:00+00:00,0.0,0.0,-0.03355704697986572,-0.006369426751592355,0.009090909090909038,0.0,0.010752626424140876,0.0042195060610632495,0.007299248372401701,-0.003984063745019917,-0.003636377507990063,-0.004694764211404467,-0.019607855359147774,-0.005524882837687928
2025-11-13 00:00:00+00:00,0.007936507936507908,0.0,-0.07291666666666663,0.0064102564102563875,0.0,-0.016949152542372836,-0.013297872880078332,-0.008403453102266312,-0.004830927611671476,0.0,0.0,-0.018867995824705996,0.0,0.011111153496636383
2025-11-14 00:00:00+00:00,-0.007874015748031482,-0.006993033575937835,0.0,0.0,-0.0045045045045044585,0.0,0.005390856365640184,0.021186522439583966,-0.012135910742333889,0.0040000000000000036,-0.007299228407856018,0.00961542164785767,0.0066666920979818745,-0.010989052448102776
2025-11-17 00:00:00+00:00,0.007936507936507908,0.0,-0.02621722846441943,-0.01273885350318471,-0.004524886877828038,0.0,-0.0026809242940074585,0.0,0.0024569707924064765,-0.003984063745019917,0.0036764143866254706,-0.014285677955264142,0.006622478494644701,0.011111153496636383
2025-11-18 00:00:00+00:00,-0.007874015748031482,-0.010563353559512212,-0.03076923076923077,0.0,0.0,0.0,0.0,0.0,-0.012254890502759297,-0.008000000000000007,0.0,-0.009661872249663306,0.0,-0.010989052448102776
2025-11-19 00:00:00+00:00,0.007936507936507908,-0.0035587323883337074,0.0,0.012903225806451646,0.013636363636363669,0.004310344827586299,0.0026881309696293876,0.016597493953715015,-0.014888293795585317,0.008064516129032251,0.01465207095448906,0.009756134777534342,-0.0032894862738344077,0.0
2025-11-20 00:00:00+00:00,0.0,-0.00714288439069477,0.0,0.0,-0.004484304932735439,-0.0042918454935622075,0.0,0.0,0.005037718328277485,0.0,0.0,-0.004830936124831653,0.0,0.07777775658501529
2025-11-21 00:00:00+00:00,0.06299212598425208,-0.010791339758765672,-0.011904761904761862,0.0,-0.0045045045045044585,-0.03448275862068961,-0.01072379944673596,0.0,-0.0025062334658727536,-0.0040000000000000036,-0.0036101219752859848,0.002427147385177797,0.003300342705864212,-0.030927855323080733
2025-11-24 00:00:00+00:00,0.007407407407407307,-0.003636377507990063,0.03614457831325302,0.01273885350318471,0.004524886877828038,-0.008928571428571397,-0.002710089015801942,0.0,0.005025135787766644,0.004016064257028162,-0.007246404354172786,-0.021791712537709396,-0.013157882353605488,0.0
2025-11-25 00:00:00+00:00,0.007352941176470562,0.01459852642697701,0.04651162790697683,0.012578616352201255,-0.009009009009009028,0.0,-0.010869503246587309,-0.008163257362146625,0.002499967776239398,-0.008000000000000007,0.0,0.029702893636613048,-0.006666692097981763,0.0
2025-11-26 00:00:00+00:00,0.021897810218978186,0.010791408368430622,0.022222222222222143,0.0031055900621117516,0.009090909090909038,-0.009009009009009028,-0.010989052448102776,-0.008230444599618192,-0.004987541365586989,0.0040322580645162365,0.01459852642697701,0.007211612085621599,0.0,0.010638338885950116
2025-11-27 00:00:00+00:00,0.02857142857142847,0.010676129287826575,0.01449275362318847,0.0,0.018018018018018056,0.0,0.005555576748318192,0.0,-0.027568866894757793,0.012048192771084265,0.010791408368430622,0.011933173789771434,0.013422870339588666,0.0
2025-11-28 00:00:00+00:00,0.02777777777777768,-0.01408449379940424,-0.010714285714285676,-0.003095975232198178,0.0,-0.027272727272727226,-0.0027624941080316434,0.0,0.0025772863296444903,-0.007936507936507908,-0.0035587323883337074,0.004716908986904578,0.0,0.021052611501593432
2025-12-01 00:00:00+00:00,-0.027027027027026973,0.007142884390694659,-0.02527075812274371,0.006211180124223503,-0.008849557522123908,-0.009345794392523366,0.0,0.0,0.002570661000190544,-0.008000000000000007,-0.00714288439069477,0.0,0.04304633126552315,0.0
2025-12-02 00:00:00+00:00,0.0,-0.00709222544427357,-0.014814814814814836,0.0,0.0,0.0,-0.0055400819029274295,-0.012448120465286205,-0.007692285355260453,0.0,0.0,-0.002347382105702178,0.022222246442522353,-0.020618537443073293
2025-12-03 00:00:00+00:00,0.0,0.021428585052490234,-0.022556390977443663,0.0092592592592593,0.013392857142857206,0.0,0.008356524354025119,0.01260502938959629,-0.01033593840545255,0.016129032258064502,0.0071942722456204145,0.004705900304457611,0.031055899885286564,-0.01052635594418172
2025-12-04 00:00:00+00:00,-0.01388888888888884,0.006992966885427165,0.01538461538461533,0.015290519877675823,0.013215859030837107,0.0,0.011049660297000496,0.0,-0.033942512018389936,0.007936507936507908,0.0035714421953474407,0.0070257431311553376,0.03012048123553912,-0.021276576317181495
2025-12-05 00:00:00+00:00,0.010563380281690238,0.0,0.015151515151515138,0.012048192771084265,0.008695652173912993,-0.018867924528301883,-0.0027321988603852265,0.008298746976857396,0.06756758280615438,-0.007874015748031482,0.0035587323883337074,0.0279069944869641,-0.005847975394087768,-0.010869503246587309
2025-12-08 00:00:00+00:00,0.017421602787456525,0.0,-0.014925373134328401,0.0,0.0,0.0,0.019178103094231513,0.012345666899427288,0.012658215432457043,0.007936507936507908,0.010638270529935934,0.009049721816227319,0.0,0.0
2025-12-09 00:00:00+00:00,0.006849315068493178,-0.02777775202268362,0.0,-0.011904761904761862,-0.008620689655172376,0.019230769230769162,0.0,0.00406503671064562,-0.04749998379498743,0.0,0.003508785314727314,-0.008968558853510666,-0.023529389325310235,0.0
2025-12-10 00:00:00+00:00,0.0,0.0,-0.015151515151515138,0.0,-0.008695652173912993,-0.009433962264150941,0.0026881309696293876,-0.004048579088026694,0.0,-0.015748031496062964,-0.006993033575937835,0.0,-0.006024119227211244,0.0
2025-12-11 00:00:00+00:00,0.0,0.007142884390694659,-0.023076923076923106,-0.01807228915662651,-0.004385964912280715,-0.00952380952380949,-0.0026809242940074585,-0.008130073421291018,-0.010498708605181761,-0.016000000000000014,-0.007042213319620072,-0.022624433998618243,0.006060629179983401,-0.005494526224051444
2025-12-12 00:00:00+00:00,0.006802721088435382,0.0,0.0,0.006134969325153339,0.013215859030837107,0.0,0.0,0.004098356651125901,0.03448270955439514,0.024390243902439046,0.035460991948418785,0.006944426661166014,-0.006024119227211244,0.0
2025-12-15 00:00:00+00:00,-0.006756756756756799,-0.021276608696346178,0.015748031496062964,0.0,-0.008695652173912993,0.009615384615384581,0.010752626424140876,-0.020408143405366563,0.04358979531764229,0.007936507936507908,0.013698616715036138,-0.011494252873563204,-0.012121258359966802,0.011049660297000496
2025-12-16 00:00:00+00:00,0.0,0.014492739601511984,0.003875968992248069,-0.0030487804878048808,0.004385964912280604,0.00952380952380949,-0.005319067988256432,0.004166662527455456,-0.006142500205394419,0.003937007874015741,-0.00675678244466027,0.004651180533475685,0.0,0.0
2025-12-17 00:00:00+00:00,0.006802721088435382,0.0,-0.01158301158301156,-0.003058103975535187,0.004366812227074135,-0.018867924528301883,0.005347511766912616,0.0,0.055624173344744454,0.019607843137254832,0.0,0.0,0.0,-0.005464397720770453
2025-12-18 00:00:00+00:00,-0.0033783783783783994,0.0,0.0,0.0,0.0,-0.009615384615384581,-0.01063823743123149,-0.008298746976857507,0.06557383570977193,0.0,-0.006802682251218939,0.009259206113829244,0.0,0.0
2025-12-19 00:00:00+00:00,0.0,-0.014285700661795464,0.0546875,-0.006134969325153339,0.0,-0.01941747572815533,0.0,-0.012552388490189026,0.006593387015501939,-0.01538461538461533,0.0,-0.00917425975184516,-0.006134876000100209,0.0054944214246803735
2025-12-22 00:00:00+00:00,0.003389830508474523,-0.014492739601511984,0.0,-0.006172839506172867,-0.008695652173912993,0.01980198019801982,-0.005376364484882101,0.004237284282951448,-0.006550199018345304,-0.0078125,-0.0068493410175966,-0.004629647208502563,0.006172745025411208,0.0
2025-12-23 00:00:00+00:00,0.006756756756756799,0.0,0.007407407407407307,0.006211180124223503,0.00877192982456143,0.0,0.005405426025390625,-0.0042194054625018795,0.006593387015501939,0.007874015748031482,0.0,0.004651180533475685,0.0,-0.016393401615722336
2025-12-29 00:00:00+00:00,-0.020134228187919434,0.0,-0.007352941176470562,0.012345679012345734,0.008695652173912993,-0.009708737864077666,0.0,0.016949238156632296,0.004366821035754365,0.0,0.006896578032394851,0.004629647208502563,0.006134993015359136,-0.005555576748318192
2025-12-30 00:00:00+00:00,0.006849315068493178,0.014705867915830284,0.007407407407407307,-0.012195121951219523,0.008620689655172376,0.0,0.0,0.012499987582366145,-0.03695656356942145,0.0078125,0.0,0.002304112225928412,0.01829275313337253,0.011173227217972093
2026-01-02 00:00:00+00:00,0.0,0.007246335247339308,0.007352941176470562,0.006172839506172867,0.0,-0.009803921568627416,0.005376364484882101,0.0,0.013544045849024133,0.0,0.00684927569743965,0.002298815497036699,-0.011976093042061042,0.011049660297000496
2026-01-05 00:00:00+00:00,0.006802721088435382,0.0,-0.007299270072992692,0.0,0.0,0.0,0.0,0.0,-0.015590198819323553,-0.015503875968992276,-0.010204055814730828,-0.013761433374297583,-0.018181771943063474,-0.016393401615722336
2026-01-07 00:00:00+00:00,-0.006756756756756799,-0.021582679517531345,0.0,0.006134969325153339,0.0,0.01980198019801982,0.0,-0.008230444599618192,0.03167420478874772,-0.007874015748031482,0.003436439180715789,-0.0023255459097928366,-0.012345725525951368,-0.011111153496636272
2026-01-08 00:00:00+00:00,0.0,-0.003676484509735012,-0.007352941176470562,-0.0030487804878048808,-0.008547008547008517,0.0,-0.010695227528323081,0.0,0.030701751232826036,0.0,0.0,0.0,0.01250004768371582,0.0
2026-01-09 00:00:00+00:00,0.0,0.011070082392533154,-0.007407407407407418,0.015290519877675823,0.02586206896551735,0.04854368932038833,0.01081085205078125,-0.008298746976857507,0.01702124772432323,0.007936507936507908,-0.0068493410175966,0.03496503372138915,-0.006172862762975684,0.0
2026-01-12 00:00:00+00:00,0.0,0.0036496490095605516,0.0,0.006024096385542244,0.01680672268907557,0.0,-0.005347613764161596,0.0,-0.02301250612724548,0.0,0.020689668326542288,-0.013513564599060723,0.006211203670828613,0.005617999199770685
2026-01-13 00:00:00+00:00,0.006802721088435382,-0.003636377507990063,0.00746268656716409,-0.005988023952095856,-0.024793388429752095,-0.0092592592592593,-0.021505355393904968,-0.00836829224570046,-0.02355461929607805,-0.007874015748031482,0.0,-0.004566227543908896,0.0,0.0
2026-01-14 00:00:00+00:00,0.04054054054054057,-0.007299228407856018,-0.007407407407407418,0.024096385542168752,0.025423728813559254,-0.01869158878504673,0.0054944214246803735,0.0,0.00877194759679889,0.0,0.02027028289652799,0.0,-0.012345725525951368,0.0
2026-01-15 00:00:00+00:00,0.01948051948051943,0.022058766812190767,0.0,0.0235294117647058,0.024793388429751984,0.00952380952380949,0.0,-0.012658216387505639,0.0,0.007936507936507908,0.006622478494644701,0.00229363055775611,0.00625002384185791,-0.005586613608986046
2026-01-16 00:00:00+00:00,0.01273885350318471,0.0,-0.003731343283582045,0.011494252873563315,0.0,0.009433962264151052,0.008196805034566879,-0.017094001418896276,0.003260827523662302,0.0,0.0,0.0022882945623630135,0.02484469621445795,0.005617999199770685
2026-01-19 00:00:00+00:00,0.0,0.0,-0.0037453183520599342,-0.011363636363636354,-0.016129032258064502,0.009345794392523255,0.0027099856364765085,0.0,-0.024918745887247074,0.007874015748031482,0.0,-0.006849297769090046,0.0,-0.005586613608986046
2026-01-20 00:00:00+00:00,0.0062893081761006275,0.0,0.0,0.0,0.024590163934426146,-0.0092592592592593,0.0,-0.008695644061371466,-0.033333302427220435,-0.0078125,-0.006578909805936672,-0.02068969025008982,-0.024242401123046875,0.0
2026-01-21 00:00:00+00:00,-0.0031250000000000444,0.0,0.015037593984962516,0.0,0.0,-0.004672897196261627,0.0,0.039473647060816575,0.022988483697581552,0.007874015748031482,0.019867498641171988,0.004694853758291817,0.0,0.0
2026-01-22 00:00:00+00:00,0.040752351097178785,-0.003597067513145258,0.0,-0.011494252873563204,0.0,0.014084507042253502,0.0,0.016877722448569,-0.002247162115662227,-0.0078125,0.01298706285023532,0.014018745315743208,0.006211203670828613,-0.028089888844431754
2026-01-23 00:00:00+00:00,0.0,-0.0036101219752859848,0.0,0.0,0.0,-0.0092592592592593,-0.005405426025390625,0.0,-0.011261250376556342,0.0,0.012820500280416924,-0.0046083123481043264,-0.006172862762975684,-0.011560628000628848
2026-01-26 00:00:00+00:00,0.030120481927710774,0.007246335247339308,0.0,0.005813953488372103,-0.008000000000000007,0.03738317757009346,0.005434803453420622,0.037344361395858616,-0.00911163555955996,0.007874015748031482,0.006329077632166724,0.03009257440050317,0.015527949942643282,0.011695839247322315
2026-01-27 00:00:00+00:00,0.0,0.0,0.0,0.0,0.0,0.009009009009008917,0.0,-0.007999992370605447,-0.011494241848790776,-0.0078125,-0.01257860465808136,-0.0022471567218222965,-0.009174288381074036,0.0
2026-01-28 00:00:00+00:00,-0.005847953216374324,0.0,-0.007407407407407418,0.011560693641618602,0.0,0.017857142857142794,-0.005405426025390625,0.0,-0.027906963527363993,0.007874015748031482,-0.012738841509227883,-0.004504521533020278,0.0,-0.017340997126628732
2026-01-29 00:00:00+00:00,0.0117647058823529,0.0,0.00746268656716409,-0.017142857142857126,0.0,-0.00877192982456143,0.0,0.01814519191445685,-0.014354095641068265,0.0,0.0,-0.004524904060796975,0.0,0.0
2026-01-30 00:00:00+00:00,-0.011627906976744207,-0.007194203635955465,-0.03703703703703709,0.011627906976744207,0.008064516129032251,-0.008849557522123908,0.0,0.0,-0.029126200248748124,0.0,0.006451637514175879,0.009090943769975102,0.0,0.005882375380572125
2026-02-02 00:00:00+00:00,0.0,0.0,0.0,-0.005747126436781658,-0.016000000000000014,0.008928571428571397,0.0,-0.025742595946714353,-0.017499997951090362,-0.0078125,0.0,0.013513478682458668,-0.006172862762975684,0.0
2026-02-03 00:00:00+00:00,-0.014705882352941124,0.007246335247339308,-0.01538461538461533,0.005780346820809301,0.0,-0.008849557522123908,0.0,0.04166665051364671,0.04325697063417211,-0.007874015748031482,-0.006410280706692251,0.0,0.018633492543629337,0.0
2026-02-04 00:00:00+00:00,0.008955223880596996,0.0,0.0,-0.011494252873563204,0.0,0.008928571428571397,0.0,0.03414637867997339,0.012195110427418276,0.023809523809523725,-0.012903213500976562,0.008888922797309018,0.006097584377790843,-0.011695950788175535
2026-02-05 00:00:00+00:00,-0.017751479289940808,-0.007194203635955465,-0.0625,-0.005813953488372103,-0.016260162601625994,0.0,-0.010869503246587309,-0.05660380753557426,-0.04578311851364114,-0.015503875968992276,-0.013071882795547274,0.0,0.006060629179983401,0.005917182469050486
2026-02-06 00:00:00+00:00,0.024096385542168752,0.036231883557196864,0.016666666666666607,0.005847953216374213,0.016528925619834656,0.017699115044247815,0.01648347387278326,0.0,0.04545456255872504,-0.007874015748031482,0.0,0.004405218976219372,0.036144600462750365,0.0
2026-02-09 00:00:00+00:00,-0.00588235294117645,-0.0034965167879689174,0.0,-0.011627906976744207,-0.016260162601625994,-0.008695652173912993,0.0,0.0,-0.021739138259378787,0.0,0.0,0.008771963580347819,-0.005813975408954342,0.01176475076114425
2026-02-10 00:00:00+00:00,0.01183431952662728,0.003508785314727314,-0.016393442622950838,0.00588235294117645,0.008264462809917328,0.00877192982456143,0.0027026614627323475,0.030000019073486373,-0.009876563196192345,0.007936507936507908,0.0,0.008695685345193604,0.0,0.011627839925551386
2026-02-11 00:00:00+00:00,0.005847953216374213,0.0,-0.01666666666666672,0.011695906432748648,-0.008196721311475419,-0.008695652173912993,-0.002695376771803537,-0.029126231570822836,-0.017456357619551,0.0,-0.006622541651882585,-0.012931083385497644,0.0,0.005747148486326958
2026-02-12 00:00:00+00:00,-0.005813953488372103,-0.013986000461365,-0.025423728813559365,-0.011560693641618491,-0.008264462809917328,0.0,0.0,-0.019999980926513672,-0.01015230499787978,0.0,0.0,-0.013100403583316766,-0.017543926182263303,0.0
2026-02-13 00:00:00+00:00,0.005847953216374213,0.017730495974209504,-0.008695652173912993,-0.01754385964912286,0.0,0.00877192982456143,0.016216174976245723,0.004081628681073202,0.01282057748038623,0.0,0.0066666920979818745,-0.02654868899744267,0.011904807858458266,0.0
2026-02-16 00:00:00+00:00,0.0,0.0034842672983557144,0.0,-0.005952380952380931,0.0,-0.017391304347826098,0.010638338885950116,0.0,0.02025312960214798,0.0,0.0,0.0,0.0,0.0
2026-02-17 00:00:00+00:00,-0.011627906976744207,-0.006944404891978451,-0.01754385964912286,0.0,0.0,0.0,0.00526317797209086,0.0,-0.004962789248919353,0.03149606299212593,-0.006622541651882585,-0.022727272727272707,0.0,0.0
2026-02-18 00:00:00+00:00,0.0,0.0,0.0,0.017964071856287456,0.0,0.0,0.0,0.0,-0.01496254977675382,-0.007633587786259555,-0.04000002543131509,0.0,-0.005882375380572125,0.0114286150251115
2026-02-19 00:00:00+00:00,0.0,-0.006993033575937835,-0.013392857142857095,0.002941176470588225,0.002083333333333437,-0.008849557522123908,-0.015706865885732224,-0.004065036710645509,-0.01012660252553177,-0.01538461538461533,-0.020833280903320373,-0.013953452886537043,0.005917182469050486,0.0
2026-02-20 00:00:00+00:00,0.0,0.0,0.09502262443438925,0.008797653958944274,0.01455301455301461,0.0,-0.007978703437103274,0.012244886043219827,0.0,0.015625,0.021276541059871645,-0.007075543418900709,0.017647013944738,0.0
2026-02-23 00:00:00+00:00,-0.00588235294117645,0.0,0.04132231404958686,0.005813953488372103,0.0,0.0,-0.013404826011449655,0.0,0.007672611658287254,0.0,0.0,0.0,-0.011560628000628848,-0.005649738822560368
2026-02-24 00:00:00+00:00,0.0,0.0,-0.019841269841269882,-0.005780346820809301,-0.008196721311475419,-0.008928571428571397,0.0,0.008064508376086854,-0.01015230499787978,-0.007692307692307665,-0.006944404891978451,0.007125963482925712,-0.011695950788175535,0.0
2026-02-25 00:00:00+00:00,0.00591715976331364,0.007042280479784058,0.004048582995951344,0.011627906976744207,0.0,0.018018018018018056,0.010869606906841245,0.030000019073486373,-0.010256355001609374,0.015503875968992276,-0.006993033575937835,-0.004716998956176499,0.035502981953434265,0.017045410827172702
2026-02-26 00:00:00+00:00,0.0,0.0,0.008064516129032251,-0.005747126436781658,-0.008264462809917328,-0.07964601769911506,-0.010752728969764092,0.0,-0.002590717379718055,0.0,0.0,-0.018957327549697922,0.0,0.0
2026-02-27 00:00:00+00:00,0.020588235294117574,0.0,-0.016000000000000014,-0.017341040462427793,-0.008333333333333304,-0.019230769230769273,-0.005434803453420622,0.019417456850636006,-0.012987000923330161,-0.01526717557251911,0.0,0.012077294240857794,0.0,-0.016759734271166393
2026-03-02 00:00:00+00:00,0.0028818443804035088,-0.013986000461365,-0.008130081300813052,0.0,-0.008403361344537785,-0.019607843137254943,-0.012294999098439008,-0.028571446736653683,-0.023684219607356005,-0.011627906976744207,0.0,-0.004773287724486708,-0.008571406773158485,0.0
2026-03-03 00:00:00+00:00,-0.02298850574712641,-0.021276608696346178,0.016393442622950838,-0.02941176470588236,-0.01906779661016944,-0.03500000000000003,-0.015214468286096183,-0.01960782480441492,-0.037735846025293895,-0.0117647058823529,-0.02112677427918841,-0.04076740364116049,-0.03170035344763422,-0.005681839733083893
2026-03-04 00:00:00+00:00,0.014705882352941124,0.028985479203023967,0.032258064516129004,0.0121212121212122,0.010799136069114423,0.010362694300518172,0.005617999199770685,0.050000000000000044,-0.005602252354383497,0.007936507936507908,-0.007194203635955465,0.02499999999999991,0.04166671397194244,0.02285712105887283
2026-03-05 00:00:00+00:00,-0.0028985507246376274,-0.007042213319620072,0.015625,-0.005988023952095856,0.008547008547008517,0.00512820512820511,0.03351957509812453,0.0,0.0,0.023622047244094446,0.007246335247339308,0.014634109124904704,0.0,0.005586613608986157
2026-03-06 00:00:00+00:00,0.0,0.010638270529935934,-0.007692307692307665,-0.0060240963855421326,-0.016949152542372836,0.0,-0.005405426025390625,-0.01904760088239399,-0.014084494035883521,0.007692307692307665,0.0,-0.01923075159625831,-0.04571424211774555,0.0
2026-03-09 00:00:00+00:00,-0.01744186046511631,-0.003508785314727203,-0.03875968992248058,-0.018181818181818188,-0.008620689655172376,-0.005102040816326481,-0.010869503246587309,-0.025242740200695613,0.02571429568894068,-0.01526717557251911,0.0,-0.01960782480441492,-0.02994011839266486,0.0
2026-03-10 00:00:00+00:00,0.01183431952662728,0.0,0.048387096774193505,0.006172839506172867,0.0,0.0,0.010988947648731706,0.0258964372380186,0.11699163235456367,-0.015503875968992276,-0.01438847588157588,0.02499999999999991,0.02469133331433837,0.0
2026-03-11 00:00:00+00:00,-0.005847953216374324,0.0,0.0038461538461538325,0.006134969325153339,-0.004347826086956497,0.00512820512820511,-0.002717349896583343,-0.00970877472018683,-0.01496254977675382,-0.023622047244094446,0.0,-0.014634109124904704,-0.006024119227211244,0.0
2026-03-12 00:00:00+00:00,-0.00588235294117645,0.0,-0.003831417624521105,-0.015243902439024404,-0.004366812227074246,0.0,-0.008174365962506869,-0.009803865653465582,-0.01265829088137238,0.0,-0.02189782444609789,-0.00990102749433508,-0.006060629179983401,0.18888886769612623
2026-03-13 00:00:00+00:00,-0.017751479289940808,-0.007042213319620072,0.0,0.003095975232198178,0.0,-0.015306122448979553,0.0054944214246803735,0.0049504193239715555,-0.012820501064172207,0.0,-0.00746264407777486,-0.0100000381469727,0.01829275313337253,0.028037401503044235
2026-03-16 00:00:00+00:00,-0.0060240963855421326,-0.00709222544427357,0.0,-0.012345679012345734,-0.00877192982456143,-0.005181347150259086,-0.016393401615722336,0.0,-0.0597402661742239,0.0,-0.011278238349882397,0.0,0.0,-0.03636360168457031
2026-03-17 00:00:00+00:00,0.0121212121212122,-0.00714288439069477,-0.0019230769230769162,-0.0031250000000000444,-0.0022123893805309214,0.0,0.008333312140570648,0.014778382053408423,-0.005524790922706302,0.0,-0.0038022234609110805,-0.020202001714301865,-0.023952186084122085,0.0
2026-03-18 00:00:00+00:00,-0.0119760479041916,-0.007194203635955465,-0.044315992292870865,-0.021943573667711602,-0.006651884700665134,-0.015625,-0.019283767979388466,0.0,0.0,-0.032258064516129004,-0.015267233367592836,-0.02577319638307707,0.006134993015359136,0.0
2026-03-19 00:00:00+00:00,-0.018181818181818188,0.0,-0.016129032258064502,0.0,-0.011160714285714302,-0.015873015873015928,-0.008426945222445026,-0.029126231570822836,-0.005555566593452244,-0.008333333333333304,-0.031007723283626443,-0.021164001407603106,-0.021341487171393725,-0.018867995824705996
2026-03-20 00:00:00+00:00,-0.01851851851851849,-0.014492739601511984,-0.05737704918032782,0.0,0.0022573363431150906,-0.048387096774193505,-0.014164306255141867,0.0,0.013966466727497906,-0.04201680672268904,-0.008000030517578138,-0.021621601001636348,-0.0031152174104217556,0.00961542164785767
2026-03-23 00:00:00+00:00,-0.0062893081761006275,0.014705867915830284,0.05217391304347818,0.0,0.018018018018018056,0.005649717514124353,-0.02298848432756806,0.0,0.0,0.00877192982456143,0.00806454714081517,0.0,0.01250004768371582,0.009523845854259694
2026-03-24 00:00:00+00:00,-0.01898734177215189,0.0,-0.024793388429752095,0.0064102564102563875,0.008849557522123908,0.0,0.0,-0.0319999694824219,-0.0358127031617308,0.0,0.0,-0.022099425972376352,-0.006172862762975684,0.009433907943081188
2026-03-25 00:00:00+00:00,0.0,0.014492739601511984,0.05084745762711873,0.01273885350318471,0.00877192982456143,0.0,0.01176475076114425,0.0,0.04571429398595095,-0.008695652173912993,0.024000015258789142,0.011299369885315658,0.006211203670828613,0.0
2026-03-26 00:00:00+00:00,0.0,0.0,-0.0020161290322581182,0.0,-0.008695652173912993,-0.028089887640449396,0.005813864516596823,0.0,-0.01639339456760658,0.0,-0.003906264842953311,-0.0013966267632985474,-0.012345725525951368,0.0
2026-03-27 00:00:00+00:00,-0.01935483870967747,-0.00714288439069477,-0.022222222222222254,0.0,0.0,0.01734104046242768,-0.005780258874628963,0.0,-0.013888957875743513,0.0,-0.003921583587048083,0.0,0.00625002384185791,0.0
2026-03-30 00:00:00+01:00,0.013157894736842035,-0.007194203635955465,-0.008264462809917328,-0.0062893081761006275,0.00877192982456143,0.0,0.005813864516596823,0.0,-0.014084494035883521,-0.03508771929824561,0.0,0.0013985800576377105,0.0,-0.009345741082053105
2026-03-31 00:00:00+01:00,0.0,0.014492739601511984,0.01041666666666674,0.012658227848101333,0.0,-0.005681818181818232,-0.011560628000628848,0.0,0.0,0.009090909090909038,0.00787404590327423,0.0,0.012422288872800724,0.0
2026-04-01 00:00:00+01:00,0.0,0.007142884390694659,0.05567010309278353,0.018750000000000044,0.017391304347825987,-0.011428571428571455,0.002923931926617218,0.0041322273338813,0.057142888769811995,0.027027027027026973,0.0,0.011173227217972093,0.012269986030718272,0.0
2026-04-02 00:00:00+01:00,0.0,0.0,0.0,0.0,0.0,0.0,0.0,0.0,0.0,0.0,0.0,0.0,0.0,0.0
2026-04-07 00:00:00+01:00,-0.0032467532467532756,-0.00709222544427357,0.0078125,-0.0030674846625766694,-0.017094017094017144,0.01734104046242768,0.0,-0.004115222299809096,-0.01351350045186761,-0.010964912280701733,0.0,0.005524882837687928,-0.024242401123046875,0.0
2026-04-08 00:00:00+01:00,0.0032573289902280145,0.021428585052490234,0.03875968992248069,0.024615384615384706,0.017391304347825987,0.005681818181818121,0.008746333636544312,-0.024793462523359122,0.08904109029793172,0.019955654101995624,0.023437514551915006,0.021978000096834593,0.018633492543629337,0.0
2026-04-09 00:00:00+01:00,0.0,0.0,0.0,0.0,0.017094017094017033,-0.011299435028248594,-0.0028901294373144815,0.0,-0.04150942349414122,0.0,-0.022900777251825155,-0.010752728969764092,-0.012195052453833122,0.0
2026-04-10 00:00:00+01:00,0.0,0.020979034037302835,0.014925373134328401,0.006006006006006093,0.008403361344537785,0.017142857142857126,0.002898506496263664,0.0,0.023621977029684826,0.0,0.03906249941792339,0.016304410360261867,0.012345607788387003,0.0
2026-04-13 00:00:00+01:00,0.0,0.00684927569743965,-0.014705882352941124,-0.005970149253731294,0.008333333333333304,0.0,0.0,-0.016949137131806236,-0.00512813929269762,0.004347826086956497,-0.0075188255665883386,-0.005347613764161596,-0.006097584377790843,0.0
2026-04-14 00:00:00+01:00,0.0,0.013605429378242606,0.0,0.018018018018018056,0.024793388429751984,0.0393258426966292,0.008670608814685288,0.017241363363798445,0.030927820006267703,0.01298701298701288,0.015151500920837613,0.021505355393904857,-0.006134876000100209,0.018867905855434186
2026-04-15 00:00:00+01:00,0.006493506493506551,0.0,0.02238805970149249,0.008849557522123908,-0.016129032258064502,0.0,0.002865285666160844,-0.055084695678370044,0.012499987892806708,0.0,-0.014925359325276832,0.01052635594418172,0.018518470551362576,0.027777794947839718
2026-04-16 00:00:00+01:00,-0.005161310011340681,0.0,-0.029197080291970767,-0.0029239766081871066,0.008196721311475308,-0.01621621621621616,-0.0028570992606026246,0.00896860123562826,-0.003703729595067373,-0.008547008547008517,-0.007575714336391148,-0.002604226167828738,0.0,0.0
2026-04-17 00:00:00+01:00,0.0,-0.03355704783899316,0.007518796992481258,0.008797653958944274,0.008130081300812941,0.01098901098901095,0.01432664693808805,0.0,0.1375464733437608,-0.008620689655172376,0.0,0.013054830547259755,0.0,-0.018018086132081
2026-04-20 00:00:00+01:00,-0.007782081530422924,-0.006944404891978451,-0.014925373134328401,0.01744186046511631,0.016129032258064502,-0.010869565217391353,-0.011299477645120626,-0.013333320617675781,-0.0348583941651337,0.0,-0.015267233367592836,-0.010309219563065741,-0.012121258359966802,0.0
2026-04-21 00:00:00+01:00,0.0,0.013986000461365,-0.007575757575757569,-0.011428571428571455,-0.007936507936507908,0.01098901098901095,0.0,0.0,0.01580135318692788,0.008695652173912993,0.003875983892514201,0.010416606648103066,0.0,0.0
2026-04-22 00:00:00+01:00,0.0,0.0,-0.022900763358778664,-0.018786127167630062,-0.008000000000000007,-0.010869565217391353,-0.00571430751255575,0.0,-0.02222220161814692,0.0,0.0,-0.005154658940003776,0.003067555015309198,0.0
2026-04-24 00:00:00+01:00,0.0,0.0,0.0,0.010309278350515427,0.008064516129032251,0.0,-0.002873519434293592,0.0,-0.04999996613372437,-0.004310344827586188,0.0038610186464320684,0.002590732973354992,-0.009174288381074036,0.0
2026-04-27 00:00:00+01:00,0.013071895424836555,0.0,-0.0078125,0.0,0.0,0.0,0.002881800343586649,0.0,-0.03708136026636144,0.0,-0.015384600712702867,0.007751918117475443,0.0,0.01834869448980969
2026-04-28 00:00:00+01:00,0.058064516129032295,-0.006896578032394962,-0.007874015748031482,-0.004373177842565634,0.0,0.0,0.0,0.0,-0.006211174145593357,-0.012987012987012991,-0.011718794528859933,0.01025644938151049,0.006172745025411208,-0.018018086132081
